customer_id,age,gender,city,occupation,annual_income,signup_date,customer_segment,age_group,income_category
CUST10001,31,Male,Pune,Student,279400.0,2022-05-03,Affluent,Adult,Low
CUST10002,21,Male,Hyderabad,Student,1403300.0,2024-08-01,Affluent,Young Adult,High
CUST10003,39,Male,Trichy,Salaried,798400.0,2022-02-25,Premium,Adult,High
CUST10004,36,Female,Thanjavur,Self-Employed,237200.0,2023-07-04,Mass Market,Adult,Low
CUST10005,52,Male,Salem,Business Owner,872100.0,2025-09-19,Mass Market,Middle Age,High
CUST10006,39,Male,Thanjavur,Business Owner,512600.0,2026-07-04,Mass Market,Adult,Medium
CUST10007,27,Female,Hyderabad,Student,1420200.0,2025-12-12,Young Adult,Adult,High
CUST10008,18,Female,Kochi,Self-Employed,782100.0,2023-09-10,Mass Market,Young Adult,High
CUST10009,43,Female,Vellore,Self-Employed,553450.0,2021-01-11,Mass Market,Middle Age,Medium
CUST10010,33,Male,Chennai,Retired,496600.0,2021-11-27,Young Adult,Adult,Medium
CUST10011,35,Female,Salem,Salaried,399500.0,2022-03-30,Affluent,Adult,Low
CUST10012,29,Male,Bengaluru,Salaried,1137400.0,2024-03-22,Mass Market,Adult,High
CUST10013,18,Female,Delhi,Salaried,786100.0,2022-02-06,Mass Market,Young Adult,High
CUST10014,46,Female,Chennai,Salaried,856100.0,2026-01-16,Affluent,Middle Age,High
CUST10015,41,Female,Madurai,Salaried,399800.0,2021-02-17,Affluent,Middle Age,Low
CUST10016,38,Male,Trichy,Salaried,468700.0,2026-07-02,Mass Market,Adult,Medium
CUST10017,43,Female,Madurai,Freelancer,548800.0,2024-07-11,Mass Market,Middle Age,Medium
CUST10018,22,Male,Bengaluru,Salaried,552600.0,2023-05-12,Premium,Young Adult,Medium
CUST10019,58,Male,Trichy,Salaried,666600.0,2025-06-16,Mass Market,Middle Age,Medium
CUST10020,32,Female,Delhi,Student,898100.0,2023-10-28,Mass Market,Adult,High
CUST10021,40,Female,Trichy,Freelancer,1485800.0,2024-11-25,Affluent,Adult,High
CUST10022,44,Male,Trichy,Business Owner,517400.0,2024-12-31,Affluent,Middle Age,Medium
CUST10023,18,Female,Delhi,Retired,1397600.0,2025-03-22,Mass Market,Young Adult,High
CUST10024,54,Other,Madurai,Salaried,613100.0,2021-11-09,Mass Market,Middle Age,Medium
CUST10025,37,Female,Trichy,Salaried,482300.0,2024-10-26,Affluent,Adult,Medium
CUST10026,18,Male,Delhi,Salaried,846700.0,2022-01-03,Mass Market,Young Adult,High
CUST10027,32,Female,Erode,Business Owner,553450.0,2024-04-11,Mass Market,Adult,Medium
CUST10028,66,Male,Bengaluru,Student,501500.0,2024-03-24,Premium,Senior,Medium
CUST10029,33,Female,Erode,Salaried,553450.0,2026-02-17,Affluent,Adult,Medium
CUST10030,20,Male,Chennai,Business Owner,539700.0,2022-08-01,Mass Market,Young Adult,Medium
CUST10031,34,Female,Mumbai,Student,1279500.0,2024-06-19,Mass Market,Adult,High
CUST10032,40,Male,Chennai,Freelancer,158300.0,2021-04-12,Mass Market,Adult,Low
CUST10033,29,Male,Trichy,Salaried,697500.0,2025-02-19,Mass Market,Adult,Medium
CUST10034,29,Female,Thanjavur,Self-Employed,494300.0,2025-01-29,Young Adult,Adult,Medium
CUST10035,49,Male,Trichy,Salaried,324900.0,2026-03-04,Mass Market,Middle Age,Low
CUST10036,45,Female,Kochi,Salaried,503600.0,2025-09-26,Mass Market,Middle Age,Medium
CUST10037,36,Female,Thanjavur,Self-Employed,260300.0,2022-01-07,Mass Market,Adult,Low
CUST10038,35,Male,Kochi,Salaried,1357400.0,2025-06-22,Young Adult,Adult,High
CUST10039,38,Female,Salem,Salaried,294600.0,2026-08-04,Young Adult,Adult,Low
CUST10040,31,Female,Pune,Salaried,300600.0,2022-04-22,Young Adult,Adult,Low
CUST10041,36,Female,Salem,Student,324800.0,2025-10-09,Young Adult,Adult,Low
CUST10042,38,Male,Bengaluru,Self-Employed,927100.0,2026-07-05,Premium,Adult,High
CUST10043,52,Female,Trichy,Salaried,794700.0,2025-06-19,Mass Market,Middle Age,High
CUST10044,23,Female,Chennai,Student,795100.0,2023-11-26,Mass Market,Young Adult,High
CUST10045,46,Male,Bengaluru,Self-Employed,976600.0,2025-09-17,Mass Market,Middle Age,High
CUST10046,54,Male,Tirunelveli,Business Owner,1781300.0,2026-05-17,Affluent,Middle Age,High
CUST10047,27,Male,Bengaluru,Salaried,2300200.0,2021-04-14,Premium,Adult,High
CUST10048,38,Female,Chennai,Salaried,842400.0,2023-07-09,Mass Market,Adult,High
CUST10049,39,Male,Chennai,Salaried,496700.0,2022-06-13,Affluent,Adult,Medium
CUST10050,34,Male,Trichy,Freelancer,356300.0,2021-07-20,Mass Market,Adult,Low
CUST10051,31,Male,Coimbatore,Student,310800.0,2022-02-25,Affluent,Adult,Low
CUST10052,25,Male,Kochi,Retired,223500.0,2025-10-25,Mass Market,Young Adult,Low
CUST10053,18,Female,Chennai,Salaried,514700.0,2026-04-10,Affluent,Young Adult,Medium
CUST10054,42,Male,Madurai,Salaried,327200.0,2022-08-07,Mass Market,Middle Age,Low
CUST10055,18,Female,Tirunelveli,Student,869500.0,2026-05-29,Mass Market,Young Adult,High
CUST10056,42,Male,Kochi,Self-Employed,547000.0,2023-07-27,Affluent,Middle Age,Medium
CUST10057,46,Male,Bengaluru,Self-Employed,434000.0,2022-05-15,Mass Market,Middle Age,Medium
CUST10058,25,Female,Thanjavur,Freelancer,838100.0,2026-02-15,Mass Market,Young Adult,High
CUST10059,42,Male,Pune,Business Owner,437400.0,2026-04-07,Mass Market,Middle Age,Medium
CUST10060,44,Female,Chennai,Retired,1399900.0,2023-10-26,Mass Market,Middle Age,High
CUST10061,44,Male,Vellore,Salaried,206000.0,2025-07-05,Mass Market,Middle Age,Low
CUST10062,31,Female,Pune,Salaried,662900.0,2024-06-14,Young Adult,Adult,Medium
CUST10063,40,Female,Vellore,Salaried,316400.0,2026-05-16,Affluent,Adult,Low
CUST10064,38,Male,Hyderabad,Salaried,1052800.0,2025-07-05,Affluent,Adult,High
CUST10065,27,Female,Trichy,Self-Employed,650200.0,2025-11-09,Affluent,Adult,Medium
CUST10066,30,Female,Coimbatore,Business Owner,299700.0,2023-04-10,Young Adult,Adult,Low
CUST10067,43,Female,Coimbatore,Retired,256400.0,2024-04-20,Affluent,Middle Age,Low
CUST10068,30,Male,Chennai,Business Owner,742100.0,2024-01-07,Young Adult,Adult,High
CUST10069,41,Female,Vellore,Salaried,559100.0,2021-02-07,Mass Market,Middle Age,Medium
CUST10070,37,Female,Chennai,Self-Employed,471900.0,2021-05-16,Mass Market,Adult,Medium
CUST10071,33,Female,Erode,Retired,753200.0,2022-09-06,Affluent,Adult,High
CUST10072,37,Male,Hyderabad,Self-Employed,353300.0,2026-02-20,Mass Market,Adult,Low
CUST10073,40,Male,Coimbatore,Student,1089100.0,2026-06-29,Affluent,Adult,High
CUST10074,37,Other,Hyderabad,Self-Employed,372200.0,2025-01-14,Mass Market,Adult,Low
CUST10075,38,Female,Pune,Retired,1796800.0,2023-03-30,Mass Market,Adult,High
CUST10076,44,Male,Madurai,Student,868800.0,2023-12-02,Mass Market,Middle Age,High
CUST10077,34,Male,Coimbatore,Freelancer,482200.0,2026-06-12,Mass Market,Adult,Medium
CUST10078,38,Male,Pune,Freelancer,136600.0,2026-03-27,Affluent,Adult,Low
CUST10079,34,Female,Trichy,Self-Employed,348800.0,2026-07-30,Mass Market,Adult,Low
CUST10080,41,Male,Salem,Salaried,394800.0,2025-11-14,Mass Market,Middle Age,Low
CUST10081,35,Male,Thanjavur,Salaried,528800.0,2021-05-18,Mass Market,Adult,Medium
CUST10082,44,Female,Mumbai,Student,811600.0,2024-04-03,Young Adult,Middle Age,High
CUST10083,48,Male,Delhi,Salaried,507000.0,2024-07-21,Affluent,Middle Age,Medium
CUST10084,21,Male,Kochi,Student,715700.0,2026-02-18,Young Adult,Young Adult,High
CUST10085,51,Female,Coimbatore,Self-Employed,322700.0,2022-02-07,Mass Market,Middle Age,Low
CUST10086,49,Male,Trichy,Self-Employed,1031500.0,2025-12-01,Affluent,Middle Age,High
CUST10087,28,Male,Salem,Retired,373400.0,2023-11-27,Mass Market,Adult,Low
CUST10088,62,Male,Salem,Salaried,553450.0,2026-01-30,Young Adult,Senior,Medium
CUST10089,39,Male,Coimbatore,Business Owner,409300.0,2023-01-20,Affluent,Adult,Low
CUST10090,42,Female,Vellore,Salaried,272400.0,2025-10-10,Mass Market,Middle Age,Low
CUST10091,55,Female,Kochi,Salaried,311500.0,2026-05-17,Mass Market,Middle Age,Low
CUST10092,29,Female,Kochi,Freelancer,247400.0,2021-09-21,Mass Market,Adult,Low
CUST10093,24,Male,Erode,Salaried,677400.0,2023-12-28,Premium,Young Adult,Medium
CUST10094,32,Male,Coimbatore,Freelancer,1419700.0,2026-08-04,Mass Market,Adult,High
CUST10095,38,Female,Thanjavur,Retired,682600.0,2025-02-25,Mass Market,Adult,Medium
CUST10096,40,Male,Kochi,Salaried,224600.0,2022-01-31,Affluent,Adult,Low
CUST10097,44,Male,Thanjavur,Salaried,550700.0,2023-03-09,Mass Market,Middle Age,Medium
CUST10098,55,Female,Bengaluru,Freelancer,550100.0,2025-08-12,Mass Market,Middle Age,Medium
CUST10099,28,Male,Pune,Retired,411700.0,2022-08-23,Premium,Adult,Low
CUST10100,23,Female,Vellore,Business Owner,318200.0,2026-01-15,Premium,Young Adult,Low
CUST10101,40,Male,Vellore,Business Owner,744200.0,2021-02-27,Affluent,Adult,High
CUST10102,36,Male,Chennai,Business Owner,303200.0,2022-01-13,Mass Market,Adult,Low
CUST10103,35,Male,Erode,Freelancer,149800.0,2021-01-01,Affluent,Adult,Low
CUST10104,21,Female,Madurai,Freelancer,391000.0,2026-01-23,Premium,Young Adult,Low
CUST10105,43,Female,Tirunelveli,Salaried,1057200.0,2021-12-07,Mass Market,Middle Age,High
CUST10106,43,Female,Coimbatore,Salaried,1744500.0,2023-03-26,Mass Market,Middle Age,High
CUST10107,33,Female,Thanjavur,Salaried,287700.0,2023-10-13,Affluent,Adult,Low
CUST10108,66,Female,Erode,Salaried,626800.0,2022-05-10,Mass Market,Senior,Medium
CUST10109,23,Male,Vellore,Salaried,146200.0,2021-07-02,Young Adult,Young Adult,Low
CUST10110,47,Female,Vellore,Self-Employed,1065600.0,2024-01-05,Affluent,Middle Age,High
CUST10111,30,Female,Mumbai,Freelancer,267100.0,2025-01-03,Mass Market,Adult,Low
CUST10112,27,Male,Erode,Self-Employed,346200.0,2022-09-26,Mass Market,Adult,Low
CUST10113,23,Male,Chennai,Freelancer,155800.0,2021-01-22,Young Adult,Young Adult,Low
CUST10114,47,Male,Hyderabad,Salaried,992000.0,2024-07-07,Mass Market,Middle Age,High
CUST10115,29,Male,Coimbatore,Salaried,494300.0,2026-07-09,Mass Market,Adult,Medium
CUST10116,31,Male,Coimbatore,Salaried,338500.0,2022-07-07,Premium,Adult,Low
CUST10117,32,Male,Erode,Salaried,1045300.0,2023-07-03,Mass Market,Adult,High
CUST10118,41,Male,Bengaluru,Business Owner,335100.0,2026-04-22,Mass Market,Middle Age,Low
CUST10119,49,Male,Erode,Salaried,524600.0,2022-06-22,Mass Market,Middle Age,Medium
CUST10120,40,Female,Salem,Retired,173400.0,2024-04-05,Premium,Adult,Low
CUST10121,50,Male,Trichy,Salaried,249000.0,2021-12-12,Mass Market,Middle Age,Low
CUST10122,51,Male,Salem,Salaried,782400.0,2025-09-08,Mass Market,Middle Age,High
CUST10123,32,Male,Kochi,Business Owner,1981500.0,2022-10-18,Mass Market,Adult,High
CUST10124,40,Male,Trichy,Salaried,228100.0,2022-07-09,Mass Market,Adult,Low
CUST10125,46,Male,Bengaluru,Salaried,330300.0,2024-06-07,Affluent,Middle Age,Low
CUST10126,45,Male,Salem,Business Owner,687700.0,2025-08-15,Mass Market,Middle Age,Medium
CUST10127,38,Female,Bengaluru,Salaried,310200.0,2025-05-19,Affluent,Adult,Low
CUST10128,54,Male,Madurai,Salaried,632500.0,2022-09-01,Premium,Middle Age,Medium
CUST10129,34,Female,Coimbatore,Retired,742200.0,2023-03-17,Mass Market,Adult,High
CUST10130,35,Female,Salem,Salaried,1227100.0,2025-03-21,Premium,Adult,High
CUST10131,41,Female,Trichy,Self-Employed,1539600.0,2021-02-27,Mass Market,Middle Age,High
CUST10132,35,Male,Tirunelveli,Business Owner,658900.0,2022-03-11,Mass Market,Adult,Medium
CUST10133,26,Female,Salem,Retired,553450.0,2025-05-14,Mass Market,Adult,Medium
CUST10134,49,Male,Delhi,Retired,415100.0,2021-10-28,Premium,Middle Age,Low
CUST10135,37,Male,Chennai,Salaried,629400.0,2021-07-30,Young Adult,Adult,Medium
CUST10136,48,Male,Coimbatore,Retired,420400.0,2024-11-22,Young Adult,Middle Age,Low
CUST10137,50,Male,Tirunelveli,Salaried,413300.0,2024-12-18,Premium,Middle Age,Low
CUST10138,24,Male,Bengaluru,Self-Employed,348000.0,2021-04-16,Young Adult,Young Adult,Low
CUST10139,43,Female,Coimbatore,Salaried,525800.0,2021-04-15,Young Adult,Middle Age,Medium
CUST10140,32,Female,Vellore,Salaried,1316700.0,2026-05-04,Mass Market,Adult,High
CUST10141,40,Male,Vellore,Self-Employed,666900.0,2024-09-04,Affluent,Adult,Medium
CUST10142,44,Other,Kochi,Student,705400.0,2024-05-28,Premium,Middle Age,Medium
CUST10143,30,Female,Vellore,Freelancer,493000.0,2026-01-18,Mass Market,Adult,Medium
CUST10144,27,Male,Coimbatore,Self-Employed,423300.0,2024-08-28,Young Adult,Adult,Low
CUST10145,37,Female,Hyderabad,Salaried,340400.0,2022-05-13,Mass Market,Adult,Low
CUST10146,34,Male,Madurai,Salaried,140500.0,2026-08-01,Mass Market,Adult,Low
CUST10147,32,Female,Pune,Self-Employed,349700.0,2026-03-27,Mass Market,Adult,Low
CUST10148,41,Male,Pune,Business Owner,575000.0,2022-12-01,Premium,Middle Age,Medium
CUST10149,36,Female,Trichy,Student,317700.0,2022-09-23,Mass Market,Adult,Low
CUST10150,43,Male,Delhi,Self-Employed,2104000.0,2023-04-28,Premium,Middle Age,High
CUST10151,44,Female,Coimbatore,Salaried,612000.0,2025-11-12,Mass Market,Middle Age,Medium
CUST10152,30,Female,Pune,Salaried,1640900.0,2024-10-09,Mass Market,Adult,High
CUST10153,32,Female,Thanjavur,Freelancer,802400.0,2026-02-23,Mass Market,Adult,High
CUST10154,41,Female,Erode,Salaried,193400.0,2023-08-14,Mass Market,Middle Age,Low
CUST10155,40,Male,Chennai,Student,330500.0,2021-10-12,Affluent,Adult,Low
CUST10156,39,Male,Chennai,Business Owner,467900.0,2025-06-23,Affluent,Adult,Medium
CUST10157,53,Male,Bengaluru,Salaried,689100.0,2021-05-20,Affluent,Middle Age,Medium
CUST10158,54,Female,Mumbai,Salaried,407100.0,2023-03-12,Mass Market,Middle Age,Low
CUST10159,19,Male,Delhi,Self-Employed,1412700.0,2022-12-12,Affluent,Young Adult,High
CUST10160,38,Male,Delhi,Retired,211600.0,2021-07-05,Affluent,Adult,Low
CUST10161,35,Female,Erode,Student,272700.0,2021-07-17,Mass Market,Adult,Low
CUST10162,27,Male,Mumbai,Retired,178100.0,2026-01-25,Mass Market,Adult,Low
CUST10163,20,Male,Salem,Business Owner,1669500.0,2023-02-12,Premium,Young Adult,High
CUST10164,18,Female,Vellore,Self-Employed,334100.0,2026-06-05,Young Adult,Young Adult,Low
CUST10165,34,Male,Thanjavur,Salaried,1512600.0,2021-03-25,Mass Market,Adult,High
CUST10166,32,Female,Chennai,Freelancer,593800.0,2022-06-13,Affluent,Adult,Medium
CUST10167,39,Male,Hyderabad,Salaried,1202500.0,2023-06-15,Mass Market,Adult,High
CUST10168,34,Female,Madurai,Freelancer,581600.0,2022-07-19,Mass Market,Adult,Medium
CUST10169,45,Male,Madurai,Salaried,260700.0,2022-10-19,Mass Market,Middle Age,Low
CUST10170,49,Female,Chennai,Freelancer,1596900.0,2023-02-01,Young Adult,Middle Age,High
CUST10171,29,Male,Pune,Business Owner,432100.0,2025-05-17,Mass Market,Adult,Medium
CUST10172,31,Female,Hyderabad,Salaried,454300.0,2024-01-23,Mass Market,Adult,Medium
CUST10173,51,Male,Erode,Salaried,435200.0,2025-10-09,Mass Market,Middle Age,Medium
CUST10174,27,Male,Bengaluru,Salaried,612900.0,2025-08-24,Young Adult,Adult,Medium
CUST10175,55,Female,Delhi,Retired,607400.0,2021-11-19,Mass Market,Middle Age,Medium
CUST10176,59,Male,Chennai,Self-Employed,506800.0,2025-04-19,Young Adult,Middle Age,Medium
CUST10177,33,Male,Kochi,Student,533100.0,2024-06-02,Mass Market,Adult,Medium
CUST10178,38,Female,Coimbatore,Business Owner,181300.0,2023-02-06,Mass Market,Adult,Low
CUST10179,41,Male,Trichy,Salaried,315000.0,2024-11-10,Mass Market,Middle Age,Low
CUST10180,23,Female,Salem,Business Owner,597300.0,2022-12-17,Premium,Young Adult,Medium
CUST10181,59,Male,Kochi,Salaried,1985700.0,2023-12-16,Mass Market,Middle Age,High
CUST10182,18,Male,Hyderabad,Salaried,413100.0,2026-03-16,Affluent,Young Adult,Low
CUST10183,36,Female,Pune,Business Owner,525200.0,2026-08-01,Young Adult,Adult,Medium
CUST10184,32,Female,Erode,Salaried,1819900.0,2025-08-30,Affluent,Adult,High
CUST10185,58,Male,Pune,Student,544100.0,2024-03-24,Mass Market,Middle Age,Medium
CUST10186,37,Male,Chennai,Retired,276100.0,2026-03-31,Mass Market,Adult,Low
CUST10187,21,Male,Bengaluru,Student,289400.0,2022-12-26,Mass Market,Young Adult,Low
CUST10188,42,Female,Thanjavur,Freelancer,443000.0,2024-08-27,Mass Market,Middle Age,Medium
CUST10189,40,Female,Kochi,Freelancer,1651800.0,2026-05-29,Mass Market,Adult,High
CUST10190,51,Male,Salem,Student,546800.0,2025-12-27,Mass Market,Middle Age,Medium
CUST10191,18,Female,Coimbatore,Salaried,168500.0,2022-05-07,Mass Market,Young Adult,Low
CUST10192,47,Female,Vellore,Freelancer,409900.0,2024-01-27,Mass Market,Middle Age,Low
CUST10193,48,Female,Erode,Salaried,243400.0,2022-01-23,Mass Market,Middle Age,Low
CUST10194,29,Male,Hyderabad,Student,205900.0,2023-05-28,Mass Market,Adult,Low
CUST10195,26,Female,Tirunelveli,Salaried,1093600.0,2023-08-06,Affluent,Adult,High
CUST10196,29,Male,Chennai,Salaried,1035900.0,2021-01-21,Mass Market,Adult,High
CUST10197,48,Female,Salem,Freelancer,553450.0,2022-01-17,Young Adult,Middle Age,Medium
CUST10198,45,Male,Kochi,Business Owner,731800.0,2026-02-04,Premium,Middle Age,High
CUST10199,31,Female,Pune,Freelancer,381700.0,2024-09-15,Premium,Adult,Low
CUST10200,46,Female,Erode,Salaried,404600.0,2025-07-30,Mass Market,Middle Age,Low
CUST10201,50,Female,Chennai,Salaried,943800.0,2023-01-18,Young Adult,Middle Age,High
CUST10202,33,Male,Mumbai,Student,553450.0,2021-04-22,Affluent,Adult,Medium
CUST10203,49,Male,Hyderabad,Student,185400.0,2024-12-12,Premium,Middle Age,Low
CUST10204,32,Female,Bengaluru,Salaried,685300.0,2022-10-05,Premium,Adult,Medium
CUST10205,32,Male,Trichy,Salaried,896300.0,2024-12-11,Mass Market,Adult,High
CUST10206,35,Male,Chennai,Freelancer,585600.0,2023-06-06,Mass Market,Adult,Medium
CUST10207,39,Male,Vellore,Salaried,757700.0,2022-03-26,Young Adult,Adult,High
CUST10208,18,Male,Vellore,Salaried,338200.0,2024-02-23,Affluent,Young Adult,Low
CUST10209,24,Female,Salem,Self-Employed,116300.0,2023-05-29,Mass Market,Young Adult,Low
CUST10210,18,Male,Vellore,Salaried,868700.0,2024-04-22,Mass Market,Young Adult,High
CUST10211,43,Female,Bengaluru,Freelancer,634700.0,2024-01-04,Affluent,Middle Age,Medium
CUST10212,50,Female,Coimbatore,Student,1013000.0,2022-06-28,Affluent,Middle Age,High
CUST10213,52,Female,Madurai,Salaried,272700.0,2022-02-20,Mass Market,Middle Age,Low
CUST10214,18,Male,Kochi,Salaried,325500.0,2023-12-17,Young Adult,Young Adult,Low
CUST10215,37,Female,Erode,Student,939200.0,2022-01-30,Young Adult,Adult,High
CUST10216,23,Female,Hyderabad,Salaried,521800.0,2025-11-22,Mass Market,Young Adult,Medium
CUST10217,21,Female,Hyderabad,Salaried,553450.0,2022-12-03,Mass Market,Young Adult,Medium
CUST10218,30,Male,Mumbai,Retired,1004600.0,2022-03-11,Mass Market,Adult,High
CUST10219,22,Female,Erode,Salaried,314700.0,2021-09-05,Young Adult,Young Adult,Low
CUST10220,58,Female,Hyderabad,Salaried,662800.0,2024-12-30,Mass Market,Middle Age,Medium
CUST10221,20,Female,Salem,Salaried,446600.0,2023-01-30,Mass Market,Young Adult,Medium
CUST10222,25,Male,Chennai,Freelancer,464300.0,2022-03-12,Mass Market,Young Adult,Medium
CUST10223,34,Female,Coimbatore,Salaried,1071300.0,2024-07-08,Premium,Adult,High
CUST10224,37,Male,Madurai,Salaried,376400.0,2024-02-08,Mass Market,Adult,Low
CUST10225,36,Male,Salem,Salaried,834200.0,2021-09-19,Mass Market,Adult,High
CUST10226,23,Male,Pune,Retired,228200.0,2024-04-07,Mass Market,Young Adult,Low
CUST10227,39,Female,Coimbatore,Salaried,1054400.0,2024-07-12,Mass Market,Adult,High
CUST10228,39,Female,Delhi,Salaried,509300.0,2022-10-24,Affluent,Adult,Medium
CUST10229,44,Male,Vellore,Salaried,459600.0,2023-12-05,Mass Market,Middle Age,Medium
CUST10230,34,Male,Bengaluru,Self-Employed,1061500.0,2023-11-16,Premium,Adult,High
CUST10231,46,Female,Erode,Student,194800.0,2021-09-15,Mass Market,Middle Age,Low
CUST10232,20,Female,Chennai,Freelancer,1479600.0,2021-02-26,Mass Market,Young Adult,High
CUST10233,50,Female,Delhi,Salaried,1516400.0,2025-08-14,Affluent,Middle Age,High
CUST10234,45,Male,Chennai,Salaried,1334400.0,2023-11-19,Mass Market,Middle Age,High
CUST10235,39,Male,Vellore,Salaried,677700.0,2025-08-25,Young Adult,Adult,Medium
CUST10236,41,Female,Chennai,Self-Employed,421200.0,2021-03-05,Affluent,Middle Age,Low
CUST10237,47,Female,Hyderabad,Self-Employed,522700.0,2021-08-23,Mass Market,Middle Age,Medium
CUST10238,45,Male,Madurai,Self-Employed,553450.0,2022-01-31,Affluent,Middle Age,Medium
CUST10239,24,Female,Tirunelveli,Student,677500.0,2023-08-22,Affluent,Young Adult,Medium
CUST10240,48,Female,Salem,Business Owner,582300.0,2021-04-05,Premium,Middle Age,Medium
CUST10241,38,Female,Bengaluru,Salaried,1158000.0,2024-06-23,Mass Market,Adult,High
CUST10242,49,Male,Salem,Salaried,553450.0,2022-05-19,Mass Market,Middle Age,Medium
CUST10243,40,Female,Kochi,Freelancer,473100.0,2022-01-20,Young Adult,Adult,Medium
CUST10244,25,Female,Erode,Self-Employed,402000.0,2024-12-05,Mass Market,Young Adult,Low
CUST10245,24,Female,Bengaluru,Student,633500.0,2024-07-14,Mass Market,Young Adult,Medium
CUST10246,41,Female,Thanjavur,Salaried,653300.0,2026-02-11,Affluent,Middle Age,Medium
CUST10247,48,Male,Kochi,Business Owner,361500.0,2021-06-05,Affluent,Middle Age,Low
CUST10248,20,Male,Tirunelveli,Salaried,278700.0,2025-07-14,Mass Market,Young Adult,Low
CUST10249,32,Male,Tirunelveli,Self-Employed,666900.0,2024-07-18,Affluent,Adult,Medium
CUST10250,48,Male,Tirunelveli,Salaried,326000.0,2023-06-03,Premium,Middle Age,Low
CUST10251,32,Male,Salem,Student,1035300.0,2026-03-11,Mass Market,Adult,High
CUST10252,56,Female,Thanjavur,Salaried,857900.0,2025-10-12,Mass Market,Middle Age,High
CUST10253,43,Female,Thanjavur,Salaried,687900.0,2022-05-05,Affluent,Middle Age,Medium
CUST10254,49,Male,Erode,Salaried,320100.0,2025-03-13,Mass Market,Middle Age,Low
CUST10255,28,Other,Erode,Business Owner,995300.0,2023-10-28,Mass Market,Adult,High
CUST10256,56,Female,Tirunelveli,Business Owner,725500.0,2025-05-13,Affluent,Middle Age,High
CUST10257,44,Other,Chennai,Student,253000.0,2024-04-10,Mass Market,Middle Age,Low
CUST10258,40,Male,Coimbatore,Salaried,301500.0,2024-12-30,Mass Market,Adult,Low
CUST10259,45,Male,Chennai,Salaried,230300.0,2021-08-25,Young Adult,Middle Age,Low
CUST10260,40,Female,Delhi,Freelancer,178700.0,2025-11-24,Premium,Adult,Low
CUST10261,52,Female,Bengaluru,Salaried,399800.0,2021-04-07,Affluent,Middle Age,Low
CUST10262,35,Female,Pune,Student,553450.0,2024-02-27,Premium,Adult,Medium
CUST10263,34,Male,Mumbai,Retired,584700.0,2024-09-15,Mass Market,Adult,Medium
CUST10264,35,Male,Madurai,Freelancer,374800.0,2024-04-01,Affluent,Adult,Low
CUST10265,39,Male,Bengaluru,Salaried,543600.0,2022-05-17,Premium,Adult,Medium
CUST10266,37,Female,Trichy,Salaried,804000.0,2024-05-01,Premium,Adult,High
CUST10267,18,Male,Thanjavur,Self-Employed,114800.0,2025-09-03,Mass Market,Young Adult,Low
CUST10268,49,Male,Madurai,Salaried,167500.0,2024-07-30,Young Adult,Middle Age,Low
CUST10269,26,Other,Madurai,Freelancer,553450.0,2021-03-25,Affluent,Adult,Medium
CUST10270,31,Female,Tirunelveli,Salaried,467000.0,2024-11-03,Young Adult,Adult,Medium
CUST10271,33,Female,Coimbatore,Salaried,240400.0,2023-03-20,Premium,Adult,Low
CUST10272,45,Male,Salem,Self-Employed,279300.0,2021-08-18,Mass Market,Middle Age,Low
CUST10273,18,Female,Thanjavur,Salaried,962800.0,2022-04-07,Young Adult,Young Adult,High
CUST10274,21,Female,Pune,Salaried,752300.0,2022-10-27,Mass Market,Young Adult,High
CUST10275,63,Female,Mumbai,Student,498200.0,2022-05-18,Affluent,Senior,Medium
CUST10276,51,Female,Hyderabad,Student,942400.0,2022-04-30,Affluent,Middle Age,High
CUST10277,56,Other,Tirunelveli,Freelancer,501000.0,2021-06-02,Mass Market,Middle Age,Medium
CUST10278,34,Female,Vellore,Student,1937300.0,2022-05-30,Premium,Adult,High
CUST10279,50,Male,Thanjavur,Salaried,566200.0,2024-12-21,Mass Market,Middle Age,Medium
CUST10280,34,Male,Hyderabad,Salaried,229700.0,2024-05-22,Mass Market,Adult,Low
CUST10281,32,Female,Mumbai,Freelancer,1436600.0,2021-04-28,Mass Market,Adult,High
CUST10282,18,Female,Mumbai,Salaried,765200.0,2025-10-06,Affluent,Young Adult,High
CUST10283,35,Male,Chennai,Business Owner,613800.0,2022-06-02,Mass Market,Adult,Medium
CUST10284,33,Female,Kochi,Salaried,701500.0,2024-12-29,Premium,Adult,Medium
CUST10285,18,Female,Bengaluru,Retired,448600.0,2025-08-29,Young Adult,Young Adult,Medium
CUST10286,26,Male,Erode,Business Owner,1268100.0,2025-04-23,Mass Market,Adult,High
CUST10287,33,Female,Thanjavur,Student,1013100.0,2025-03-25,Affluent,Adult,High
CUST10288,24,Male,Chennai,Student,600400.0,2023-09-08,Young Adult,Young Adult,Medium
CUST10289,45,Male,Erode,Self-Employed,640200.0,2025-09-21,Mass Market,Middle Age,Medium
CUST10290,33,Male,Delhi,Freelancer,596800.0,2023-06-19,Mass Market,Adult,Medium
CUST10291,40,Male,Salem,Salaried,553100.0,2022-05-28,Mass Market,Adult,Medium
CUST10292,49,Male,Tirunelveli,Business Owner,172500.0,2023-01-22,Mass Market,Middle Age,Low
CUST10293,40,Male,Erode,Student,494600.0,2021-04-27,Premium,Adult,Medium
CUST10294,21,Male,Trichy,Salaried,479500.0,2025-06-14,Affluent,Young Adult,Medium
CUST10295,44,Male,Salem,Salaried,1103900.0,2023-11-11,Affluent,Middle Age,High
CUST10296,30,Male,Hyderabad,Salaried,957700.0,2022-08-28,Affluent,Adult,High
CUST10297,18,Male,Pune,Freelancer,415700.0,2023-07-24,Mass Market,Young Adult,Low
CUST10298,34,Male,Thanjavur,Salaried,1062400.0,2021-04-06,Mass Market,Adult,High
CUST10299,41,Male,Trichy,Retired,190000.0,2021-03-09,Young Adult,Middle Age,Low
CUST10300,41,Female,Pune,Business Owner,1546600.0,2024-02-08,Affluent,Middle Age,High
CUST10301,18,Male,Mumbai,Retired,127400.0,2026-05-16,Young Adult,Young Adult,Low
CUST10302,37,Female,Mumbai,Freelancer,289300.0,2025-09-08,Mass Market,Adult,Low
CUST10303,47,Male,Delhi,Business Owner,275000.0,2023-12-17,Young Adult,Middle Age,Low
CUST10304,29,Male,Bengaluru,Student,1524800.0,2024-07-13,Premium,Adult,High
CUST10305,37,Male,Delhi,Business Owner,250600.0,2022-07-22,Mass Market,Adult,Low
CUST10306,37,Female,Thanjavur,Business Owner,831900.0,2022-01-02,Mass Market,Adult,High
CUST10307,38,Female,Thanjavur,Salaried,845300.0,2023-01-05,Mass Market,Adult,High
CUST10308,49,Male,Salem,Business Owner,360400.0,2021-06-05,Mass Market,Middle Age,Low
CUST10309,38,Female,Vellore,Business Owner,280200.0,2023-12-23,Affluent,Adult,Low
CUST10310,22,Male,Vellore,Student,288900.0,2024-10-27,Young Adult,Young Adult,Low
CUST10311,25,Female,Tirunelveli,Retired,1188200.0,2024-07-24,Mass Market,Young Adult,High
CUST10312,39,Female,Salem,Freelancer,444600.0,2021-08-19,Mass Market,Adult,Medium
CUST10313,18,Male,Trichy,Self-Employed,406800.0,2021-02-16,Mass Market,Young Adult,Low
CUST10314,36,Female,Trichy,Salaried,980500.0,2023-09-22,Mass Market,Adult,High
CUST10315,37,Female,Trichy,Salaried,456500.0,2026-04-12,Affluent,Adult,Medium
CUST10316,42,Male,Salem,Freelancer,402900.0,2021-08-27,Affluent,Middle Age,Low
CUST10317,32,Male,Bengaluru,Salaried,296100.0,2023-06-28,Affluent,Adult,Low
CUST10318,37,Female,Hyderabad,Salaried,227800.0,2022-09-10,Mass Market,Adult,Low
CUST10319,28,Male,Trichy,Salaried,436100.0,2025-06-23,Premium,Adult,Medium
CUST10320,28,Male,Hyderabad,Freelancer,553400.0,2025-01-14,Mass Market,Adult,Medium
CUST10321,47,Male,Pune,Business Owner,672000.0,2023-08-11,Mass Market,Middle Age,Medium
CUST10322,30,Male,Vellore,Salaried,452300.0,2024-02-04,Young Adult,Adult,Medium
CUST10323,40,Female,Mumbai,Self-Employed,359900.0,2024-11-08,Young Adult,Adult,Low
CUST10324,49,Female,Kochi,Freelancer,434200.0,2023-04-04,Young Adult,Middle Age,Medium
CUST10325,55,Male,Hyderabad,Salaried,847700.0,2025-03-15,Mass Market,Middle Age,High
CUST10326,53,Male,Vellore,Retired,1457500.0,2025-01-10,Affluent,Middle Age,High
CUST10327,30,Female,Hyderabad,Self-Employed,937400.0,2026-02-25,Mass Market,Adult,High
CUST10328,20,Male,Erode,Business Owner,812200.0,2026-02-18,Mass Market,Young Adult,High
CUST10329,33,Female,Vellore,Retired,800900.0,2026-04-26,Affluent,Adult,High
CUST10330,31,Female,Hyderabad,Freelancer,553450.0,2024-07-02,Mass Market,Adult,Medium
CUST10331,36,Male,Delhi,Student,1107600.0,2023-02-09,Mass Market,Adult,High
CUST10332,33,Male,Tirunelveli,Salaried,599900.0,2022-10-11,Mass Market,Adult,Medium
CUST10333,35,Female,Thanjavur,Self-Employed,259200.0,2025-08-09,Young Adult,Adult,Low
CUST10334,18,Male,Salem,Salaried,453900.0,2022-09-22,Affluent,Young Adult,Medium
CUST10335,40,Male,Tirunelveli,Salaried,276100.0,2026-06-09,Affluent,Adult,Low
CUST10336,57,Male,Chennai,Salaried,535200.0,2021-01-22,Mass Market,Middle Age,Medium
CUST10337,56,Female,Madurai,Salaried,559300.0,2024-12-22,Mass Market,Middle Age,Medium
CUST10338,43,Male,Delhi,Salaried,477900.0,2025-07-31,Mass Market,Middle Age,Medium
CUST10339,44,Female,Trichy,Student,1102900.0,2021-06-03,Mass Market,Middle Age,High
CUST10340,28,Female,Bengaluru,Self-Employed,96700.0,2022-12-08,Mass Market,Adult,Low
CUST10341,31,Male,Delhi,Student,567700.0,2021-12-11,Mass Market,Adult,Medium
CUST10342,61,Female,Mumbai,Salaried,553450.0,2024-05-09,Young Adult,Senior,Medium
CUST10343,40,Female,Pune,Salaried,861200.0,2025-03-07,Mass Market,Adult,High
CUST10344,51,Male,Salem,Student,407200.0,2023-12-22,Young Adult,Middle Age,Low
CUST10345,37,Female,Mumbai,Freelancer,329000.0,2022-07-20,Premium,Adult,Low
CUST10346,43,Female,Chennai,Salaried,1770500.0,2022-02-17,Affluent,Middle Age,High
CUST10347,45,Female,Madurai,Retired,342400.0,2021-03-17,Affluent,Middle Age,Low
CUST10348,44,Male,Hyderabad,Student,559500.0,2023-06-09,Mass Market,Middle Age,Medium
CUST10349,25,Other,Salem,Business Owner,958900.0,2024-06-10,Young Adult,Young Adult,High
CUST10350,34,Male,Trichy,Salaried,600600.0,2021-07-02,Young Adult,Adult,Medium
CUST10351,60,Female,Hyderabad,Self-Employed,518300.0,2025-05-30,Young Adult,Middle Age,Medium
CUST10352,36,Male,Coimbatore,Salaried,1407600.0,2025-04-08,Mass Market,Adult,High
CUST10353,50,Male,Delhi,Self-Employed,1481400.0,2022-10-10,Mass Market,Middle Age,High
CUST10354,35,Male,Coimbatore,Salaried,2225100.0,2022-03-06,Mass Market,Adult,High
CUST10355,23,Female,Erode,Salaried,227800.0,2021-12-17,Affluent,Young Adult,Low
CUST10356,27,Male,Trichy,Salaried,553450.0,2022-08-05,Premium,Adult,Medium
CUST10357,20,Female,Bengaluru,Salaried,941600.0,2025-05-14,Mass Market,Young Adult,High
CUST10358,18,Male,Chennai,Student,304200.0,2024-09-28,Affluent,Young Adult,Low
CUST10359,33,Female,Delhi,Freelancer,370600.0,2023-12-07,Mass Market,Adult,Low
CUST10360,28,Male,Hyderabad,Self-Employed,580400.0,2024-06-25,Mass Market,Adult,Medium
CUST10361,21,Male,Pune,Self-Employed,1730200.0,2021-06-20,Mass Market,Young Adult,High
CUST10362,27,Male,Kochi,Business Owner,364400.0,2023-02-17,Mass Market,Adult,Low
CUST10363,30,Female,Vellore,Salaried,1250900.0,2022-10-27,Mass Market,Adult,High
CUST10364,42,Male,Mumbai,Salaried,801300.0,2024-04-14,Mass Market,Middle Age,High
CUST10365,42,Male,Salem,Student,684100.0,2024-04-24,Premium,Middle Age,Medium
CUST10366,38,Male,Kochi,Business Owner,429900.0,2024-03-15,Affluent,Adult,Low
CUST10367,47,Male,Erode,Retired,218400.0,2025-01-03,Mass Market,Middle Age,Low
CUST10368,37,Female,Coimbatore,Salaried,834600.0,2022-07-03,Mass Market,Adult,High
CUST10369,39,Male,Mumbai,Retired,1381100.0,2025-05-11,Mass Market,Adult,High
CUST10370,25,Female,Hyderabad,Business Owner,433100.0,2023-02-12,Mass Market,Young Adult,Medium
CUST10371,28,Female,Trichy,Salaried,316900.0,2021-02-08,Affluent,Adult,Low
CUST10372,35,Female,Salem,Salaried,884200.0,2026-05-21,Mass Market,Adult,High
CUST10373,32,Male,Kochi,Self-Employed,307800.0,2025-09-28,Premium,Adult,Low
CUST10374,56,Male,Vellore,Student,553450.0,2024-12-27,Mass Market,Middle Age,Medium
CUST10375,43,Female,Delhi,Salaried,334400.0,2022-12-01,Mass Market,Middle Age,Low
CUST10376,44,Female,Coimbatore,Salaried,1224200.0,2021-05-01,Young Adult,Middle Age,High
CUST10377,34,Female,Vellore,Salaried,345700.0,2023-01-06,Mass Market,Adult,Low
CUST10378,41,Female,Kochi,Student,618100.0,2024-07-12,Premium,Middle Age,Medium
CUST10379,53,Male,Bengaluru,Freelancer,565600.0,2022-08-16,Mass Market,Middle Age,Medium
CUST10380,29,Male,Hyderabad,Retired,1554700.0,2022-11-03,Young Adult,Adult,High
CUST10381,50,Male,Tirunelveli,Retired,725300.0,2021-04-27,Mass Market,Middle Age,High
CUST10382,20,Female,Delhi,Salaried,852200.0,2022-04-23,Mass Market,Young Adult,High
CUST10383,43,Female,Mumbai,Business Owner,409500.0,2021-01-09,Young Adult,Middle Age,Low
CUST10384,47,Female,Madurai,Salaried,504400.0,2025-03-15,Mass Market,Middle Age,Medium
CUST10385,47,Female,Mumbai,Self-Employed,447600.0,2021-09-18,Premium,Middle Age,Medium
CUST10386,47,Male,Trichy,Retired,211100.0,2025-02-16,Affluent,Middle Age,Low
CUST10387,20,Other,Kochi,Freelancer,2589000.0,2024-05-24,Mass Market,Young Adult,High
CUST10388,32,Female,Kochi,Student,1281300.0,2023-06-05,Premium,Adult,High
CUST10389,54,Male,Coimbatore,Salaried,288000.0,2022-09-24,Mass Market,Middle Age,Low
CUST10390,48,Male,Tirunelveli,Salaried,254100.0,2023-10-14,Mass Market,Middle Age,Low
CUST10391,29,Female,Thanjavur,Salaried,553450.0,2022-06-03,Mass Market,Adult,Medium
CUST10392,28,Female,Tirunelveli,Student,404100.0,2022-03-12,Mass Market,Adult,Low
CUST10393,41,Male,Mumbai,Freelancer,553450.0,2024-08-29,Mass Market,Middle Age,Medium
CUST10394,35,Male,Vellore,Student,337300.0,2026-06-08,Mass Market,Adult,Low
CUST10395,34,Male,Salem,Salaried,685300.0,2022-03-16,Mass Market,Adult,Medium
CUST10396,28,Male,Bengaluru,Business Owner,353900.0,2021-10-27,Affluent,Adult,Low
CUST10397,39,Male,Vellore,Salaried,640400.0,2025-04-11,Mass Market,Adult,Medium
CUST10398,45,Female,Pune,Self-Employed,1319200.0,2023-12-12,Young Adult,Middle Age,High
CUST10399,36,Male,Salem,Salaried,256100.0,2024-05-19,Affluent,Adult,Low
CUST10400,44,Female,Bengaluru,Salaried,1331500.0,2022-04-27,Mass Market,Middle Age,High
CUST10401,36,Male,Erode,Retired,1129500.0,2024-11-25,Mass Market,Adult,High
CUST10402,66,Male,Kochi,Self-Employed,744500.0,2026-04-28,Mass Market,Senior,High
CUST10403,44,Female,Thanjavur,Salaried,1077200.0,2026-08-05,Mass Market,Middle Age,High
CUST10404,52,Male,Pune,Freelancer,1725600.0,2022-05-11,Mass Market,Middle Age,High
CUST10405,18,Female,Tirunelveli,Freelancer,527800.0,2023-10-09,Premium,Young Adult,Medium
CUST10406,29,Female,Salem,Business Owner,520900.0,2025-01-09,Mass Market,Adult,Medium
CUST10407,34,Female,Delhi,Student,701300.0,2026-02-11,Affluent,Adult,Medium
CUST10408,27,Male,Chennai,Salaried,380900.0,2024-11-14,Mass Market,Adult,Low
CUST10409,18,Female,Bengaluru,Salaried,1080300.0,2021-12-05,Affluent,Young Adult,High
CUST10410,32,Female,Madurai,Self-Employed,553450.0,2021-10-10,Young Adult,Adult,Medium
CUST10411,54,Female,Mumbai,Salaried,471500.0,2021-12-26,Mass Market,Middle Age,Medium
CUST10412,41,Female,Salem,Salaried,706800.0,2026-07-20,Affluent,Middle Age,Medium
CUST10413,42,Male,Thanjavur,Salaried,333300.0,2024-07-02,Mass Market,Middle Age,Low
CUST10414,47,Male,Bengaluru,Self-Employed,739000.0,2023-12-23,Affluent,Middle Age,High
CUST10415,34,Female,Tirunelveli,Freelancer,425300.0,2023-07-15,Affluent,Adult,Low
CUST10416,49,Male,Bengaluru,Freelancer,384300.0,2022-11-21,Affluent,Middle Age,Low
CUST10417,37,Male,Erode,Student,950800.0,2024-08-24,Young Adult,Adult,High
CUST10418,44,Other,Mumbai,Salaried,654500.0,2025-11-07,Mass Market,Middle Age,Medium
CUST10419,25,Male,Trichy,Student,1045800.0,2024-09-20,Mass Market,Young Adult,High
CUST10420,37,Female,Trichy,Salaried,571200.0,2024-08-14,Affluent,Adult,Medium
CUST10421,41,Male,Delhi,Self-Employed,792700.0,2026-07-14,Mass Market,Middle Age,High
CUST10422,28,Female,Madurai,Freelancer,374900.0,2025-07-09,Premium,Adult,Low
CUST10423,24,Male,Mumbai,Salaried,786200.0,2024-07-08,Young Adult,Young Adult,High
CUST10424,18,Male,Madurai,Salaried,364300.0,2022-12-25,Mass Market,Young Adult,Low
CUST10425,41,Male,Chennai,Self-Employed,601500.0,2023-03-16,Affluent,Middle Age,Medium
CUST10426,39,Male,Trichy,Business Owner,537900.0,2026-03-12,Premium,Adult,Medium
CUST10427,46,Female,Hyderabad,Business Owner,837900.0,2023-06-21,Affluent,Middle Age,High
CUST10428,42,Male,Vellore,Business Owner,322600.0,2024-11-28,Affluent,Middle Age,Low
CUST10429,58,Female,Erode,Business Owner,768500.0,2024-12-05,Mass Market,Middle Age,High
CUST10430,40,Female,Delhi,Salaried,178200.0,2025-08-06,Mass Market,Adult,Low
CUST10431,46,Female,Chennai,Salaried,1037700.0,2025-04-13,Premium,Middle Age,High
CUST10432,40,Male,Coimbatore,Student,260500.0,2023-05-22,Mass Market,Adult,Low
CUST10433,38,Male,Trichy,Salaried,254100.0,2022-09-25,Mass Market,Adult,Low
CUST10434,31,Female,Bengaluru,Self-Employed,406300.0,2025-12-15,Affluent,Adult,Low
CUST10435,43,Female,Chennai,Salaried,801500.0,2022-06-07,Mass Market,Middle Age,High
CUST10436,37,Male,Bengaluru,Salaried,839500.0,2025-11-02,Mass Market,Adult,High
CUST10437,25,Male,Salem,Salaried,1032600.0,2024-01-02,Mass Market,Young Adult,High
CUST10438,38,Male,Coimbatore,Salaried,312400.0,2024-09-09,Mass Market,Adult,Low
CUST10439,24,Female,Chennai,Self-Employed,298400.0,2022-04-28,Mass Market,Young Adult,Low
CUST10440,38,Female,Kochi,Salaried,176300.0,2024-08-03,Premium,Adult,Low
CUST10441,48,Male,Pune,Salaried,610600.0,2023-12-28,Affluent,Middle Age,Medium
CUST10442,44,Male,Bengaluru,Business Owner,327900.0,2025-12-26,Young Adult,Middle Age,Low
CUST10443,21,Male,Trichy,Self-Employed,583300.0,2023-12-16,Mass Market,Young Adult,Medium
CUST10444,20,Female,Chennai,Salaried,787700.0,2022-08-19,Mass Market,Young Adult,High
CUST10445,18,Male,Coimbatore,Self-Employed,444200.0,2024-01-04,Mass Market,Young Adult,Medium
CUST10446,32,Male,Hyderabad,Freelancer,1040900.0,2023-08-18,Mass Market,Adult,High
CUST10447,36,Male,Salem,Business Owner,405800.0,2024-09-20,Premium,Adult,Low
CUST10448,18,Female,Thanjavur,Student,1020100.0,2022-08-11,Mass Market,Young Adult,High
CUST10449,29,Female,Coimbatore,Self-Employed,802700.0,2022-05-20,Mass Market,Adult,High
CUST10450,18,Female,Thanjavur,Self-Employed,617300.0,2024-01-03,Affluent,Young Adult,Medium
CUST10451,29,Female,Madurai,Self-Employed,1302800.0,2024-04-17,Affluent,Adult,High
CUST10452,49,Male,Vellore,Salaried,659500.0,2026-02-20,Mass Market,Middle Age,Medium
CUST10453,38,Female,Bengaluru,Salaried,705900.0,2025-07-02,Mass Market,Adult,Medium
CUST10454,54,Female,Pune,Salaried,527500.0,2025-06-25,Affluent,Middle Age,Medium
CUST10455,44,Female,Tirunelveli,Retired,1177200.0,2021-03-30,Mass Market,Middle Age,High
CUST10456,31,Male,Coimbatore,Salaried,272900.0,2024-09-10,Premium,Adult,Low
CUST10457,53,Female,Pune,Salaried,298900.0,2025-08-05,Mass Market,Middle Age,Low
CUST10458,46,Female,Thanjavur,Freelancer,338900.0,2024-10-11,Mass Market,Middle Age,Low
CUST10459,18,Male,Coimbatore,Freelancer,513800.0,2022-01-25,Mass Market,Young Adult,Medium
CUST10460,32,Female,Bengaluru,Salaried,284800.0,2026-07-20,Mass Market,Adult,Low
CUST10461,28,Female,Trichy,Salaried,585900.0,2023-05-10,Premium,Adult,Medium
CUST10462,34,Female,Hyderabad,Salaried,302700.0,2025-10-05,Mass Market,Adult,Low
CUST10463,39,Female,Hyderabad,Student,183500.0,2024-12-13,Affluent,Adult,Low
CUST10464,48,Female,Mumbai,Salaried,805000.0,2024-09-15,Affluent,Middle Age,High
CUST10465,39,Male,Mumbai,Freelancer,339600.0,2021-09-03,Affluent,Adult,Low
CUST10466,33,Male,Chennai,Self-Employed,654100.0,2025-06-26,Mass Market,Adult,Medium
CUST10467,46,Male,Hyderabad,Salaried,839800.0,2022-12-10,Young Adult,Middle Age,High
CUST10468,33,Male,Bengaluru,Self-Employed,1172600.0,2021-02-13,Mass Market,Adult,High
CUST10469,43,Male,Salem,Salaried,667100.0,2023-12-30,Young Adult,Middle Age,Medium
CUST10470,34,Female,Chennai,Freelancer,229500.0,2023-10-30,Young Adult,Adult,Low
CUST10471,50,Female,Trichy,Salaried,442800.0,2022-06-19,Mass Market,Middle Age,Medium
CUST10472,37,Female,Trichy,Salaried,421300.0,2024-09-30,Young Adult,Adult,Low
CUST10473,30,Female,Vellore,Salaried,319400.0,2025-08-26,Mass Market,Adult,Low
CUST10474,22,Male,Vellore,Salaried,553450.0,2026-05-04,Mass Market,Young Adult,Medium
CUST10475,37,Female,Delhi,Self-Employed,173900.0,2026-06-02,Mass Market,Adult,Low
CUST10476,31,Male,Thanjavur,Salaried,449200.0,2024-10-19,Mass Market,Adult,Medium
CUST10477,51,Male,Trichy,Salaried,484400.0,2021-02-18,Young Adult,Middle Age,Medium
CUST10478,43,Male,Hyderabad,Salaried,667300.0,2021-06-03,Mass Market,Middle Age,Medium
CUST10479,39,Male,Delhi,Self-Employed,1582900.0,2023-06-20,Affluent,Adult,High
CUST10480,33,Female,Chennai,Student,1200100.0,2022-05-10,Young Adult,Adult,High
CUST10481,43,Male,Hyderabad,Salaried,267300.0,2024-01-06,Mass Market,Middle Age,Low
CUST10482,25,Female,Delhi,Business Owner,174300.0,2024-08-30,Premium,Young Adult,Low
CUST10483,18,Male,Tirunelveli,Self-Employed,1077500.0,2021-03-14,Mass Market,Young Adult,High
CUST10484,22,Male,Bengaluru,Salaried,1563200.0,2023-05-07,Premium,Young Adult,High
CUST10485,37,Female,Mumbai,Salaried,180800.0,2026-02-16,Mass Market,Adult,Low
CUST10486,59,Male,Kochi,Salaried,642200.0,2024-02-09,Young Adult,Middle Age,Medium
CUST10487,48,Female,Delhi,Salaried,418000.0,2025-02-22,Affluent,Middle Age,Low
CUST10488,38,Male,Pune,Salaried,260700.0,2021-11-20,Affluent,Adult,Low
CUST10489,33,Female,Tirunelveli,Salaried,249600.0,2023-02-08,Mass Market,Adult,Low
CUST10490,33,Female,Vellore,Salaried,113900.0,2021-02-16,Mass Market,Adult,Low
CUST10491,36,Female,Delhi,Student,413000.0,2022-01-27,Affluent,Adult,Low
CUST10492,34,Male,Madurai,Salaried,951700.0,2022-10-01,Mass Market,Adult,High
CUST10493,51,Male,Kochi,Self-Employed,1629300.0,2024-09-13,Young Adult,Middle Age,High
CUST10494,18,Male,Bengaluru,Salaried,553500.0,2023-06-18,Mass Market,Young Adult,Medium
CUST10495,48,Male,Bengaluru,Business Owner,184000.0,2026-03-14,Mass Market,Middle Age,Low
CUST10496,32,Female,Madurai,Student,610000.0,2023-04-26,Mass Market,Adult,Medium
CUST10497,23,Female,Thanjavur,Retired,626700.0,2022-12-01,Young Adult,Young Adult,Medium
CUST10498,29,Female,Hyderabad,Student,1526200.0,2024-06-21,Affluent,Adult,High
CUST10499,35,Male,Delhi,Self-Employed,1546500.0,2021-12-12,Mass Market,Adult,High
CUST10500,51,Female,Vellore,Salaried,258000.0,2025-09-05,Mass Market,Middle Age,Low
CUST10501,28,Female,Chennai,Student,152500.0,2022-06-30,Affluent,Adult,Low
CUST10502,53,Male,Salem,Business Owner,1024700.0,2022-03-19,Young Adult,Middle Age,High
CUST10503,29,Male,Delhi,Self-Employed,291700.0,2021-04-26,Premium,Adult,Low
CUST10504,52,Female,Coimbatore,Business Owner,1316400.0,2024-01-15,Young Adult,Middle Age,High
CUST10505,33,Female,Hyderabad,Freelancer,144500.0,2025-09-15,Affluent,Adult,Low
CUST10506,61,Female,Vellore,Self-Employed,571900.0,2021-07-02,Mass Market,Senior,Medium
CUST10507,45,Female,Mumbai,Salaried,544300.0,2023-01-29,Affluent,Middle Age,Medium
CUST10508,33,Male,Vellore,Business Owner,340600.0,2023-08-06,Premium,Adult,Low
CUST10509,55,Female,Mumbai,Salaried,352400.0,2026-04-13,Mass Market,Middle Age,Low
CUST10510,38,Female,Hyderabad,Freelancer,1542100.0,2024-10-29,Mass Market,Adult,High
CUST10511,23,Male,Pune,Retired,335300.0,2024-11-08,Mass Market,Young Adult,Low
CUST10512,33,Male,Trichy,Salaried,981000.0,2024-11-24,Affluent,Adult,High
CUST10513,21,Male,Coimbatore,Freelancer,3061900.0,2024-07-25,Mass Market,Young Adult,High
CUST10514,22,Male,Bengaluru,Salaried,125800.0,2026-05-19,Mass Market,Young Adult,Low
CUST10515,47,Male,Madurai,Salaried,493800.0,2023-11-12,Mass Market,Middle Age,Medium
CUST10516,39,Male,Tirunelveli,Salaried,1105600.0,2026-06-24,Premium,Adult,High
CUST10517,27,Male,Trichy,Student,433300.0,2024-09-01,Affluent,Adult,Medium
CUST10518,41,Male,Madurai,Salaried,556400.0,2023-10-22,Premium,Middle Age,Medium
CUST10519,28,Male,Coimbatore,Self-Employed,360300.0,2021-05-31,Premium,Adult,Low
CUST10520,39,Male,Chennai,Retired,911000.0,2026-07-01,Affluent,Adult,High
CUST10521,39,Female,Coimbatore,Student,1129700.0,2022-06-30,Mass Market,Adult,High
CUST10522,46,Male,Madurai,Student,553450.0,2021-03-31,Affluent,Middle Age,Medium
CUST10523,18,Female,Madurai,Business Owner,289000.0,2026-05-23,Mass Market,Young Adult,Low
CUST10524,41,Male,Erode,Self-Employed,977400.0,2025-02-08,Mass Market,Middle Age,High
CUST10525,52,Female,Delhi,Student,874600.0,2023-11-06,Mass Market,Middle Age,High
CUST10526,51,Female,Tirunelveli,Business Owner,553450.0,2026-03-25,Mass Market,Middle Age,Medium
CUST10527,45,Female,Mumbai,Salaried,1855400.0,2023-03-26,Mass Market,Middle Age,High
CUST10528,36,Male,Erode,Retired,487800.0,2025-02-14,Premium,Adult,Medium
CUST10529,35,Male,Chennai,Business Owner,356600.0,2024-01-26,Affluent,Adult,Low
CUST10530,18,Female,Madurai,Business Owner,609300.0,2025-06-27,Young Adult,Young Adult,Medium
CUST10531,27,Male,Hyderabad,Self-Employed,728400.0,2024-05-30,Young Adult,Adult,High
CUST10532,32,Female,Pune,Freelancer,643100.0,2023-06-14,Premium,Adult,Medium
CUST10533,20,Female,Tirunelveli,Self-Employed,1186500.0,2021-08-10,Mass Market,Young Adult,High
CUST10534,18,Male,Hyderabad,Self-Employed,560500.0,2025-08-10,Mass Market,Young Adult,Medium
CUST10535,28,Female,Erode,Self-Employed,1069300.0,2021-09-22,Affluent,Adult,High
CUST10536,18,Female,Salem,Salaried,347100.0,2024-05-08,Affluent,Young Adult,Low
CUST10537,34,Female,Trichy,Business Owner,242900.0,2026-05-31,Mass Market,Adult,Low
CUST10538,18,Female,Madurai,Salaried,470900.0,2022-01-07,Mass Market,Young Adult,Medium
CUST10539,39,Female,Delhi,Student,1492300.0,2024-08-24,Affluent,Adult,High
CUST10540,28,Male,Erode,Salaried,752000.0,2026-06-27,Affluent,Adult,High
CUST10541,26,Female,Delhi,Freelancer,1144400.0,2024-07-26,Young Adult,Adult,High
CUST10542,33,Female,Vellore,Self-Employed,197300.0,2024-10-23,Affluent,Adult,Low
CUST10543,31,Female,Pune,Self-Employed,361900.0,2025-01-14,Premium,Adult,Low
CUST10544,38,Female,Trichy,Salaried,734300.0,2023-01-13,Mass Market,Adult,High
CUST10545,33,Male,Bengaluru,Student,268900.0,2021-11-16,Young Adult,Adult,Low
CUST10546,34,Male,Chennai,Salaried,479800.0,2022-12-16,Mass Market,Adult,Medium
CUST10547,30,Female,Hyderabad,Salaried,449200.0,2023-11-21,Affluent,Adult,Medium
CUST10548,28,Female,Delhi,Salaried,273200.0,2025-04-18,Affluent,Adult,Low
CUST10549,40,Female,Tirunelveli,Retired,986200.0,2022-03-12,Mass Market,Adult,High
CUST10550,31,Female,Madurai,Retired,731400.0,2023-05-30,Premium,Adult,High
CUST10551,18,Female,Trichy,Salaried,993000.0,2021-04-29,Affluent,Young Adult,High
CUST10552,33,Male,Delhi,Student,342400.0,2026-03-15,Mass Market,Adult,Low
CUST10553,32,Female,Thanjavur,Salaried,233300.0,2023-09-14,Mass Market,Adult,Low
CUST10554,45,Male,Chennai,Self-Employed,193300.0,2023-05-09,Mass Market,Middle Age,Low
CUST10555,53,Female,Delhi,Self-Employed,150400.0,2025-10-24,Young Adult,Middle Age,Low
CUST10556,63,Male,Pune,Freelancer,1030100.0,2022-06-03,Mass Market,Senior,High
CUST10557,30,Male,Trichy,Salaried,394600.0,2023-05-16,Young Adult,Adult,Low
CUST10558,44,Male,Delhi,Self-Employed,1063800.0,2024-01-14,Young Adult,Middle Age,High
CUST10559,44,Male,Coimbatore,Salaried,1258100.0,2026-06-25,Mass Market,Middle Age,High
CUST10560,18,Male,Bengaluru,Freelancer,1030100.0,2022-07-14,Mass Market,Young Adult,High
CUST10561,18,Male,Delhi,Salaried,413300.0,2024-08-27,Mass Market,Young Adult,Low
CUST10562,18,Male,Mumbai,Business Owner,1361700.0,2025-01-29,Affluent,Young Adult,High
CUST10563,37,Male,Trichy,Salaried,367300.0,2025-05-25,Affluent,Adult,Low
CUST10564,29,Male,Hyderabad,Business Owner,491400.0,2023-02-14,Mass Market,Adult,Medium
CUST10565,50,Male,Vellore,Salaried,461600.0,2022-09-15,Affluent,Middle Age,Medium
CUST10566,31,Female,Tirunelveli,Salaried,552900.0,2022-09-20,Mass Market,Adult,Medium
CUST10567,51,Male,Hyderabad,Freelancer,430700.0,2022-08-13,Premium,Middle Age,Low
CUST10568,43,Male,Chennai,Retired,267100.0,2022-06-22,Mass Market,Middle Age,Low
CUST10569,60,Male,Pune,Business Owner,553450.0,2021-09-08,Young Adult,Middle Age,Medium
CUST10570,18,Male,Kochi,Salaried,409900.0,2021-05-22,Mass Market,Young Adult,Low
CUST10571,46,Female,Thanjavur,Salaried,272400.0,2024-02-23,Mass Market,Middle Age,Low
CUST10572,32,Other,Coimbatore,Salaried,951900.0,2024-05-11,Affluent,Adult,High
CUST10573,40,Male,Mumbai,Salaried,388600.0,2023-01-04,Mass Market,Adult,Low
CUST10574,43,Female,Tirunelveli,Salaried,541400.0,2022-07-25,Affluent,Middle Age,Medium
CUST10575,29,Male,Salem,Salaried,182700.0,2024-01-01,Young Adult,Adult,Low
CUST10576,24,Female,Bengaluru,Retired,638400.0,2024-12-31,Affluent,Young Adult,Medium
CUST10577,53,Male,Coimbatore,Business Owner,286500.0,2022-06-09,Mass Market,Middle Age,Low
CUST10578,41,Female,Pune,Self-Employed,438600.0,2026-02-17,Young Adult,Middle Age,Medium
CUST10579,48,Female,Coimbatore,Salaried,1107500.0,2022-11-21,Mass Market,Middle Age,High
CUST10580,52,Female,Vellore,Salaried,644300.0,2023-02-04,Mass Market,Middle Age,Medium
CUST10581,66,Female,Trichy,Self-Employed,187000.0,2021-08-08,Mass Market,Senior,Low
CUST10582,40,Female,Mumbai,Salaried,260200.0,2023-01-31,Mass Market,Adult,Low
CUST10583,28,Male,Delhi,Business Owner,515000.0,2022-09-23,Premium,Adult,Medium
CUST10584,39,Female,Pune,Retired,217600.0,2025-08-23,Mass Market,Adult,Low
CUST10585,49,Male,Erode,Self-Employed,462900.0,2026-06-29,Mass Market,Middle Age,Medium
CUST10586,31,Female,Trichy,Business Owner,587100.0,2021-04-29,Young Adult,Adult,Medium
CUST10587,28,Female,Kochi,Salaried,1077200.0,2024-05-16,Premium,Adult,High
CUST10588,18,Male,Chennai,Business Owner,1989400.0,2023-06-24,Mass Market,Young Adult,High
CUST10589,39,Female,Vellore,Retired,383700.0,2025-01-31,Young Adult,Adult,Low
CUST10590,35,Female,Kochi,Student,647400.0,2022-01-12,Premium,Adult,Medium
CUST10591,32,Male,Hyderabad,Self-Employed,298200.0,2026-03-23,Mass Market,Adult,Low
CUST10592,44,Female,Chennai,Business Owner,1060500.0,2025-07-25,Mass Market,Middle Age,High
CUST10593,37,Male,Thanjavur,Salaried,426900.0,2022-09-27,Mass Market,Adult,Low
CUST10594,42,Male,Madurai,Retired,906700.0,2024-08-22,Mass Market,Middle Age,High
CUST10595,69,Male,Erode,Salaried,390500.0,2022-08-20,Mass Market,Senior,Low
CUST10596,49,Female,Tirunelveli,Self-Employed,370000.0,2021-06-14,Young Adult,Middle Age,Low
CUST10597,38,Female,Erode,Retired,1225600.0,2026-04-13,Mass Market,Adult,High
CUST10598,37,Male,Hyderabad,Salaried,1833700.0,2021-01-31,Mass Market,Adult,High
CUST10599,31,Female,Thanjavur,Self-Employed,232500.0,2021-08-27,Mass Market,Adult,Low
CUST10600,38,Male,Mumbai,Salaried,480300.0,2022-01-23,Mass Market,Adult,Medium
CUST10601,25,Male,Madurai,Salaried,637800.0,2024-12-16,Mass Market,Young Adult,Medium
CUST10602,37,Female,Delhi,Salaried,551800.0,2023-11-20,Mass Market,Adult,Medium
CUST10603,18,Male,Trichy,Salaried,401500.0,2024-09-08,Mass Market,Young Adult,Low
CUST10604,48,Female,Mumbai,Retired,179400.0,2021-04-26,Mass Market,Middle Age,Low
CUST10605,56,Female,Delhi,Self-Employed,1241600.0,2022-11-02,Mass Market,Middle Age,High
CUST10606,29,Female,Thanjavur,Retired,1670900.0,2023-02-23,Premium,Adult,High
CUST10607,24,Female,Vellore,Salaried,1076800.0,2022-01-04,Mass Market,Young Adult,High
CUST10608,24,Female,Tirunelveli,Retired,226100.0,2025-09-28,Mass Market,Young Adult,Low
CUST10609,43,Male,Coimbatore,Salaried,928600.0,2025-11-10,Premium,Middle Age,High
CUST10610,43,Female,Delhi,Business Owner,854200.0,2023-03-28,Mass Market,Middle Age,High
CUST10611,47,Female,Salem,Salaried,420400.0,2022-12-01,Mass Market,Middle Age,Low
CUST10612,18,Female,Chennai,Freelancer,527200.0,2023-09-15,Mass Market,Young Adult,Medium
CUST10613,52,Female,Salem,Salaried,222800.0,2023-07-10,Mass Market,Middle Age,Low
CUST10614,34,Male,Pune,Self-Employed,394700.0,2026-07-19,Affluent,Adult,Low
CUST10615,48,Male,Thanjavur,Salaried,344800.0,2023-05-22,Young Adult,Middle Age,Low
CUST10616,57,Female,Mumbai,Self-Employed,1153200.0,2025-03-06,Mass Market,Middle Age,High
CUST10617,32,Male,Erode,Salaried,523300.0,2022-10-12,Premium,Adult,Medium
CUST10618,42,Female,Tirunelveli,Retired,412500.0,2025-09-25,Mass Market,Middle Age,Low
CUST10619,32,Male,Pune,Business Owner,549300.0,2025-09-30,Mass Market,Adult,Medium
CUST10620,33,Female,Delhi,Freelancer,582200.0,2026-02-25,Affluent,Adult,Medium
CUST10621,53,Female,Delhi,Self-Employed,988200.0,2025-01-27,Mass Market,Middle Age,High
CUST10622,34,Female,Vellore,Self-Employed,367200.0,2023-05-07,Young Adult,Adult,Low
CUST10623,46,Female,Thanjavur,Student,256600.0,2024-06-18,Premium,Middle Age,Low
CUST10624,44,Male,Kochi,Self-Employed,459900.0,2025-12-10,Mass Market,Middle Age,Medium
CUST10625,52,Male,Kochi,Freelancer,370200.0,2026-05-28,Premium,Middle Age,Low
CUST10626,59,Male,Madurai,Retired,1069800.0,2022-01-11,Mass Market,Middle Age,High
CUST10627,44,Male,Kochi,Salaried,572700.0,2023-05-15,Young Adult,Middle Age,Medium
CUST10628,48,Female,Pune,Salaried,436400.0,2023-03-12,Mass Market,Middle Age,Medium
CUST10629,56,Male,Erode,Retired,438300.0,2022-04-20,Affluent,Middle Age,Medium
CUST10630,43,Male,Delhi,Salaried,470900.0,2021-11-19,Affluent,Middle Age,Medium
CUST10631,25,Female,Pune,Salaried,343200.0,2024-12-20,Young Adult,Young Adult,Low
CUST10632,54,Female,Bengaluru,Self-Employed,564200.0,2022-10-10,Affluent,Middle Age,Medium
CUST10633,39,Male,Chennai,Self-Employed,221600.0,2022-04-17,Mass Market,Adult,Low
CUST10634,54,Female,Kochi,Business Owner,553450.0,2022-12-07,Affluent,Middle Age,Medium
CUST10635,18,Male,Vellore,Self-Employed,450600.0,2023-04-14,Mass Market,Young Adult,Medium
CUST10636,53,Female,Delhi,Student,155200.0,2025-11-11,Young Adult,Middle Age,Low
CUST10637,44,Male,Delhi,Salaried,2389800.0,2023-02-15,Affluent,Middle Age,High
CUST10638,37,Female,Chennai,Self-Employed,553450.0,2025-10-19,Mass Market,Adult,Medium
CUST10639,47,Female,Tirunelveli,Retired,457000.0,2021-05-05,Mass Market,Middle Age,Medium
CUST10640,50,Male,Delhi,Student,1024100.0,2022-08-17,Mass Market,Middle Age,High
CUST10641,46,Male,Vellore,Student,333200.0,2024-01-06,Mass Market,Middle Age,Low
CUST10642,46,Male,Pune,Business Owner,810300.0,2024-03-22,Mass Market,Middle Age,High
CUST10643,27,Female,Vellore,Freelancer,446500.0,2025-02-04,Mass Market,Adult,Medium
CUST10644,23,Female,Coimbatore,Student,806400.0,2025-06-20,Mass Market,Young Adult,High
CUST10645,18,Male,Erode,Business Owner,253800.0,2021-02-09,Mass Market,Young Adult,Low
CUST10646,51,Male,Salem,Retired,1107300.0,2026-05-07,Premium,Middle Age,High
CUST10647,33,Male,Trichy,Student,1247200.0,2026-02-28,Mass Market,Adult,High
CUST10648,31,Male,Mumbai,Salaried,687500.0,2024-01-24,Affluent,Adult,Medium
CUST10649,37,Female,Vellore,Salaried,553700.0,2024-12-21,Young Adult,Adult,Medium
CUST10650,45,Male,Madurai,Student,1035200.0,2026-06-23,Premium,Middle Age,High
CUST10651,24,Female,Tirunelveli,Salaried,394700.0,2022-07-20,Mass Market,Young Adult,Low
CUST10652,37,Male,Coimbatore,Salaried,1009600.0,2022-03-17,Young Adult,Adult,High
CUST10653,53,Male,Tirunelveli,Freelancer,221700.0,2022-08-13,Affluent,Middle Age,Low
CUST10654,29,Female,Hyderabad,Business Owner,698500.0,2023-07-01,Mass Market,Adult,Medium
CUST10655,61,Female,Trichy,Salaried,553450.0,2025-01-10,Affluent,Senior,Medium
CUST10656,47,Male,Madurai,Salaried,626200.0,2026-02-11,Mass Market,Middle Age,Medium
CUST10657,32,Female,Tirunelveli,Student,553450.0,2025-03-26,Mass Market,Adult,Medium
CUST10658,43,Female,Trichy,Salaried,337900.0,2021-07-17,Premium,Middle Age,Low
CUST10659,36,Male,Trichy,Salaried,327700.0,2024-08-29,Mass Market,Adult,Low
CUST10660,37,Male,Bengaluru,Salaried,1701300.0,2023-11-10,Premium,Adult,High
CUST10661,33,Female,Chennai,Self-Employed,384400.0,2021-11-19,Mass Market,Adult,Low
CUST10662,35,Female,Bengaluru,Student,303300.0,2026-03-04,Young Adult,Adult,Low
CUST10663,38,Male,Vellore,Freelancer,1683700.0,2026-04-04,Affluent,Adult,High
CUST10664,29,Female,Mumbai,Self-Employed,302800.0,2024-11-17,Mass Market,Adult,Low
CUST10665,32,Male,Kochi,Salaried,621200.0,2022-02-07,Mass Market,Adult,Medium
CUST10666,49,Female,Thanjavur,Salaried,826500.0,2024-02-05,Mass Market,Middle Age,High
CUST10667,35,Male,Madurai,Salaried,316200.0,2024-04-30,Mass Market,Adult,Low
CUST10668,61,Female,Coimbatore,Business Owner,612000.0,2021-06-02,Mass Market,Senior,Medium
CUST10669,45,Male,Tirunelveli,Student,824600.0,2021-11-26,Mass Market,Middle Age,High
CUST10670,33,Male,Bengaluru,Freelancer,406600.0,2021-06-21,Mass Market,Adult,Low
CUST10671,35,Male,Chennai,Salaried,245600.0,2021-10-15,Affluent,Adult,Low
CUST10672,29,Male,Hyderabad,Self-Employed,484600.0,2026-01-28,Mass Market,Adult,Medium
CUST10673,41,Female,Erode,Retired,458600.0,2022-03-22,Premium,Middle Age,Medium
CUST10674,36,Female,Trichy,Salaried,1460100.0,2025-05-02,Premium,Adult,High
CUST10675,35,Male,Salem,Salaried,482600.0,2026-02-15,Young Adult,Adult,Medium
CUST10676,47,Female,Tirunelveli,Student,319300.0,2026-05-15,Mass Market,Middle Age,Low
CUST10677,30,Female,Chennai,Salaried,150800.0,2021-03-31,Mass Market,Adult,Low
CUST10678,33,Male,Pune,Salaried,892700.0,2022-09-20,Mass Market,Adult,High
CUST10679,29,Female,Chennai,Salaried,976900.0,2024-07-28,Young Adult,Adult,High
CUST10680,35,Male,Bengaluru,Self-Employed,1571500.0,2022-07-05,Mass Market,Adult,High
CUST10681,35,Male,Bengaluru,Student,315100.0,2021-04-19,Affluent,Adult,Low
CUST10682,37,Male,Mumbai,Self-Employed,1646400.0,2022-03-07,Young Adult,Adult,High
CUST10683,46,Male,Madurai,Salaried,469200.0,2025-05-24,Mass Market,Middle Age,Medium
CUST10684,49,Male,Pune,Self-Employed,534000.0,2022-01-12,Young Adult,Middle Age,Medium
CUST10685,50,Female,Mumbai,Freelancer,860900.0,2022-11-20,Mass Market,Middle Age,High
CUST10686,24,Female,Delhi,Freelancer,762200.0,2023-11-11,Mass Market,Young Adult,High
CUST10687,42,Male,Madurai,Salaried,519800.0,2021-03-16,Mass Market,Middle Age,Medium
CUST10688,36,Female,Salem,Freelancer,733600.0,2021-07-09,Mass Market,Adult,High
CUST10689,36,Female,Tirunelveli,Self-Employed,252200.0,2021-10-19,Mass Market,Adult,Low
CUST10690,22,Female,Thanjavur,Self-Employed,844900.0,2022-05-06,Premium,Young Adult,High
CUST10691,57,Female,Pune,Salaried,88400.0,2024-10-03,Mass Market,Middle Age,Low
CUST10692,22,Male,Vellore,Salaried,621900.0,2022-09-20,Affluent,Young Adult,Medium
CUST10693,33,Male,Chennai,Salaried,327900.0,2024-06-11,Mass Market,Adult,Low
CUST10694,41,Female,Erode,Salaried,1319700.0,2026-04-13,Affluent,Middle Age,High
CUST10695,37,Female,Chennai,Salaried,553450.0,2023-09-19,Premium,Adult,Medium
CUST10696,28,Male,Trichy,Freelancer,3187600.0,2024-08-12,Mass Market,Adult,High
CUST10697,45,Female,Delhi,Salaried,245400.0,2026-04-04,Mass Market,Middle Age,Low
CUST10698,54,Male,Pune,Salaried,540800.0,2023-09-21,Mass Market,Middle Age,Medium
CUST10699,31,Male,Thanjavur,Student,268900.0,2025-06-27,Affluent,Adult,Low
CUST10700,38,Male,Coimbatore,Student,196300.0,2023-09-04,Mass Market,Adult,Low
CUST10701,18,Female,Delhi,Student,553450.0,2024-07-04,Mass Market,Young Adult,Medium
CUST10702,35,Male,Delhi,Self-Employed,837700.0,2025-09-12,Mass Market,Adult,High
CUST10703,41,Female,Chennai,Self-Employed,569400.0,2021-06-19,Mass Market,Middle Age,Medium
CUST10704,37,Other,Tirunelveli,Business Owner,703000.0,2026-06-26,Young Adult,Adult,Medium
CUST10705,23,Female,Coimbatore,Student,810600.0,2023-10-18,Mass Market,Young Adult,High
CUST10706,26,Male,Delhi,Business Owner,634000.0,2023-01-25,Affluent,Adult,Medium
CUST10707,35,Female,Trichy,Self-Employed,777000.0,2025-12-02,Mass Market,Adult,High
CUST10708,34,Female,Bengaluru,Freelancer,263200.0,2023-02-12,Premium,Adult,Low
CUST10709,40,Female,Mumbai,Salaried,870700.0,2022-04-11,Affluent,Adult,High
CUST10710,40,Male,Bengaluru,Salaried,706400.0,2026-05-05,Mass Market,Adult,Medium
CUST10711,34,Male,Kochi,Salaried,709800.0,2025-04-13,Premium,Adult,Medium
CUST10712,25,Female,Vellore,Salaried,511900.0,2026-06-01,Affluent,Young Adult,Medium
CUST10713,46,Male,Trichy,Student,315700.0,2021-03-08,Premium,Middle Age,Low
CUST10714,46,Female,Mumbai,Business Owner,588400.0,2026-08-06,Young Adult,Middle Age,Medium
CUST10715,37,Male,Trichy,Salaried,604100.0,2023-06-15,Mass Market,Adult,Medium
CUST10716,41,Male,Salem,Salaried,553450.0,2025-04-25,Mass Market,Middle Age,Medium
CUST10717,42,Female,Vellore,Salaried,3095700.0,2021-05-20,Affluent,Middle Age,High
CUST10718,67,Female,Trichy,Salaried,1345600.0,2026-03-22,Affluent,Senior,High
CUST10719,47,Female,Vellore,Salaried,288700.0,2022-07-29,Young Adult,Middle Age,Low
CUST10720,36,Male,Delhi,Retired,779200.0,2024-04-21,Affluent,Adult,High
CUST10721,22,Female,Kochi,Salaried,895600.0,2023-09-15,Affluent,Young Adult,High
CUST10722,27,Female,Erode,Salaried,3398000.0,2024-07-09,Mass Market,Adult,High
CUST10723,35,Male,Coimbatore,Salaried,255800.0,2023-12-31,Mass Market,Adult,Low
CUST10724,33,Male,Salem,Student,1999200.0,2025-11-04,Affluent,Adult,High
CUST10725,33,Female,Mumbai,Self-Employed,777600.0,2021-04-18,Premium,Adult,High
CUST10726,39,Male,Salem,Retired,653100.0,2024-12-18,Mass Market,Adult,Medium
CUST10727,33,Female,Kochi,Self-Employed,964200.0,2022-11-13,Premium,Adult,High
CUST10728,47,Female,Kochi,Student,291200.0,2022-05-16,Mass Market,Middle Age,Low
CUST10729,29,Female,Tirunelveli,Salaried,526700.0,2025-02-18,Mass Market,Adult,Medium
CUST10730,56,Female,Thanjavur,Salaried,264900.0,2023-06-08,Mass Market,Middle Age,Low
CUST10731,66,Female,Coimbatore,Freelancer,513000.0,2021-11-08,Premium,Senior,Medium
CUST10732,31,Male,Pune,Self-Employed,909600.0,2022-11-28,Mass Market,Adult,High
CUST10733,29,Male,Delhi,Student,441800.0,2026-02-17,Mass Market,Adult,Medium
CUST10734,46,Male,Pune,Salaried,734900.0,2025-07-19,Affluent,Middle Age,High
CUST10735,46,Female,Tirunelveli,Freelancer,862100.0,2022-03-31,Young Adult,Middle Age,High
CUST10736,42,Male,Delhi,Salaried,168500.0,2022-03-09,Mass Market,Middle Age,Low
CUST10737,46,Male,Pune,Salaried,128100.0,2025-08-31,Mass Market,Middle Age,Low
CUST10738,22,Male,Tirunelveli,Salaried,542900.0,2025-07-01,Affluent,Young Adult,Medium
CUST10739,29,Female,Delhi,Student,688500.0,2021-01-24,Young Adult,Adult,Medium
CUST10740,42,Female,Kochi,Student,234800.0,2023-09-28,Mass Market,Middle Age,Low
CUST10741,40,Male,Thanjavur,Student,231500.0,2023-03-17,Mass Market,Adult,Low
CUST10742,40,Female,Pune,Salaried,673500.0,2021-07-29,Affluent,Adult,Medium
CUST10743,35,Female,Bengaluru,Freelancer,520800.0,2023-12-12,Mass Market,Adult,Medium
CUST10744,20,Male,Mumbai,Salaried,202100.0,2022-11-24,Mass Market,Young Adult,Low
CUST10745,33,Male,Thanjavur,Salaried,553450.0,2023-12-28,Mass Market,Adult,Medium
CUST10746,53,Male,Pune,Self-Employed,1586700.0,2025-03-13,Mass Market,Middle Age,High
CUST10747,30,Male,Erode,Salaried,349600.0,2021-12-13,Young Adult,Adult,Low
CUST10748,47,Female,Hyderabad,Salaried,506400.0,2023-11-12,Premium,Middle Age,Medium
CUST10749,31,Female,Madurai,Salaried,6296200.0,2022-11-18,Mass Market,Adult,High
CUST10750,47,Female,Vellore,Freelancer,167100.0,2021-05-29,Mass Market,Middle Age,Low
CUST10751,53,Male,Hyderabad,Salaried,514500.0,2023-06-15,Young Adult,Middle Age,Medium
CUST10752,27,Female,Trichy,Student,827700.0,2022-04-19,Affluent,Adult,High
CUST10753,43,Female,Vellore,Self-Employed,400200.0,2026-01-07,Mass Market,Middle Age,Low
CUST10754,18,Male,Erode,Freelancer,553450.0,2021-05-26,Affluent,Young Adult,Medium
CUST10755,24,Male,Erode,Student,1017600.0,2024-12-27,Mass Market,Young Adult,High
CUST10756,36,Female,Kochi,Retired,553900.0,2026-03-28,Mass Market,Adult,Medium
CUST10757,43,Male,Erode,Self-Employed,789400.0,2021-05-22,Young Adult,Middle Age,High
CUST10758,36,Female,Chennai,Student,379200.0,2023-02-18,Premium,Adult,Low
CUST10759,39,Male,Madurai,Self-Employed,427300.0,2026-05-27,Premium,Adult,Low
CUST10760,43,Male,Bengaluru,Salaried,1253300.0,2021-07-12,Mass Market,Middle Age,High
CUST10761,37,Male,Hyderabad,Self-Employed,209500.0,2024-04-08,Mass Market,Adult,Low
CUST10762,43,Male,Salem,Business Owner,836800.0,2022-01-09,Mass Market,Middle Age,High
CUST10763,48,Male,Erode,Retired,400300.0,2022-11-21,Young Adult,Middle Age,Low
CUST10764,33,Male,Tirunelveli,Self-Employed,811100.0,2021-09-26,Mass Market,Adult,High
CUST10765,22,Female,Bengaluru,Salaried,541400.0,2024-02-18,Mass Market,Young Adult,Medium
CUST10766,24,Female,Hyderabad,Salaried,678900.0,2023-04-19,Affluent,Young Adult,Medium
CUST10767,30,Female,Tirunelveli,Salaried,794600.0,2021-01-30,Mass Market,Adult,High
CUST10768,18,Female,Hyderabad,Self-Employed,122300.0,2024-03-21,Mass Market,Young Adult,Low
CUST10769,43,Female,Thanjavur,Retired,693900.0,2021-06-28,Affluent,Middle Age,Medium
CUST10770,51,Female,Kochi,Salaried,503200.0,2026-04-15,Mass Market,Middle Age,Medium
CUST10771,29,Female,Madurai,Salaried,412500.0,2023-11-29,Affluent,Adult,Low
CUST10772,24,Female,Tirunelveli,Salaried,764800.0,2021-10-20,Mass Market,Young Adult,High
CUST10773,56,Female,Mumbai,Business Owner,1080800.0,2022-11-18,Mass Market,Middle Age,High
CUST10774,35,Male,Hyderabad,Business Owner,681000.0,2023-09-02,Mass Market,Adult,Medium
CUST10775,38,Female,Pune,Freelancer,1356400.0,2026-07-22,Premium,Adult,High
CUST10776,44,Female,Erode,Salaried,1164500.0,2021-08-07,Mass Market,Middle Age,High
CUST10777,37,Male,Bengaluru,Business Owner,548300.0,2024-12-12,Mass Market,Adult,Medium
CUST10778,36,Male,Madurai,Salaried,595600.0,2023-07-25,Premium,Adult,Medium
CUST10779,42,Female,Bengaluru,Retired,418300.0,2025-05-29,Mass Market,Middle Age,Low
CUST10780,34,Female,Salem,Student,553450.0,2026-03-16,Young Adult,Adult,Medium
CUST10781,32,Male,Coimbatore,Salaried,644200.0,2021-12-25,Mass Market,Adult,Medium
CUST10782,24,Female,Chennai,Freelancer,541700.0,2023-09-20,Mass Market,Young Adult,Medium
CUST10783,39,Male,Vellore,Retired,3941500.0,2021-05-09,Affluent,Adult,High
CUST10784,25,Male,Thanjavur,Salaried,723300.0,2021-03-03,Mass Market,Young Adult,High
CUST10785,30,Male,Delhi,Salaried,382600.0,2025-08-21,Premium,Adult,Low
CUST10786,58,Male,Trichy,Salaried,1583900.0,2025-04-30,Affluent,Middle Age,High
CUST10787,29,Male,Mumbai,Salaried,161200.0,2022-01-02,Mass Market,Adult,Low
CUST10788,59,Female,Thanjavur,Freelancer,440300.0,2025-12-12,Affluent,Middle Age,Medium
CUST10789,44,Female,Erode,Business Owner,1119900.0,2023-01-02,Mass Market,Middle Age,High
CUST10790,51,Female,Madurai,Salaried,149100.0,2022-12-04,Affluent,Middle Age,Low
CUST10791,42,Female,Delhi,Business Owner,545800.0,2023-08-29,Affluent,Middle Age,Medium
CUST10792,18,Female,Hyderabad,Self-Employed,557100.0,2022-11-06,Affluent,Young Adult,Medium
CUST10793,35,Male,Hyderabad,Freelancer,244900.0,2023-03-28,Affluent,Adult,Low
CUST10794,21,Male,Chennai,Student,677400.0,2024-10-12,Young Adult,Young Adult,Medium
CUST10795,29,Male,Erode,Retired,387600.0,2025-06-26,Mass Market,Adult,Low
CUST10796,53,Female,Tirunelveli,Business Owner,604000.0,2024-02-17,Mass Market,Middle Age,Medium
CUST10797,35,Male,Erode,Salaried,714700.0,2022-11-23,Mass Market,Adult,High
CUST10798,26,Male,Coimbatore,Self-Employed,532700.0,2026-04-02,Premium,Adult,Medium
CUST10799,36,Male,Chennai,Salaried,565700.0,2022-01-14,Young Adult,Adult,Medium
CUST10800,36,Female,Bengaluru,Salaried,787400.0,2021-03-19,Young Adult,Adult,High
CUST10801,43,Male,Pune,Salaried,944800.0,2024-11-11,Mass Market,Middle Age,High
CUST10802,49,Male,Coimbatore,Salaried,116900.0,2021-11-01,Premium,Middle Age,Low
CUST10803,24,Female,Thanjavur,Salaried,233800.0,2022-06-18,Mass Market,Young Adult,Low
CUST10804,27,Male,Thanjavur,Self-Employed,1455900.0,2023-09-24,Premium,Adult,High
CUST10805,19,Male,Thanjavur,Retired,213500.0,2026-04-27,Mass Market,Young Adult,Low
CUST10806,51,Female,Thanjavur,Salaried,567100.0,2022-09-03,Premium,Middle Age,Medium
CUST10807,62,Female,Madurai,Self-Employed,446200.0,2024-08-13,Mass Market,Senior,Medium
CUST10808,32,Male,Bengaluru,Business Owner,401300.0,2022-12-21,Premium,Adult,Low
CUST10809,34,Male,Thanjavur,Self-Employed,347200.0,2026-07-21,Mass Market,Adult,Low
CUST10810,33,Male,Madurai,Salaried,342200.0,2022-04-18,Affluent,Adult,Low
CUST10811,33,Male,Salem,Salaried,1754700.0,2022-07-23,Mass Market,Adult,High
CUST10812,32,Female,Mumbai,Salaried,553450.0,2021-01-07,Premium,Adult,Medium
CUST10813,39,Male,Thanjavur,Salaried,1299100.0,2025-04-04,Affluent,Adult,High
CUST10814,42,Male,Mumbai,Salaried,453700.0,2022-01-02,Mass Market,Middle Age,Medium
CUST10815,46,Male,Salem,Retired,191400.0,2026-08-02,Affluent,Middle Age,Low
CUST10816,33,Female,Vellore,Salaried,432000.0,2025-09-11,Premium,Adult,Medium
CUST10817,43,Male,Trichy,Business Owner,260300.0,2024-10-18,Mass Market,Middle Age,Low
CUST10818,24,Female,Bengaluru,Business Owner,323900.0,2024-12-29,Young Adult,Young Adult,Low
CUST10819,30,Male,Erode,Freelancer,413600.0,2021-12-07,Affluent,Adult,Low
CUST10820,50,Male,Tirunelveli,Self-Employed,220500.0,2021-03-28,Affluent,Middle Age,Low
CUST10821,23,Female,Erode,Business Owner,591400.0,2023-10-31,Mass Market,Young Adult,Medium
CUST10822,21,Male,Vellore,Student,310600.0,2023-09-02,Premium,Young Adult,Low
CUST10823,25,Female,Hyderabad,Business Owner,1870100.0,2022-04-19,Mass Market,Young Adult,High
CUST10824,33,Male,Hyderabad,Salaried,430200.0,2025-03-26,Affluent,Adult,Low
CUST10825,44,Male,Coimbatore,Student,1512800.0,2023-09-30,Mass Market,Middle Age,High
CUST10826,35,Female,Thanjavur,Student,747900.0,2024-05-29,Affluent,Adult,High
CUST10827,53,Male,Tirunelveli,Self-Employed,709900.0,2023-01-06,Mass Market,Middle Age,Medium
CUST10828,46,Male,Vellore,Retired,349200.0,2024-06-10,Mass Market,Middle Age,Low
CUST10829,39,Female,Tirunelveli,Salaried,153100.0,2021-02-12,Affluent,Adult,Low
CUST10830,52,Male,Hyderabad,Freelancer,382100.0,2021-04-27,Mass Market,Middle Age,Low
CUST10831,32,Male,Chennai,Salaried,223500.0,2024-11-04,Affluent,Adult,Low
CUST10832,18,Male,Coimbatore,Business Owner,478600.0,2022-12-20,Mass Market,Young Adult,Medium
CUST10833,43,Female,Salem,Salaried,737700.0,2026-02-20,Mass Market,Middle Age,High
CUST10834,36,Male,Mumbai,Salaried,843200.0,2022-02-02,Mass Market,Adult,High
CUST10835,57,Male,Coimbatore,Student,517800.0,2023-09-21,Mass Market,Middle Age,Medium
CUST10836,52,Female,Madurai,Business Owner,824500.0,2026-04-16,Mass Market,Middle Age,High
CUST10837,39,Female,Chennai,Freelancer,629900.0,2022-10-14,Premium,Adult,Medium
CUST10838,29,Female,Hyderabad,Student,792800.0,2026-05-13,Premium,Adult,High
CUST10839,57,Female,Mumbai,Self-Employed,329500.0,2022-04-09,Mass Market,Middle Age,Low
CUST10840,39,Female,Hyderabad,Salaried,236800.0,2021-10-04,Mass Market,Adult,Low
CUST10841,60,Female,Kochi,Salaried,586800.0,2022-06-05,Mass Market,Middle Age,Medium
CUST10842,34,Male,Delhi,Salaried,358900.0,2021-01-17,Mass Market,Adult,Low
CUST10843,27,Female,Coimbatore,Salaried,1242500.0,2024-06-28,Mass Market,Adult,High
CUST10844,49,Female,Chennai,Salaried,2795300.0,2022-08-28,Mass Market,Middle Age,High
CUST10845,35,Female,Kochi,Business Owner,396300.0,2025-07-28,Premium,Adult,Low
CUST10846,37,Male,Erode,Retired,681200.0,2023-10-30,Young Adult,Adult,Medium
CUST10847,56,Female,Mumbai,Salaried,213800.0,2021-03-25,Young Adult,Middle Age,Low
CUST10848,36,Female,Pune,Salaried,354300.0,2025-12-25,Affluent,Adult,Low
CUST10849,35,Male,Hyderabad,Self-Employed,1352900.0,2024-04-25,Mass Market,Adult,High
CUST10850,37,Male,Salem,Self-Employed,810000.0,2022-09-09,Mass Market,Adult,High
CUST10851,30,Male,Vellore,Student,277800.0,2025-04-11,Young Adult,Adult,Low
CUST10852,34,Male,Coimbatore,Self-Employed,340900.0,2021-01-21,Premium,Adult,Low
CUST10853,38,Male,Kochi,Freelancer,553450.0,2025-12-24,Young Adult,Adult,Medium
CUST10854,39,Female,Pune,Salaried,426500.0,2022-05-13,Premium,Adult,Low
CUST10855,35,Male,Bengaluru,Salaried,897500.0,2022-01-30,Young Adult,Adult,High
CUST10856,18,Male,Bengaluru,Salaried,649600.0,2023-07-21,Premium,Young Adult,Medium
CUST10857,38,Female,Chennai,Salaried,594000.0,2024-08-23,Mass Market,Adult,Medium
CUST10858,75,Female,Delhi,Self-Employed,386300.0,2025-12-23,Mass Market,Senior,Low
CUST10859,36,Male,Tirunelveli,Salaried,641000.0,2021-10-07,Mass Market,Adult,Medium
CUST10860,37,Male,Salem,Salaried,137300.0,2025-04-27,Affluent,Adult,Low
CUST10861,39,Female,Vellore,Self-Employed,296600.0,2024-01-27,Mass Market,Adult,Low
CUST10862,47,Female,Madurai,Freelancer,345600.0,2025-12-03,Young Adult,Middle Age,Low
CUST10863,54,Female,Bengaluru,Salaried,540200.0,2025-12-24,Mass Market,Middle Age,Medium
CUST10864,35,Male,Pune,Freelancer,473100.0,2024-05-03,Mass Market,Adult,Medium
CUST10865,48,Female,Pune,Self-Employed,519300.0,2023-10-25,Premium,Middle Age,Medium
CUST10866,34,Female,Pune,Salaried,803400.0,2026-01-01,Affluent,Adult,High
CUST10867,28,Male,Mumbai,Retired,553450.0,2025-08-09,Mass Market,Adult,Medium
CUST10868,48,Male,Delhi,Salaried,232200.0,2026-04-08,Mass Market,Middle Age,Low
CUST10869,37,Female,Vellore,Student,968800.0,2024-04-29,Mass Market,Adult,High
CUST10870,40,Male,Chennai,Self-Employed,463800.0,2024-07-06,Mass Market,Adult,Medium
CUST10871,59,Female,Mumbai,Salaried,568000.0,2022-11-20,Premium,Middle Age,Medium
CUST10872,41,Male,Chennai,Self-Employed,336800.0,2022-02-21,Mass Market,Middle Age,Low
CUST10873,18,Female,Thanjavur,Salaried,268800.0,2021-05-06,Premium,Young Adult,Low
CUST10874,48,Male,Coimbatore,Retired,728400.0,2023-04-18,Premium,Middle Age,High
CUST10875,23,Male,Madurai,Freelancer,809600.0,2023-05-24,Mass Market,Young Adult,High
CUST10876,28,Male,Coimbatore,Self-Employed,425200.0,2024-04-21,Affluent,Adult,Low
CUST10877,47,Male,Kochi,Salaried,1051000.0,2025-07-11,Affluent,Middle Age,High
CUST10878,29,Female,Delhi,Self-Employed,703100.0,2023-07-10,Mass Market,Adult,Medium
CUST10879,37,Female,Madurai,Salaried,191400.0,2024-08-25,Young Adult,Adult,Low
CUST10880,31,Other,Thanjavur,Self-Employed,1163000.0,2022-11-11,Mass Market,Adult,High
CUST10881,53,Male,Vellore,Salaried,1201200.0,2022-02-20,Affluent,Middle Age,High
CUST10882,33,Male,Coimbatore,Student,2573300.0,2023-07-31,Mass Market,Adult,High
CUST10883,45,Male,Delhi,Student,517700.0,2025-04-27,Affluent,Middle Age,Medium
CUST10884,25,Male,Tirunelveli,Business Owner,487400.0,2022-06-11,Mass Market,Young Adult,Medium
CUST10885,52,Female,Kochi,Salaried,619000.0,2024-10-05,Affluent,Middle Age,Medium
CUST10886,47,Female,Thanjavur,Business Owner,276600.0,2025-06-05,Young Adult,Middle Age,Low
CUST10887,44,Female,Bengaluru,Salaried,840400.0,2023-05-01,Affluent,Middle Age,High
CUST10888,36,Other,Thanjavur,Student,537000.0,2024-05-25,Mass Market,Adult,Medium
CUST10889,38,Female,Vellore,Salaried,555200.0,2025-03-29,Premium,Adult,Medium
CUST10890,52,Female,Chennai,Self-Employed,692700.0,2023-12-16,Premium,Middle Age,Medium
CUST10891,38,Female,Madurai,Self-Employed,700600.0,2024-11-24,Affluent,Adult,Medium
CUST10892,25,Male,Trichy,Student,587200.0,2026-01-27,Young Adult,Young Adult,Medium
CUST10893,37,Male,Hyderabad,Self-Employed,552100.0,2023-09-21,Mass Market,Adult,Medium
CUST10894,26,Male,Coimbatore,Self-Employed,1217000.0,2022-12-21,Young Adult,Adult,High
CUST10895,39,Male,Chennai,Self-Employed,111800.0,2024-05-22,Affluent,Adult,Low
CUST10896,19,Male,Salem,Salaried,579100.0,2021-06-03,Premium,Young Adult,Medium
CUST10897,40,Male,Madurai,Business Owner,1422800.0,2023-03-12,Mass Market,Adult,High
CUST10898,46,Male,Vellore,Salaried,684600.0,2024-05-15,Premium,Middle Age,Medium
CUST10899,48,Male,Mumbai,Business Owner,672200.0,2022-11-27,Mass Market,Middle Age,Medium
CUST10900,45,Female,Chennai,Salaried,529100.0,2025-10-30,Young Adult,Middle Age,Medium
CUST10901,37,Male,Thanjavur,Business Owner,794900.0,2022-05-28,Mass Market,Adult,High
CUST10902,47,Female,Salem,Business Owner,177900.0,2025-12-28,Mass Market,Middle Age,Low
CUST10903,42,Female,Kochi,Salaried,993100.0,2025-03-17,Affluent,Middle Age,High
CUST10904,46,Female,Kochi,Self-Employed,785600.0,2026-07-29,Affluent,Middle Age,High
CUST10905,27,Female,Tirunelveli,Student,546400.0,2021-08-31,Young Adult,Adult,Medium
CUST10906,30,Male,Pune,Freelancer,178600.0,2024-06-11,Premium,Adult,Low
CUST10907,21,Male,Hyderabad,Student,689200.0,2021-05-29,Affluent,Young Adult,Medium
CUST10908,42,Male,Trichy,Retired,306800.0,2024-10-14,Young Adult,Middle Age,Low
CUST10909,48,Female,Delhi,Freelancer,2588400.0,2024-05-05,Affluent,Middle Age,High
CUST10910,53,Male,Delhi,Retired,1427000.0,2025-08-23,Mass Market,Middle Age,High
CUST10911,21,Male,Bengaluru,Student,715100.0,2023-07-14,Affluent,Young Adult,High
CUST10912,57,Male,Chennai,Self-Employed,576000.0,2024-03-15,Mass Market,Middle Age,Medium
CUST10913,28,Male,Madurai,Salaried,455300.0,2024-12-05,Mass Market,Adult,Medium
CUST10914,18,Female,Tirunelveli,Self-Employed,406300.0,2024-12-07,Affluent,Young Adult,Low
CUST10915,46,Male,Hyderabad,Student,772300.0,2025-05-15,Affluent,Middle Age,High
CUST10916,39,Female,Salem,Salaried,769800.0,2023-06-23,Mass Market,Adult,High
CUST10917,18,Male,Pune,Self-Employed,922900.0,2021-02-25,Mass Market,Young Adult,High
CUST10918,19,Male,Coimbatore,Salaried,347800.0,2025-09-22,Mass Market,Young Adult,Low
CUST10919,29,Female,Coimbatore,Retired,1360400.0,2025-10-25,Affluent,Adult,High
CUST10920,19,Female,Mumbai,Freelancer,541400.0,2025-05-06,Mass Market,Young Adult,Medium
CUST10921,35,Female,Vellore,Salaried,2045900.0,2025-01-31,Affluent,Adult,High
CUST10922,62,Male,Madurai,Freelancer,476500.0,2023-09-27,Affluent,Senior,Medium
CUST10923,61,Male,Trichy,Salaried,445600.0,2025-03-28,Young Adult,Senior,Medium
CUST10924,21,Male,Kochi,Salaried,1648500.0,2024-12-30,Premium,Young Adult,High
CUST10925,39,Male,Trichy,Freelancer,248000.0,2021-04-30,Mass Market,Adult,Low
CUST10926,35,Female,Thanjavur,Salaried,1547800.0,2022-03-15,Mass Market,Adult,High
CUST10927,18,Male,Trichy,Self-Employed,341600.0,2023-08-26,Premium,Young Adult,Low
CUST10928,21,Female,Tirunelveli,Salaried,514200.0,2023-06-01,Young Adult,Young Adult,Medium
CUST10929,25,Male,Madurai,Salaried,601700.0,2022-12-18,Mass Market,Young Adult,Medium
CUST10930,21,Female,Coimbatore,Salaried,560900.0,2026-07-03,Affluent,Young Adult,Medium
CUST10931,46,Male,Hyderabad,Self-Employed,586800.0,2025-06-01,Mass Market,Middle Age,Medium
CUST10932,22,Female,Coimbatore,Salaried,312100.0,2026-04-21,Premium,Young Adult,Low
CUST10933,30,Male,Madurai,Salaried,1962600.0,2022-10-07,Affluent,Adult,High
CUST10934,51,Male,Chennai,Retired,472700.0,2025-11-19,Affluent,Middle Age,Medium
CUST10935,30,Male,Kochi,Salaried,468600.0,2023-02-16,Affluent,Adult,Medium
CUST10936,37,Female,Chennai,Salaried,639900.0,2025-03-12,Affluent,Adult,Medium
CUST10937,36,Male,Coimbatore,Salaried,357300.0,2021-05-08,Mass Market,Adult,Low
CUST10938,35,Female,Trichy,Self-Employed,396100.0,2021-12-13,Mass Market,Adult,Low
CUST10939,40,Female,Chennai,Salaried,409400.0,2022-02-20,Premium,Adult,Low
CUST10940,24,Male,Salem,Business Owner,1095200.0,2022-04-24,Young Adult,Young Adult,High
CUST10941,57,Female,Coimbatore,Freelancer,553450.0,2023-06-10,Mass Market,Middle Age,Medium
CUST10942,19,Female,Delhi,Freelancer,306300.0,2025-06-17,Mass Market,Young Adult,Low
CUST10943,39,Female,Trichy,Salaried,1510900.0,2022-05-20,Affluent,Adult,High
CUST10944,31,Male,Tirunelveli,Salaried,655800.0,2026-02-17,Mass Market,Adult,Medium
CUST10945,43,Female,Vellore,Business Owner,189600.0,2024-11-22,Mass Market,Middle Age,Low
CUST10946,41,Male,Hyderabad,Business Owner,1508800.0,2022-02-08,Affluent,Middle Age,High
CUST10947,30,Male,Erode,Self-Employed,1221400.0,2025-09-02,Mass Market,Adult,High
CUST10948,19,Female,Bengaluru,Self-Employed,606800.0,2023-08-21,Affluent,Young Adult,Medium
CUST10949,47,Male,Coimbatore,Salaried,432900.0,2024-08-08,Mass Market,Middle Age,Medium
CUST10950,26,Male,Bengaluru,Salaried,333400.0,2024-06-26,Premium,Adult,Low
CUST10951,19,Female,Chennai,Student,842100.0,2021-01-15,Mass Market,Young Adult,High
CUST10952,25,Male,Thanjavur,Business Owner,3049100.0,2022-02-01,Premium,Young Adult,High
CUST10953,40,Female,Trichy,Salaried,394200.0,2021-09-29,Mass Market,Adult,Low
CUST10954,27,Female,Delhi,Freelancer,918000.0,2024-10-31,Premium,Adult,High
CUST10955,53,Female,Erode,Business Owner,1246700.0,2022-09-10,Affluent,Middle Age,High
CUST10956,36,Male,Salem,Retired,295300.0,2026-03-03,Premium,Adult,Low
CUST10957,28,Male,Kochi,Salaried,1622600.0,2025-08-23,Mass Market,Adult,High
CUST10958,39,Male,Trichy,Salaried,1054300.0,2022-02-12,Young Adult,Adult,High
CUST10959,38,Male,Delhi,Salaried,275000.0,2022-03-09,Mass Market,Adult,Low
CUST10960,40,Male,Tirunelveli,Salaried,495500.0,2023-02-21,Mass Market,Adult,Medium
CUST10961,55,Male,Salem,Salaried,691300.0,2026-06-13,Young Adult,Middle Age,Medium
CUST10962,28,Male,Madurai,Self-Employed,801000.0,2024-10-28,Affluent,Adult,High
CUST10963,36,Female,Trichy,Salaried,574800.0,2023-01-12,Affluent,Adult,Medium
CUST10964,36,Female,Coimbatore,Freelancer,102800.0,2022-05-26,Mass Market,Adult,Low
CUST10965,43,Male,Trichy,Salaried,255400.0,2021-12-21,Affluent,Middle Age,Low
CUST10966,25,Female,Coimbatore,Self-Employed,353500.0,2024-11-19,Mass Market,Young Adult,Low
CUST10967,21,Male,Chennai,Salaried,553450.0,2023-08-28,Mass Market,Young Adult,Medium
CUST10968,18,Other,Thanjavur,Salaried,1148800.0,2022-09-04,Premium,Young Adult,High
CUST10969,49,Male,Hyderabad,Salaried,475200.0,2025-12-22,Mass Market,Middle Age,Medium
CUST10970,18,Male,Madurai,Self-Employed,337400.0,2026-03-25,Affluent,Young Adult,Low
CUST10971,39,Female,Thanjavur,Salaried,1715100.0,2022-02-12,Mass Market,Adult,High
CUST10972,40,Male,Thanjavur,Student,1033800.0,2025-10-02,Affluent,Adult,High
CUST10973,37,Male,Bengaluru,Salaried,463400.0,2022-06-21,Premium,Adult,Medium
CUST10974,29,Male,Kochi,Student,553450.0,2022-01-09,Affluent,Adult,Medium
CUST10975,55,Female,Bengaluru,Salaried,452800.0,2021-03-26,Mass Market,Middle Age,Medium
CUST10976,34,Male,Thanjavur,Self-Employed,476600.0,2026-03-15,Mass Market,Adult,Medium
CUST10977,18,Male,Chennai,Self-Employed,333000.0,2025-09-29,Premium,Young Adult,Low
CUST10978,36,Male,Mumbai,Business Owner,257500.0,2021-09-14,Mass Market,Adult,Low
CUST10979,41,Female,Hyderabad,Salaried,1427400.0,2025-12-15,Young Adult,Middle Age,High
CUST10980,32,Male,Chennai,Retired,842900.0,2026-08-02,Premium,Adult,High
CUST10981,49,Female,Madurai,Business Owner,370100.0,2021-09-09,Affluent,Middle Age,Low
CUST10982,45,Male,Coimbatore,Salaried,935400.0,2026-01-13,Mass Market,Middle Age,High
CUST10983,41,Female,Madurai,Freelancer,159000.0,2026-05-02,Affluent,Middle Age,Low
CUST10984,18,Male,Mumbai,Salaried,547200.0,2024-12-10,Mass Market,Young Adult,Medium
CUST10985,51,Female,Madurai,Salaried,1766600.0,2022-02-08,Affluent,Middle Age,High
CUST10986,45,Male,Thanjavur,Self-Employed,957800.0,2021-07-12,Affluent,Middle Age,High
CUST10987,50,Female,Salem,Salaried,749200.0,2025-07-28,Affluent,Middle Age,High
CUST10988,41,Female,Salem,Self-Employed,281100.0,2023-01-14,Mass Market,Middle Age,Low
CUST10989,34,Male,Thanjavur,Business Owner,636600.0,2025-10-20,Affluent,Adult,Medium
CUST10990,45,Female,Pune,Freelancer,642200.0,2021-10-09,Mass Market,Middle Age,Medium
CUST10991,46,Female,Tirunelveli,Student,293600.0,2023-11-14,Mass Market,Middle Age,Low
CUST10992,39,Female,Pune,Self-Employed,287000.0,2023-10-14,Affluent,Adult,Low
CUST10993,37,Male,Kochi,Student,430900.0,2025-10-06,Mass Market,Adult,Low
CUST10994,26,Female,Pune,Self-Employed,384400.0,2022-03-23,Mass Market,Adult,Low
CUST10995,23,Male,Vellore,Self-Employed,126100.0,2024-12-04,Affluent,Young Adult,Low
CUST10996,46,Male,Kochi,Student,553450.0,2022-11-23,Mass Market,Middle Age,Medium
CUST10997,42,Male,Vellore,Freelancer,249600.0,2021-02-14,Affluent,Middle Age,Low
CUST10998,28,Female,Chennai,Business Owner,413200.0,2022-08-04,Mass Market,Adult,Low
CUST10999,33,Male,Thanjavur,Salaried,479000.0,2024-06-13,Young Adult,Adult,Medium
CUST11000,19,Male,Coimbatore,Freelancer,674900.0,2023-11-24,Premium,Young Adult,Medium
CUST11001,35,Female,Thanjavur,Student,727200.0,2025-11-16,Mass Market,Adult,High
CUST11002,28,Female,Mumbai,Student,478400.0,2022-02-24,Mass Market,Adult,Medium
CUST11003,49,Male,Delhi,Business Owner,483300.0,2023-07-17,Mass Market,Middle Age,Medium
CUST11004,52,Female,Tirunelveli,Retired,236300.0,2025-02-03,Mass Market,Middle Age,Low
CUST11005,34,Female,Vellore,Retired,110600.0,2021-11-07,Mass Market,Adult,Low
CUST11006,50,Male,Salem,Self-Employed,717700.0,2025-08-09,Affluent,Middle Age,High
CUST11007,18,Male,Pune,Business Owner,262100.0,2021-12-06,Premium,Young Adult,Low
CUST11008,22,Male,Madurai,Salaried,648400.0,2023-12-19,Affluent,Young Adult,Medium
CUST11009,32,Female,Bengaluru,Self-Employed,411000.0,2024-07-31,Mass Market,Adult,Low
CUST11010,34,Female,Pune,Business Owner,385600.0,2025-10-15,Affluent,Adult,Low
CUST11011,53,Female,Bengaluru,Freelancer,273500.0,2024-06-26,Young Adult,Middle Age,Low
CUST11012,29,Female,Pune,Freelancer,1395500.0,2023-08-17,Affluent,Adult,High
CUST11013,37,Male,Delhi,Retired,521700.0,2023-01-13,Mass Market,Adult,Medium
CUST11014,44,Female,Vellore,Student,1043200.0,2025-09-13,Mass Market,Middle Age,High
CUST11015,31,Female,Mumbai,Salaried,738600.0,2023-11-03,Premium,Adult,High
CUST11016,18,Female,Bengaluru,Self-Employed,781900.0,2021-05-20,Mass Market,Young Adult,High
CUST11017,41,Female,Vellore,Student,290400.0,2023-10-29,Young Adult,Middle Age,Low
CUST11018,18,Female,Hyderabad,Salaried,1611200.0,2026-02-28,Affluent,Young Adult,High
CUST11019,30,Male,Kochi,Salaried,970700.0,2024-04-03,Mass Market,Adult,High
CUST11020,63,Male,Kochi,Student,472900.0,2025-08-21,Young Adult,Senior,Medium
CUST11021,26,Other,Madurai,Salaried,694400.0,2023-12-04,Mass Market,Adult,Medium
CUST11022,43,Male,Vellore,Business Owner,201400.0,2023-05-02,Mass Market,Middle Age,Low
CUST11023,27,Male,Delhi,Self-Employed,685400.0,2025-12-15,Mass Market,Adult,Medium
CUST11024,27,Male,Vellore,Retired,379100.0,2022-10-30,Mass Market,Adult,Low
CUST11025,41,Female,Mumbai,Business Owner,2858300.0,2025-01-05,Mass Market,Middle Age,High
CUST11026,50,Female,Chennai,Salaried,715000.0,2024-06-19,Young Adult,Middle Age,High
CUST11027,34,Female,Erode,Freelancer,553450.0,2023-12-24,Mass Market,Adult,Medium
CUST11028,35,Female,Thanjavur,Salaried,419100.0,2024-06-29,Mass Market,Adult,Low
CUST11029,18,Male,Pune,Business Owner,867600.0,2022-03-28,Mass Market,Young Adult,High
CUST11030,33,Female,Pune,Self-Employed,3438400.0,2023-10-08,Mass Market,Adult,High
CUST11031,18,Male,Madurai,Salaried,892400.0,2021-01-08,Mass Market,Young Adult,High
CUST11032,44,Female,Mumbai,Salaried,563000.0,2023-03-23,Mass Market,Middle Age,Medium
CUST11033,34,Male,Tirunelveli,Salaried,408500.0,2024-10-14,Mass Market,Adult,Low
CUST11034,52,Male,Coimbatore,Freelancer,579400.0,2024-07-27,Mass Market,Middle Age,Medium
CUST11035,18,Male,Bengaluru,Salaried,443100.0,2022-05-18,Mass Market,Young Adult,Medium
CUST11036,30,Male,Mumbai,Student,2061800.0,2024-10-10,Premium,Adult,High
CUST11037,61,Male,Delhi,Salaried,1110500.0,2025-07-21,Young Adult,Senior,High
CUST11038,41,Female,Bengaluru,Salaried,498200.0,2025-10-04,Affluent,Middle Age,Medium
CUST11039,25,Female,Coimbatore,Salaried,213800.0,2026-03-07,Affluent,Young Adult,Low
CUST11040,26,Male,Pune,Student,312600.0,2025-03-22,Mass Market,Adult,Low
CUST11041,40,Female,Delhi,Student,553450.0,2022-03-13,Affluent,Adult,Medium
CUST11042,56,Male,Erode,Student,304800.0,2025-03-07,Premium,Middle Age,Low
CUST11043,27,Other,Mumbai,Salaried,587900.0,2025-10-30,Mass Market,Adult,Medium
CUST11044,43,Female,Vellore,Salaried,239000.0,2026-01-30,Affluent,Middle Age,Low
CUST11045,41,Male,Chennai,Self-Employed,1454300.0,2024-08-21,Mass Market,Middle Age,High
CUST11046,35,Male,Trichy,Self-Employed,1423800.0,2025-03-26,Premium,Adult,High
CUST11047,45,Male,Trichy,Self-Employed,265900.0,2025-01-07,Young Adult,Middle Age,Low
CUST11048,18,Male,Thanjavur,Salaried,204400.0,2021-03-01,Mass Market,Young Adult,Low
CUST11049,35,Male,Salem,Self-Employed,341800.0,2024-12-30,Mass Market,Adult,Low
CUST11050,25,Male,Chennai,Business Owner,795700.0,2025-05-02,Premium,Young Adult,High
CUST11051,50,Female,Bengaluru,Self-Employed,324500.0,2024-12-07,Affluent,Middle Age,Low
CUST11052,74,Male,Vellore,Freelancer,532300.0,2023-10-26,Mass Market,Senior,Medium
CUST11053,25,Female,Erode,Retired,209800.0,2026-05-20,Young Adult,Young Adult,Low
CUST11054,46,Female,Chennai,Student,181200.0,2021-02-11,Mass Market,Middle Age,Low
CUST11055,32,Female,Tirunelveli,Business Owner,520100.0,2025-01-15,Affluent,Adult,Medium
CUST11056,21,Female,Bengaluru,Self-Employed,587100.0,2025-08-21,Mass Market,Young Adult,Medium
CUST11057,38,Male,Vellore,Retired,1043400.0,2026-03-24,Affluent,Adult,High
CUST11058,44,Female,Trichy,Business Owner,331200.0,2021-06-30,Mass Market,Middle Age,Low
CUST11059,32,Male,Salem,Freelancer,703300.0,2021-04-05,Affluent,Adult,Medium
CUST11060,43,Female,Delhi,Self-Employed,222800.0,2024-04-19,Affluent,Middle Age,Low
CUST11061,35,Male,Chennai,Salaried,1186200.0,2021-08-12,Affluent,Adult,High
CUST11062,42,Female,Tirunelveli,Salaried,477900.0,2022-04-21,Mass Market,Middle Age,Medium
CUST11063,37,Female,Erode,Salaried,714300.0,2024-09-17,Mass Market,Adult,High
CUST11064,38,Male,Madurai,Self-Employed,997200.0,2025-11-04,Premium,Adult,High
CUST11065,36,Male,Hyderabad,Self-Employed,1023300.0,2023-12-08,Young Adult,Adult,High
CUST11066,45,Male,Bengaluru,Salaried,712900.0,2025-04-22,Mass Market,Middle Age,Medium
CUST11067,74,Female,Coimbatore,Student,720500.0,2024-05-13,Mass Market,Senior,High
CUST11068,46,Female,Coimbatore,Retired,316900.0,2023-11-21,Mass Market,Middle Age,Low
CUST11069,43,Male,Tirunelveli,Business Owner,2127300.0,2021-01-10,Mass Market,Middle Age,High
CUST11070,27,Female,Hyderabad,Student,257100.0,2023-04-25,Mass Market,Adult,Low
CUST11071,18,Female,Erode,Salaried,312400.0,2023-06-14,Affluent,Young Adult,Low
CUST11072,18,Female,Madurai,Salaried,424000.0,2021-08-25,Mass Market,Young Adult,Low
CUST11073,44,Female,Delhi,Salaried,776900.0,2021-11-16,Mass Market,Middle Age,High
CUST11074,31,Male,Hyderabad,Salaried,342400.0,2023-07-27,Affluent,Adult,Low
CUST11075,25,Female,Mumbai,Salaried,959200.0,2022-12-25,Young Adult,Young Adult,High
CUST11076,33,Female,Hyderabad,Business Owner,875300.0,2021-07-23,Mass Market,Adult,High
CUST11077,30,Female,Bengaluru,Salaried,389900.0,2025-02-12,Mass Market,Adult,Low
CUST11078,29,Male,Madurai,Student,583500.0,2026-02-12,Mass Market,Adult,Medium
CUST11079,32,Female,Salem,Freelancer,249700.0,2022-02-27,Affluent,Adult,Low
CUST11080,30,Female,Tirunelveli,Student,425600.0,2021-08-11,Affluent,Adult,Low
CUST11081,18,Male,Pune,Business Owner,453700.0,2024-03-30,Mass Market,Young Adult,Medium
CUST11082,26,Male,Vellore,Salaried,340600.0,2022-06-04,Affluent,Adult,Low
CUST11083,33,Female,Chennai,Self-Employed,580700.0,2022-03-19,Affluent,Adult,Medium
CUST11084,30,Male,Hyderabad,Self-Employed,298900.0,2025-09-10,Mass Market,Adult,Low
CUST11085,72,Female,Salem,Salaried,4648600.0,2023-07-29,Young Adult,Senior,High
CUST11086,32,Male,Delhi,Salaried,407800.0,2022-04-23,Mass Market,Adult,Low
CUST11087,31,Male,Trichy,Freelancer,304900.0,2021-10-01,Mass Market,Adult,Low
CUST11088,49,Female,Salem,Salaried,625500.0,2022-03-06,Affluent,Middle Age,Medium
CUST11089,21,Male,Delhi,Self-Employed,965900.0,2021-10-22,Affluent,Young Adult,High
CUST11090,31,Female,Pune,Self-Employed,1275300.0,2025-05-09,Mass Market,Adult,High
CUST11091,49,Male,Tirunelveli,Retired,1915900.0,2021-05-31,Premium,Middle Age,High
CUST11092,52,Female,Chennai,Salaried,1178300.0,2022-07-15,Mass Market,Middle Age,High
CUST11093,35,Male,Chennai,Freelancer,1370300.0,2025-12-11,Mass Market,Adult,High
CUST11094,47,Male,Salem,Student,747400.0,2021-04-09,Mass Market,Middle Age,High
CUST11095,22,Female,Vellore,Salaried,502700.0,2024-03-21,Affluent,Young Adult,Medium
CUST11096,38,Female,Erode,Salaried,525800.0,2025-08-03,Affluent,Adult,Medium
CUST11097,37,Female,Hyderabad,Retired,793300.0,2025-02-28,Affluent,Adult,High
CUST11098,33,Male,Chennai,Student,553450.0,2025-12-13,Mass Market,Adult,Medium
CUST11099,32,Female,Erode,Freelancer,417200.0,2023-02-18,Young Adult,Adult,Low
CUST11100,50,Male,Madurai,Salaried,506700.0,2021-07-29,Affluent,Middle Age,Medium
CUST11101,38,Male,Pune,Salaried,1191800.0,2025-08-26,Premium,Adult,High
CUST11102,56,Male,Coimbatore,Self-Employed,804900.0,2024-06-30,Mass Market,Middle Age,High
CUST11103,30,Female,Chennai,Salaried,540700.0,2022-09-05,Premium,Adult,Medium
CUST11104,26,Male,Kochi,Salaried,270100.0,2024-01-01,Affluent,Adult,Low
CUST11105,30,Female,Chennai,Self-Employed,152600.0,2022-11-07,Premium,Adult,Low
CUST11106,40,Male,Pune,Salaried,416400.0,2025-06-15,Mass Market,Adult,Low
CUST11107,37,Male,Kochi,Salaried,631600.0,2021-07-19,Affluent,Adult,Medium
CUST11108,64,Male,Pune,Freelancer,247300.0,2021-10-08,Affluent,Senior,Low
CUST11109,35,Female,Chennai,Retired,370000.0,2026-02-01,Mass Market,Adult,Low
CUST11110,34,Other,Hyderabad,Retired,1076700.0,2025-08-17,Mass Market,Adult,High
CUST11111,29,Male,Hyderabad,Self-Employed,159600.0,2026-05-12,Mass Market,Adult,Low
CUST11112,38,Female,Coimbatore,Freelancer,1077600.0,2025-12-12,Premium,Adult,High
CUST11113,46,Male,Tirunelveli,Freelancer,1078400.0,2022-08-25,Mass Market,Middle Age,High
CUST11114,44,Male,Salem,Salaried,418600.0,2021-01-04,Affluent,Middle Age,Low
CUST11115,18,Female,Tirunelveli,Self-Employed,1047600.0,2024-03-23,Affluent,Young Adult,High
CUST11116,46,Male,Delhi,Self-Employed,303100.0,2022-01-23,Mass Market,Middle Age,Low
CUST11117,49,Female,Coimbatore,Salaried,1680000.0,2022-06-12,Mass Market,Middle Age,High
CUST11118,32,Female,Madurai,Student,181600.0,2025-10-27,Mass Market,Adult,Low
CUST11119,29,Female,Trichy,Business Owner,453800.0,2023-02-25,Mass Market,Adult,Medium
CUST11120,18,Male,Bengaluru,Salaried,678400.0,2024-01-10,Premium,Young Adult,Medium
CUST11121,23,Male,Madurai,Freelancer,387500.0,2026-03-08,Mass Market,Young Adult,Low
CUST11122,36,Female,Bengaluru,Freelancer,138000.0,2022-09-10,Premium,Adult,Low
CUST11123,28,Female,Tirunelveli,Self-Employed,484300.0,2023-04-22,Mass Market,Adult,Medium
CUST11124,29,Female,Pune,Freelancer,713500.0,2024-08-09,Premium,Adult,Medium
CUST11125,22,Male,Pune,Student,1021600.0,2022-10-15,Premium,Young Adult,High
CUST11126,36,Male,Tirunelveli,Salaried,996500.0,2024-04-23,Mass Market,Adult,High
CUST11127,37,Male,Salem,Self-Employed,705000.0,2021-05-08,Mass Market,Adult,Medium
CUST11128,30,Female,Kochi,Salaried,357000.0,2022-02-27,Young Adult,Adult,Low
CUST11129,44,Male,Vellore,Business Owner,543300.0,2023-03-03,Mass Market,Middle Age,Medium
CUST11130,42,Male,Delhi,Self-Employed,639200.0,2026-03-26,Mass Market,Middle Age,Medium
CUST11131,37,Male,Pune,Self-Employed,553450.0,2025-05-01,Mass Market,Adult,Medium
CUST11132,18,Female,Coimbatore,Retired,274600.0,2021-11-12,Mass Market,Young Adult,Low
CUST11133,36,Male,Coimbatore,Self-Employed,429400.0,2025-01-12,Young Adult,Adult,Low
CUST11134,31,Male,Erode,Salaried,1048200.0,2025-05-21,Mass Market,Adult,High
CUST11135,37,Female,Delhi,Student,640000.0,2021-11-02,Affluent,Adult,Medium
CUST11136,34,Female,Salem,Salaried,736100.0,2021-02-11,Mass Market,Adult,High
CUST11137,37,Male,Trichy,Salaried,245200.0,2025-02-12,Mass Market,Adult,Low
CUST11138,44,Male,Erode,Student,661000.0,2022-01-15,Affluent,Middle Age,Medium
CUST11139,29,Male,Delhi,Salaried,553450.0,2024-02-07,Mass Market,Adult,Medium
CUST11140,39,Male,Erode,Retired,1265900.0,2023-06-16,Mass Market,Adult,High
CUST11141,39,Female,Thanjavur,Self-Employed,344900.0,2023-03-08,Premium,Adult,Low
CUST11142,38,Female,Trichy,Salaried,1029400.0,2024-10-25,Affluent,Adult,High
CUST11143,23,Male,Coimbatore,Student,1094200.0,2023-11-16,Affluent,Young Adult,High
CUST11144,29,Male,Erode,Student,1193700.0,2022-01-16,Affluent,Adult,High
CUST11145,46,Male,Coimbatore,Business Owner,257100.0,2024-05-28,Mass Market,Middle Age,Low
CUST11146,49,Male,Erode,Freelancer,861100.0,2022-04-01,Mass Market,Middle Age,High
CUST11147,56,Male,Erode,Freelancer,597100.0,2021-10-27,Mass Market,Middle Age,Medium
CUST11148,53,Female,Pune,Salaried,245400.0,2023-07-12,Young Adult,Middle Age,Low
CUST11149,42,Female,Salem,Salaried,2078400.0,2026-03-16,Young Adult,Middle Age,High
CUST11150,36,Male,Vellore,Self-Employed,496700.0,2024-11-25,Premium,Adult,Medium
CUST11151,40,Female,Hyderabad,Salaried,640600.0,2022-07-18,Affluent,Adult,Medium
CUST11152,48,Female,Trichy,Salaried,1051200.0,2022-12-01,Mass Market,Middle Age,High
CUST11153,29,Male,Vellore,Salaried,835600.0,2022-09-06,Mass Market,Adult,High
CUST11154,33,Female,Erode,Salaried,399800.0,2023-03-07,Affluent,Adult,Low
CUST11155,30,Male,Tirunelveli,Self-Employed,953400.0,2023-10-30,Mass Market,Adult,High
CUST11156,45,Male,Mumbai,Salaried,919100.0,2022-05-06,Premium,Middle Age,High
CUST11157,37,Male,Bengaluru,Salaried,553450.0,2025-05-18,Affluent,Adult,Medium
CUST11158,40,Female,Mumbai,Self-Employed,531100.0,2023-10-27,Mass Market,Adult,Medium
CUST11159,18,Male,Kochi,Self-Employed,384600.0,2026-04-13,Mass Market,Young Adult,Low
CUST11160,33,Male,Coimbatore,Business Owner,821800.0,2025-01-27,Affluent,Adult,High
CUST11161,51,Male,Erode,Salaried,758900.0,2023-02-22,Mass Market,Middle Age,High
CUST11162,24,Male,Tirunelveli,Salaried,1780900.0,2023-02-08,Mass Market,Young Adult,High
CUST11163,32,Female,Vellore,Business Owner,773900.0,2022-12-31,Affluent,Adult,High
CUST11164,41,Female,Pune,Salaried,515600.0,2025-01-13,Young Adult,Middle Age,Medium
CUST11165,47,Female,Mumbai,Salaried,1107700.0,2026-04-25,Affluent,Middle Age,High
CUST11166,44,Female,Salem,Freelancer,225000.0,2021-09-22,Premium,Middle Age,Low
CUST11167,27,Male,Madurai,Freelancer,424800.0,2022-07-09,Mass Market,Adult,Low
CUST11168,18,Female,Trichy,Business Owner,1326900.0,2024-03-21,Mass Market,Young Adult,High
CUST11169,18,Male,Thanjavur,Salaried,255400.0,2021-07-21,Mass Market,Young Adult,Low
CUST11170,32,Female,Salem,Salaried,232600.0,2024-11-14,Mass Market,Adult,Low
CUST11171,25,Male,Hyderabad,Self-Employed,487600.0,2023-07-17,Premium,Young Adult,Medium
CUST11172,42,Male,Trichy,Salaried,919100.0,2024-02-05,Mass Market,Middle Age,High
CUST11173,48,Male,Delhi,Salaried,1218500.0,2026-04-25,Affluent,Middle Age,High
CUST11174,49,Male,Salem,Self-Employed,364600.0,2021-05-20,Affluent,Middle Age,Low
CUST11175,39,Female,Bengaluru,Student,311700.0,2024-06-04,Premium,Adult,Low
CUST11176,26,Female,Delhi,Salaried,653300.0,2022-09-14,Mass Market,Adult,Medium
CUST11177,36,Male,Madurai,Retired,826700.0,2024-01-04,Mass Market,Adult,High
CUST11178,43,Female,Trichy,Student,340100.0,2026-02-04,Mass Market,Middle Age,Low
CUST11179,33,Female,Delhi,Salaried,976700.0,2025-05-28,Young Adult,Adult,High
CUST11180,48,Female,Madurai,Salaried,206900.0,2022-02-28,Premium,Middle Age,Low
CUST11181,38,Female,Delhi,Retired,412100.0,2023-05-02,Premium,Adult,Low
CUST11182,47,Female,Hyderabad,Salaried,426500.0,2024-06-11,Mass Market,Middle Age,Low
CUST11183,32,Male,Bengaluru,Self-Employed,648500.0,2022-05-22,Mass Market,Adult,Medium
CUST11184,26,Male,Pune,Student,755900.0,2023-11-25,Mass Market,Adult,High
CUST11185,37,Male,Vellore,Business Owner,504800.0,2025-08-25,Mass Market,Adult,Medium
CUST11186,29,Female,Thanjavur,Business Owner,770100.0,2021-10-22,Young Adult,Adult,High
CUST11187,28,Male,Madurai,Salaried,1757000.0,2026-05-16,Affluent,Adult,High
CUST11188,39,Other,Pune,Salaried,858000.0,2024-07-19,Affluent,Adult,High
CUST11189,29,Other,Mumbai,Retired,530700.0,2024-03-09,Premium,Adult,Medium
CUST11190,35,Female,Bengaluru,Self-Employed,829000.0,2024-05-08,Mass Market,Adult,High
CUST11191,18,Other,Coimbatore,Salaried,791300.0,2022-06-21,Premium,Young Adult,High
CUST11192,56,Male,Delhi,Business Owner,598200.0,2021-07-13,Affluent,Middle Age,Medium
CUST11193,41,Female,Salem,Salaried,394200.0,2021-10-06,Mass Market,Middle Age,Low
CUST11194,35,Female,Tirunelveli,Self-Employed,707200.0,2024-04-07,Affluent,Adult,Medium
CUST11195,37,Male,Tirunelveli,Student,661400.0,2025-11-17,Mass Market,Adult,Medium
CUST11196,43,Female,Mumbai,Freelancer,461600.0,2022-01-04,Mass Market,Middle Age,Medium
CUST11197,62,Female,Vellore,Salaried,1136200.0,2023-04-06,Mass Market,Senior,High
CUST11198,34,Male,Delhi,Business Owner,654600.0,2023-04-10,Young Adult,Adult,Medium
CUST11199,52,Male,Vellore,Retired,474500.0,2021-02-16,Premium,Middle Age,Medium
CUST11200,44,Female,Coimbatore,Salaried,1970500.0,2021-05-04,Mass Market,Middle Age,High
CUST11201,22,Male,Kochi,Salaried,319500.0,2024-07-14,Mass Market,Young Adult,Low
CUST11202,39,Male,Vellore,Business Owner,1949100.0,2023-04-08,Mass Market,Adult,High
CUST11203,38,Male,Chennai,Salaried,306000.0,2021-04-24,Premium,Adult,Low
CUST11204,45,Male,Vellore,Student,114800.0,2024-07-28,Affluent,Middle Age,Low
CUST11205,35,Male,Hyderabad,Self-Employed,300600.0,2022-01-20,Affluent,Adult,Low
CUST11206,36,Female,Vellore,Student,1662100.0,2023-11-03,Mass Market,Adult,High
CUST11207,47,Female,Madurai,Salaried,2050500.0,2026-08-06,Premium,Middle Age,High
CUST11208,23,Male,Trichy,Self-Employed,524300.0,2025-08-15,Mass Market,Young Adult,Medium
CUST11209,38,Male,Coimbatore,Salaried,834300.0,2024-10-01,Affluent,Adult,High
CUST11210,44,Female,Erode,Salaried,236800.0,2023-06-16,Affluent,Middle Age,Low
CUST11211,39,Male,Kochi,Salaried,423600.0,2021-06-25,Mass Market,Adult,Low
CUST11212,44,Female,Thanjavur,Business Owner,470200.0,2025-01-05,Mass Market,Middle Age,Medium
CUST11213,36,Female,Coimbatore,Salaried,533600.0,2026-07-10,Affluent,Adult,Medium
CUST11214,41,Male,Thanjavur,Freelancer,424800.0,2026-06-25,Mass Market,Middle Age,Low
CUST11215,28,Female,Tirunelveli,Freelancer,964700.0,2025-10-23,Affluent,Adult,High
CUST11216,27,Female,Pune,Self-Employed,668500.0,2021-09-13,Mass Market,Adult,Medium
CUST11217,23,Female,Vellore,Freelancer,536400.0,2024-11-02,Mass Market,Young Adult,Medium
CUST11218,31,Female,Vellore,Salaried,460200.0,2025-01-27,Young Adult,Adult,Medium
CUST11219,49,Male,Vellore,Freelancer,3560000.0,2023-04-07,Premium,Middle Age,High
CUST11220,33,Male,Madurai,Business Owner,1250500.0,2023-11-07,Affluent,Adult,High
CUST11221,35,Female,Trichy,Salaried,408500.0,2024-11-11,Affluent,Adult,Low
CUST11222,18,Male,Pune,Self-Employed,685400.0,2025-07-07,Mass Market,Young Adult,Medium
CUST11223,47,Male,Chennai,Salaried,120000.0,2021-11-28,Affluent,Middle Age,Low
CUST11224,24,Male,Erode,Salaried,1626800.0,2021-03-27,Mass Market,Young Adult,High
CUST11225,33,Male,Thanjavur,Retired,739100.0,2025-11-11,Affluent,Adult,High
CUST11226,34,Male,Coimbatore,Salaried,987900.0,2026-03-23,Affluent,Adult,High
CUST11227,34,Female,Delhi,Salaried,164900.0,2021-08-03,Mass Market,Adult,Low
CUST11228,37,Male,Pune,Student,784800.0,2021-06-11,Mass Market,Adult,High
CUST11229,71,Male,Chennai,Salaried,493100.0,2026-04-20,Mass Market,Senior,Medium
CUST11230,46,Female,Thanjavur,Self-Employed,842400.0,2022-08-20,Mass Market,Middle Age,High
CUST11231,41,Female,Chennai,Salaried,553450.0,2026-04-22,Young Adult,Middle Age,Medium
CUST11232,18,Female,Vellore,Self-Employed,509000.0,2025-07-11,Mass Market,Young Adult,Medium
CUST11233,29,Male,Mumbai,Salaried,472300.0,2022-05-08,Affluent,Adult,Medium
CUST11234,51,Male,Erode,Salaried,380000.0,2024-12-28,Young Adult,Middle Age,Low
CUST11235,34,Female,Tirunelveli,Self-Employed,655700.0,2022-05-14,Affluent,Adult,Medium
CUST11236,26,Female,Madurai,Salaried,428900.0,2023-12-19,Mass Market,Adult,Low
CUST11237,43,Male,Madurai,Student,576100.0,2022-04-28,Premium,Middle Age,Medium
CUST11238,30,Male,Mumbai,Salaried,1150900.0,2023-09-23,Mass Market,Adult,High
CUST11239,49,Female,Madurai,Salaried,704500.0,2025-09-28,Mass Market,Middle Age,Medium
CUST11240,37,Male,Mumbai,Freelancer,787500.0,2023-07-13,Mass Market,Adult,High
CUST11241,28,Male,Tirunelveli,Business Owner,648700.0,2023-05-01,Mass Market,Adult,Medium
CUST11242,63,Female,Delhi,Salaried,752100.0,2024-02-14,Mass Market,Senior,High
CUST11243,40,Female,Pune,Student,434400.0,2023-05-25,Premium,Adult,Medium
CUST11244,32,Male,Hyderabad,Freelancer,577300.0,2026-02-28,Young Adult,Adult,Medium
CUST11245,20,Male,Erode,Student,817000.0,2021-02-06,Mass Market,Young Adult,High
CUST11246,36,Male,Pune,Salaried,500300.0,2022-05-12,Affluent,Adult,Medium
CUST11247,35,Female,Thanjavur,Student,585900.0,2021-06-07,Affluent,Adult,Medium
CUST11248,28,Female,Hyderabad,Salaried,249100.0,2026-04-29,Mass Market,Adult,Low
CUST11249,19,Male,Thanjavur,Business Owner,1282400.0,2024-12-09,Young Adult,Young Adult,High
CUST11250,31,Female,Bengaluru,Retired,601100.0,2022-12-09,Young Adult,Adult,Medium
CUST11251,37,Female,Kochi,Self-Employed,406500.0,2025-06-01,Mass Market,Adult,Low
CUST11252,53,Male,Kochi,Freelancer,723700.0,2022-06-26,Mass Market,Middle Age,High
CUST11253,35,Female,Chennai,Business Owner,369200.0,2023-03-26,Premium,Adult,Low
CUST11254,42,Male,Trichy,Salaried,996100.0,2024-05-20,Affluent,Middle Age,High
CUST11255,52,Male,Trichy,Salaried,1269200.0,2023-01-05,Mass Market,Middle Age,High
CUST11256,18,Male,Tirunelveli,Self-Employed,566100.0,2024-06-14,Affluent,Young Adult,Medium
CUST11257,22,Female,Bengaluru,Salaried,519800.0,2025-10-31,Affluent,Young Adult,Medium
CUST11258,25,Male,Vellore,Retired,460100.0,2024-03-18,Premium,Young Adult,Medium
CUST11259,50,Male,Bengaluru,Salaried,291000.0,2025-09-28,Young Adult,Middle Age,Low
CUST11260,22,Female,Hyderabad,Freelancer,488700.0,2025-11-22,Mass Market,Young Adult,Medium
CUST11261,18,Female,Delhi,Self-Employed,847400.0,2025-11-07,Mass Market,Young Adult,High
CUST11262,46,Female,Erode,Salaried,222700.0,2023-04-04,Mass Market,Middle Age,Low
CUST11263,29,Female,Delhi,Student,553450.0,2022-01-02,Young Adult,Adult,Medium
CUST11264,31,Male,Erode,Retired,759300.0,2025-06-13,Mass Market,Adult,High
CUST11265,26,Male,Pune,Business Owner,903800.0,2025-03-20,Affluent,Adult,High
CUST11266,24,Female,Hyderabad,Salaried,201800.0,2025-02-16,Affluent,Young Adult,Low
CUST11267,39,Male,Madurai,Student,448000.0,2023-06-01,Mass Market,Adult,Medium
CUST11268,46,Male,Salem,Salaried,475100.0,2026-06-29,Mass Market,Middle Age,Medium
CUST11269,48,Female,Delhi,Self-Employed,1947800.0,2023-12-09,Affluent,Middle Age,High
CUST11270,18,Male,Coimbatore,Self-Employed,407500.0,2024-07-23,Mass Market,Young Adult,Low
CUST11271,39,Male,Trichy,Salaried,415600.0,2023-09-06,Mass Market,Adult,Low
CUST11272,49,Male,Pune,Self-Employed,466500.0,2024-09-16,Affluent,Middle Age,Medium
CUST11273,31,Male,Salem,Student,331900.0,2021-12-31,Premium,Adult,Low
CUST11274,39,Female,Trichy,Salaried,1640100.0,2023-03-08,Mass Market,Adult,High
CUST11275,30,Male,Pune,Freelancer,871300.0,2024-01-03,Mass Market,Adult,High
CUST11276,29,Male,Bengaluru,Retired,419300.0,2023-02-04,Mass Market,Adult,Low
CUST11277,18,Female,Mumbai,Student,417300.0,2021-11-21,Affluent,Young Adult,Low
CUST11278,57,Female,Bengaluru,Student,553450.0,2026-02-28,Young Adult,Middle Age,Medium
CUST11279,30,Male,Pune,Retired,254100.0,2022-12-22,Mass Market,Adult,Low
CUST11280,48,Male,Erode,Freelancer,374000.0,2023-06-23,Mass Market,Middle Age,Low
CUST11281,18,Female,Bengaluru,Business Owner,634500.0,2023-07-13,Mass Market,Young Adult,Medium
CUST11282,41,Male,Erode,Salaried,1604800.0,2024-06-18,Premium,Middle Age,High
CUST11283,32,Male,Thanjavur,Freelancer,1629400.0,2025-07-23,Mass Market,Adult,High
CUST11284,19,Male,Trichy,Salaried,1375200.0,2026-03-26,Mass Market,Young Adult,High
CUST11285,44,Male,Chennai,Business Owner,1361000.0,2026-02-06,Mass Market,Middle Age,High
CUST11286,28,Female,Vellore,Student,336500.0,2021-06-25,Affluent,Adult,Low
CUST11287,25,Female,Trichy,Student,306600.0,2024-01-28,Young Adult,Young Adult,Low
CUST11288,33,Male,Tirunelveli,Self-Employed,493700.0,2024-04-03,Mass Market,Adult,Medium
CUST11289,30,Male,Bengaluru,Self-Employed,1489900.0,2022-01-11,Affluent,Adult,High
CUST11290,33,Female,Delhi,Salaried,630100.0,2021-07-09,Mass Market,Adult,Medium
CUST11291,43,Male,Hyderabad,Salaried,1146300.0,2024-02-05,Premium,Middle Age,High
CUST11292,34,Female,Mumbai,Salaried,686900.0,2026-03-18,Mass Market,Adult,Medium
CUST11293,22,Female,Mumbai,Salaried,560400.0,2024-10-08,Premium,Young Adult,Medium
CUST11294,52,Male,Bengaluru,Self-Employed,597000.0,2021-10-03,Premium,Middle Age,Medium
CUST11295,54,Other,Coimbatore,Salaried,568900.0,2025-05-07,Mass Market,Middle Age,Medium
CUST11296,26,Female,Vellore,Business Owner,658700.0,2025-11-03,Affluent,Adult,Medium
CUST11297,18,Male,Thanjavur,Student,553450.0,2024-07-11,Affluent,Young Adult,Medium
CUST11298,40,Male,Vellore,Salaried,1087200.0,2025-09-12,Young Adult,Adult,High
CUST11299,30,Female,Vellore,Salaried,414400.0,2022-01-10,Affluent,Adult,Low
CUST11300,37,Male,Bengaluru,Student,873900.0,2022-05-06,Affluent,Adult,High
CUST11301,29,Male,Trichy,Salaried,454800.0,2024-02-22,Affluent,Adult,Medium
CUST11302,51,Male,Coimbatore,Salaried,2050300.0,2022-05-04,Affluent,Middle Age,High
CUST11303,27,Female,Bengaluru,Retired,489500.0,2021-08-14,Premium,Adult,Medium
CUST11304,42,Male,Coimbatore,Business Owner,181400.0,2022-06-15,Mass Market,Middle Age,Low
CUST11305,43,Male,Coimbatore,Self-Employed,1035900.0,2023-10-10,Affluent,Middle Age,High
CUST11306,52,Male,Delhi,Retired,330900.0,2024-08-26,Mass Market,Middle Age,Low
CUST11307,34,Male,Salem,Salaried,138700.0,2024-07-24,Premium,Adult,Low
CUST11308,29,Female,Coimbatore,Salaried,338800.0,2023-07-15,Premium,Adult,Low
CUST11309,31,Male,Coimbatore,Salaried,491000.0,2023-12-23,Mass Market,Adult,Medium
CUST11310,49,Male,Mumbai,Freelancer,477400.0,2024-01-12,Mass Market,Middle Age,Medium
CUST11311,51,Female,Trichy,Business Owner,938900.0,2021-02-25,Affluent,Middle Age,High
CUST11312,56,Female,Madurai,Freelancer,178100.0,2024-03-06,Young Adult,Middle Age,Low
CUST11313,31,Male,Salem,Self-Employed,648100.0,2022-11-29,Mass Market,Adult,Medium
CUST11314,36,Female,Bengaluru,Salaried,363000.0,2024-01-27,Affluent,Adult,Low
CUST11315,41,Male,Pune,Salaried,475500.0,2026-05-25,Affluent,Middle Age,Medium
CUST11316,37,Female,Trichy,Salaried,197800.0,2024-02-15,Premium,Adult,Low
CUST11317,52,Male,Chennai,Student,607900.0,2026-02-27,Mass Market,Middle Age,Medium
CUST11318,51,Male,Salem,Salaried,765400.0,2021-11-01,Mass Market,Middle Age,High
CUST11319,46,Female,Delhi,Salaried,676900.0,2022-06-12,Young Adult,Middle Age,Medium
CUST11320,34,Male,Chennai,Freelancer,558600.0,2023-12-26,Affluent,Adult,Medium
CUST11321,33,Male,Mumbai,Self-Employed,965100.0,2023-12-28,Mass Market,Adult,High
CUST11322,35,Female,Delhi,Self-Employed,374700.0,2025-06-17,Affluent,Adult,Low
CUST11323,40,Female,Tirunelveli,Self-Employed,576000.0,2021-02-02,Affluent,Adult,Medium
CUST11324,56,Male,Hyderabad,Student,1190600.0,2023-01-05,Young Adult,Middle Age,High
CUST11325,45,Male,Vellore,Salaried,892400.0,2025-05-20,Mass Market,Middle Age,High
CUST11326,25,Male,Chennai,Salaried,646700.0,2022-01-16,Young Adult,Young Adult,Medium
CUST11327,28,Female,Delhi,Retired,504300.0,2025-02-25,Affluent,Adult,Medium
CUST11328,33,Female,Madurai,Freelancer,1030100.0,2025-07-13,Premium,Adult,High
CUST11329,51,Male,Salem,Self-Employed,467700.0,2021-02-01,Premium,Middle Age,Medium
CUST11330,45,Female,Vellore,Salaried,553450.0,2021-01-02,Mass Market,Middle Age,Medium
CUST11331,47,Male,Hyderabad,Salaried,310300.0,2021-10-12,Mass Market,Middle Age,Low
CUST11332,31,Male,Erode,Salaried,423800.0,2021-08-13,Mass Market,Adult,Low
CUST11333,21,Other,Trichy,Salaried,426700.0,2021-03-07,Premium,Young Adult,Low
CUST11334,33,Female,Kochi,Salaried,404000.0,2021-06-25,Mass Market,Adult,Low
CUST11335,43,Male,Chennai,Salaried,829200.0,2024-07-08,Premium,Middle Age,High
CUST11336,50,Male,Erode,Salaried,725100.0,2022-06-21,Affluent,Middle Age,High
CUST11337,42,Female,Mumbai,Freelancer,1010900.0,2021-03-18,Affluent,Middle Age,High
CUST11338,46,Male,Kochi,Student,228300.0,2021-03-28,Young Adult,Middle Age,Low
CUST11339,32,Male,Erode,Freelancer,361100.0,2026-06-29,Mass Market,Adult,Low
CUST11340,33,Male,Bengaluru,Business Owner,1397300.0,2021-07-30,Affluent,Adult,High
CUST11341,37,Female,Tirunelveli,Business Owner,339300.0,2021-03-14,Affluent,Adult,Low
CUST11342,31,Female,Madurai,Business Owner,1629200.0,2022-03-20,Affluent,Adult,High
CUST11343,40,Male,Thanjavur,Self-Employed,392000.0,2025-12-23,Affluent,Adult,Low
CUST11344,40,Male,Chennai,Salaried,682600.0,2021-07-28,Mass Market,Adult,Medium
CUST11345,24,Male,Delhi,Salaried,1374600.0,2023-03-26,Mass Market,Young Adult,High
CUST11346,53,Female,Kochi,Salaried,2023900.0,2022-10-01,Mass Market,Middle Age,High
CUST11347,26,Male,Kochi,Student,1267200.0,2026-07-12,Young Adult,Adult,High
CUST11348,47,Female,Salem,Salaried,1079600.0,2023-04-03,Mass Market,Middle Age,High
CUST11349,29,Male,Vellore,Self-Employed,167400.0,2023-06-16,Mass Market,Adult,Low
CUST11350,37,Female,Coimbatore,Self-Employed,439700.0,2021-06-08,Premium,Adult,Medium
CUST11351,35,Male,Trichy,Retired,354900.0,2025-03-10,Mass Market,Adult,Low
CUST11352,18,Female,Delhi,Student,344000.0,2026-01-30,Mass Market,Young Adult,Low
CUST11353,40,Female,Trichy,Retired,1195300.0,2021-05-15,Young Adult,Adult,High
CUST11354,23,Male,Mumbai,Salaried,646000.0,2023-03-28,Mass Market,Young Adult,Medium
CUST11355,18,Male,Thanjavur,Salaried,1480400.0,2021-05-29,Affluent,Young Adult,High
CUST11356,50,Male,Delhi,Self-Employed,594300.0,2024-07-01,Premium,Middle Age,Medium
CUST11357,28,Male,Erode,Self-Employed,566000.0,2026-05-10,Mass Market,Adult,Medium
CUST11358,18,Male,Madurai,Student,793100.0,2026-01-13,Affluent,Young Adult,High
CUST11359,66,Male,Bengaluru,Salaried,636900.0,2022-01-30,Affluent,Senior,Medium
CUST11360,47,Male,Bengaluru,Retired,1427700.0,2025-09-19,Premium,Middle Age,High
CUST11361,32,Male,Salem,Business Owner,300700.0,2025-06-26,Mass Market,Adult,Low
CUST11362,27,Male,Pune,Salaried,1583500.0,2021-11-14,Affluent,Adult,High
CUST11363,42,Female,Delhi,Student,1217100.0,2022-03-07,Mass Market,Middle Age,High
CUST11364,18,Female,Pune,Self-Employed,290000.0,2024-06-05,Affluent,Young Adult,Low
CUST11365,24,Female,Kochi,Salaried,1400300.0,2025-06-30,Mass Market,Young Adult,High
CUST11366,30,Male,Thanjavur,Salaried,553450.0,2023-09-04,Premium,Adult,Medium
CUST11367,39,Female,Coimbatore,Salaried,1453000.0,2024-12-27,Mass Market,Adult,High
CUST11368,49,Male,Salem,Self-Employed,816500.0,2021-12-09,Mass Market,Middle Age,High
CUST11369,40,Female,Delhi,Salaried,1431900.0,2021-11-25,Mass Market,Adult,High
CUST11370,40,Female,Vellore,Self-Employed,644900.0,2021-01-21,Mass Market,Adult,Medium
CUST11371,26,Male,Hyderabad,Salaried,678700.0,2023-01-31,Mass Market,Adult,Medium
CUST11372,31,Female,Kochi,Self-Employed,215000.0,2021-04-27,Mass Market,Adult,Low
CUST11373,53,Female,Salem,Freelancer,356200.0,2023-10-02,Mass Market,Middle Age,Low
CUST11374,40,Male,Madurai,Business Owner,548500.0,2023-09-12,Affluent,Adult,Medium
CUST11375,31,Female,Bengaluru,Student,498200.0,2021-06-09,Mass Market,Adult,Medium
CUST11376,41,Male,Coimbatore,Business Owner,511400.0,2021-07-23,Mass Market,Middle Age,Medium
CUST11377,29,Male,Pune,Self-Employed,216000.0,2024-06-04,Mass Market,Adult,Low
CUST11378,38,Male,Tirunelveli,Salaried,553450.0,2021-01-23,Young Adult,Adult,Medium
CUST11379,29,Male,Tirunelveli,Freelancer,504300.0,2023-04-25,Mass Market,Adult,Medium
CUST11380,58,Other,Bengaluru,Self-Employed,318800.0,2021-01-15,Mass Market,Middle Age,Low
CUST11381,22,Male,Vellore,Salaried,863700.0,2021-01-29,Mass Market,Young Adult,High
CUST11382,35,Male,Erode,Business Owner,1397800.0,2024-06-21,Mass Market,Adult,High
CUST11383,38,Female,Hyderabad,Salaried,206800.0,2022-11-14,Mass Market,Adult,Low
CUST11384,52,Other,Hyderabad,Salaried,434300.0,2025-05-17,Mass Market,Middle Age,Medium
CUST11385,22,Male,Tirunelveli,Freelancer,175800.0,2023-03-18,Mass Market,Young Adult,Low
CUST11386,30,Female,Salem,Salaried,553450.0,2025-12-20,Mass Market,Adult,Medium
CUST11387,36,Female,Chennai,Salaried,680500.0,2021-12-21,Young Adult,Adult,Medium
CUST11388,48,Female,Erode,Freelancer,659400.0,2025-10-31,Young Adult,Middle Age,Medium
CUST11389,66,Male,Mumbai,Salaried,459500.0,2026-07-11,Mass Market,Senior,Medium
CUST11390,29,Female,Mumbai,Self-Employed,215700.0,2022-02-08,Mass Market,Adult,Low
CUST11391,34,Male,Chennai,Salaried,483600.0,2024-10-13,Young Adult,Adult,Medium
CUST11392,61,Other,Mumbai,Self-Employed,686700.0,2024-12-10,Young Adult,Senior,Medium
CUST11393,38,Female,Vellore,Self-Employed,825000.0,2023-01-01,Young Adult,Adult,High
CUST11394,25,Female,Delhi,Business Owner,785600.0,2023-09-30,Mass Market,Young Adult,High
CUST11395,43,Female,Bengaluru,Self-Employed,700400.0,2021-07-03,Mass Market,Middle Age,Medium
CUST11396,37,Male,Erode,Salaried,995200.0,2021-12-01,Premium,Adult,High
CUST11397,26,Female,Madurai,Salaried,363400.0,2022-07-21,Mass Market,Adult,Low
CUST11398,45,Male,Thanjavur,Salaried,789500.0,2025-09-11,Premium,Middle Age,High
CUST11399,43,Male,Madurai,Salaried,174500.0,2025-12-09,Mass Market,Middle Age,Low
CUST11400,31,Male,Pune,Self-Employed,384600.0,2021-06-23,Affluent,Adult,Low
CUST11401,50,Female,Bengaluru,Self-Employed,692000.0,2022-01-19,Young Adult,Middle Age,Medium
CUST11402,19,Female,Coimbatore,Student,1266000.0,2022-09-06,Affluent,Young Adult,High
CUST11403,34,Female,Coimbatore,Freelancer,208900.0,2026-01-15,Premium,Adult,Low
CUST11404,37,Male,Kochi,Salaried,961900.0,2026-04-28,Young Adult,Adult,High
CUST11405,53,Male,Madurai,Salaried,913800.0,2021-03-25,Mass Market,Middle Age,High
CUST11406,28,Male,Vellore,Business Owner,737100.0,2024-10-21,Mass Market,Adult,High
CUST11407,42,Female,Bengaluru,Self-Employed,1033500.0,2026-08-06,Mass Market,Middle Age,High
CUST11408,43,Female,Erode,Self-Employed,262100.0,2022-12-11,Mass Market,Middle Age,Low
CUST11409,46,Male,Erode,Self-Employed,553450.0,2022-11-26,Mass Market,Middle Age,Medium
CUST11410,44,Male,Coimbatore,Salaried,410800.0,2023-04-15,Young Adult,Middle Age,Low
CUST11411,42,Male,Erode,Salaried,137000.0,2021-10-04,Mass Market,Middle Age,Low
CUST11412,32,Female,Pune,Self-Employed,1357100.0,2023-02-19,Mass Market,Adult,High
CUST11413,44,Female,Trichy,Business Owner,902400.0,2023-03-17,Young Adult,Middle Age,High
CUST11414,45,Female,Madurai,Salaried,1209500.0,2026-07-06,Affluent,Middle Age,High
CUST11415,52,Female,Chennai,Salaried,608700.0,2021-09-09,Mass Market,Middle Age,Medium
CUST11416,24,Female,Mumbai,Self-Employed,912300.0,2022-06-12,Mass Market,Young Adult,High
CUST11417,29,Male,Hyderabad,Business Owner,440500.0,2026-06-17,Mass Market,Adult,Medium
CUST11418,40,Male,Chennai,Salaried,449500.0,2022-02-17,Mass Market,Adult,Medium
CUST11419,41,Female,Erode,Salaried,1304700.0,2025-09-15,Affluent,Middle Age,High
CUST11420,42,Male,Coimbatore,Student,270700.0,2022-05-19,Premium,Middle Age,Low
CUST11421,27,Female,Thanjavur,Salaried,677100.0,2025-02-15,Mass Market,Adult,Medium
CUST11422,27,Male,Mumbai,Self-Employed,1160400.0,2022-05-07,Mass Market,Adult,High
CUST11423,36,Female,Trichy,Business Owner,553450.0,2022-07-09,Young Adult,Adult,Medium
CUST11424,58,Female,Bengaluru,Salaried,791200.0,2022-03-11,Affluent,Middle Age,High
CUST11425,28,Female,Salem,Retired,737000.0,2024-04-11,Young Adult,Adult,High
CUST11426,19,Male,Tirunelveli,Student,463600.0,2026-06-26,Mass Market,Young Adult,Medium
CUST11427,36,Female,Salem,Salaried,917800.0,2021-04-05,Mass Market,Adult,High
CUST11428,38,Female,Coimbatore,Salaried,351300.0,2025-07-08,Young Adult,Adult,Low
CUST11429,43,Male,Thanjavur,Business Owner,306000.0,2026-04-13,Affluent,Middle Age,Low
CUST11430,18,Male,Mumbai,Self-Employed,269900.0,2024-10-27,Mass Market,Young Adult,Low
CUST11431,18,Female,Tirunelveli,Salaried,200600.0,2024-07-10,Mass Market,Young Adult,Low
CUST11432,49,Male,Coimbatore,Salaried,553450.0,2023-12-01,Premium,Middle Age,Medium
CUST11433,23,Male,Hyderabad,Self-Employed,604900.0,2024-07-10,Young Adult,Young Adult,Medium
CUST11434,48,Female,Chennai,Freelancer,591700.0,2021-08-20,Young Adult,Middle Age,Medium
CUST11435,33,Female,Bengaluru,Self-Employed,1062400.0,2025-09-29,Affluent,Adult,High
CUST11436,37,Female,Vellore,Student,297900.0,2025-06-08,Mass Market,Adult,Low
CUST11437,25,Male,Mumbai,Salaried,618000.0,2023-07-31,Premium,Young Adult,Medium
CUST11438,37,Male,Mumbai,Salaried,567400.0,2024-09-12,Mass Market,Adult,Medium
CUST11439,18,Male,Coimbatore,Self-Employed,1233000.0,2022-01-30,Mass Market,Young Adult,High
CUST11440,33,Female,Pune,Self-Employed,1340000.0,2025-06-05,Mass Market,Adult,High
CUST11441,38,Female,Vellore,Business Owner,1066300.0,2026-08-04,Mass Market,Adult,High
CUST11442,42,Female,Madurai,Retired,730800.0,2025-08-27,Mass Market,Middle Age,High
CUST11443,30,Female,Tirunelveli,Student,507000.0,2022-08-24,Affluent,Adult,Medium
CUST11444,43,Female,Bengaluru,Salaried,1270600.0,2024-07-20,Mass Market,Middle Age,High
CUST11445,57,Male,Chennai,Salaried,820500.0,2026-03-15,Affluent,Middle Age,High
CUST11446,40,Female,Tirunelveli,Salaried,1053100.0,2023-03-14,Affluent,Adult,High
CUST11447,27,Female,Vellore,Salaried,879000.0,2023-11-10,Premium,Adult,High
CUST11448,38,Female,Pune,Freelancer,128000.0,2022-01-09,Mass Market,Adult,Low
CUST11449,28,Female,Thanjavur,Freelancer,154300.0,2022-07-20,Affluent,Adult,Low
CUST11450,54,Female,Coimbatore,Student,1907900.0,2023-12-27,Mass Market,Middle Age,High
CUST11451,36,Female,Chennai,Salaried,553450.0,2022-05-02,Mass Market,Adult,Medium
CUST11452,29,Other,Bengaluru,Student,581900.0,2026-02-08,Premium,Adult,Medium
CUST11453,26,Male,Madurai,Student,388900.0,2022-10-22,Mass Market,Adult,Low
CUST11454,18,Male,Vellore,Salaried,636900.0,2025-03-21,Mass Market,Young Adult,Medium
CUST11455,43,Male,Madurai,Self-Employed,763800.0,2023-12-24,Affluent,Middle Age,High
CUST11456,21,Female,Delhi,Self-Employed,553450.0,2023-07-08,Mass Market,Young Adult,Medium
CUST11457,41,Female,Thanjavur,Self-Employed,878100.0,2025-07-24,Premium,Middle Age,High
CUST11458,48,Female,Mumbai,Self-Employed,578400.0,2025-06-09,Mass Market,Middle Age,Medium
CUST11459,38,Male,Chennai,Salaried,711300.0,2022-09-13,Mass Market,Adult,Medium
CUST11460,31,Male,Madurai,Student,543500.0,2022-11-28,Mass Market,Adult,Medium
CUST11461,53,Male,Delhi,Retired,753400.0,2021-04-12,Mass Market,Middle Age,High
CUST11462,37,Female,Thanjavur,Business Owner,250200.0,2022-12-14,Premium,Adult,Low
CUST11463,41,Male,Pune,Salaried,385100.0,2021-03-02,Premium,Middle Age,Low
CUST11464,33,Male,Bengaluru,Salaried,136400.0,2022-07-04,Mass Market,Adult,Low
CUST11465,57,Female,Salem,Self-Employed,1288200.0,2024-06-24,Young Adult,Middle Age,High
CUST11466,37,Female,Tirunelveli,Salaried,2728700.0,2022-09-25,Mass Market,Adult,High
CUST11467,43,Female,Salem,Retired,553450.0,2022-09-26,Mass Market,Middle Age,Medium
CUST11468,48,Male,Thanjavur,Salaried,458000.0,2021-04-21,Mass Market,Middle Age,Medium
CUST11469,22,Male,Mumbai,Retired,374100.0,2024-04-19,Mass Market,Young Adult,Low
CUST11470,36,Male,Madurai,Self-Employed,461400.0,2022-07-12,Mass Market,Adult,Medium
CUST11471,58,Female,Vellore,Salaried,553450.0,2025-07-11,Young Adult,Middle Age,Medium
CUST11472,18,Male,Tirunelveli,Student,976500.0,2022-10-31,Mass Market,Young Adult,High
CUST11473,31,Male,Thanjavur,Student,309200.0,2023-07-06,Young Adult,Adult,Low
CUST11474,46,Male,Vellore,Salaried,594400.0,2026-03-29,Affluent,Middle Age,Medium
CUST11475,41,Female,Madurai,Business Owner,390400.0,2021-04-14,Affluent,Middle Age,Low
CUST11476,45,Other,Chennai,Self-Employed,481700.0,2025-02-03,Premium,Middle Age,Medium
CUST11477,29,Male,Bengaluru,Salaried,1979500.0,2021-06-30,Mass Market,Adult,High
CUST11478,37,Female,Tirunelveli,Salaried,604800.0,2025-04-15,Affluent,Adult,Medium
CUST11479,38,Female,Erode,Student,553450.0,2021-09-04,Affluent,Adult,Medium
CUST11480,42,Female,Vellore,Salaried,651900.0,2022-05-07,Mass Market,Middle Age,Medium
CUST11481,22,Male,Chennai,Salaried,318300.0,2026-01-17,Mass Market,Young Adult,Low
CUST11482,32,Male,Hyderabad,Business Owner,337700.0,2021-02-14,Young Adult,Adult,Low
CUST11483,36,Male,Vellore,Salaried,376100.0,2024-05-08,Mass Market,Adult,Low
CUST11484,18,Male,Vellore,Freelancer,1357600.0,2022-05-16,Mass Market,Young Adult,High
CUST11485,47,Female,Madurai,Salaried,384800.0,2024-07-05,Affluent,Middle Age,Low
CUST11486,18,Female,Chennai,Retired,679200.0,2022-05-09,Affluent,Young Adult,Medium
CUST11487,38,Male,Bengaluru,Salaried,1183500.0,2026-03-10,Premium,Adult,High
CUST11488,51,Male,Tirunelveli,Self-Employed,571500.0,2021-08-12,Premium,Middle Age,Medium
CUST11489,47,Other,Bengaluru,Retired,552200.0,2022-03-08,Mass Market,Middle Age,Medium
CUST11490,36,Male,Coimbatore,Business Owner,381400.0,2023-08-14,Mass Market,Adult,Low
CUST11491,26,Male,Thanjavur,Business Owner,1329100.0,2023-08-05,Mass Market,Adult,High
CUST11492,40,Male,Chennai,Student,163400.0,2022-08-10,Affluent,Adult,Low
CUST11493,31,Male,Trichy,Salaried,967800.0,2024-11-05,Mass Market,Adult,High
CUST11494,30,Female,Coimbatore,Retired,335800.0,2022-12-31,Mass Market,Adult,Low
CUST11495,33,Female,Delhi,Self-Employed,754800.0,2025-04-23,Mass Market,Adult,High
CUST11496,32,Other,Chennai,Retired,574800.0,2025-02-01,Affluent,Adult,Medium
CUST11497,30,Male,Hyderabad,Student,581500.0,2025-11-26,Affluent,Adult,Medium
CUST11498,24,Male,Vellore,Salaried,874500.0,2023-03-09,Mass Market,Young Adult,High
CUST11499,39,Male,Delhi,Business Owner,1529500.0,2026-04-12,Premium,Adult,High
CUST11500,35,Female,Chennai,Freelancer,852200.0,2022-07-29,Young Adult,Adult,High
CUST11501,46,Female,Chennai,Business Owner,505600.0,2026-04-01,Mass Market,Middle Age,Medium
CUST11502,54,Female,Erode,Student,300800.0,2025-06-10,Young Adult,Middle Age,Low
CUST11503,50,Female,Coimbatore,Self-Employed,634900.0,2021-05-15,Mass Market,Middle Age,Medium
CUST11504,50,Female,Tirunelveli,Business Owner,2031200.0,2022-07-01,Mass Market,Middle Age,High
CUST11505,44,Male,Mumbai,Freelancer,372900.0,2022-01-27,Affluent,Middle Age,Low
CUST11506,40,Female,Trichy,Self-Employed,1196700.0,2025-07-08,Mass Market,Adult,High
CUST11507,32,Male,Coimbatore,Salaried,342500.0,2022-03-24,Affluent,Adult,Low
CUST11508,36,Male,Tirunelveli,Self-Employed,630500.0,2022-12-18,Mass Market,Adult,Medium
CUST11509,21,Male,Coimbatore,Self-Employed,826400.0,2022-01-20,Mass Market,Young Adult,High
CUST11510,29,Female,Thanjavur,Salaried,528200.0,2023-02-19,Mass Market,Adult,Medium
CUST11511,53,Female,Hyderabad,Business Owner,584800.0,2024-11-16,Mass Market,Middle Age,Medium
CUST11512,45,Male,Bengaluru,Freelancer,518700.0,2025-07-03,Mass Market,Middle Age,Medium
CUST11513,39,Female,Kochi,Student,238600.0,2021-09-07,Premium,Adult,Low
CUST11514,39,Male,Vellore,Freelancer,206600.0,2026-02-11,Young Adult,Adult,Low
CUST11515,27,Male,Chennai,Self-Employed,125000.0,2021-06-21,Mass Market,Adult,Low
CUST11516,46,Male,Mumbai,Salaried,714600.0,2021-03-23,Mass Market,Middle Age,High
CUST11517,43,Female,Madurai,Retired,703100.0,2022-11-13,Mass Market,Middle Age,Medium
CUST11518,37,Male,Delhi,Freelancer,724100.0,2022-06-09,Mass Market,Adult,High
CUST11519,24,Male,Pune,Salaried,354500.0,2023-05-24,Mass Market,Young Adult,Low
CUST11520,36,Male,Tirunelveli,Student,340100.0,2025-07-16,Mass Market,Adult,Low
CUST11521,53,Male,Mumbai,Salaried,582100.0,2025-05-28,Mass Market,Middle Age,Medium
CUST11522,42,Male,Thanjavur,Business Owner,346200.0,2024-10-01,Mass Market,Middle Age,Low
CUST11523,42,Female,Madurai,Self-Employed,1686100.0,2023-04-19,Mass Market,Middle Age,High
CUST11524,41,Male,Bengaluru,Retired,946800.0,2023-12-02,Mass Market,Middle Age,High
CUST11525,21,Male,Salem,Student,1502500.0,2023-06-27,Mass Market,Young Adult,High
CUST11526,28,Female,Chennai,Salaried,1021600.0,2022-06-03,Mass Market,Adult,High
CUST11527,39,Male,Madurai,Salaried,157100.0,2026-07-03,Mass Market,Adult,Low
CUST11528,44,Female,Kochi,Student,850200.0,2024-04-25,Mass Market,Middle Age,High
CUST11529,34,Female,Tirunelveli,Retired,140900.0,2025-06-08,Premium,Adult,Low
CUST11530,46,Female,Hyderabad,Salaried,1314300.0,2024-07-28,Affluent,Middle Age,High
CUST11531,47,Female,Madurai,Freelancer,695200.0,2024-08-06,Mass Market,Middle Age,Medium
CUST11532,30,Male,Kochi,Salaried,562300.0,2021-05-20,Mass Market,Adult,Medium
CUST11533,41,Female,Chennai,Salaried,319400.0,2021-09-27,Mass Market,Middle Age,Low
CUST11534,18,Male,Trichy,Salaried,479600.0,2023-04-05,Mass Market,Young Adult,Medium
CUST11535,39,Male,Hyderabad,Salaried,146300.0,2025-01-22,Young Adult,Adult,Low
CUST11536,36,Male,Madurai,Freelancer,673900.0,2022-05-04,Mass Market,Adult,Medium
CUST11537,31,Female,Erode,Freelancer,1111400.0,2021-08-03,Affluent,Adult,High
CUST11538,29,Male,Thanjavur,Salaried,301500.0,2021-08-05,Affluent,Adult,Low
CUST11539,37,Male,Mumbai,Salaried,832300.0,2025-11-21,Affluent,Adult,High
CUST11540,30,Male,Delhi,Self-Employed,658500.0,2023-03-05,Mass Market,Adult,Medium
CUST11541,33,Male,Trichy,Salaried,718900.0,2026-06-08,Mass Market,Adult,High
CUST11542,23,Male,Pune,Salaried,1032700.0,2021-10-18,Mass Market,Young Adult,High
CUST11543,41,Female,Kochi,Salaried,451900.0,2026-04-28,Mass Market,Middle Age,Medium
CUST11544,20,Female,Bengaluru,Salaried,884900.0,2021-10-25,Young Adult,Young Adult,High
CUST11545,21,Male,Salem,Freelancer,314300.0,2022-05-23,Premium,Young Adult,Low
CUST11546,56,Female,Tirunelveli,Salaried,138300.0,2022-11-24,Affluent,Middle Age,Low
CUST11547,42,Female,Bengaluru,Salaried,1000900.0,2024-01-12,Mass Market,Middle Age,High
CUST11548,52,Male,Vellore,Salaried,757700.0,2023-07-17,Mass Market,Middle Age,High
CUST11549,32,Male,Bengaluru,Business Owner,623500.0,2023-08-23,Premium,Adult,Medium
CUST11550,26,Male,Bengaluru,Salaried,441600.0,2025-02-07,Young Adult,Adult,Medium
CUST11551,42,Male,Trichy,Business Owner,442800.0,2021-10-25,Young Adult,Middle Age,Medium
CUST11552,59,Female,Kochi,Retired,551000.0,2025-09-08,Young Adult,Middle Age,Medium
CUST11553,18,Male,Vellore,Business Owner,281000.0,2024-10-19,Young Adult,Young Adult,Low
CUST11554,22,Male,Bengaluru,Self-Employed,1256900.0,2025-02-12,Mass Market,Young Adult,High
CUST11555,18,Female,Kochi,Salaried,793400.0,2021-05-25,Young Adult,Young Adult,High
CUST11556,22,Male,Coimbatore,Retired,1065600.0,2025-07-23,Young Adult,Young Adult,High
CUST11557,34,Male,Thanjavur,Retired,1063300.0,2021-03-07,Mass Market,Adult,High
CUST11558,47,Female,Chennai,Self-Employed,2158700.0,2022-03-08,Premium,Middle Age,High
CUST11559,44,Male,Erode,Salaried,874300.0,2024-08-23,Mass Market,Middle Age,High
CUST11560,35,Female,Delhi,Freelancer,751100.0,2023-11-06,Affluent,Adult,High
CUST11561,32,Female,Hyderabad,Salaried,196300.0,2023-06-11,Mass Market,Adult,Low
CUST11562,37,Male,Salem,Salaried,173900.0,2022-03-20,Mass Market,Adult,Low
CUST11563,18,Female,Hyderabad,Salaried,1023700.0,2025-05-04,Young Adult,Young Adult,High
CUST11564,37,Female,Delhi,Freelancer,229200.0,2021-11-09,Affluent,Adult,Low
CUST11565,25,Female,Tirunelveli,Salaried,960900.0,2021-06-21,Mass Market,Young Adult,High
CUST11566,28,Female,Salem,Salaried,220700.0,2023-03-08,Mass Market,Adult,Low
CUST11567,42,Male,Vellore,Self-Employed,468300.0,2021-04-13,Mass Market,Middle Age,Medium
CUST11568,45,Female,Trichy,Salaried,361300.0,2022-08-16,Young Adult,Middle Age,Low
CUST11569,42,Female,Vellore,Retired,1466300.0,2022-12-26,Mass Market,Middle Age,High
CUST11570,32,Male,Hyderabad,Retired,759200.0,2024-12-07,Mass Market,Adult,High
CUST11571,32,Female,Kochi,Retired,750200.0,2021-01-08,Mass Market,Adult,High
CUST11572,41,Male,Pune,Business Owner,813900.0,2022-10-03,Affluent,Middle Age,High
CUST11573,33,Male,Bengaluru,Salaried,616400.0,2022-03-22,Premium,Adult,Medium
CUST11574,22,Male,Kochi,Salaried,368800.0,2024-12-22,Affluent,Young Adult,Low
CUST11575,49,Other,Trichy,Freelancer,252100.0,2022-10-11,Premium,Middle Age,Low
CUST11576,31,Male,Madurai,Retired,815600.0,2021-01-08,Affluent,Adult,High
CUST11577,18,Male,Vellore,Salaried,1079100.0,2025-02-15,Mass Market,Young Adult,High
CUST11578,18,Female,Thanjavur,Salaried,822500.0,2022-04-28,Mass Market,Young Adult,High
CUST11579,33,Female,Kochi,Retired,648100.0,2021-12-11,Affluent,Adult,Medium
CUST11580,49,Female,Trichy,Salaried,310100.0,2024-01-21,Premium,Middle Age,Low
CUST11581,50,Male,Mumbai,Salaried,565400.0,2022-07-16,Mass Market,Middle Age,Medium
CUST11582,43,Male,Erode,Student,1138500.0,2023-10-24,Mass Market,Middle Age,High
CUST11583,23,Female,Bengaluru,Student,265300.0,2022-04-24,Mass Market,Young Adult,Low
CUST11584,37,Male,Vellore,Freelancer,430100.0,2023-05-16,Affluent,Adult,Low
CUST11585,50,Male,Trichy,Salaried,584900.0,2024-03-29,Mass Market,Middle Age,Medium
CUST11586,23,Male,Vellore,Salaried,419500.0,2022-04-21,Premium,Young Adult,Low
CUST11587,33,Female,Pune,Salaried,353000.0,2021-03-14,Mass Market,Adult,Low
CUST11588,30,Female,Vellore,Freelancer,956600.0,2022-06-30,Premium,Adult,High
CUST11589,60,Female,Erode,Business Owner,607700.0,2023-05-28,Premium,Middle Age,Medium
CUST11590,50,Male,Pune,Self-Employed,558400.0,2025-07-08,Mass Market,Middle Age,Medium
CUST11591,44,Male,Chennai,Salaried,393900.0,2021-09-27,Young Adult,Middle Age,Low
CUST11592,57,Male,Madurai,Student,572700.0,2023-07-20,Young Adult,Middle Age,Medium
CUST11593,40,Male,Kochi,Salaried,365200.0,2025-03-16,Premium,Adult,Low
CUST11594,39,Female,Vellore,Self-Employed,378200.0,2022-06-25,Mass Market,Adult,Low
CUST11595,55,Female,Vellore,Salaried,95000.0,2022-04-12,Premium,Middle Age,Low
CUST11596,35,Male,Coimbatore,Freelancer,737700.0,2022-06-20,Mass Market,Adult,High
CUST11597,21,Female,Salem,Freelancer,344700.0,2023-01-27,Mass Market,Young Adult,Low
CUST11598,49,Male,Kochi,Salaried,1168300.0,2022-12-18,Affluent,Middle Age,High
CUST11599,32,Female,Vellore,Self-Employed,887400.0,2023-06-05,Young Adult,Adult,High
CUST11600,53,Male,Pune,Salaried,1394600.0,2025-03-27,Mass Market,Middle Age,High
CUST11601,18,Female,Coimbatore,Salaried,487600.0,2023-04-19,Affluent,Young Adult,Medium
CUST11602,49,Male,Trichy,Salaried,1024400.0,2026-06-26,Mass Market,Middle Age,High
CUST11603,41,Male,Madurai,Freelancer,453900.0,2026-03-16,Affluent,Middle Age,Medium
CUST11604,31,Other,Delhi,Self-Employed,571200.0,2026-06-12,Premium,Adult,Medium
CUST11605,33,Male,Tirunelveli,Salaried,423900.0,2025-06-09,Affluent,Adult,Low
CUST11606,43,Male,Hyderabad,Retired,523700.0,2021-07-08,Premium,Middle Age,Medium
CUST11607,35,Female,Mumbai,Retired,340600.0,2024-03-30,Affluent,Adult,Low
CUST11608,40,Female,Bengaluru,Salaried,749600.0,2021-02-18,Affluent,Adult,High
CUST11609,35,Male,Mumbai,Salaried,693200.0,2025-01-12,Mass Market,Adult,Medium
CUST11610,38,Female,Kochi,Salaried,1062600.0,2024-06-02,Young Adult,Adult,High
CUST11611,44,Female,Trichy,Salaried,469700.0,2022-12-03,Affluent,Middle Age,Medium
CUST11612,18,Male,Kochi,Self-Employed,1175600.0,2024-03-18,Mass Market,Young Adult,High
CUST11613,34,Male,Coimbatore,Student,388300.0,2025-05-07,Premium,Adult,Low
CUST11614,40,Female,Tirunelveli,Self-Employed,323500.0,2024-08-24,Affluent,Adult,Low
CUST11615,29,Male,Chennai,Retired,367700.0,2024-03-21,Young Adult,Adult,Low
CUST11616,56,Male,Erode,Salaried,598000.0,2022-09-16,Mass Market,Middle Age,Medium
CUST11617,27,Male,Mumbai,Student,240800.0,2023-11-15,Affluent,Adult,Low
CUST11618,33,Female,Salem,Freelancer,183400.0,2022-07-29,Mass Market,Adult,Low
CUST11619,28,Female,Vellore,Freelancer,553450.0,2026-01-06,Affluent,Adult,Medium
CUST11620,45,Male,Bengaluru,Freelancer,428400.0,2025-10-30,Mass Market,Middle Age,Low
CUST11621,40,Male,Delhi,Business Owner,370100.0,2024-01-07,Affluent,Adult,Low
CUST11622,57,Male,Madurai,Self-Employed,250300.0,2021-10-16,Mass Market,Middle Age,Low
CUST11623,28,Female,Erode,Salaried,1035100.0,2022-10-04,Mass Market,Adult,High
CUST11624,25,Male,Delhi,Salaried,934600.0,2026-07-01,Mass Market,Young Adult,High
CUST11625,35,Male,Chennai,Salaried,1166700.0,2024-06-25,Mass Market,Adult,High
CUST11626,39,Male,Kochi,Student,271600.0,2023-11-11,Mass Market,Adult,Low
CUST11627,47,Female,Thanjavur,Salaried,430700.0,2025-12-27,Mass Market,Middle Age,Low
CUST11628,45,Female,Mumbai,Business Owner,553450.0,2025-07-13,Mass Market,Middle Age,Medium
CUST11629,30,Male,Mumbai,Business Owner,201000.0,2025-07-01,Mass Market,Adult,Low
CUST11630,34,Female,Kochi,Salaried,1219200.0,2021-06-11,Young Adult,Adult,High
CUST11631,31,Male,Pune,Student,523900.0,2024-02-05,Affluent,Adult,Medium
CUST11632,53,Female,Chennai,Retired,935600.0,2026-03-28,Mass Market,Middle Age,High
CUST11633,22,Male,Pune,Self-Employed,611900.0,2021-12-28,Mass Market,Young Adult,Medium
CUST11634,51,Female,Hyderabad,Student,293300.0,2023-07-07,Premium,Middle Age,Low
CUST11635,29,Female,Erode,Student,406000.0,2023-07-22,Affluent,Adult,Low
CUST11636,41,Male,Thanjavur,Self-Employed,411500.0,2025-05-22,Mass Market,Middle Age,Low
CUST11637,36,Male,Hyderabad,Business Owner,844300.0,2021-07-30,Affluent,Adult,High
CUST11638,35,Other,Coimbatore,Salaried,1227500.0,2025-01-20,Mass Market,Adult,High
CUST11639,18,Female,Tirunelveli,Salaried,657100.0,2024-10-26,Affluent,Young Adult,Medium
CUST11640,26,Female,Madurai,Student,2000300.0,2021-03-28,Premium,Adult,High
CUST11641,44,Female,Vellore,Salaried,2529100.0,2024-03-11,Mass Market,Middle Age,High
CUST11642,18,Male,Tirunelveli,Salaried,752700.0,2025-06-03,Young Adult,Young Adult,High
CUST11643,55,Male,Erode,Freelancer,596900.0,2025-02-02,Premium,Middle Age,Medium
CUST11644,48,Female,Tirunelveli,Salaried,626000.0,2026-02-01,Premium,Middle Age,Medium
CUST11645,28,Male,Chennai,Salaried,184000.0,2021-02-14,Mass Market,Adult,Low
CUST11646,50,Female,Trichy,Salaried,680600.0,2025-08-19,Affluent,Middle Age,Medium
CUST11647,33,Male,Pune,Self-Employed,1003400.0,2021-07-16,Mass Market,Adult,High
CUST11648,29,Male,Tirunelveli,Salaried,160800.0,2024-10-15,Mass Market,Adult,Low
CUST11649,56,Female,Tirunelveli,Salaried,490700.0,2025-10-16,Mass Market,Middle Age,Medium
CUST11650,50,Male,Madurai,Business Owner,478100.0,2023-12-22,Affluent,Middle Age,Medium
CUST11651,29,Male,Mumbai,Self-Employed,446000.0,2023-06-21,Premium,Adult,Medium
CUST11652,36,Female,Madurai,Salaried,442900.0,2023-07-25,Young Adult,Adult,Medium
CUST11653,48,Female,Hyderabad,Self-Employed,452400.0,2023-04-13,Mass Market,Middle Age,Medium
CUST11654,37,Female,Pune,Salaried,417200.0,2026-03-23,Affluent,Adult,Low
CUST11655,35,Female,Mumbai,Freelancer,429200.0,2022-11-14,Young Adult,Adult,Low
CUST11656,25,Male,Tirunelveli,Student,643800.0,2025-05-12,Mass Market,Young Adult,Medium
CUST11657,36,Male,Vellore,Self-Employed,1194600.0,2026-06-07,Affluent,Adult,High
CUST11658,52,Female,Mumbai,Salaried,451600.0,2026-03-19,Mass Market,Middle Age,Medium
CUST11659,36,Male,Trichy,Retired,366700.0,2022-03-24,Young Adult,Adult,Low
CUST11660,36,Female,Mumbai,Freelancer,75500.0,2021-02-11,Young Adult,Adult,Low
CUST11661,39,Other,Bengaluru,Student,224100.0,2025-07-02,Mass Market,Adult,Low
CUST11662,36,Male,Trichy,Salaried,425600.0,2024-02-27,Mass Market,Adult,Low
CUST11663,45,Male,Delhi,Freelancer,320400.0,2023-11-09,Mass Market,Middle Age,Low
CUST11664,40,Male,Trichy,Student,1231800.0,2024-03-18,Mass Market,Adult,High
CUST11665,34,Female,Trichy,Self-Employed,646900.0,2025-06-25,Mass Market,Adult,Medium
CUST11666,18,Male,Mumbai,Salaried,583500.0,2024-06-03,Mass Market,Young Adult,Medium
CUST11667,57,Male,Chennai,Student,568700.0,2021-07-03,Affluent,Middle Age,Medium
CUST11668,31,Male,Tirunelveli,Salaried,167200.0,2023-09-27,Mass Market,Adult,Low
CUST11669,39,Female,Vellore,Self-Employed,337600.0,2026-02-26,Mass Market,Adult,Low
CUST11670,37,Male,Thanjavur,Business Owner,315900.0,2023-01-02,Affluent,Adult,Low
CUST11671,36,Female,Pune,Retired,1537200.0,2021-04-20,Mass Market,Adult,High
CUST11672,53,Male,Madurai,Salaried,243200.0,2024-07-07,Mass Market,Middle Age,Low
CUST11673,18,Male,Trichy,Salaried,553450.0,2025-09-05,Mass Market,Young Adult,Medium
CUST11674,40,Male,Kochi,Self-Employed,456900.0,2023-09-28,Affluent,Adult,Medium
CUST11675,31,Male,Hyderabad,Self-Employed,454300.0,2022-06-07,Mass Market,Adult,Medium
CUST11676,33,Female,Kochi,Salaried,238000.0,2025-09-20,Young Adult,Adult,Low
CUST11677,23,Male,Chennai,Student,760800.0,2025-05-13,Young Adult,Young Adult,High
CUST11678,39,Female,Thanjavur,Freelancer,167900.0,2021-01-17,Premium,Adult,Low
CUST11679,42,Male,Salem,Business Owner,454000.0,2026-05-10,Premium,Middle Age,Medium
CUST11680,25,Other,Hyderabad,Freelancer,637100.0,2024-10-20,Premium,Young Adult,Medium
CUST11681,45,Male,Bengaluru,Salaried,718400.0,2025-05-12,Premium,Middle Age,High
CUST11682,36,Male,Mumbai,Business Owner,472800.0,2025-04-13,Young Adult,Adult,Medium
CUST11683,36,Male,Trichy,Salaried,306200.0,2024-12-20,Premium,Adult,Low
CUST11684,32,Male,Delhi,Salaried,828000.0,2021-11-23,Mass Market,Adult,High
CUST11685,23,Female,Thanjavur,Salaried,481000.0,2025-08-03,Premium,Young Adult,Medium
CUST11686,70,Male,Erode,Student,317500.0,2024-05-22,Affluent,Senior,Low
CUST11687,57,Male,Kochi,Freelancer,674800.0,2021-08-27,Young Adult,Middle Age,Medium
CUST11688,28,Male,Kochi,Self-Employed,956900.0,2026-08-09,Affluent,Adult,High
CUST11689,18,Male,Coimbatore,Business Owner,1616500.0,2022-12-18,Mass Market,Young Adult,High
CUST11690,53,Male,Delhi,Student,305600.0,2021-07-02,Affluent,Middle Age,Low
CUST11691,42,Male,Delhi,Self-Employed,903300.0,2023-10-17,Affluent,Middle Age,High
CUST11692,24,Male,Mumbai,Salaried,230200.0,2025-10-31,Mass Market,Young Adult,Low
CUST11693,33,Female,Erode,Salaried,409000.0,2022-12-02,Premium,Adult,Low
CUST11694,31,Male,Chennai,Salaried,536400.0,2023-01-11,Mass Market,Adult,Medium
CUST11695,41,Male,Kochi,Salaried,479800.0,2021-05-19,Young Adult,Middle Age,Medium
CUST11696,39,Female,Pune,Salaried,1587100.0,2025-12-14,Mass Market,Adult,High
CUST11697,20,Female,Bengaluru,Retired,579900.0,2025-08-06,Premium,Young Adult,Medium
CUST11698,36,Female,Pune,Retired,528900.0,2024-09-22,Mass Market,Adult,Medium
CUST11699,22,Female,Vellore,Salaried,501600.0,2023-10-14,Premium,Young Adult,Medium
CUST11700,40,Female,Pune,Salaried,606600.0,2026-08-01,Premium,Adult,Medium
CUST11701,35,Female,Delhi,Student,289300.0,2021-12-29,Mass Market,Adult,Low
CUST11702,30,Male,Tirunelveli,Salaried,717700.0,2022-04-06,Young Adult,Adult,High
CUST11703,36,Male,Delhi,Freelancer,360300.0,2021-01-28,Mass Market,Adult,Low
CUST11704,32,Male,Erode,Self-Employed,714300.0,2021-04-17,Mass Market,Adult,High
CUST11705,32,Male,Trichy,Self-Employed,362400.0,2026-08-10,Affluent,Adult,Low
CUST11706,41,Female,Vellore,Self-Employed,666100.0,2025-07-28,Premium,Middle Age,Medium
CUST11707,39,Male,Salem,Retired,228600.0,2021-04-02,Mass Market,Adult,Low
CUST11708,44,Female,Delhi,Student,113900.0,2021-05-01,Affluent,Middle Age,Low
CUST11709,53,Female,Chennai,Salaried,306000.0,2022-12-23,Affluent,Middle Age,Low
CUST11710,38,Male,Delhi,Salaried,796500.0,2022-06-08,Mass Market,Adult,High
CUST11711,24,Male,Kochi,Freelancer,357600.0,2022-11-16,Affluent,Young Adult,Low
CUST11712,43,Male,Coimbatore,Retired,564400.0,2021-02-21,Mass Market,Middle Age,Medium
CUST11713,53,Female,Mumbai,Self-Employed,791100.0,2026-07-14,Premium,Middle Age,High
CUST11714,41,Male,Vellore,Freelancer,1987300.0,2021-03-11,Mass Market,Middle Age,High
CUST11715,23,Female,Hyderabad,Freelancer,194700.0,2021-12-25,Mass Market,Young Adult,Low
CUST11716,37,Female,Erode,Self-Employed,357300.0,2025-10-05,Mass Market,Adult,Low
CUST11717,32,Female,Pune,Retired,313100.0,2022-08-17,Affluent,Adult,Low
CUST11718,33,Male,Kochi,Self-Employed,1419300.0,2023-12-06,Mass Market,Adult,High
CUST11719,38,Female,Tirunelveli,Freelancer,474800.0,2024-07-03,Mass Market,Adult,Medium
CUST11720,34,Female,Salem,Salaried,177700.0,2023-02-03,Mass Market,Adult,Low
CUST11721,35,Male,Mumbai,Salaried,489300.0,2026-08-03,Mass Market,Adult,Medium
CUST11722,23,Other,Vellore,Retired,523400.0,2022-08-11,Affluent,Young Adult,Medium
CUST11723,49,Male,Hyderabad,Business Owner,568100.0,2021-07-29,Affluent,Middle Age,Medium
CUST11724,28,Female,Madurai,Student,408100.0,2025-04-03,Premium,Adult,Low
CUST11725,47,Male,Hyderabad,Self-Employed,293300.0,2022-09-20,Young Adult,Middle Age,Low
CUST11726,38,Female,Kochi,Salaried,138500.0,2024-02-07,Affluent,Adult,Low
CUST11727,45,Male,Tirunelveli,Self-Employed,554600.0,2023-12-28,Mass Market,Middle Age,Medium
CUST11728,23,Female,Trichy,Student,484400.0,2023-06-10,Mass Market,Young Adult,Medium
CUST11729,29,Male,Salem,Retired,916000.0,2021-09-14,Affluent,Adult,High
CUST11730,35,Male,Coimbatore,Self-Employed,530500.0,2026-03-28,Mass Market,Adult,Medium
CUST11731,30,Male,Hyderabad,Salaried,276100.0,2025-12-04,Mass Market,Adult,Low
CUST11732,33,Male,Mumbai,Self-Employed,822800.0,2024-01-24,Affluent,Adult,High
CUST11733,25,Male,Tirunelveli,Salaried,236800.0,2025-10-07,Mass Market,Young Adult,Low
CUST11734,36,Male,Kochi,Business Owner,575900.0,2025-04-26,Premium,Adult,Medium
CUST11735,34,Female,Pune,Salaried,737900.0,2024-01-17,Affluent,Adult,High
CUST11736,34,Male,Tirunelveli,Student,680900.0,2023-05-11,Mass Market,Adult,Medium
CUST11737,30,Male,Pune,Self-Employed,368400.0,2022-11-10,Affluent,Adult,Low
CUST11738,40,Female,Kochi,Self-Employed,745400.0,2023-05-01,Premium,Adult,High
CUST11739,41,Other,Vellore,Student,985400.0,2022-04-08,Premium,Middle Age,High
CUST11740,26,Male,Delhi,Salaried,507500.0,2025-11-05,Mass Market,Adult,Medium
CUST11741,46,Male,Chennai,Self-Employed,459000.0,2026-04-28,Young Adult,Middle Age,Medium
CUST11742,28,Male,Tirunelveli,Student,755200.0,2025-12-06,Affluent,Adult,High
CUST11743,25,Female,Delhi,Business Owner,689300.0,2026-01-08,Mass Market,Young Adult,Medium
CUST11744,36,Female,Thanjavur,Business Owner,534600.0,2022-10-11,Mass Market,Adult,Medium
CUST11745,33,Male,Madurai,Student,402100.0,2021-12-13,Mass Market,Adult,Low
CUST11746,52,Male,Hyderabad,Self-Employed,283200.0,2024-03-19,Mass Market,Middle Age,Low
CUST11747,22,Male,Mumbai,Salaried,581400.0,2022-01-11,Mass Market,Young Adult,Medium
CUST11748,25,Female,Pune,Salaried,426200.0,2025-03-06,Mass Market,Young Adult,Low
CUST11749,32,Male,Delhi,Salaried,609500.0,2023-06-04,Mass Market,Adult,Medium
CUST11750,33,Male,Salem,Self-Employed,473200.0,2024-04-02,Premium,Adult,Medium
CUST11751,30,Male,Tirunelveli,Salaried,289200.0,2024-05-11,Mass Market,Adult,Low
CUST11752,47,Male,Vellore,Salaried,587800.0,2025-12-16,Mass Market,Middle Age,Medium
CUST11753,28,Female,Tirunelveli,Student,178800.0,2025-06-03,Premium,Adult,Low
CUST11754,28,Female,Salem,Business Owner,685300.0,2025-12-05,Premium,Adult,Medium
CUST11755,22,Female,Hyderabad,Self-Employed,644100.0,2022-06-30,Affluent,Young Adult,Medium
CUST11756,52,Female,Thanjavur,Salaried,560200.0,2024-12-08,Affluent,Middle Age,Medium
CUST11757,38,Male,Pune,Freelancer,604200.0,2022-12-07,Young Adult,Adult,Medium
CUST11758,24,Male,Coimbatore,Freelancer,497000.0,2021-09-16,Affluent,Young Adult,Medium
CUST11759,48,Female,Trichy,Student,580900.0,2021-05-25,Mass Market,Middle Age,Medium
CUST11760,50,Male,Erode,Self-Employed,420900.0,2023-05-11,Affluent,Middle Age,Low
CUST11761,38,Male,Hyderabad,Retired,2053800.0,2023-06-06,Premium,Adult,High
CUST11762,31,Male,Kochi,Retired,359200.0,2022-11-21,Mass Market,Adult,Low
CUST11763,23,Female,Madurai,Self-Employed,446400.0,2021-10-26,Mass Market,Young Adult,Medium
CUST11764,26,Female,Delhi,Self-Employed,1365900.0,2022-06-06,Mass Market,Adult,High
CUST11765,24,Male,Coimbatore,Student,632200.0,2025-11-05,Mass Market,Young Adult,Medium
CUST11766,34,Female,Trichy,Retired,321100.0,2025-06-11,Premium,Adult,Low
CUST11767,35,Female,Hyderabad,Salaried,324100.0,2025-09-03,Affluent,Adult,Low
CUST11768,32,Male,Mumbai,Business Owner,377600.0,2022-10-06,Mass Market,Adult,Low
CUST11769,37,Male,Chennai,Salaried,861600.0,2022-11-13,Mass Market,Adult,High
CUST11770,49,Female,Chennai,Salaried,1290800.0,2026-03-22,Mass Market,Middle Age,High
CUST11771,41,Female,Bengaluru,Business Owner,1279500.0,2022-01-03,Mass Market,Middle Age,High
CUST11772,18,Male,Pune,Salaried,357800.0,2023-06-21,Mass Market,Young Adult,Low
CUST11773,28,Male,Kochi,Salaried,803700.0,2023-02-12,Mass Market,Adult,High
CUST11774,50,Other,Pune,Student,479800.0,2022-05-02,Affluent,Middle Age,Medium
CUST11775,27,Male,Vellore,Salaried,1571800.0,2022-12-06,Mass Market,Adult,High
CUST11776,48,Male,Bengaluru,Self-Employed,3948400.0,2024-01-24,Affluent,Middle Age,High
CUST11777,39,Male,Salem,Salaried,486500.0,2026-06-26,Affluent,Adult,Medium
CUST11778,44,Male,Bengaluru,Self-Employed,1032600.0,2022-01-07,Mass Market,Middle Age,High
CUST11779,29,Male,Salem,Salaried,983900.0,2025-03-02,Premium,Adult,High
CUST11780,30,Male,Thanjavur,Student,331100.0,2021-04-23,Mass Market,Adult,Low
CUST11781,18,Female,Chennai,Salaried,812100.0,2022-06-05,Mass Market,Young Adult,High
CUST11782,48,Male,Salem,Business Owner,261900.0,2025-03-12,Mass Market,Middle Age,Low
CUST11783,49,Male,Mumbai,Salaried,950800.0,2022-09-05,Affluent,Middle Age,High
CUST11784,24,Female,Hyderabad,Business Owner,508900.0,2023-01-12,Mass Market,Young Adult,Medium
CUST11785,26,Female,Vellore,Business Owner,497100.0,2021-08-18,Premium,Adult,Medium
CUST11786,44,Male,Madurai,Freelancer,596100.0,2026-07-04,Mass Market,Middle Age,Medium
CUST11787,60,Female,Kochi,Self-Employed,182100.0,2024-04-19,Mass Market,Middle Age,Low
CUST11788,64,Male,Trichy,Retired,2264400.0,2022-12-02,Mass Market,Senior,High
CUST11789,20,Female,Trichy,Student,865500.0,2024-10-09,Young Adult,Young Adult,High
CUST11790,55,Female,Trichy,Business Owner,179200.0,2025-04-28,Young Adult,Middle Age,Low
CUST11791,31,Female,Thanjavur,Salaried,110400.0,2024-08-08,Affluent,Adult,Low
CUST11792,41,Male,Thanjavur,Salaried,376000.0,2026-07-25,Premium,Middle Age,Low
CUST11793,34,Male,Tirunelveli,Salaried,217100.0,2023-02-15,Affluent,Adult,Low
CUST11794,20,Female,Coimbatore,Retired,859800.0,2026-04-08,Young Adult,Young Adult,High
CUST11795,26,Female,Bengaluru,Salaried,2039800.0,2022-02-04,Mass Market,Adult,High
CUST11796,54,Female,Erode,Salaried,1663400.0,2026-06-20,Mass Market,Middle Age,High
CUST11797,41,Male,Kochi,Student,416200.0,2025-07-14,Young Adult,Middle Age,Low
CUST11798,18,Female,Thanjavur,Self-Employed,218200.0,2023-06-09,Mass Market,Young Adult,Low
CUST11799,42,Female,Hyderabad,Business Owner,501700.0,2024-04-30,Mass Market,Middle Age,Medium
CUST11800,52,Female,Hyderabad,Student,476900.0,2024-08-29,Affluent,Middle Age,Medium
CUST11801,34,Male,Tirunelveli,Business Owner,573100.0,2022-09-09,Affluent,Adult,Medium
CUST11802,54,Male,Kochi,Salaried,378300.0,2025-10-27,Affluent,Middle Age,Low
CUST11803,37,Male,Madurai,Student,440200.0,2021-05-22,Affluent,Adult,Medium
CUST11804,29,Male,Madurai,Business Owner,806400.0,2025-10-16,Affluent,Adult,High
CUST11805,41,Female,Thanjavur,Student,895900.0,2023-11-26,Affluent,Middle Age,High
CUST11806,33,Female,Vellore,Retired,299800.0,2024-07-12,Mass Market,Adult,Low
CUST11807,28,Female,Madurai,Self-Employed,497400.0,2021-01-16,Mass Market,Adult,Medium
CUST11808,38,Other,Madurai,Salaried,699900.0,2021-10-17,Mass Market,Adult,Medium
CUST11809,36,Male,Bengaluru,Freelancer,1352600.0,2021-11-15,Young Adult,Adult,High
CUST11810,50,Male,Coimbatore,Freelancer,1788900.0,2024-04-14,Mass Market,Middle Age,High
CUST11811,21,Female,Vellore,Self-Employed,1364800.0,2025-03-16,Premium,Young Adult,High
CUST11812,19,Female,Madurai,Self-Employed,408700.0,2024-03-21,Affluent,Young Adult,Low
CUST11813,31,Female,Tirunelveli,Salaried,2009100.0,2025-08-10,Mass Market,Adult,High
CUST11814,30,Male,Mumbai,Salaried,866200.0,2021-05-14,Mass Market,Adult,High
CUST11815,37,Male,Hyderabad,Self-Employed,558100.0,2025-10-28,Affluent,Adult,Medium
CUST11816,35,Female,Delhi,Self-Employed,904000.0,2025-01-17,Mass Market,Adult,High
CUST11817,31,Male,Trichy,Student,622700.0,2024-03-10,Affluent,Adult,Medium
CUST11818,23,Male,Bengaluru,Self-Employed,141600.0,2024-09-10,Affluent,Young Adult,Low
CUST11819,46,Other,Thanjavur,Salaried,1066800.0,2021-07-08,Affluent,Middle Age,High
CUST11820,36,Female,Delhi,Salaried,534700.0,2021-04-25,Mass Market,Adult,Medium
CUST11821,19,Male,Bengaluru,Business Owner,518400.0,2026-02-21,Mass Market,Young Adult,Medium
CUST11822,43,Male,Delhi,Salaried,543800.0,2024-01-05,Mass Market,Middle Age,Medium
CUST11823,45,Male,Erode,Student,666600.0,2024-08-17,Mass Market,Middle Age,Medium
CUST11824,36,Male,Chennai,Student,189600.0,2022-04-18,Mass Market,Adult,Low
CUST11825,41,Female,Trichy,Salaried,356300.0,2024-03-10,Mass Market,Middle Age,Low
CUST11826,44,Male,Thanjavur,Business Owner,318600.0,2022-04-25,Mass Market,Middle Age,Low
CUST11827,26,Male,Bengaluru,Self-Employed,788800.0,2021-01-04,Young Adult,Adult,High
CUST11828,32,Male,Tirunelveli,Salaried,839000.0,2022-04-02,Mass Market,Adult,High
CUST11829,58,Male,Tirunelveli,Salaried,531200.0,2023-04-29,Mass Market,Middle Age,Medium
CUST11830,21,Female,Hyderabad,Salaried,1480000.0,2023-09-03,Affluent,Young Adult,High
CUST11831,39,Male,Madurai,Salaried,327000.0,2021-09-20,Affluent,Adult,Low
CUST11832,19,Female,Thanjavur,Salaried,795500.0,2025-03-08,Affluent,Young Adult,High
CUST11833,45,Male,Thanjavur,Self-Employed,682100.0,2025-10-22,Mass Market,Middle Age,Medium
CUST11834,48,Male,Kochi,Salaried,496200.0,2021-06-24,Mass Market,Middle Age,Medium
CUST11835,49,Male,Coimbatore,Salaried,1007400.0,2023-11-23,Mass Market,Middle Age,High
CUST11836,36,Male,Salem,Self-Employed,3546200.0,2021-04-30,Mass Market,Adult,High
CUST11837,37,Male,Erode,Student,1737300.0,2023-03-23,Affluent,Adult,High
CUST11838,31,Female,Coimbatore,Salaried,615500.0,2026-03-17,Mass Market,Adult,Medium
CUST11839,38,Female,Vellore,Self-Employed,387600.0,2021-10-21,Affluent,Adult,Low
CUST11840,46,Female,Madurai,Business Owner,934000.0,2024-09-20,Affluent,Middle Age,High
CUST11841,19,Male,Erode,Freelancer,884700.0,2025-09-21,Affluent,Young Adult,High
CUST11842,50,Female,Hyderabad,Student,1110500.0,2021-09-22,Affluent,Middle Age,High
CUST11843,34,Male,Thanjavur,Business Owner,575700.0,2021-03-05,Mass Market,Adult,Medium
CUST11844,29,Female,Madurai,Freelancer,566300.0,2021-10-16,Mass Market,Adult,Medium
CUST11845,45,Male,Delhi,Freelancer,749100.0,2021-09-13,Mass Market,Middle Age,High
CUST11846,37,Female,Hyderabad,Salaried,473300.0,2022-04-15,Premium,Adult,Medium
CUST11847,39,Female,Trichy,Business Owner,371500.0,2024-10-13,Young Adult,Adult,Low
CUST11848,50,Male,Salem,Business Owner,268700.0,2024-03-16,Premium,Middle Age,Low
CUST11849,19,Female,Thanjavur,Business Owner,926400.0,2023-12-14,Mass Market,Young Adult,High
CUST11850,23,Male,Chennai,Salaried,764600.0,2024-06-18,Premium,Young Adult,High
CUST11851,22,Male,Vellore,Student,113900.0,2025-04-01,Young Adult,Young Adult,Low
CUST11852,44,Female,Pune,Salaried,478700.0,2021-09-22,Mass Market,Middle Age,Medium
CUST11853,34,Female,Thanjavur,Self-Employed,325900.0,2025-02-10,Mass Market,Adult,Low
CUST11854,42,Male,Kochi,Student,407100.0,2022-02-22,Affluent,Middle Age,Low
CUST11855,36,Male,Tirunelveli,Student,848100.0,2024-12-24,Mass Market,Adult,High
CUST11856,48,Male,Pune,Salaried,205000.0,2026-06-23,Affluent,Middle Age,Low
CUST11857,40,Male,Hyderabad,Business Owner,432600.0,2024-11-28,Mass Market,Adult,Medium
CUST11858,23,Male,Madurai,Business Owner,862700.0,2023-10-11,Affluent,Young Adult,High
CUST11859,21,Male,Delhi,Salaried,913800.0,2022-07-03,Premium,Young Adult,High
CUST11860,48,Female,Trichy,Salaried,229900.0,2021-10-10,Mass Market,Middle Age,Low
CUST11861,29,Female,Delhi,Freelancer,369600.0,2021-07-23,Affluent,Adult,Low
CUST11862,43,Male,Madurai,Self-Employed,3247600.0,2022-12-05,Affluent,Middle Age,High
CUST11863,31,Female,Mumbai,Student,329500.0,2024-12-09,Premium,Adult,Low
CUST11864,28,Female,Erode,Self-Employed,544900.0,2024-04-05,Affluent,Adult,Medium
CUST11865,40,Male,Thanjavur,Self-Employed,633400.0,2021-06-09,Mass Market,Adult,Medium
CUST11866,44,Female,Chennai,Retired,591700.0,2022-11-04,Mass Market,Middle Age,Medium
CUST11867,42,Male,Vellore,Business Owner,402200.0,2021-09-29,Mass Market,Middle Age,Low
CUST11868,38,Female,Trichy,Retired,1403100.0,2021-08-31,Young Adult,Adult,High
CUST11869,45,Male,Vellore,Salaried,584100.0,2024-03-06,Mass Market,Middle Age,Medium
CUST11870,37,Female,Bengaluru,Freelancer,639600.0,2024-09-18,Affluent,Adult,Medium
CUST11871,45,Female,Erode,Salaried,619800.0,2023-10-20,Mass Market,Middle Age,Medium
CUST11872,39,Male,Hyderabad,Salaried,539300.0,2021-11-07,Mass Market,Adult,Medium
CUST11873,40,Male,Erode,Salaried,362100.0,2024-05-09,Young Adult,Adult,Low
CUST11874,51,Male,Hyderabad,Freelancer,911400.0,2023-01-03,Premium,Middle Age,High
CUST11875,35,Male,Vellore,Salaried,261700.0,2023-06-25,Affluent,Adult,Low
CUST11876,26,Female,Kochi,Student,878500.0,2026-06-13,Young Adult,Adult,High
CUST11877,37,Female,Tirunelveli,Retired,222500.0,2023-08-02,Mass Market,Adult,Low
CUST11878,18,Male,Chennai,Student,506900.0,2023-06-02,Affluent,Young Adult,Medium
CUST11879,54,Female,Chennai,Salaried,890600.0,2025-04-16,Mass Market,Middle Age,High
CUST11880,44,Male,Vellore,Freelancer,773500.0,2025-12-27,Young Adult,Middle Age,High
CUST11881,30,Male,Trichy,Salaried,264200.0,2024-07-30,Premium,Adult,Low
CUST11882,51,Male,Tirunelveli,Freelancer,338900.0,2022-01-29,Mass Market,Middle Age,Low
CUST11883,68,Male,Vellore,Salaried,540400.0,2025-09-07,Premium,Senior,Medium
CUST11884,29,Male,Erode,Salaried,981600.0,2024-08-30,Mass Market,Adult,High
CUST11885,30,Male,Bengaluru,Salaried,475300.0,2024-03-27,Mass Market,Adult,Medium
CUST11886,44,Female,Thanjavur,Freelancer,461300.0,2022-08-02,Mass Market,Middle Age,Medium
CUST11887,18,Female,Coimbatore,Retired,477600.0,2024-01-06,Mass Market,Young Adult,Medium
CUST11888,57,Female,Madurai,Freelancer,781500.0,2026-03-06,Mass Market,Middle Age,High
CUST11889,31,Male,Madurai,Salaried,350100.0,2024-05-28,Premium,Adult,Low
CUST11890,34,Male,Coimbatore,Salaried,456100.0,2023-12-24,Mass Market,Adult,Medium
CUST11891,38,Female,Tirunelveli,Self-Employed,906400.0,2021-02-17,Young Adult,Adult,High
CUST11892,33,Female,Pune,Freelancer,1579400.0,2024-09-27,Mass Market,Adult,High
CUST11893,27,Female,Salem,Salaried,1178600.0,2023-12-30,Mass Market,Adult,High
CUST11894,36,Female,Pune,Salaried,157100.0,2021-07-05,Affluent,Adult,Low
CUST11895,45,Male,Mumbai,Student,569100.0,2025-03-31,Mass Market,Middle Age,Medium
CUST11896,29,Male,Trichy,Freelancer,1516600.0,2025-02-21,Mass Market,Adult,High
CUST11897,36,Male,Erode,Student,944600.0,2025-02-05,Mass Market,Adult,High
CUST11898,26,Other,Hyderabad,Salaried,844900.0,2024-12-20,Young Adult,Adult,High
CUST11899,35,Male,Madurai,Freelancer,240700.0,2025-11-27,Mass Market,Adult,Low
CUST11900,34,Female,Tirunelveli,Student,576600.0,2022-07-19,Mass Market,Adult,Medium
CUST11901,35,Male,Madurai,Business Owner,368800.0,2024-09-05,Affluent,Adult,Low
CUST11902,35,Female,Delhi,Freelancer,211800.0,2023-01-13,Mass Market,Adult,Low
CUST11903,35,Male,Vellore,Retired,955900.0,2024-01-21,Affluent,Adult,High
CUST11904,27,Female,Vellore,Student,1623600.0,2024-08-16,Mass Market,Adult,High
CUST11905,18,Male,Thanjavur,Self-Employed,251600.0,2025-11-17,Mass Market,Young Adult,Low
CUST11906,40,Male,Coimbatore,Salaried,553450.0,2021-11-07,Mass Market,Adult,Medium
CUST11907,29,Male,Erode,Self-Employed,216600.0,2025-09-23,Mass Market,Adult,Low
CUST11908,34,Male,Hyderabad,Business Owner,1308300.0,2023-05-29,Mass Market,Adult,High
CUST11909,18,Female,Kochi,Salaried,478200.0,2023-12-08,Mass Market,Young Adult,Medium
CUST11910,37,Female,Vellore,Salaried,1317600.0,2021-04-29,Premium,Adult,High
CUST11911,25,Male,Trichy,Student,237300.0,2024-11-10,Mass Market,Young Adult,Low
CUST11912,51,Male,Thanjavur,Salaried,292800.0,2025-06-23,Affluent,Middle Age,Low
CUST11913,41,Female,Chennai,Salaried,712300.0,2021-11-30,Mass Market,Middle Age,Medium
CUST11914,55,Female,Hyderabad,Salaried,616000.0,2023-06-06,Mass Market,Middle Age,Medium
CUST11915,23,Male,Mumbai,Salaried,326000.0,2025-03-01,Mass Market,Young Adult,Low
CUST11916,29,Female,Pune,Salaried,818900.0,2026-07-20,Young Adult,Adult,High
CUST11917,39,Male,Delhi,Self-Employed,215200.0,2025-01-21,Premium,Adult,Low
CUST11918,48,Female,Erode,Salaried,724500.0,2021-04-05,Affluent,Middle Age,High
CUST11919,32,Other,Tirunelveli,Business Owner,1046800.0,2025-08-08,Affluent,Adult,High
CUST11920,39,Female,Trichy,Freelancer,385500.0,2024-03-20,Mass Market,Adult,Low
CUST11921,29,Male,Madurai,Salaried,529600.0,2022-10-08,Mass Market,Adult,Medium
CUST11922,28,Male,Thanjavur,Business Owner,215400.0,2025-08-25,Mass Market,Adult,Low
CUST11923,22,Male,Thanjavur,Salaried,341400.0,2025-04-30,Mass Market,Young Adult,Low
CUST11924,54,Male,Salem,Salaried,553450.0,2022-05-10,Mass Market,Middle Age,Medium
CUST11925,26,Male,Vellore,Salaried,440600.0,2024-06-11,Affluent,Adult,Medium
CUST11926,26,Male,Hyderabad,Salaried,559000.0,2023-05-07,Mass Market,Adult,Medium
CUST11927,29,Male,Mumbai,Salaried,1096800.0,2023-10-06,Mass Market,Adult,High
CUST11928,28,Female,Trichy,Self-Employed,242500.0,2021-11-02,Affluent,Adult,Low
CUST11929,40,Female,Salem,Salaried,385400.0,2026-03-25,Affluent,Adult,Low
CUST11930,20,Female,Salem,Self-Employed,354000.0,2021-12-01,Premium,Young Adult,Low
CUST11931,24,Female,Madurai,Salaried,736500.0,2024-01-25,Mass Market,Young Adult,High
CUST11932,18,Female,Vellore,Salaried,811200.0,2023-06-28,Mass Market,Young Adult,High
CUST11933,35,Other,Mumbai,Salaried,681900.0,2021-04-26,Mass Market,Adult,Medium
CUST11934,30,Male,Madurai,Salaried,285000.0,2026-07-08,Mass Market,Adult,Low
CUST11935,18,Female,Vellore,Business Owner,358300.0,2024-01-27,Affluent,Young Adult,Low
CUST11936,21,Female,Bengaluru,Salaried,192100.0,2026-03-01,Mass Market,Young Adult,Low
CUST11937,34,Male,Thanjavur,Salaried,137000.0,2026-01-22,Affluent,Adult,Low
CUST11938,44,Female,Salem,Freelancer,298600.0,2025-12-22,Premium,Middle Age,Low
CUST11939,42,Male,Kochi,Business Owner,1165000.0,2025-04-30,Mass Market,Middle Age,High
CUST11940,43,Male,Hyderabad,Salaried,817900.0,2023-03-08,Mass Market,Middle Age,High
CUST11941,40,Male,Kochi,Salaried,602800.0,2025-07-14,Mass Market,Adult,Medium
CUST11942,28,Male,Salem,Retired,620400.0,2021-10-24,Affluent,Adult,Medium
CUST11943,33,Male,Madurai,Salaried,159800.0,2021-02-15,Mass Market,Adult,Low
CUST11944,40,Male,Chennai,Salaried,596600.0,2024-06-16,Mass Market,Adult,Medium
CUST11945,27,Female,Mumbai,Salaried,545100.0,2024-01-18,Mass Market,Adult,Medium
CUST11946,38,Male,Trichy,Salaried,827300.0,2021-11-04,Mass Market,Adult,High
CUST11947,55,Male,Pune,Salaried,1179800.0,2025-11-01,Young Adult,Middle Age,High
CUST11948,28,Male,Coimbatore,Self-Employed,901000.0,2021-10-04,Mass Market,Adult,High
CUST11949,49,Female,Salem,Freelancer,212400.0,2023-08-03,Affluent,Middle Age,Low
CUST11950,24,Male,Bengaluru,Salaried,451700.0,2023-11-02,Young Adult,Young Adult,Medium
CUST11951,42,Female,Salem,Salaried,1073200.0,2021-07-07,Affluent,Middle Age,High
CUST11952,18,Male,Chennai,Self-Employed,741700.0,2025-10-12,Mass Market,Young Adult,High
CUST11953,20,Female,Kochi,Salaried,1000100.0,2024-07-10,Mass Market,Young Adult,High
CUST11954,43,Male,Vellore,Freelancer,3178500.0,2025-09-30,Mass Market,Middle Age,High
CUST11955,54,Male,Tirunelveli,Salaried,1503400.0,2023-07-22,Mass Market,Middle Age,High
CUST11956,43,Female,Madurai,Freelancer,1650600.0,2022-03-05,Mass Market,Middle Age,High
CUST11957,42,Female,Tirunelveli,Salaried,1022800.0,2024-01-13,Mass Market,Middle Age,High
CUST11958,49,Male,Thanjavur,Self-Employed,1025100.0,2023-02-11,Mass Market,Middle Age,High
CUST11959,47,Male,Delhi,Salaried,470300.0,2025-01-19,Mass Market,Middle Age,Medium
CUST11960,37,Female,Erode,Freelancer,530900.0,2024-02-04,Premium,Adult,Medium
CUST11961,41,Male,Pune,Retired,1560300.0,2025-07-10,Mass Market,Middle Age,High
CUST11962,39,Female,Tirunelveli,Freelancer,503400.0,2022-03-30,Affluent,Adult,Medium
CUST11963,42,Female,Salem,Self-Employed,1082900.0,2021-09-05,Mass Market,Middle Age,High
CUST11964,42,Other,Mumbai,Self-Employed,254600.0,2026-01-03,Young Adult,Middle Age,Low
CUST11965,26,Female,Mumbai,Business Owner,1124400.0,2024-12-04,Young Adult,Adult,High
CUST11966,37,Male,Erode,Salaried,944500.0,2025-04-15,Young Adult,Adult,High
CUST11967,28,Female,Thanjavur,Student,891500.0,2025-12-01,Affluent,Adult,High
CUST11968,22,Male,Thanjavur,Salaried,875200.0,2022-04-08,Affluent,Young Adult,High
CUST11969,52,Male,Vellore,Business Owner,320100.0,2026-07-25,Mass Market,Middle Age,Low
CUST11970,28,Male,Pune,Retired,528200.0,2022-08-19,Affluent,Adult,Medium
CUST11971,49,Female,Thanjavur,Salaried,564100.0,2024-02-19,Mass Market,Middle Age,Medium
CUST11972,43,Female,Pune,Self-Employed,894000.0,2025-05-08,Mass Market,Middle Age,High
CUST11973,43,Female,Vellore,Salaried,508200.0,2025-06-25,Mass Market,Middle Age,Medium
CUST11974,43,Female,Bengaluru,Salaried,553450.0,2024-04-27,Young Adult,Middle Age,Medium
CUST11975,23,Female,Erode,Salaried,821700.0,2021-11-15,Affluent,Young Adult,High
CUST11976,58,Female,Mumbai,Salaried,763700.0,2022-11-30,Premium,Middle Age,High
CUST11977,46,Male,Madurai,Salaried,1173700.0,2022-08-24,Affluent,Middle Age,High
CUST11978,43,Female,Bengaluru,Self-Employed,430100.0,2021-02-22,Affluent,Middle Age,Low
CUST11979,31,Female,Madurai,Salaried,553450.0,2023-01-30,Mass Market,Adult,Medium
CUST11980,47,Male,Trichy,Salaried,502600.0,2026-08-11,Mass Market,Middle Age,Medium
CUST11981,28,Female,Chennai,Salaried,1160700.0,2024-01-05,Mass Market,Adult,High
CUST11982,45,Male,Salem,Salaried,415000.0,2024-10-12,Mass Market,Middle Age,Low
CUST11983,38,Male,Erode,Self-Employed,382600.0,2022-06-10,Affluent,Adult,Low
CUST11984,22,Female,Erode,Self-Employed,730400.0,2024-09-22,Mass Market,Young Adult,High
CUST11985,49,Male,Vellore,Student,379300.0,2021-04-01,Affluent,Middle Age,Low
CUST11986,30,Female,Vellore,Student,230200.0,2022-10-06,Mass Market,Adult,Low
CUST11987,34,Female,Coimbatore,Self-Employed,988000.0,2025-02-13,Premium,Adult,High
CUST11988,27,Other,Pune,Salaried,490300.0,2026-03-24,Young Adult,Adult,Medium
CUST11989,18,Male,Mumbai,Salaried,395200.0,2025-12-24,Premium,Young Adult,Low
CUST11990,30,Male,Madurai,Freelancer,307500.0,2021-09-18,Premium,Adult,Low
CUST11991,26,Male,Trichy,Student,64700.0,2026-06-15,Young Adult,Adult,Low
CUST11992,26,Male,Mumbai,Business Owner,351300.0,2025-04-01,Affluent,Adult,Low
CUST11993,18,Other,Kochi,Salaried,323700.0,2026-07-15,Affluent,Young Adult,Low
CUST11994,42,Female,Mumbai,Salaried,446500.0,2023-11-05,Mass Market,Middle Age,Medium
CUST11995,38,Female,Tirunelveli,Freelancer,1069800.0,2025-07-08,Young Adult,Adult,High
CUST11996,32,Male,Madurai,Self-Employed,735400.0,2022-05-07,Young Adult,Adult,High
CUST11997,26,Male,Tirunelveli,Salaried,223000.0,2026-06-30,Young Adult,Adult,Low
CUST11998,44,Male,Chennai,Student,601600.0,2026-02-21,Affluent,Middle Age,Medium
CUST11999,26,Male,Madurai,Freelancer,584900.0,2024-11-14,Mass Market,Adult,Medium
CUST12000,25,Female,Bengaluru,Business Owner,343600.0,2024-07-20,Mass Market,Young Adult,Low
CUST12001,18,Female,Madurai,Salaried,497800.0,2026-07-02,Mass Market,Young Adult,Medium
CUST12002,52,Male,Erode,Self-Employed,181000.0,2024-10-20,Affluent,Middle Age,Low
CUST12003,31,Male,Trichy,Salaried,352600.0,2025-08-12,Premium,Adult,Low
CUST12004,45,Male,Delhi,Salaried,200000.0,2025-10-23,Mass Market,Middle Age,Low
CUST12005,40,Male,Coimbatore,Student,324100.0,2021-02-17,Young Adult,Adult,Low
CUST12006,21,Male,Tirunelveli,Salaried,734000.0,2025-03-05,Mass Market,Young Adult,High
CUST12007,37,Male,Hyderabad,Salaried,260500.0,2025-01-12,Affluent,Adult,Low
CUST12008,38,Female,Chennai,Business Owner,489500.0,2024-04-09,Affluent,Adult,Medium
CUST12009,47,Female,Erode,Salaried,295500.0,2023-02-22,Mass Market,Middle Age,Low
CUST12010,34,Female,Chennai,Salaried,980900.0,2025-08-11,Young Adult,Adult,High
CUST12011,37,Male,Hyderabad,Self-Employed,780500.0,2026-06-24,Affluent,Adult,High
CUST12012,31,Male,Tirunelveli,Self-Employed,310600.0,2021-08-30,Affluent,Adult,Low
CUST12013,37,Male,Salem,Salaried,1057200.0,2026-07-17,Mass Market,Adult,High
CUST12014,37,Male,Erode,Student,553450.0,2024-10-20,Premium,Adult,Medium
CUST12015,33,Female,Mumbai,Self-Employed,198800.0,2023-02-09,Mass Market,Adult,Low
CUST12016,48,Male,Salem,Self-Employed,1178000.0,2021-10-13,Premium,Middle Age,High
CUST12017,29,Male,Madurai,Retired,1026800.0,2025-05-24,Young Adult,Adult,High
CUST12018,64,Male,Pune,Student,378400.0,2023-02-07,Mass Market,Senior,Low
CUST12019,37,Male,Kochi,Self-Employed,94800.0,2023-12-07,Mass Market,Adult,Low
CUST12020,19,Female,Tirunelveli,Salaried,980800.0,2024-05-30,Young Adult,Young Adult,High
CUST12021,27,Male,Chennai,Salaried,824400.0,2026-02-09,Mass Market,Adult,High
CUST12022,41,Female,Kochi,Salaried,1204900.0,2021-10-04,Premium,Middle Age,High
CUST12023,38,Female,Madurai,Student,688300.0,2026-06-27,Mass Market,Adult,Medium
CUST12024,35,Male,Bengaluru,Retired,1713100.0,2026-01-29,Premium,Adult,High
CUST12025,32,Male,Thanjavur,Student,399500.0,2023-12-03,Mass Market,Adult,Low
CUST12026,47,Male,Hyderabad,Student,1020200.0,2023-03-28,Mass Market,Middle Age,High
CUST12027,33,Male,Vellore,Salaried,354900.0,2025-07-26,Premium,Adult,Low
CUST12028,29,Male,Madurai,Self-Employed,270200.0,2024-02-15,Mass Market,Adult,Low
CUST12029,43,Female,Vellore,Retired,669600.0,2021-06-22,Premium,Middle Age,Medium
CUST12030,20,Male,Kochi,Salaried,896600.0,2023-03-30,Mass Market,Young Adult,High
CUST12031,30,Female,Mumbai,Self-Employed,285700.0,2022-07-23,Premium,Adult,Low
CUST12032,35,Female,Kochi,Salaried,625800.0,2021-02-23,Mass Market,Adult,Medium
CUST12033,26,Female,Kochi,Salaried,1861200.0,2021-10-20,Premium,Adult,High
CUST12034,59,Male,Delhi,Salaried,561900.0,2021-12-19,Affluent,Middle Age,Medium
CUST12035,36,Female,Salem,Freelancer,677200.0,2025-12-20,Affluent,Adult,Medium
CUST12036,22,Male,Vellore,Salaried,901100.0,2022-12-01,Young Adult,Young Adult,High
CUST12037,34,Male,Salem,Self-Employed,861200.0,2022-07-19,Mass Market,Adult,High
CUST12038,33,Male,Coimbatore,Student,675500.0,2021-08-12,Mass Market,Adult,Medium
CUST12039,28,Male,Pune,Salaried,616400.0,2023-04-18,Mass Market,Adult,Medium
CUST12040,43,Male,Vellore,Salaried,1486700.0,2024-08-31,Mass Market,Middle Age,High
CUST12041,43,Male,Erode,Freelancer,956800.0,2026-02-13,Young Adult,Middle Age,High
CUST12042,36,Male,Bengaluru,Self-Employed,1649300.0,2024-10-27,Premium,Adult,High
CUST12043,41,Female,Salem,Freelancer,1169500.0,2021-05-09,Affluent,Middle Age,High
CUST12044,60,Female,Trichy,Salaried,1165700.0,2024-07-05,Mass Market,Middle Age,High
CUST12045,38,Male,Trichy,Freelancer,553450.0,2021-06-23,Affluent,Adult,Medium
CUST12046,33,Female,Mumbai,Student,152800.0,2026-05-01,Young Adult,Adult,Low
CUST12047,38,Female,Pune,Self-Employed,211800.0,2026-07-07,Affluent,Adult,Low
CUST12048,42,Female,Mumbai,Self-Employed,741700.0,2026-03-28,Mass Market,Middle Age,High
CUST12049,45,Female,Trichy,Freelancer,143300.0,2024-10-15,Mass Market,Middle Age,Low
CUST12050,49,Female,Erode,Business Owner,347600.0,2024-05-22,Young Adult,Middle Age,Low
CUST12051,42,Male,Bengaluru,Self-Employed,411000.0,2024-12-15,Mass Market,Middle Age,Low
CUST12052,51,Female,Delhi,Freelancer,430900.0,2026-04-30,Premium,Middle Age,Low
CUST12053,45,Female,Madurai,Self-Employed,320900.0,2021-12-24,Mass Market,Middle Age,Low
CUST12054,53,Female,Bengaluru,Student,268000.0,2021-05-01,Mass Market,Middle Age,Low
CUST12055,18,Female,Delhi,Salaried,332900.0,2022-04-01,Mass Market,Young Adult,Low
CUST12056,31,Female,Delhi,Salaried,232200.0,2025-04-27,Affluent,Adult,Low
CUST12057,38,Male,Hyderabad,Student,958400.0,2023-01-04,Affluent,Adult,High
CUST12058,26,Male,Hyderabad,Salaried,353700.0,2023-05-26,Mass Market,Adult,Low
CUST12059,35,Female,Salem,Freelancer,359300.0,2023-02-22,Affluent,Adult,Low
CUST12060,35,Female,Vellore,Salaried,1121600.0,2022-07-30,Premium,Adult,High
CUST12061,55,Male,Trichy,Student,966800.0,2026-01-01,Affluent,Middle Age,High
CUST12062,26,Male,Vellore,Salaried,529100.0,2021-12-31,Mass Market,Adult,Medium
CUST12063,30,Female,Delhi,Salaried,676400.0,2026-05-29,Mass Market,Adult,Medium
CUST12064,38,Male,Vellore,Business Owner,1158300.0,2024-02-24,Affluent,Adult,High
CUST12065,23,Female,Tirunelveli,Self-Employed,1310000.0,2024-07-11,Premium,Young Adult,High
CUST12066,46,Female,Trichy,Salaried,392100.0,2022-05-23,Young Adult,Middle Age,Low
CUST12067,32,Male,Kochi,Salaried,553450.0,2024-02-01,Mass Market,Adult,Medium
CUST12068,38,Female,Erode,Salaried,714300.0,2023-05-17,Affluent,Adult,High
CUST12069,18,Male,Thanjavur,Salaried,323800.0,2024-08-01,Affluent,Young Adult,Low
CUST12070,34,Male,Tirunelveli,Self-Employed,211900.0,2022-05-04,Mass Market,Adult,Low
CUST12071,29,Male,Trichy,Salaried,1747800.0,2022-05-01,Mass Market,Adult,High
CUST12072,46,Male,Chennai,Retired,222200.0,2024-08-21,Young Adult,Middle Age,Low
CUST12073,22,Female,Erode,Salaried,602100.0,2023-05-03,Mass Market,Young Adult,Medium
CUST12074,39,Other,Erode,Salaried,130400.0,2026-08-06,Mass Market,Adult,Low
CUST12075,43,Male,Erode,Business Owner,801600.0,2026-01-30,Mass Market,Middle Age,High
CUST12076,39,Male,Kochi,Freelancer,1325700.0,2023-02-14,Affluent,Adult,High
CUST12077,38,Female,Coimbatore,Student,763000.0,2025-07-14,Mass Market,Adult,High
CUST12078,42,Female,Tirunelveli,Self-Employed,583500.0,2025-07-16,Mass Market,Middle Age,Medium
CUST12079,38,Female,Mumbai,Salaried,289700.0,2026-05-23,Mass Market,Adult,Low
CUST12080,34,Male,Chennai,Salaried,355100.0,2024-06-07,Mass Market,Adult,Low
CUST12081,29,Male,Coimbatore,Business Owner,579800.0,2026-06-02,Mass Market,Adult,Medium
CUST12082,27,Male,Salem,Salaried,394300.0,2021-11-06,Affluent,Adult,Low
CUST12083,53,Female,Kochi,Self-Employed,508600.0,2024-06-10,Affluent,Middle Age,Medium
CUST12084,27,Male,Thanjavur,Self-Employed,314600.0,2026-03-30,Affluent,Adult,Low
CUST12085,57,Female,Kochi,Salaried,711100.0,2023-03-12,Premium,Middle Age,Medium
CUST12086,38,Female,Vellore,Self-Employed,1022100.0,2022-07-21,Mass Market,Adult,High
CUST12087,57,Male,Bengaluru,Business Owner,136000.0,2023-07-07,Premium,Middle Age,Low
CUST12088,42,Male,Pune,Salaried,1697700.0,2022-01-09,Mass Market,Middle Age,High
CUST12089,37,Female,Mumbai,Salaried,131800.0,2022-11-09,Mass Market,Adult,Low
CUST12090,46,Male,Salem,Salaried,346000.0,2024-01-13,Premium,Middle Age,Low
CUST12091,53,Male,Delhi,Salaried,711800.0,2025-02-25,Mass Market,Middle Age,Medium
CUST12092,54,Male,Tirunelveli,Salaried,690000.0,2022-07-11,Affluent,Middle Age,Medium
CUST12093,33,Female,Salem,Self-Employed,556400.0,2026-06-22,Affluent,Adult,Medium
CUST12094,61,Male,Pune,Student,1458500.0,2026-05-15,Affluent,Senior,High
CUST12095,27,Female,Trichy,Salaried,921000.0,2022-04-16,Young Adult,Adult,High
CUST12096,56,Male,Mumbai,Self-Employed,566900.0,2023-07-17,Mass Market,Middle Age,Medium
CUST12097,42,Male,Chennai,Freelancer,261700.0,2022-12-13,Affluent,Middle Age,Low
CUST12098,36,Male,Salem,Salaried,1080200.0,2026-01-08,Affluent,Adult,High
CUST12099,29,Female,Trichy,Salaried,684200.0,2024-01-14,Mass Market,Adult,Medium
CUST12100,45,Male,Kochi,Student,664300.0,2023-10-29,Mass Market,Middle Age,Medium
CUST12101,55,Female,Pune,Self-Employed,1146400.0,2021-02-25,Affluent,Middle Age,High
CUST12102,44,Male,Trichy,Salaried,306400.0,2024-04-26,Premium,Middle Age,Low
CUST12103,49,Male,Delhi,Salaried,1174500.0,2023-07-02,Mass Market,Middle Age,High
CUST12104,18,Male,Salem,Business Owner,963200.0,2021-06-12,Young Adult,Young Adult,High
CUST12105,50,Male,Madurai,Student,617500.0,2025-08-31,Young Adult,Middle Age,Medium
CUST12106,35,Male,Madurai,Student,512200.0,2024-02-16,Mass Market,Adult,Medium
CUST12107,19,Female,Erode,Salaried,1460600.0,2022-12-10,Affluent,Young Adult,High
CUST12108,46,Female,Tirunelveli,Retired,1894700.0,2022-10-17,Mass Market,Middle Age,High
CUST12109,51,Other,Pune,Retired,533900.0,2024-06-20,Mass Market,Middle Age,Medium
CUST12110,36,Male,Delhi,Salaried,617200.0,2023-04-22,Premium,Adult,Medium
CUST12111,45,Female,Chennai,Student,588900.0,2022-05-16,Mass Market,Middle Age,Medium
CUST12112,24,Female,Thanjavur,Self-Employed,435100.0,2024-05-13,Mass Market,Young Adult,Medium
CUST12113,22,Male,Mumbai,Freelancer,413700.0,2023-05-18,Affluent,Young Adult,Low
CUST12114,28,Female,Salem,Salaried,414000.0,2023-03-18,Mass Market,Adult,Low
CUST12115,22,Male,Pune,Freelancer,896900.0,2024-10-11,Mass Market,Young Adult,High
CUST12116,55,Male,Tirunelveli,Salaried,206500.0,2022-01-17,Affluent,Middle Age,Low
CUST12117,34,Female,Bengaluru,Student,1394700.0,2023-04-27,Affluent,Adult,High
CUST12118,26,Female,Pune,Salaried,1177800.0,2022-02-19,Mass Market,Adult,High
CUST12119,22,Female,Kochi,Salaried,452000.0,2024-04-02,Affluent,Young Adult,Medium
CUST12120,33,Male,Tirunelveli,Salaried,499200.0,2024-09-29,Mass Market,Adult,Medium
CUST12121,29,Female,Pune,Retired,553450.0,2026-04-28,Mass Market,Adult,Medium
CUST12122,18,Male,Salem,Freelancer,399500.0,2024-03-02,Young Adult,Young Adult,Low
CUST12123,29,Female,Bengaluru,Salaried,341000.0,2024-04-11,Mass Market,Adult,Low
CUST12124,48,Male,Hyderabad,Self-Employed,1078100.0,2021-10-28,Mass Market,Middle Age,High
CUST12125,45,Male,Bengaluru,Salaried,464800.0,2024-08-29,Affluent,Middle Age,Medium
CUST12126,51,Male,Chennai,Salaried,1406700.0,2025-04-15,Premium,Middle Age,High
CUST12127,48,Male,Trichy,Student,780200.0,2025-06-05,Premium,Middle Age,High
CUST12128,39,Female,Chennai,Freelancer,332200.0,2022-11-25,Mass Market,Adult,Low
CUST12129,24,Female,Hyderabad,Salaried,452300.0,2026-04-15,Young Adult,Young Adult,Medium
CUST12130,43,Female,Bengaluru,Self-Employed,480000.0,2021-11-02,Mass Market,Middle Age,Medium
CUST12131,36,Female,Trichy,Salaried,1000500.0,2022-07-13,Premium,Adult,High
CUST12132,39,Female,Chennai,Salaried,671400.0,2025-01-28,Mass Market,Adult,Medium
CUST12133,60,Male,Vellore,Self-Employed,887200.0,2022-09-06,Mass Market,Middle Age,High
CUST12134,45,Male,Vellore,Freelancer,1326900.0,2021-04-08,Young Adult,Middle Age,High
CUST12135,58,Male,Madurai,Salaried,913200.0,2024-05-05,Mass Market,Middle Age,High
CUST12136,29,Female,Delhi,Salaried,829400.0,2022-08-08,Premium,Adult,High
CUST12137,27,Female,Hyderabad,Self-Employed,822600.0,2025-06-08,Mass Market,Adult,High
CUST12138,37,Female,Vellore,Business Owner,1033500.0,2025-02-19,Mass Market,Adult,High
CUST12139,45,Male,Salem,Self-Employed,735400.0,2021-10-12,Affluent,Middle Age,High
CUST12140,39,Female,Chennai,Salaried,525000.0,2021-11-17,Affluent,Adult,Medium
CUST12141,41,Male,Coimbatore,Self-Employed,1265400.0,2025-05-08,Premium,Middle Age,High
CUST12142,58,Male,Mumbai,Student,385000.0,2023-01-07,Premium,Middle Age,Low
CUST12143,41,Female,Pune,Salaried,345600.0,2025-06-01,Mass Market,Middle Age,Low
CUST12144,30,Female,Mumbai,Salaried,522000.0,2024-10-21,Premium,Adult,Medium
CUST12145,35,Male,Trichy,Freelancer,627300.0,2023-08-22,Mass Market,Adult,Medium
CUST12146,53,Female,Coimbatore,Retired,471700.0,2025-01-08,Mass Market,Middle Age,Medium
CUST12147,38,Female,Coimbatore,Salaried,520900.0,2021-08-31,Young Adult,Adult,Medium
CUST12148,36,Female,Vellore,Salaried,261700.0,2022-12-27,Mass Market,Adult,Low
CUST12149,19,Male,Mumbai,Salaried,162800.0,2026-04-19,Mass Market,Young Adult,Low
CUST12150,49,Male,Delhi,Salaried,557100.0,2021-11-02,Mass Market,Middle Age,Medium
CUST12151,38,Male,Vellore,Student,211100.0,2021-07-18,Mass Market,Adult,Low
CUST12152,60,Male,Madurai,Salaried,450400.0,2025-01-18,Mass Market,Middle Age,Medium
CUST12153,46,Male,Coimbatore,Business Owner,245400.0,2022-08-22,Mass Market,Middle Age,Low
CUST12154,57,Female,Trichy,Salaried,1103100.0,2025-06-18,Affluent,Middle Age,High
CUST12155,26,Female,Coimbatore,Student,456400.0,2024-12-20,Mass Market,Adult,Medium
CUST12156,34,Male,Coimbatore,Self-Employed,1269200.0,2024-06-02,Mass Market,Adult,High
CUST12157,31,Male,Madurai,Freelancer,604700.0,2025-10-26,Mass Market,Adult,Medium
CUST12158,54,Female,Chennai,Freelancer,498600.0,2021-03-22,Affluent,Middle Age,Medium
CUST12159,43,Male,Kochi,Business Owner,718900.0,2024-08-17,Premium,Middle Age,High
CUST12160,37,Female,Delhi,Freelancer,1046900.0,2024-11-17,Mass Market,Adult,High
CUST12161,35,Female,Vellore,Student,553450.0,2022-01-18,Mass Market,Adult,Medium
CUST12162,48,Male,Madurai,Retired,553450.0,2023-07-01,Young Adult,Middle Age,Medium
CUST12163,25,Female,Chennai,Salaried,911300.0,2021-07-28,Premium,Young Adult,High
CUST12164,25,Male,Hyderabad,Salaried,1104000.0,2021-03-14,Mass Market,Young Adult,High
CUST12165,30,Female,Bengaluru,Self-Employed,231500.0,2021-05-29,Mass Market,Adult,Low
CUST12166,27,Male,Erode,Retired,709900.0,2026-01-30,Mass Market,Adult,Medium
CUST12167,36,Female,Mumbai,Salaried,821800.0,2021-10-07,Young Adult,Adult,High
CUST12168,19,Female,Madurai,Freelancer,621200.0,2024-07-02,Young Adult,Young Adult,Medium
CUST12169,30,Female,Chennai,Freelancer,402200.0,2025-04-26,Affluent,Adult,Low
CUST12170,49,Female,Chennai,Salaried,806200.0,2024-08-31,Affluent,Middle Age,High
CUST12171,61,Female,Madurai,Salaried,305000.0,2025-02-03,Mass Market,Senior,Low
CUST12172,23,Male,Bengaluru,Salaried,629800.0,2024-09-06,Affluent,Young Adult,Medium
CUST12173,44,Male,Kochi,Salaried,1185700.0,2026-01-16,Young Adult,Middle Age,High
CUST12174,44,Male,Delhi,Salaried,1098600.0,2023-01-02,Premium,Middle Age,High
CUST12175,27,Male,Thanjavur,Freelancer,1469200.0,2022-11-26,Young Adult,Adult,High
CUST12176,35,Male,Thanjavur,Salaried,900400.0,2023-04-22,Mass Market,Adult,High
CUST12177,43,Female,Kochi,Salaried,2157800.0,2024-01-01,Mass Market,Middle Age,High
CUST12178,33,Female,Salem,Salaried,1107000.0,2023-08-04,Mass Market,Adult,High
CUST12179,35,Female,Hyderabad,Salaried,498600.0,2021-07-17,Mass Market,Adult,Medium
CUST12180,45,Male,Pune,Salaried,596100.0,2022-11-28,Mass Market,Middle Age,Medium
CUST12181,22,Male,Pune,Student,445200.0,2022-09-04,Young Adult,Young Adult,Medium
CUST12182,41,Male,Thanjavur,Self-Employed,879100.0,2025-06-27,Mass Market,Middle Age,High
CUST12183,26,Male,Tirunelveli,Self-Employed,325000.0,2024-11-05,Mass Market,Adult,Low
CUST12184,53,Male,Thanjavur,Business Owner,349200.0,2023-11-15,Mass Market,Middle Age,Low
CUST12185,45,Male,Kochi,Self-Employed,586300.0,2021-05-17,Mass Market,Middle Age,Medium
CUST12186,47,Female,Salem,Salaried,749300.0,2022-12-03,Mass Market,Middle Age,High
CUST12187,30,Female,Bengaluru,Salaried,1895000.0,2023-06-20,Young Adult,Adult,High
CUST12188,45,Male,Trichy,Freelancer,112600.0,2023-08-25,Mass Market,Middle Age,Low
CUST12189,22,Male,Mumbai,Salaried,1570300.0,2024-01-01,Mass Market,Young Adult,High
CUST12190,29,Female,Thanjavur,Student,915900.0,2023-05-06,Premium,Adult,High
CUST12191,32,Female,Thanjavur,Freelancer,479400.0,2021-01-02,Young Adult,Adult,Medium
CUST12192,38,Male,Tirunelveli,Student,561800.0,2024-10-26,Mass Market,Adult,Medium
CUST12193,31,Male,Salem,Freelancer,624400.0,2021-01-13,Premium,Adult,Medium
CUST12194,30,Female,Erode,Salaried,694300.0,2025-10-06,Premium,Adult,Medium
CUST12195,53,Male,Delhi,Salaried,496300.0,2022-04-14,Premium,Middle Age,Medium
CUST12196,47,Male,Tirunelveli,Student,196000.0,2022-06-05,Young Adult,Middle Age,Low
CUST12197,51,Male,Mumbai,Retired,585900.0,2022-08-09,Mass Market,Middle Age,Medium
CUST12198,59,Female,Chennai,Salaried,307400.0,2025-12-13,Young Adult,Middle Age,Low
CUST12199,18,Male,Erode,Salaried,391200.0,2025-02-23,Mass Market,Young Adult,Low
CUST12200,34,Male,Madurai,Retired,583500.0,2024-08-24,Affluent,Adult,Medium
CUST12201,56,Male,Erode,Student,599800.0,2023-08-14,Premium,Middle Age,Medium
CUST12202,52,Female,Pune,Business Owner,714300.0,2024-09-11,Mass Market,Middle Age,High
CUST12203,46,Male,Hyderabad,Freelancer,969600.0,2024-06-29,Mass Market,Middle Age,High
CUST12204,26,Male,Madurai,Self-Employed,1415100.0,2023-09-04,Premium,Adult,High
CUST12205,32,Male,Mumbai,Salaried,503400.0,2023-12-16,Mass Market,Adult,Medium
CUST12206,35,Female,Hyderabad,Salaried,1528200.0,2024-03-06,Mass Market,Adult,High
CUST12207,49,Male,Thanjavur,Student,2667400.0,2026-08-03,Mass Market,Middle Age,High
CUST12208,27,Female,Tirunelveli,Salaried,413800.0,2024-01-07,Young Adult,Adult,Low
CUST12209,39,Male,Trichy,Salaried,226300.0,2024-06-16,Affluent,Adult,Low
CUST12210,18,Female,Erode,Salaried,638800.0,2024-12-04,Young Adult,Young Adult,Medium
CUST12211,35,Male,Tirunelveli,Self-Employed,422500.0,2021-11-23,Affluent,Adult,Low
CUST12212,33,Female,Mumbai,Self-Employed,737100.0,2024-08-01,Affluent,Adult,High
CUST12213,22,Female,Thanjavur,Salaried,778200.0,2025-01-17,Premium,Young Adult,High
CUST12214,62,Male,Tirunelveli,Salaried,425800.0,2023-02-19,Affluent,Senior,Low
CUST12215,37,Male,Hyderabad,Freelancer,785400.0,2022-11-11,Affluent,Adult,High
CUST12216,68,Male,Chennai,Self-Employed,421500.0,2021-12-22,Mass Market,Senior,Low
CUST12217,51,Female,Salem,Salaried,671600.0,2026-03-16,Mass Market,Middle Age,Medium
CUST12218,33,Female,Mumbai,Salaried,799800.0,2021-07-05,Mass Market,Adult,High
CUST12219,41,Female,Erode,Student,819900.0,2023-03-05,Affluent,Middle Age,High
CUST12220,25,Male,Salem,Student,887600.0,2025-07-25,Affluent,Young Adult,High
CUST12221,34,Female,Bengaluru,Salaried,959100.0,2022-01-09,Mass Market,Adult,High
CUST12222,42,Female,Pune,Salaried,396600.0,2023-02-20,Mass Market,Middle Age,Low
CUST12223,40,Male,Thanjavur,Student,281600.0,2025-12-21,Young Adult,Adult,Low
CUST12224,45,Female,Vellore,Retired,1497900.0,2023-05-17,Mass Market,Middle Age,High
CUST12225,43,Male,Mumbai,Salaried,1025400.0,2021-02-15,Mass Market,Middle Age,High
CUST12226,55,Female,Erode,Business Owner,400000.0,2023-10-06,Mass Market,Middle Age,Low
CUST12227,45,Female,Coimbatore,Student,169500.0,2026-01-08,Mass Market,Middle Age,Low
CUST12228,48,Female,Coimbatore,Salaried,462100.0,2025-02-01,Premium,Middle Age,Medium
CUST12229,27,Male,Erode,Salaried,311200.0,2022-08-10,Affluent,Adult,Low
CUST12230,25,Male,Mumbai,Self-Employed,386600.0,2025-08-20,Mass Market,Young Adult,Low
CUST12231,41,Female,Bengaluru,Self-Employed,678400.0,2021-01-30,Mass Market,Middle Age,Medium
CUST12232,35,Female,Erode,Freelancer,1532900.0,2024-07-17,Affluent,Adult,High
CUST12233,33,Male,Chennai,Salaried,581000.0,2026-07-17,Mass Market,Adult,Medium
CUST12234,48,Male,Vellore,Self-Employed,281800.0,2025-07-26,Affluent,Middle Age,Low
CUST12235,31,Female,Trichy,Salaried,612800.0,2021-08-03,Mass Market,Adult,Medium
CUST12236,27,Female,Coimbatore,Salaried,586400.0,2024-09-05,Premium,Adult,Medium
CUST12237,23,Female,Kochi,Retired,553450.0,2022-04-11,Affluent,Young Adult,Medium
CUST12238,52,Female,Trichy,Salaried,243800.0,2023-06-11,Mass Market,Middle Age,Low
CUST12239,31,Female,Salem,Freelancer,685600.0,2026-04-23,Affluent,Adult,Medium
CUST12240,26,Female,Bengaluru,Salaried,1840500.0,2025-07-21,Premium,Adult,High
CUST12241,42,Female,Delhi,Salaried,574900.0,2022-04-13,Affluent,Middle Age,Medium
CUST12242,31,Male,Delhi,Retired,333300.0,2022-08-19,Affluent,Adult,Low
CUST12243,46,Female,Tirunelveli,Retired,1469300.0,2024-10-31,Mass Market,Middle Age,High
CUST12244,42,Male,Coimbatore,Self-Employed,176800.0,2023-09-04,Mass Market,Middle Age,Low
CUST12245,36,Male,Thanjavur,Business Owner,738900.0,2023-01-27,Affluent,Adult,High
CUST12246,32,Female,Kochi,Student,553450.0,2024-11-05,Mass Market,Adult,Medium
CUST12247,37,Female,Trichy,Student,263100.0,2026-04-22,Mass Market,Adult,Low
CUST12248,49,Female,Salem,Salaried,478900.0,2024-08-28,Premium,Middle Age,Medium
CUST12249,40,Female,Bengaluru,Salaried,1556000.0,2023-08-27,Affluent,Adult,High
CUST12250,46,Male,Coimbatore,Self-Employed,1778800.0,2026-02-04,Mass Market,Middle Age,High
CUST12251,53,Female,Hyderabad,Salaried,5652900.0,2021-05-27,Affluent,Middle Age,High
CUST12252,28,Female,Trichy,Salaried,928800.0,2026-04-13,Premium,Adult,High
CUST12253,45,Male,Mumbai,Salaried,964200.0,2023-02-27,Affluent,Middle Age,High
CUST12254,20,Male,Bengaluru,Retired,259700.0,2021-04-19,Affluent,Young Adult,Low
CUST12255,43,Male,Trichy,Self-Employed,255200.0,2026-08-13,Affluent,Middle Age,Low
CUST12256,52,Female,Madurai,Student,221200.0,2021-02-02,Young Adult,Middle Age,Low
CUST12257,48,Female,Madurai,Self-Employed,553450.0,2021-07-16,Mass Market,Middle Age,Medium
CUST12258,27,Male,Madurai,Self-Employed,907100.0,2025-04-23,Young Adult,Adult,High
CUST12259,41,Male,Trichy,Salaried,1982500.0,2022-10-04,Young Adult,Middle Age,High
CUST12260,38,Female,Chennai,Salaried,995100.0,2026-01-03,Mass Market,Adult,High
CUST12261,45,Male,Chennai,Salaried,468700.0,2026-03-29,Premium,Middle Age,Medium
CUST12262,42,Female,Mumbai,Salaried,455800.0,2023-07-16,Mass Market,Middle Age,Medium
CUST12263,36,Female,Trichy,Salaried,526100.0,2022-06-24,Mass Market,Adult,Medium
CUST12264,38,Female,Bengaluru,Salaried,886700.0,2025-09-21,Mass Market,Adult,High
CUST12265,47,Female,Vellore,Salaried,466900.0,2024-01-27,Affluent,Middle Age,Medium
CUST12266,52,Female,Mumbai,Student,434300.0,2024-02-12,Mass Market,Middle Age,Medium
CUST12267,35,Male,Bengaluru,Self-Employed,658200.0,2024-09-02,Mass Market,Adult,Medium
CUST12268,32,Male,Tirunelveli,Self-Employed,967500.0,2022-10-13,Premium,Adult,High
CUST12269,30,Male,Tirunelveli,Salaried,395800.0,2026-07-15,Mass Market,Adult,Low
CUST12270,37,Male,Mumbai,Self-Employed,219000.0,2024-04-22,Mass Market,Adult,Low
CUST12271,42,Male,Salem,Self-Employed,402600.0,2023-07-17,Affluent,Middle Age,Low
CUST12272,34,Female,Kochi,Salaried,565500.0,2025-09-22,Mass Market,Adult,Medium
CUST12273,42,Male,Thanjavur,Business Owner,928100.0,2021-02-15,Affluent,Middle Age,High
CUST12274,55,Female,Coimbatore,Retired,406300.0,2023-12-29,Mass Market,Middle Age,Low
CUST12275,40,Male,Thanjavur,Retired,616900.0,2023-04-23,Affluent,Adult,Medium
CUST12276,39,Female,Vellore,Salaried,386400.0,2022-05-05,Mass Market,Adult,Low
CUST12277,54,Male,Thanjavur,Salaried,328200.0,2021-07-07,Mass Market,Middle Age,Low
CUST12278,37,Male,Coimbatore,Salaried,336400.0,2024-04-02,Mass Market,Adult,Low
CUST12279,37,Male,Kochi,Salaried,647600.0,2022-02-24,Mass Market,Adult,Medium
CUST12280,36,Female,Delhi,Salaried,366900.0,2026-06-30,Affluent,Adult,Low
CUST12281,41,Male,Kochi,Salaried,319400.0,2022-10-04,Young Adult,Middle Age,Low
CUST12282,30,Male,Kochi,Salaried,897100.0,2025-07-19,Mass Market,Adult,High
CUST12283,47,Male,Mumbai,Business Owner,539700.0,2021-12-31,Young Adult,Middle Age,Medium
CUST12284,22,Female,Delhi,Student,2025000.0,2024-02-03,Mass Market,Young Adult,High
CUST12285,26,Female,Thanjavur,Salaried,179000.0,2022-07-12,Young Adult,Adult,Low
CUST12286,35,Male,Delhi,Self-Employed,532800.0,2022-11-20,Mass Market,Adult,Medium
CUST12287,58,Female,Bengaluru,Student,626900.0,2024-10-06,Mass Market,Middle Age,Medium
CUST12288,38,Female,Bengaluru,Self-Employed,1202100.0,2022-02-24,Young Adult,Adult,High
CUST12289,48,Male,Hyderabad,Business Owner,783100.0,2024-08-08,Affluent,Middle Age,High
CUST12290,18,Male,Madurai,Salaried,482500.0,2022-09-08,Young Adult,Young Adult,Medium
CUST12291,40,Female,Thanjavur,Salaried,449900.0,2021-11-07,Mass Market,Adult,Medium
CUST12292,37,Female,Kochi,Retired,558700.0,2025-06-11,Mass Market,Adult,Medium
CUST12293,36,Female,Erode,Student,241300.0,2024-10-18,Mass Market,Adult,Low
CUST12294,31,Female,Mumbai,Salaried,439100.0,2026-06-07,Mass Market,Adult,Medium
CUST12295,24,Female,Erode,Student,556900.0,2025-06-22,Mass Market,Young Adult,Medium
CUST12296,31,Male,Delhi,Salaried,734900.0,2026-01-06,Mass Market,Adult,High
CUST12297,18,Female,Salem,Freelancer,809000.0,2025-01-09,Mass Market,Young Adult,High
CUST12298,27,Male,Vellore,Salaried,457400.0,2022-09-24,Affluent,Adult,Medium
CUST12299,21,Male,Coimbatore,Self-Employed,962500.0,2025-07-25,Premium,Young Adult,High
CUST12300,48,Other,Coimbatore,Freelancer,271200.0,2021-03-28,Mass Market,Middle Age,Low
CUST12301,23,Male,Pune,Salaried,261300.0,2025-01-29,Affluent,Young Adult,Low
CUST12302,41,Female,Bengaluru,Salaried,2557100.0,2021-12-26,Affluent,Middle Age,High
CUST12303,46,Female,Thanjavur,Salaried,565400.0,2024-11-23,Mass Market,Middle Age,Medium
CUST12304,28,Male,Mumbai,Self-Employed,448700.0,2023-03-08,Affluent,Adult,Medium
CUST12305,24,Female,Vellore,Retired,1370000.0,2023-06-18,Mass Market,Young Adult,High
CUST12306,36,Male,Thanjavur,Freelancer,1289600.0,2022-10-08,Affluent,Adult,High
CUST12307,47,Female,Chennai,Salaried,473600.0,2021-04-30,Mass Market,Middle Age,Medium
CUST12308,38,Female,Vellore,Salaried,210700.0,2026-01-05,Mass Market,Adult,Low
CUST12309,34,Female,Salem,Self-Employed,1329400.0,2026-05-03,Mass Market,Adult,High
CUST12310,71,Female,Hyderabad,Retired,339600.0,2021-06-02,Affluent,Senior,Low
CUST12311,39,Male,Madurai,Student,553450.0,2022-01-27,Affluent,Adult,Medium
CUST12312,35,Male,Hyderabad,Freelancer,1494400.0,2023-07-06,Mass Market,Adult,High
CUST12313,45,Female,Pune,Salaried,553450.0,2021-12-19,Young Adult,Middle Age,Medium
CUST12314,41,Female,Kochi,Salaried,716600.0,2026-01-11,Mass Market,Middle Age,High
CUST12315,47,Female,Thanjavur,Salaried,329700.0,2024-11-04,Affluent,Middle Age,Low
CUST12316,18,Male,Tirunelveli,Retired,553450.0,2026-08-06,Mass Market,Young Adult,Medium
CUST12317,35,Male,Erode,Retired,139500.0,2021-04-28,Premium,Adult,Low
CUST12318,45,Male,Kochi,Salaried,542000.0,2025-05-12,Affluent,Middle Age,Medium
CUST12319,27,Male,Coimbatore,Retired,628600.0,2021-07-12,Mass Market,Adult,Medium
CUST12320,45,Male,Vellore,Salaried,537200.0,2022-05-04,Affluent,Middle Age,Medium
CUST12321,42,Female,Salem,Salaried,698700.0,2025-06-05,Mass Market,Middle Age,Medium
CUST12322,42,Male,Chennai,Salaried,553450.0,2025-03-30,Mass Market,Middle Age,Medium
CUST12323,25,Female,Hyderabad,Salaried,343100.0,2026-06-02,Young Adult,Young Adult,Low
CUST12324,22,Male,Vellore,Salaried,1334900.0,2025-04-26,Mass Market,Young Adult,High
CUST12325,24,Female,Mumbai,Salaried,504000.0,2024-05-31,Affluent,Young Adult,Medium
CUST12326,28,Female,Coimbatore,Self-Employed,553450.0,2024-01-04,Premium,Adult,Medium
CUST12327,41,Male,Hyderabad,Salaried,1374500.0,2026-01-14,Mass Market,Middle Age,High
CUST12328,31,Female,Delhi,Business Owner,353500.0,2026-01-30,Mass Market,Adult,Low
CUST12329,30,Male,Salem,Self-Employed,187800.0,2023-09-13,Premium,Adult,Low
CUST12330,18,Male,Salem,Salaried,579800.0,2026-08-07,Mass Market,Young Adult,Medium
CUST12331,20,Female,Vellore,Salaried,493800.0,2025-11-01,Affluent,Young Adult,Medium
CUST12332,35,Male,Chennai,Student,225000.0,2022-05-03,Affluent,Adult,Low
CUST12333,18,Male,Kochi,Self-Employed,1016000.0,2026-03-25,Affluent,Young Adult,High
CUST12334,35,Other,Pune,Salaried,382400.0,2026-02-04,Affluent,Adult,Low
CUST12335,36,Female,Mumbai,Salaried,622400.0,2025-11-05,Affluent,Adult,Medium
CUST12336,58,Male,Salem,Student,553100.0,2021-09-13,Premium,Middle Age,Medium
CUST12337,29,Female,Tirunelveli,Salaried,553450.0,2023-02-14,Premium,Adult,Medium
CUST12338,54,Female,Erode,Salaried,550400.0,2024-03-30,Premium,Middle Age,Medium
CUST12339,50,Male,Tirunelveli,Salaried,479500.0,2022-05-29,Mass Market,Middle Age,Medium
CUST12340,36,Male,Kochi,Salaried,650300.0,2023-02-23,Young Adult,Adult,Medium
CUST12341,30,Female,Vellore,Business Owner,410800.0,2025-05-13,Mass Market,Adult,Low
CUST12342,30,Female,Vellore,Student,595600.0,2024-07-09,Premium,Adult,Medium
CUST12343,25,Male,Bengaluru,Student,1317600.0,2025-09-10,Mass Market,Young Adult,High
CUST12344,28,Male,Bengaluru,Salaried,808800.0,2025-04-01,Mass Market,Adult,High
CUST12345,36,Male,Erode,Salaried,617000.0,2021-06-27,Young Adult,Adult,Medium
CUST12346,50,Male,Mumbai,Student,489400.0,2023-01-10,Premium,Middle Age,Medium
CUST12347,18,Female,Hyderabad,Student,387300.0,2025-11-21,Mass Market,Young Adult,Low
CUST12348,36,Male,Salem,Self-Employed,1680300.0,2023-10-11,Premium,Adult,High
CUST12349,43,Male,Vellore,Student,2284300.0,2025-12-03,Mass Market,Middle Age,High
CUST12350,28,Male,Salem,Self-Employed,509200.0,2024-09-30,Young Adult,Adult,Medium
CUST12351,32,Female,Erode,Student,299100.0,2023-12-29,Affluent,Adult,Low
CUST12352,23,Male,Tirunelveli,Freelancer,802200.0,2026-02-24,Mass Market,Young Adult,High
CUST12353,34,Male,Vellore,Salaried,373300.0,2024-02-13,Premium,Adult,Low
CUST12354,24,Female,Vellore,Salaried,1783200.0,2022-02-19,Mass Market,Young Adult,High
CUST12355,38,Female,Coimbatore,Self-Employed,322500.0,2024-09-10,Affluent,Adult,Low
CUST12356,36,Male,Delhi,Salaried,546400.0,2024-03-01,Affluent,Adult,Medium
CUST12357,33,Male,Coimbatore,Freelancer,181700.0,2026-07-11,Premium,Adult,Low
CUST12358,26,Male,Delhi,Self-Employed,192700.0,2026-05-05,Mass Market,Adult,Low
CUST12359,31,Male,Bengaluru,Student,342800.0,2023-02-08,Young Adult,Adult,Low
CUST12360,25,Male,Pune,Salaried,588400.0,2023-06-12,Mass Market,Young Adult,Medium
CUST12361,43,Female,Trichy,Self-Employed,155500.0,2023-02-09,Mass Market,Middle Age,Low
CUST12362,28,Male,Delhi,Salaried,394500.0,2026-02-22,Affluent,Adult,Low
CUST12363,46,Female,Pune,Freelancer,828600.0,2024-03-05,Mass Market,Middle Age,High
CUST12364,44,Male,Salem,Salaried,596400.0,2023-08-13,Affluent,Middle Age,Medium
CUST12365,27,Male,Hyderabad,Salaried,553450.0,2025-09-25,Premium,Adult,Medium
CUST12366,30,Male,Hyderabad,Retired,1145700.0,2025-05-14,Mass Market,Adult,High
CUST12367,30,Male,Delhi,Salaried,586200.0,2023-02-14,Premium,Adult,Medium
CUST12368,46,Male,Kochi,Salaried,643000.0,2021-02-26,Mass Market,Middle Age,Medium
CUST12369,47,Male,Coimbatore,Self-Employed,1412500.0,2024-06-04,Mass Market,Middle Age,High
CUST12370,18,Female,Pune,Student,579300.0,2023-11-19,Mass Market,Young Adult,Medium
CUST12371,36,Female,Chennai,Salaried,325600.0,2025-06-04,Affluent,Adult,Low
CUST12372,44,Male,Tirunelveli,Salaried,750100.0,2022-01-24,Premium,Middle Age,High
CUST12373,45,Female,Trichy,Salaried,442000.0,2022-01-13,Mass Market,Middle Age,Medium
CUST12374,44,Female,Kochi,Student,702600.0,2022-05-09,Mass Market,Middle Age,Medium
CUST12375,57,Female,Madurai,Salaried,663400.0,2023-08-21,Affluent,Middle Age,Medium
CUST12376,45,Female,Salem,Salaried,553450.0,2023-05-15,Mass Market,Middle Age,Medium
CUST12377,18,Male,Delhi,Salaried,279600.0,2022-02-08,Mass Market,Young Adult,Low
CUST12378,27,Male,Bengaluru,Salaried,273000.0,2026-05-06,Mass Market,Adult,Low
CUST12379,18,Male,Mumbai,Self-Employed,562400.0,2023-01-23,Mass Market,Young Adult,Medium
CUST12380,30,Male,Erode,Business Owner,916200.0,2021-08-03,Mass Market,Adult,High
CUST12381,57,Male,Vellore,Salaried,752900.0,2024-07-30,Affluent,Middle Age,High
CUST12382,27,Female,Madurai,Retired,425600.0,2024-06-26,Affluent,Adult,Low
CUST12383,32,Female,Kochi,Salaried,553450.0,2021-01-31,Affluent,Adult,Medium
CUST12384,36,Female,Thanjavur,Self-Employed,841000.0,2024-06-23,Affluent,Adult,High
CUST12385,66,Female,Salem,Business Owner,506100.0,2022-04-04,Premium,Senior,Medium
CUST12386,33,Male,Vellore,Student,595900.0,2025-03-06,Mass Market,Adult,Medium
CUST12387,45,Male,Chennai,Self-Employed,1269600.0,2023-06-08,Mass Market,Middle Age,High
CUST12388,41,Female,Delhi,Freelancer,589900.0,2023-01-10,Mass Market,Middle Age,Medium
CUST12389,31,Male,Thanjavur,Freelancer,637200.0,2022-02-27,Mass Market,Adult,Medium
CUST12390,27,Female,Bengaluru,Freelancer,1131100.0,2025-08-28,Mass Market,Adult,High
CUST12391,30,Female,Mumbai,Self-Employed,304500.0,2026-05-26,Affluent,Adult,Low
CUST12392,33,Male,Trichy,Salaried,555500.0,2021-03-29,Mass Market,Adult,Medium
CUST12393,18,Male,Trichy,Self-Employed,268800.0,2026-03-29,Young Adult,Young Adult,Low
CUST12394,31,Male,Trichy,Retired,167700.0,2024-03-23,Mass Market,Adult,Low
CUST12395,21,Male,Hyderabad,Retired,877900.0,2023-12-10,Affluent,Young Adult,High
CUST12396,30,Male,Thanjavur,Retired,831900.0,2023-04-02,Mass Market,Adult,High
CUST12397,22,Female,Vellore,Student,598400.0,2021-12-11,Mass Market,Young Adult,Medium
CUST12398,37,Male,Chennai,Retired,261500.0,2026-02-04,Mass Market,Adult,Low
CUST12399,27,Male,Coimbatore,Self-Employed,1222300.0,2023-08-04,Affluent,Adult,High
CUST12400,56,Male,Hyderabad,Self-Employed,794500.0,2025-09-16,Mass Market,Middle Age,High
CUST12401,27,Female,Bengaluru,Business Owner,602500.0,2026-05-21,Premium,Adult,Medium
CUST12402,29,Male,Vellore,Self-Employed,501900.0,2024-12-09,Affluent,Adult,Medium
CUST12403,43,Male,Pune,Salaried,574500.0,2022-01-03,Mass Market,Middle Age,Medium
CUST12404,55,Female,Hyderabad,Student,664000.0,2023-02-06,Premium,Middle Age,Medium
CUST12405,40,Female,Salem,Self-Employed,570200.0,2026-07-27,Mass Market,Adult,Medium
CUST12406,38,Female,Coimbatore,Salaried,2730500.0,2022-10-14,Mass Market,Adult,High
CUST12407,42,Female,Trichy,Salaried,239300.0,2025-03-12,Young Adult,Middle Age,Low
CUST12408,37,Male,Kochi,Self-Employed,534900.0,2024-12-03,Mass Market,Adult,Medium
CUST12409,30,Male,Salem,Student,553450.0,2024-08-14,Premium,Adult,Medium
CUST12410,45,Male,Hyderabad,Salaried,616800.0,2025-10-24,Premium,Middle Age,Medium
CUST12411,25,Female,Bengaluru,Salaried,682400.0,2024-08-26,Premium,Young Adult,Medium
CUST12412,32,Male,Vellore,Salaried,333900.0,2022-04-02,Mass Market,Adult,Low
CUST12413,22,Male,Kochi,Salaried,281200.0,2025-12-07,Mass Market,Young Adult,Low
CUST12414,18,Male,Vellore,Business Owner,859200.0,2024-06-23,Affluent,Young Adult,High
CUST12415,44,Female,Pune,Salaried,276200.0,2026-08-04,Affluent,Middle Age,Low
CUST12416,34,Female,Madurai,Salaried,361700.0,2022-06-12,Affluent,Adult,Low
CUST12417,33,Female,Bengaluru,Business Owner,599600.0,2025-08-29,Mass Market,Adult,Medium
CUST12418,43,Female,Bengaluru,Salaried,437600.0,2021-06-15,Mass Market,Middle Age,Medium
CUST12419,30,Other,Delhi,Salaried,187100.0,2021-08-01,Young Adult,Adult,Low
CUST12420,27,Male,Hyderabad,Salaried,680300.0,2021-12-15,Premium,Adult,Medium
CUST12421,39,Female,Hyderabad,Salaried,681900.0,2022-07-26,Mass Market,Adult,Medium
CUST12422,36,Male,Coimbatore,Salaried,566100.0,2021-08-31,Mass Market,Adult,Medium
CUST12423,18,Male,Madurai,Retired,659000.0,2022-12-21,Mass Market,Young Adult,Medium
CUST12424,53,Male,Hyderabad,Retired,553450.0,2025-05-12,Young Adult,Middle Age,Medium
CUST12425,63,Male,Kochi,Freelancer,553450.0,2025-05-15,Premium,Senior,Medium
CUST12426,35,Female,Chennai,Freelancer,350700.0,2023-01-31,Mass Market,Adult,Low
CUST12427,30,Female,Kochi,Salaried,336300.0,2025-12-19,Mass Market,Adult,Low
CUST12428,29,Female,Kochi,Self-Employed,1110800.0,2026-03-09,Mass Market,Adult,High
CUST12429,34,Male,Trichy,Business Owner,1104300.0,2023-05-03,Mass Market,Adult,High
CUST12430,44,Female,Hyderabad,Salaried,683900.0,2025-09-11,Mass Market,Middle Age,Medium
CUST12431,42,Female,Vellore,Salaried,720600.0,2026-01-04,Mass Market,Middle Age,High
CUST12432,24,Male,Trichy,Self-Employed,520600.0,2025-10-15,Mass Market,Young Adult,Medium
CUST12433,23,Male,Pune,Freelancer,343600.0,2025-05-26,Mass Market,Young Adult,Low
CUST12434,68,Male,Coimbatore,Salaried,383400.0,2025-10-15,Mass Market,Senior,Low
CUST12435,25,Male,Tirunelveli,Self-Employed,1368500.0,2026-05-26,Mass Market,Young Adult,High
CUST12436,49,Female,Madurai,Salaried,980400.0,2021-10-25,Mass Market,Middle Age,High
CUST12437,24,Male,Delhi,Business Owner,711400.0,2025-03-28,Mass Market,Young Adult,Medium
CUST12438,44,Male,Madurai,Self-Employed,681700.0,2026-06-04,Mass Market,Middle Age,Medium
CUST12439,52,Female,Erode,Self-Employed,298700.0,2023-03-18,Mass Market,Middle Age,Low
CUST12440,46,Male,Tirunelveli,Self-Employed,692200.0,2021-10-16,Affluent,Middle Age,Medium
CUST12441,59,Female,Erode,Student,1364900.0,2025-10-25,Mass Market,Middle Age,High
CUST12442,32,Male,Madurai,Salaried,787100.0,2024-01-21,Mass Market,Adult,High
CUST12443,52,Male,Trichy,Self-Employed,915000.0,2022-02-12,Mass Market,Middle Age,High
CUST12444,52,Male,Hyderabad,Salaried,849700.0,2024-02-17,Mass Market,Middle Age,High
CUST12445,23,Female,Madurai,Salaried,640300.0,2021-05-08,Mass Market,Young Adult,Medium
CUST12446,52,Other,Vellore,Self-Employed,1525200.0,2023-05-14,Affluent,Middle Age,High
CUST12447,35,Male,Chennai,Salaried,1800400.0,2026-04-13,Affluent,Adult,High
CUST12448,30,Female,Vellore,Retired,861400.0,2026-04-02,Mass Market,Adult,High
CUST12449,36,Male,Thanjavur,Self-Employed,258700.0,2024-03-31,Mass Market,Adult,Low
CUST12450,45,Male,Mumbai,Retired,291300.0,2025-03-18,Mass Market,Middle Age,Low
CUST12451,44,Male,Vellore,Salaried,991700.0,2022-10-21,Young Adult,Middle Age,High
CUST12452,49,Male,Salem,Salaried,718500.0,2022-07-12,Affluent,Middle Age,High
CUST12453,24,Other,Bengaluru,Business Owner,2336900.0,2024-05-29,Mass Market,Young Adult,High
CUST12454,20,Male,Pune,Self-Employed,198900.0,2025-01-06,Mass Market,Young Adult,Low
CUST12455,48,Male,Erode,Self-Employed,730100.0,2021-02-12,Young Adult,Middle Age,High
CUST12456,46,Female,Salem,Self-Employed,657500.0,2021-07-04,Mass Market,Middle Age,Medium
CUST12457,41,Male,Vellore,Business Owner,271700.0,2023-11-06,Mass Market,Middle Age,Low
CUST12458,24,Male,Kochi,Salaried,685800.0,2026-01-02,Mass Market,Young Adult,Medium
CUST12459,55,Male,Vellore,Self-Employed,889900.0,2022-04-13,Affluent,Middle Age,High
CUST12460,32,Female,Pune,Business Owner,831700.0,2024-06-26,Young Adult,Adult,High
CUST12461,26,Female,Hyderabad,Salaried,1474800.0,2021-05-04,Affluent,Adult,High
CUST12462,42,Female,Hyderabad,Student,155300.0,2026-07-29,Mass Market,Middle Age,Low
CUST12463,40,Female,Pune,Salaried,454000.0,2022-10-20,Mass Market,Adult,Medium
CUST12464,18,Male,Hyderabad,Retired,431600.0,2025-08-12,Premium,Young Adult,Medium
CUST12465,44,Female,Trichy,Retired,492200.0,2024-11-16,Mass Market,Middle Age,Medium
CUST12466,31,Female,Madurai,Business Owner,545700.0,2025-01-08,Mass Market,Adult,Medium
CUST12467,45,Male,Salem,Salaried,483800.0,2021-05-27,Affluent,Middle Age,Medium
CUST12468,47,Male,Vellore,Business Owner,220400.0,2024-05-28,Affluent,Middle Age,Low
CUST12469,40,Male,Bengaluru,Self-Employed,1512400.0,2023-06-04,Mass Market,Adult,High
CUST12470,47,Female,Pune,Student,1209300.0,2026-07-23,Mass Market,Middle Age,High
CUST12471,48,Male,Delhi,Salaried,800200.0,2023-10-30,Affluent,Middle Age,High
CUST12472,32,Female,Bengaluru,Freelancer,880100.0,2024-05-02,Mass Market,Adult,High
CUST12473,38,Male,Kochi,Salaried,1343200.0,2021-03-01,Affluent,Adult,High
CUST12474,26,Male,Thanjavur,Salaried,460300.0,2022-09-03,Mass Market,Adult,Medium
CUST12475,32,Male,Trichy,Student,701900.0,2024-12-04,Mass Market,Adult,Medium
CUST12476,29,Female,Thanjavur,Business Owner,869400.0,2022-11-16,Mass Market,Adult,High
CUST12477,30,Female,Delhi,Student,1386800.0,2022-02-13,Young Adult,Adult,High
CUST12478,47,Male,Salem,Student,306400.0,2025-10-02,Young Adult,Middle Age,Low
CUST12479,55,Male,Coimbatore,Freelancer,326200.0,2021-07-11,Young Adult,Middle Age,Low
CUST12480,25,Male,Bengaluru,Salaried,498700.0,2026-05-12,Affluent,Young Adult,Medium
CUST12481,36,Female,Tirunelveli,Student,1478100.0,2025-11-22,Mass Market,Adult,High
CUST12482,34,Male,Mumbai,Salaried,307700.0,2023-09-30,Affluent,Adult,Low
CUST12483,30,Male,Erode,Freelancer,202200.0,2025-09-29,Mass Market,Adult,Low
CUST12484,28,Female,Thanjavur,Student,322800.0,2024-07-10,Young Adult,Adult,Low
CUST12485,43,Female,Coimbatore,Salaried,553450.0,2023-06-02,Mass Market,Middle Age,Medium
CUST12486,45,Male,Hyderabad,Salaried,233500.0,2024-11-27,Affluent,Middle Age,Low
CUST12487,26,Female,Coimbatore,Salaried,479200.0,2022-03-30,Mass Market,Adult,Medium
CUST12488,18,Female,Salem,Freelancer,523000.0,2021-07-10,Affluent,Young Adult,Medium
CUST12489,30,Male,Salem,Student,396100.0,2024-03-31,Premium,Adult,Low
CUST12490,18,Female,Madurai,Freelancer,459200.0,2026-04-14,Mass Market,Young Adult,Medium
CUST12491,44,Female,Pune,Salaried,379400.0,2021-07-14,Mass Market,Middle Age,Low
CUST12492,47,Male,Mumbai,Self-Employed,332900.0,2026-01-16,Mass Market,Middle Age,Low
CUST12493,20,Female,Chennai,Freelancer,560700.0,2025-08-03,Mass Market,Young Adult,Medium
CUST12494,44,Female,Mumbai,Business Owner,1426300.0,2021-12-20,Affluent,Middle Age,High
CUST12495,45,Female,Delhi,Freelancer,267400.0,2023-08-21,Mass Market,Middle Age,Low
CUST12496,43,Female,Vellore,Salaried,784500.0,2026-05-24,Affluent,Middle Age,High
CUST12497,22,Male,Salem,Business Owner,857200.0,2024-10-12,Premium,Young Adult,High
CUST12498,28,Female,Vellore,Salaried,2077300.0,2021-07-01,Mass Market,Adult,High
CUST12499,43,Male,Kochi,Salaried,249000.0,2023-11-02,Mass Market,Middle Age,Low
CUST12500,37,Male,Trichy,Freelancer,185300.0,2026-06-22,Young Adult,Adult,Low
CUST12501,18,Female,Delhi,Salaried,277400.0,2022-03-11,Affluent,Young Adult,Low
CUST12502,40,Male,Pune,Retired,401800.0,2025-06-15,Affluent,Adult,Low
CUST12503,46,Female,Madurai,Salaried,1257000.0,2022-11-21,Affluent,Middle Age,High
CUST12504,41,Female,Vellore,Salaried,1203300.0,2022-07-06,Young Adult,Middle Age,High
CUST12505,41,Other,Madurai,Salaried,141900.0,2025-05-15,Mass Market,Middle Age,Low
CUST12506,33,Female,Tirunelveli,Salaried,494500.0,2023-01-09,Mass Market,Adult,Medium
CUST12507,47,Female,Pune,Student,744700.0,2024-03-23,Mass Market,Middle Age,High
CUST12508,33,Male,Thanjavur,Self-Employed,808400.0,2023-01-18,Mass Market,Adult,High
CUST12509,30,Male,Coimbatore,Retired,491500.0,2022-04-16,Mass Market,Adult,Medium
CUST12510,55,Female,Hyderabad,Self-Employed,575600.0,2026-01-04,Mass Market,Middle Age,Medium
CUST12511,59,Female,Chennai,Retired,580500.0,2021-04-22,Premium,Middle Age,Medium
CUST12512,34,Male,Vellore,Student,1466000.0,2026-01-26,Affluent,Adult,High
CUST12513,34,Female,Delhi,Salaried,367900.0,2026-07-21,Mass Market,Adult,Low
CUST12514,29,Female,Hyderabad,Salaried,294700.0,2024-05-03,Premium,Adult,Low
CUST12515,34,Male,Vellore,Salaried,442200.0,2024-10-16,Young Adult,Adult,Medium
CUST12516,52,Female,Coimbatore,Salaried,598300.0,2023-12-16,Mass Market,Middle Age,Medium
CUST12517,40,Male,Mumbai,Salaried,308700.0,2022-06-23,Mass Market,Adult,Low
CUST12518,23,Female,Kochi,Retired,470700.0,2023-12-10,Mass Market,Young Adult,Medium
CUST12519,18,Female,Delhi,Business Owner,2392700.0,2024-08-13,Young Adult,Young Adult,High
CUST12520,58,Male,Kochi,Salaried,180800.0,2022-06-07,Mass Market,Middle Age,Low
CUST12521,28,Male,Kochi,Retired,1594800.0,2022-06-29,Mass Market,Adult,High
CUST12522,18,Male,Thanjavur,Student,572700.0,2022-11-06,Premium,Young Adult,Medium
CUST12523,45,Male,Erode,Freelancer,902500.0,2024-11-04,Mass Market,Middle Age,High
CUST12524,33,Female,Pune,Self-Employed,499700.0,2021-04-14,Affluent,Adult,Medium
CUST12525,43,Female,Coimbatore,Self-Employed,1055400.0,2023-11-19,Affluent,Middle Age,High
CUST12526,40,Male,Pune,Freelancer,436700.0,2023-08-09,Mass Market,Adult,Medium
CUST12527,24,Male,Trichy,Self-Employed,396800.0,2024-09-02,Premium,Young Adult,Low
CUST12528,24,Male,Tirunelveli,Salaried,810300.0,2021-12-12,Young Adult,Young Adult,High
CUST12529,38,Male,Thanjavur,Salaried,873800.0,2025-12-01,Mass Market,Adult,High
CUST12530,19,Male,Mumbai,Salaried,776700.0,2025-09-28,Mass Market,Young Adult,High
CUST12531,37,Female,Coimbatore,Self-Employed,315400.0,2021-06-29,Mass Market,Adult,Low
CUST12532,46,Female,Bengaluru,Business Owner,594500.0,2024-01-16,Premium,Middle Age,Medium
CUST12533,44,Male,Madurai,Salaried,1485700.0,2023-03-16,Premium,Middle Age,High
CUST12534,35,Male,Salem,Retired,587000.0,2024-03-20,Mass Market,Adult,Medium
CUST12535,18,Male,Pune,Salaried,197300.0,2023-05-01,Mass Market,Young Adult,Low
CUST12536,31,Female,Delhi,Freelancer,260600.0,2021-12-31,Mass Market,Adult,Low
CUST12537,40,Male,Chennai,Business Owner,554200.0,2025-12-20,Young Adult,Adult,Medium
CUST12538,47,Male,Hyderabad,Salaried,759200.0,2022-10-02,Mass Market,Middle Age,High
CUST12539,18,Male,Chennai,Student,918000.0,2021-12-10,Affluent,Young Adult,High
CUST12540,40,Male,Pune,Freelancer,296400.0,2025-07-19,Affluent,Adult,Low
CUST12541,46,Male,Vellore,Student,446200.0,2023-02-28,Mass Market,Middle Age,Medium
CUST12542,50,Female,Salem,Self-Employed,327700.0,2024-10-19,Mass Market,Middle Age,Low
CUST12543,37,Female,Salem,Business Owner,334900.0,2025-04-27,Affluent,Adult,Low
CUST12544,33,Female,Mumbai,Salaried,803600.0,2022-02-16,Young Adult,Adult,High
CUST12545,42,Female,Coimbatore,Self-Employed,553450.0,2025-11-19,Affluent,Middle Age,Medium
CUST12546,46,Female,Vellore,Self-Employed,825700.0,2022-12-28,Young Adult,Middle Age,High
CUST12547,20,Female,Coimbatore,Salaried,496600.0,2021-11-14,Mass Market,Young Adult,Medium
CUST12548,18,Male,Chennai,Salaried,234400.0,2021-03-07,Mass Market,Young Adult,Low
CUST12549,45,Female,Coimbatore,Business Owner,668400.0,2023-12-08,Mass Market,Middle Age,Medium
CUST12550,33,Male,Erode,Salaried,657100.0,2022-04-07,Mass Market,Adult,Medium
CUST12551,41,Male,Kochi,Freelancer,972000.0,2021-08-18,Mass Market,Middle Age,High
CUST12552,40,Male,Madurai,Business Owner,484300.0,2023-08-24,Affluent,Adult,Medium
CUST12553,35,Male,Erode,Salaried,553450.0,2024-08-24,Premium,Adult,Medium
CUST12554,54,Male,Coimbatore,Freelancer,749100.0,2023-01-31,Mass Market,Middle Age,High
CUST12555,38,Male,Pune,Salaried,187900.0,2024-03-11,Mass Market,Adult,Low
CUST12556,33,Male,Madurai,Salaried,583300.0,2026-05-14,Mass Market,Adult,Medium
CUST12557,36,Female,Madurai,Salaried,804300.0,2026-01-19,Premium,Adult,High
CUST12558,18,Male,Trichy,Self-Employed,532900.0,2025-02-09,Premium,Young Adult,Medium
CUST12559,39,Male,Thanjavur,Salaried,377900.0,2023-04-08,Mass Market,Adult,Low
CUST12560,31,Male,Bengaluru,Salaried,334700.0,2021-06-02,Young Adult,Adult,Low
CUST12561,38,Female,Chennai,Retired,196700.0,2021-05-16,Mass Market,Adult,Low
CUST12562,37,Male,Erode,Salaried,576300.0,2024-12-12,Affluent,Adult,Medium
CUST12563,22,Female,Pune,Business Owner,1107700.0,2021-06-29,Mass Market,Young Adult,High
CUST12564,47,Male,Tirunelveli,Student,773100.0,2023-01-17,Affluent,Middle Age,High
CUST12565,59,Male,Tirunelveli,Salaried,1429900.0,2026-07-05,Mass Market,Middle Age,High
CUST12566,63,Male,Chennai,Salaried,541100.0,2026-02-02,Young Adult,Senior,Medium
CUST12567,34,Female,Vellore,Salaried,375600.0,2025-03-04,Young Adult,Adult,Low
CUST12568,28,Male,Kochi,Salaried,282000.0,2026-01-24,Affluent,Adult,Low
CUST12569,53,Female,Bengaluru,Salaried,1429000.0,2024-06-12,Mass Market,Middle Age,High
CUST12570,31,Male,Chennai,Salaried,378600.0,2026-06-07,Young Adult,Adult,Low
CUST12571,41,Male,Kochi,Business Owner,1120500.0,2021-12-04,Mass Market,Middle Age,High
CUST12572,23,Male,Erode,Freelancer,277000.0,2021-05-29,Affluent,Young Adult,Low
CUST12573,52,Female,Erode,Self-Employed,1030600.0,2021-10-30,Mass Market,Middle Age,High
CUST12574,54,Male,Tirunelveli,Salaried,531800.0,2021-02-22,Mass Market,Middle Age,Medium
CUST12575,42,Female,Thanjavur,Salaried,827100.0,2022-02-14,Mass Market,Middle Age,High
CUST12576,31,Female,Hyderabad,Salaried,988700.0,2021-06-30,Young Adult,Adult,High
CUST12577,41,Male,Erode,Freelancer,491500.0,2022-07-05,Young Adult,Middle Age,Medium
CUST12578,21,Male,Vellore,Retired,299100.0,2023-03-29,Mass Market,Young Adult,Low
CUST12579,18,Male,Vellore,Student,202200.0,2022-07-01,Mass Market,Young Adult,Low
CUST12580,44,Female,Tirunelveli,Retired,515300.0,2021-05-10,Affluent,Middle Age,Medium
CUST12581,49,Male,Tirunelveli,Salaried,546300.0,2023-04-21,Affluent,Middle Age,Medium
CUST12582,35,Male,Tirunelveli,Salaried,513100.0,2021-09-03,Affluent,Adult,Medium
CUST12583,23,Male,Thanjavur,Retired,567000.0,2025-10-30,Mass Market,Young Adult,Medium
CUST12584,36,Female,Tirunelveli,Student,1094000.0,2025-03-15,Mass Market,Adult,High
CUST12585,33,Male,Bengaluru,Business Owner,1218400.0,2024-01-02,Mass Market,Adult,High
CUST12586,58,Male,Thanjavur,Self-Employed,190900.0,2026-08-08,Premium,Middle Age,Low
CUST12587,31,Male,Erode,Business Owner,1997300.0,2026-08-08,Mass Market,Adult,High
CUST12588,29,Male,Mumbai,Student,572200.0,2021-11-30,Young Adult,Adult,Medium
CUST12589,44,Female,Thanjavur,Self-Employed,310600.0,2022-06-02,Premium,Middle Age,Low
CUST12590,35,Male,Thanjavur,Business Owner,366700.0,2023-08-26,Premium,Adult,Low
CUST12591,26,Male,Kochi,Business Owner,245900.0,2026-07-28,Mass Market,Adult,Low
CUST12592,27,Female,Thanjavur,Freelancer,390000.0,2025-10-22,Young Adult,Adult,Low
CUST12593,42,Male,Coimbatore,Salaried,1180900.0,2022-10-17,Mass Market,Middle Age,High
CUST12594,46,Female,Thanjavur,Self-Employed,625400.0,2026-06-27,Mass Market,Middle Age,Medium
CUST12595,45,Male,Trichy,Self-Employed,1010300.0,2022-12-07,Mass Market,Middle Age,High
CUST12596,39,Female,Trichy,Retired,350100.0,2021-05-30,Affluent,Adult,Low
CUST12597,41,Female,Pune,Salaried,500500.0,2024-01-01,Young Adult,Middle Age,Medium
CUST12598,18,Male,Salem,Salaried,522100.0,2024-12-10,Mass Market,Young Adult,Medium
CUST12599,56,Male,Delhi,Business Owner,423900.0,2023-10-15,Mass Market,Middle Age,Low
CUST12600,18,Male,Chennai,Self-Employed,501600.0,2023-04-06,Premium,Young Adult,Medium
CUST12601,43,Male,Coimbatore,Salaried,487500.0,2021-10-04,Premium,Middle Age,Medium
CUST12602,56,Female,Thanjavur,Salaried,1296400.0,2025-07-01,Mass Market,Middle Age,High
CUST12603,27,Male,Coimbatore,Salaried,542100.0,2022-04-16,Mass Market,Adult,Medium
CUST12604,26,Female,Chennai,Retired,1163200.0,2022-01-27,Young Adult,Adult,High
CUST12605,19,Female,Trichy,Business Owner,576700.0,2023-12-13,Premium,Young Adult,Medium
CUST12606,35,Female,Mumbai,Retired,338700.0,2024-07-02,Mass Market,Adult,Low
CUST12607,38,Female,Kochi,Salaried,408600.0,2023-03-24,Mass Market,Adult,Low
CUST12608,55,Female,Salem,Self-Employed,145600.0,2023-02-13,Affluent,Middle Age,Low
CUST12609,52,Male,Delhi,Salaried,195000.0,2025-12-22,Premium,Middle Age,Low
CUST12610,26,Female,Vellore,Student,270000.0,2025-06-20,Mass Market,Adult,Low
CUST12611,41,Female,Hyderabad,Salaried,424500.0,2021-03-07,Mass Market,Middle Age,Low
CUST12612,50,Male,Hyderabad,Retired,583200.0,2021-05-11,Mass Market,Middle Age,Medium
CUST12613,61,Male,Chennai,Self-Employed,2045400.0,2022-01-08,Mass Market,Senior,High
CUST12614,40,Female,Tirunelveli,Salaried,148200.0,2022-10-23,Mass Market,Adult,Low
CUST12615,43,Female,Delhi,Retired,1458700.0,2021-12-05,Mass Market,Middle Age,High
CUST12616,30,Female,Hyderabad,Salaried,496200.0,2023-01-20,Mass Market,Adult,Medium
CUST12617,22,Male,Mumbai,Salaried,716500.0,2021-07-24,Premium,Young Adult,High
CUST12618,46,Female,Trichy,Salaried,737800.0,2025-04-03,Affluent,Middle Age,High
CUST12619,38,Male,Delhi,Student,578200.0,2025-04-20,Affluent,Adult,Medium
CUST12620,44,Male,Thanjavur,Student,853200.0,2025-10-20,Affluent,Middle Age,High
CUST12621,37,Male,Tirunelveli,Salaried,532300.0,2022-04-17,Young Adult,Adult,Medium
CUST12622,22,Female,Erode,Student,1625500.0,2022-08-27,Affluent,Young Adult,High
CUST12623,32,Female,Vellore,Salaried,513800.0,2021-02-11,Mass Market,Adult,Medium
CUST12624,53,Male,Kochi,Salaried,837500.0,2024-08-28,Affluent,Middle Age,High
CUST12625,18,Female,Madurai,Business Owner,396100.0,2024-10-05,Affluent,Young Adult,Low
CUST12626,39,Male,Bengaluru,Business Owner,775300.0,2023-08-17,Affluent,Adult,High
CUST12627,28,Female,Coimbatore,Student,972700.0,2022-09-15,Mass Market,Adult,High
CUST12628,46,Male,Coimbatore,Salaried,365300.0,2022-06-24,Affluent,Middle Age,Low
CUST12629,30,Male,Delhi,Salaried,736400.0,2024-09-16,Affluent,Adult,High
CUST12630,43,Male,Erode,Salaried,262800.0,2021-03-29,Affluent,Middle Age,Low
CUST12631,32,Female,Madurai,Freelancer,232500.0,2026-07-14,Mass Market,Adult,Low
CUST12632,37,Female,Thanjavur,Salaried,431600.0,2021-07-15,Premium,Adult,Medium
CUST12633,23,Male,Hyderabad,Salaried,1556300.0,2022-01-02,Young Adult,Young Adult,High
CUST12634,28,Female,Tirunelveli,Self-Employed,198200.0,2023-10-27,Mass Market,Adult,Low
CUST12635,33,Female,Erode,Salaried,300300.0,2025-08-04,Mass Market,Adult,Low
CUST12636,51,Female,Coimbatore,Retired,615500.0,2025-01-30,Mass Market,Middle Age,Medium
CUST12637,31,Male,Salem,Self-Employed,1120300.0,2026-01-01,Mass Market,Adult,High
CUST12638,18,Male,Chennai,Student,591400.0,2025-09-05,Mass Market,Young Adult,Medium
CUST12639,45,Other,Hyderabad,Salaried,390500.0,2021-09-20,Young Adult,Middle Age,Low
CUST12640,50,Male,Kochi,Self-Employed,296100.0,2022-06-09,Mass Market,Middle Age,Low
CUST12641,32,Male,Thanjavur,Freelancer,623500.0,2025-10-09,Affluent,Adult,Medium
CUST12642,37,Male,Salem,Salaried,366900.0,2024-12-26,Affluent,Adult,Low
CUST12643,41,Male,Kochi,Self-Employed,821100.0,2022-07-05,Mass Market,Middle Age,High
CUST12644,18,Male,Chennai,Self-Employed,587700.0,2023-10-23,Mass Market,Young Adult,Medium
CUST12645,31,Male,Coimbatore,Salaried,662500.0,2022-01-02,Mass Market,Adult,Medium
CUST12646,35,Female,Tirunelveli,Business Owner,1385400.0,2023-04-10,Mass Market,Adult,High
CUST12647,52,Male,Madurai,Self-Employed,382500.0,2022-02-13,Affluent,Middle Age,Low
CUST12648,42,Male,Bengaluru,Salaried,1716000.0,2022-05-15,Mass Market,Middle Age,High
CUST12649,54,Female,Bengaluru,Salaried,553450.0,2024-01-16,Mass Market,Middle Age,Medium
CUST12650,38,Male,Madurai,Freelancer,1907300.0,2025-04-18,Mass Market,Adult,High
CUST12651,52,Male,Trichy,Salaried,347500.0,2022-12-10,Mass Market,Middle Age,Low
CUST12652,40,Female,Vellore,Salaried,439800.0,2021-06-30,Young Adult,Adult,Medium
CUST12653,28,Female,Delhi,Self-Employed,362600.0,2023-04-29,Affluent,Adult,Low
CUST12654,39,Male,Coimbatore,Student,553450.0,2022-11-21,Mass Market,Adult,Medium
CUST12655,38,Male,Trichy,Salaried,527600.0,2024-10-14,Affluent,Adult,Medium
CUST12656,41,Male,Bengaluru,Business Owner,236200.0,2023-09-28,Premium,Middle Age,Low
CUST12657,66,Female,Pune,Self-Employed,245100.0,2022-07-14,Mass Market,Senior,Low
CUST12658,54,Female,Kochi,Salaried,424400.0,2026-04-30,Premium,Middle Age,Low
CUST12659,55,Female,Kochi,Student,215700.0,2022-02-05,Mass Market,Middle Age,Low
CUST12660,33,Male,Pune,Self-Employed,201900.0,2025-03-17,Mass Market,Adult,Low
CUST12661,18,Male,Salem,Salaried,828100.0,2023-02-10,Mass Market,Young Adult,High
CUST12662,51,Male,Trichy,Salaried,381600.0,2023-04-15,Mass Market,Middle Age,Low
CUST12663,44,Male,Thanjavur,Self-Employed,484700.0,2022-07-23,Premium,Middle Age,Medium
CUST12664,18,Male,Kochi,Self-Employed,415700.0,2024-09-07,Young Adult,Young Adult,Low
CUST12665,47,Male,Trichy,Freelancer,434400.0,2022-03-22,Mass Market,Middle Age,Medium
CUST12666,36,Male,Delhi,Student,579400.0,2021-06-02,Mass Market,Adult,Medium
CUST12667,30,Male,Salem,Self-Employed,402100.0,2021-07-13,Affluent,Adult,Low
CUST12668,48,Male,Coimbatore,Salaried,716400.0,2022-11-26,Premium,Middle Age,High
CUST12669,18,Male,Vellore,Salaried,428700.0,2024-04-20,Affluent,Young Adult,Low
CUST12670,47,Female,Madurai,Self-Employed,151000.0,2023-01-30,Young Adult,Middle Age,Low
CUST12671,47,Female,Trichy,Self-Employed,158500.0,2024-03-10,Affluent,Middle Age,Low
CUST12672,38,Male,Delhi,Self-Employed,880400.0,2024-05-18,Affluent,Adult,High
CUST12673,36,Male,Hyderabad,Student,318500.0,2022-10-18,Mass Market,Adult,Low
CUST12674,34,Male,Trichy,Self-Employed,663600.0,2022-05-17,Young Adult,Adult,Medium
CUST12675,31,Male,Thanjavur,Business Owner,553450.0,2024-02-13,Mass Market,Adult,Medium
CUST12676,42,Female,Thanjavur,Student,407900.0,2023-10-09,Mass Market,Middle Age,Low
CUST12677,44,Female,Trichy,Salaried,1387800.0,2022-05-10,Mass Market,Middle Age,High
CUST12678,35,Male,Vellore,Salaried,632700.0,2023-07-29,Mass Market,Adult,Medium
CUST12679,54,Male,Mumbai,Retired,1926800.0,2024-07-23,Affluent,Middle Age,High
CUST12680,33,Male,Hyderabad,Retired,2198800.0,2026-04-20,Young Adult,Adult,High
CUST12681,37,Male,Bengaluru,Freelancer,823700.0,2026-04-18,Mass Market,Adult,High
CUST12682,29,Male,Vellore,Student,1005600.0,2022-09-19,Mass Market,Adult,High
CUST12683,47,Female,Pune,Student,681900.0,2022-03-02,Premium,Middle Age,Medium
CUST12684,28,Female,Bengaluru,Salaried,404300.0,2021-02-27,Premium,Adult,Low
CUST12685,31,Female,Pune,Salaried,558600.0,2023-09-26,Mass Market,Adult,Medium
CUST12686,37,Male,Vellore,Salaried,900000.0,2024-09-23,Young Adult,Adult,High
CUST12687,35,Male,Madurai,Self-Employed,637600.0,2026-01-19,Mass Market,Adult,Medium
CUST12688,55,Male,Chennai,Freelancer,338700.0,2025-06-17,Affluent,Middle Age,Low
CUST12689,30,Female,Vellore,Retired,169300.0,2022-05-14,Young Adult,Adult,Low
CUST12690,43,Male,Chennai,Self-Employed,368000.0,2024-08-21,Mass Market,Middle Age,Low
CUST12691,37,Female,Pune,Freelancer,396400.0,2023-03-05,Mass Market,Adult,Low
CUST12692,48,Male,Coimbatore,Self-Employed,318200.0,2021-08-05,Mass Market,Middle Age,Low
CUST12693,26,Female,Bengaluru,Business Owner,877600.0,2024-10-23,Mass Market,Adult,High
CUST12694,19,Other,Erode,Salaried,1456700.0,2025-01-20,Affluent,Young Adult,High
CUST12695,18,Female,Mumbai,Retired,369200.0,2022-08-11,Affluent,Young Adult,Low
CUST12696,19,Male,Madurai,Student,216200.0,2022-04-29,Mass Market,Young Adult,Low
CUST12697,48,Male,Chennai,Business Owner,162700.0,2022-02-22,Mass Market,Middle Age,Low
CUST12698,53,Male,Pune,Salaried,602600.0,2021-12-04,Mass Market,Middle Age,Medium
CUST12699,45,Female,Thanjavur,Retired,714800.0,2022-04-07,Mass Market,Middle Age,High
CUST12700,34,Female,Delhi,Salaried,160800.0,2025-08-10,Mass Market,Adult,Low
CUST12701,31,Female,Bengaluru,Student,627100.0,2026-06-16,Young Adult,Adult,Medium
CUST12702,44,Male,Kochi,Salaried,553450.0,2022-07-28,Mass Market,Middle Age,Medium
CUST12703,29,Male,Pune,Retired,168000.0,2024-09-01,Affluent,Adult,Low
CUST12704,40,Male,Chennai,Freelancer,553450.0,2023-12-16,Affluent,Adult,Medium
CUST12705,38,Female,Coimbatore,Retired,271600.0,2021-05-24,Affluent,Adult,Low
CUST12706,21,Male,Delhi,Freelancer,447000.0,2022-03-14,Mass Market,Young Adult,Medium
CUST12707,53,Female,Chennai,Business Owner,681900.0,2024-08-06,Young Adult,Middle Age,Medium
CUST12708,34,Male,Erode,Business Owner,641200.0,2025-08-04,Premium,Adult,Medium
CUST12709,28,Female,Salem,Salaried,359000.0,2026-03-04,Affluent,Adult,Low
CUST12710,36,Male,Kochi,Salaried,405800.0,2023-01-22,Mass Market,Adult,Low
CUST12711,33,Male,Hyderabad,Salaried,219600.0,2022-03-10,Mass Market,Adult,Low
CUST12712,28,Female,Mumbai,Student,350200.0,2025-09-30,Premium,Adult,Low
CUST12713,24,Male,Mumbai,Business Owner,829800.0,2022-03-29,Mass Market,Young Adult,High
CUST12714,40,Female,Pune,Salaried,562100.0,2021-10-27,Young Adult,Adult,Medium
CUST12715,42,Male,Bengaluru,Self-Employed,608700.0,2023-01-28,Mass Market,Middle Age,Medium
CUST12716,27,Male,Vellore,Business Owner,1041600.0,2022-02-17,Mass Market,Adult,High
CUST12717,46,Male,Kochi,Salaried,168100.0,2022-04-18,Mass Market,Middle Age,Low
CUST12718,32,Male,Pune,Retired,529700.0,2025-06-03,Mass Market,Adult,Medium
CUST12719,33,Male,Bengaluru,Business Owner,434000.0,2023-12-24,Mass Market,Adult,Medium
CUST12720,41,Male,Chennai,Salaried,264500.0,2024-03-08,Affluent,Middle Age,Low
CUST12721,22,Male,Erode,Salaried,873700.0,2024-12-06,Mass Market,Young Adult,High
CUST12722,40,Male,Delhi,Self-Employed,348300.0,2024-11-27,Mass Market,Adult,Low
CUST12723,40,Female,Vellore,Student,204300.0,2023-11-12,Mass Market,Adult,Low
CUST12724,47,Female,Vellore,Salaried,841800.0,2021-10-07,Affluent,Middle Age,High
CUST12725,52,Female,Hyderabad,Retired,172000.0,2024-09-15,Young Adult,Middle Age,Low
CUST12726,57,Female,Trichy,Retired,197200.0,2026-06-24,Premium,Middle Age,Low
CUST12727,47,Male,Coimbatore,Salaried,1490300.0,2021-08-09,Affluent,Middle Age,High
CUST12728,23,Male,Hyderabad,Salaried,256700.0,2023-02-14,Mass Market,Young Adult,Low
CUST12729,20,Female,Thanjavur,Retired,472200.0,2024-01-29,Affluent,Young Adult,Medium
CUST12730,42,Other,Vellore,Retired,785400.0,2021-04-29,Premium,Middle Age,High
CUST12731,29,Female,Trichy,Freelancer,331100.0,2023-06-19,Mass Market,Adult,Low
CUST12732,33,Male,Mumbai,Salaried,415700.0,2024-05-21,Mass Market,Adult,Low
CUST12733,50,Male,Tirunelveli,Salaried,445900.0,2023-06-22,Affluent,Middle Age,Medium
CUST12734,43,Male,Mumbai,Student,649400.0,2024-06-17,Young Adult,Middle Age,Medium
CUST12735,55,Male,Vellore,Salaried,681800.0,2021-09-20,Mass Market,Middle Age,Medium
CUST12736,38,Male,Kochi,Salaried,182000.0,2022-02-23,Premium,Adult,Low
CUST12737,44,Male,Madurai,Salaried,553450.0,2021-01-14,Mass Market,Middle Age,Medium
CUST12738,18,Male,Thanjavur,Salaried,809100.0,2026-06-27,Premium,Young Adult,High
CUST12739,40,Female,Madurai,Salaried,396700.0,2021-04-11,Mass Market,Adult,Low
CUST12740,39,Male,Salem,Salaried,171600.0,2021-10-04,Mass Market,Adult,Low
CUST12741,33,Female,Delhi,Salaried,691500.0,2023-12-14,Young Adult,Adult,Medium
CUST12742,29,Male,Tirunelveli,Freelancer,2417200.0,2026-05-16,Young Adult,Adult,High
CUST12743,40,Female,Thanjavur,Salaried,867800.0,2023-12-10,Premium,Adult,High
CUST12744,18,Male,Tirunelveli,Retired,660700.0,2022-06-07,Mass Market,Young Adult,Medium
CUST12745,28,Female,Pune,Self-Employed,180200.0,2021-05-20,Mass Market,Adult,Low
CUST12746,55,Male,Mumbai,Retired,632900.0,2024-04-13,Premium,Middle Age,Medium
CUST12747,32,Female,Salem,Salaried,596300.0,2021-05-06,Mass Market,Adult,Medium
CUST12748,42,Male,Kochi,Self-Employed,650700.0,2024-03-09,Mass Market,Middle Age,Medium
CUST12749,36,Male,Kochi,Salaried,1035700.0,2021-09-14,Mass Market,Adult,High
CUST12750,18,Male,Tirunelveli,Business Owner,669000.0,2021-04-04,Mass Market,Young Adult,Medium
CUST12751,49,Male,Bengaluru,Salaried,532400.0,2024-11-11,Mass Market,Middle Age,Medium
CUST12752,35,Male,Pune,Salaried,525600.0,2023-08-12,Mass Market,Adult,Medium
CUST12753,44,Female,Bengaluru,Retired,320100.0,2024-10-17,Mass Market,Middle Age,Low
CUST12754,46,Male,Tirunelveli,Business Owner,1360600.0,2021-05-12,Affluent,Middle Age,High
CUST12755,32,Female,Tirunelveli,Salaried,874300.0,2021-09-23,Affluent,Adult,High
CUST12756,36,Male,Coimbatore,Freelancer,525800.0,2022-03-02,Mass Market,Adult,Medium
CUST12757,37,Male,Trichy,Salaried,1180800.0,2025-05-12,Mass Market,Adult,High
CUST12758,51,Female,Trichy,Self-Employed,599400.0,2024-07-16,Mass Market,Middle Age,Medium
CUST12759,56,Female,Bengaluru,Student,820100.0,2022-08-12,Mass Market,Middle Age,High
CUST12760,45,Female,Trichy,Salaried,326100.0,2021-08-29,Mass Market,Middle Age,Low
CUST12761,25,Female,Tirunelveli,Salaried,396500.0,2021-06-21,Mass Market,Young Adult,Low
CUST12762,30,Male,Chennai,Self-Employed,279000.0,2023-10-10,Affluent,Adult,Low
CUST12763,48,Male,Bengaluru,Business Owner,633400.0,2024-04-21,Mass Market,Middle Age,Medium
CUST12764,28,Male,Trichy,Salaried,724100.0,2025-06-26,Mass Market,Adult,High
CUST12765,41,Male,Erode,Self-Employed,372200.0,2024-01-28,Young Adult,Middle Age,Low
CUST12766,33,Female,Madurai,Freelancer,553450.0,2022-09-27,Affluent,Adult,Medium
CUST12767,29,Female,Tirunelveli,Student,162800.0,2021-01-10,Mass Market,Adult,Low
CUST12768,48,Female,Coimbatore,Salaried,473400.0,2023-04-07,Mass Market,Middle Age,Medium
CUST12769,22,Male,Trichy,Salaried,1512500.0,2024-06-28,Premium,Young Adult,High
CUST12770,47,Male,Tirunelveli,Self-Employed,191400.0,2021-05-14,Affluent,Middle Age,Low
CUST12771,22,Male,Delhi,Retired,283100.0,2026-02-28,Mass Market,Young Adult,Low
CUST12772,35,Female,Vellore,Self-Employed,905200.0,2025-04-14,Mass Market,Adult,High
CUST12773,30,Female,Erode,Business Owner,585600.0,2024-03-16,Young Adult,Adult,Medium
CUST12774,44,Female,Vellore,Business Owner,128000.0,2022-02-12,Mass Market,Middle Age,Low
CUST12775,45,Female,Trichy,Business Owner,193300.0,2025-01-30,Mass Market,Middle Age,Low
CUST12776,18,Male,Thanjavur,Retired,251900.0,2022-06-04,Premium,Young Adult,Low
CUST12777,33,Male,Pune,Retired,463300.0,2024-05-10,Mass Market,Adult,Medium
CUST12778,40,Male,Madurai,Business Owner,731500.0,2026-04-26,Affluent,Adult,High
CUST12779,31,Male,Madurai,Salaried,530000.0,2026-02-03,Young Adult,Adult,Medium
CUST12780,27,Male,Hyderabad,Salaried,2674100.0,2021-04-06,Mass Market,Adult,High
CUST12781,41,Female,Madurai,Salaried,657300.0,2024-10-05,Mass Market,Middle Age,Medium
CUST12782,42,Male,Kochi,Retired,557800.0,2023-08-03,Mass Market,Middle Age,Medium
CUST12783,41,Male,Erode,Salaried,523100.0,2023-08-05,Young Adult,Middle Age,Medium
CUST12784,30,Female,Kochi,Freelancer,1259700.0,2025-04-19,Mass Market,Adult,High
CUST12785,34,Male,Thanjavur,Salaried,473800.0,2024-09-11,Premium,Adult,Medium
CUST12786,30,Female,Mumbai,Self-Employed,572100.0,2025-03-29,Mass Market,Adult,Medium
CUST12787,39,Male,Madurai,Salaried,459500.0,2022-08-21,Mass Market,Adult,Medium
CUST12788,48,Female,Pune,Retired,675300.0,2021-09-09,Young Adult,Middle Age,Medium
CUST12789,58,Male,Erode,Salaried,663500.0,2021-09-02,Mass Market,Middle Age,Medium
CUST12790,18,Other,Trichy,Self-Employed,694000.0,2022-04-04,Mass Market,Young Adult,Medium
CUST12791,21,Female,Kochi,Salaried,251000.0,2022-01-28,Mass Market,Young Adult,Low
CUST12792,37,Female,Erode,Salaried,297600.0,2021-03-22,Mass Market,Adult,Low
CUST12793,32,Male,Tirunelveli,Self-Employed,376400.0,2025-12-17,Mass Market,Adult,Low
CUST12794,40,Female,Trichy,Business Owner,402600.0,2024-08-18,Mass Market,Adult,Low
CUST12795,38,Female,Trichy,Freelancer,957600.0,2023-07-13,Affluent,Adult,High
CUST12796,42,Male,Delhi,Business Owner,548700.0,2021-06-27,Mass Market,Middle Age,Medium
CUST12797,35,Male,Pune,Salaried,2640800.0,2026-08-05,Affluent,Adult,High
CUST12798,21,Male,Coimbatore,Salaried,553450.0,2021-02-18,Mass Market,Young Adult,Medium
CUST12799,29,Female,Salem,Salaried,224800.0,2021-02-19,Mass Market,Adult,Low
CUST12800,22,Male,Erode,Salaried,553450.0,2022-04-11,Mass Market,Young Adult,Medium
CUST12801,34,Female,Coimbatore,Self-Employed,327400.0,2024-11-12,Mass Market,Adult,Low
CUST12802,39,Female,Trichy,Salaried,239800.0,2023-06-03,Mass Market,Adult,Low
CUST12803,43,Male,Vellore,Self-Employed,487500.0,2026-07-30,Mass Market,Middle Age,Medium
CUST12804,33,Female,Mumbai,Salaried,206400.0,2022-02-05,Premium,Adult,Low
CUST12805,41,Male,Pune,Self-Employed,337500.0,2021-02-23,Mass Market,Middle Age,Low
CUST12806,18,Male,Tirunelveli,Freelancer,540900.0,2022-01-30,Mass Market,Young Adult,Medium
CUST12807,34,Female,Mumbai,Student,782600.0,2026-01-28,Mass Market,Adult,High
CUST12808,30,Female,Thanjavur,Business Owner,756800.0,2022-06-29,Mass Market,Adult,High
CUST12809,47,Female,Hyderabad,Salaried,651200.0,2026-05-17,Mass Market,Middle Age,Medium
CUST12810,43,Male,Tirunelveli,Self-Employed,791200.0,2022-05-23,Mass Market,Middle Age,High
CUST12811,30,Female,Salem,Retired,1038800.0,2026-04-02,Mass Market,Adult,High
CUST12812,43,Female,Trichy,Freelancer,578200.0,2022-11-22,Mass Market,Middle Age,Medium
CUST12813,43,Male,Erode,Salaried,1429000.0,2022-06-24,Mass Market,Middle Age,High
CUST12814,18,Female,Madurai,Business Owner,130300.0,2024-05-24,Young Adult,Young Adult,Low
CUST12815,29,Male,Chennai,Salaried,553450.0,2024-07-29,Affluent,Adult,Medium
CUST12816,50,Female,Bengaluru,Salaried,767000.0,2024-03-07,Affluent,Middle Age,High
CUST12817,29,Male,Bengaluru,Self-Employed,364600.0,2021-08-19,Young Adult,Adult,Low
CUST12818,23,Male,Trichy,Salaried,704800.0,2024-02-12,Young Adult,Young Adult,Medium
CUST12819,36,Female,Vellore,Student,891200.0,2025-03-13,Premium,Adult,High
CUST12820,27,Female,Chennai,Freelancer,1087600.0,2022-08-03,Mass Market,Adult,High
CUST12821,44,Male,Delhi,Retired,296400.0,2023-10-02,Mass Market,Middle Age,Low
CUST12822,38,Female,Vellore,Salaried,921700.0,2021-12-27,Mass Market,Adult,High
CUST12823,36,Female,Trichy,Salaried,774700.0,2023-02-12,Mass Market,Adult,High
CUST12824,27,Female,Coimbatore,Salaried,1084500.0,2022-01-11,Premium,Adult,High
CUST12825,39,Male,Hyderabad,Salaried,207200.0,2023-03-14,Affluent,Adult,Low
CUST12826,30,Male,Chennai,Salaried,306700.0,2021-05-05,Mass Market,Adult,Low
CUST12827,50,Female,Mumbai,Student,571400.0,2021-01-21,Mass Market,Middle Age,Medium
CUST12828,37,Female,Delhi,Retired,591500.0,2022-09-28,Mass Market,Adult,Medium
CUST12829,63,Female,Vellore,Salaried,360800.0,2025-10-17,Mass Market,Senior,Low
CUST12830,33,Male,Erode,Student,647600.0,2024-01-02,Mass Market,Adult,Medium
CUST12831,39,Male,Trichy,Student,417700.0,2024-01-04,Mass Market,Adult,Low
CUST12832,26,Male,Erode,Freelancer,553450.0,2021-06-03,Premium,Adult,Medium
CUST12833,38,Female,Madurai,Student,1039900.0,2022-04-20,Affluent,Adult,High
CUST12834,29,Male,Bengaluru,Self-Employed,279100.0,2025-10-02,Affluent,Adult,Low
CUST12835,32,Female,Erode,Retired,358100.0,2024-09-13,Premium,Adult,Low
CUST12836,43,Female,Pune,Salaried,739400.0,2023-04-26,Premium,Middle Age,High
CUST12837,41,Male,Coimbatore,Salaried,435700.0,2025-06-03,Young Adult,Middle Age,Medium
CUST12838,50,Female,Salem,Salaried,541600.0,2021-05-30,Mass Market,Middle Age,Medium
CUST12839,44,Male,Madurai,Self-Employed,278700.0,2025-04-08,Young Adult,Middle Age,Low
CUST12840,33,Male,Vellore,Salaried,455400.0,2025-05-29,Affluent,Adult,Medium
CUST12841,44,Male,Coimbatore,Salaried,376300.0,2022-04-27,Mass Market,Middle Age,Low
CUST12842,27,Female,Vellore,Freelancer,764400.0,2023-05-26,Young Adult,Adult,High
CUST12843,38,Female,Mumbai,Student,1337200.0,2022-12-24,Mass Market,Adult,High
CUST12844,44,Male,Pune,Self-Employed,797900.0,2023-12-26,Mass Market,Middle Age,High
CUST12845,32,Male,Vellore,Salaried,702900.0,2025-04-05,Mass Market,Adult,Medium
CUST12846,18,Male,Chennai,Salaried,609700.0,2025-01-01,Mass Market,Young Adult,Medium
CUST12847,32,Female,Kochi,Self-Employed,902400.0,2025-09-03,Premium,Adult,High
CUST12848,21,Male,Tirunelveli,Salaried,504900.0,2026-06-18,Mass Market,Young Adult,Medium
CUST12849,18,Male,Kochi,Salaried,310900.0,2025-01-12,Affluent,Young Adult,Low
CUST12850,27,Female,Delhi,Retired,1202100.0,2022-02-10,Mass Market,Adult,High
CUST12851,40,Female,Bengaluru,Salaried,260600.0,2026-02-24,Young Adult,Adult,Low
CUST12852,39,Male,Trichy,Student,318100.0,2024-01-30,Premium,Adult,Low
CUST12853,40,Female,Bengaluru,Salaried,1009500.0,2025-09-30,Premium,Adult,High
CUST12854,33,Female,Bengaluru,Salaried,553450.0,2024-04-22,Mass Market,Adult,Medium
CUST12855,51,Female,Coimbatore,Salaried,585600.0,2023-09-24,Premium,Middle Age,Medium
CUST12856,26,Female,Erode,Freelancer,553450.0,2022-06-07,Young Adult,Adult,Medium
CUST12857,24,Male,Tirunelveli,Salaried,714400.0,2022-03-31,Affluent,Young Adult,High
CUST12858,36,Male,Delhi,Retired,652400.0,2021-06-15,Premium,Adult,Medium
CUST12859,21,Male,Delhi,Salaried,531900.0,2026-08-06,Premium,Young Adult,Medium
CUST12860,31,Male,Vellore,Freelancer,1488000.0,2026-04-01,Premium,Adult,High
CUST12861,39,Male,Vellore,Salaried,307400.0,2022-06-10,Affluent,Adult,Low
CUST12862,36,Male,Madurai,Business Owner,1152000.0,2024-08-01,Affluent,Adult,High
CUST12863,51,Male,Tirunelveli,Self-Employed,330300.0,2026-06-08,Affluent,Middle Age,Low
CUST12864,32,Male,Kochi,Business Owner,553450.0,2024-08-18,Mass Market,Adult,Medium
CUST12865,45,Female,Chennai,Self-Employed,615800.0,2025-02-05,Premium,Middle Age,Medium
CUST12866,22,Male,Hyderabad,Retired,259700.0,2021-07-08,Mass Market,Young Adult,Low
CUST12867,35,Male,Mumbai,Salaried,283500.0,2021-08-28,Mass Market,Adult,Low
CUST12868,46,Female,Madurai,Salaried,689400.0,2021-05-12,Mass Market,Middle Age,Medium
CUST12869,50,Female,Madurai,Salaried,771000.0,2023-10-12,Mass Market,Middle Age,High
CUST12870,37,Male,Tirunelveli,Retired,748300.0,2021-06-02,Affluent,Adult,High
CUST12871,30,Female,Vellore,Self-Employed,846200.0,2023-05-30,Premium,Adult,High
CUST12872,21,Female,Vellore,Salaried,781800.0,2024-04-01,Mass Market,Young Adult,High
CUST12873,51,Male,Bengaluru,Salaried,589000.0,2025-02-20,Premium,Middle Age,Medium
CUST12874,43,Female,Mumbai,Self-Employed,1153200.0,2024-01-24,Mass Market,Middle Age,High
CUST12875,23,Male,Mumbai,Freelancer,768100.0,2023-06-17,Mass Market,Young Adult,High
CUST12876,55,Female,Madurai,Salaried,737700.0,2024-09-12,Premium,Middle Age,High
CUST12877,29,Other,Kochi,Salaried,1191000.0,2022-09-11,Young Adult,Adult,High
CUST12878,20,Male,Bengaluru,Business Owner,335900.0,2026-01-06,Premium,Young Adult,Low
CUST12879,41,Female,Madurai,Self-Employed,553450.0,2024-11-07,Young Adult,Middle Age,Medium
CUST12880,36,Female,Coimbatore,Salaried,1059300.0,2021-06-24,Affluent,Adult,High
CUST12881,46,Female,Kochi,Retired,1568500.0,2026-07-04,Young Adult,Middle Age,High
CUST12882,32,Female,Madurai,Business Owner,911000.0,2026-04-02,Mass Market,Adult,High
CUST12883,25,Female,Erode,Salaried,1615000.0,2025-12-29,Mass Market,Young Adult,High
CUST12884,19,Female,Bengaluru,Student,404300.0,2023-03-14,Mass Market,Young Adult,Low
CUST12885,34,Male,Bengaluru,Freelancer,330900.0,2024-01-15,Young Adult,Adult,Low
CUST12886,23,Female,Salem,Business Owner,331300.0,2024-02-01,Mass Market,Young Adult,Low
CUST12887,42,Male,Erode,Salaried,273100.0,2021-03-12,Mass Market,Middle Age,Low
CUST12888,39,Male,Vellore,Salaried,548200.0,2025-01-14,Affluent,Adult,Medium
CUST12889,44,Female,Pune,Salaried,841300.0,2022-05-19,Mass Market,Middle Age,High
CUST12890,25,Male,Madurai,Salaried,500500.0,2024-05-04,Premium,Young Adult,Medium
CUST12891,47,Male,Kochi,Salaried,701400.0,2023-05-31,Mass Market,Middle Age,Medium
CUST12892,31,Male,Mumbai,Student,522400.0,2022-02-26,Mass Market,Adult,Medium
CUST12893,29,Female,Madurai,Salaried,251200.0,2024-10-24,Mass Market,Adult,Low
CUST12894,47,Male,Bengaluru,Salaried,553450.0,2025-07-14,Mass Market,Middle Age,Medium
CUST12895,36,Female,Chennai,Student,235800.0,2024-01-19,Young Adult,Adult,Low
CUST12896,48,Male,Madurai,Self-Employed,549600.0,2021-11-05,Mass Market,Middle Age,Medium
CUST12897,32,Female,Chennai,Salaried,305000.0,2021-05-25,Premium,Adult,Low
CUST12898,18,Male,Coimbatore,Business Owner,245000.0,2023-02-10,Premium,Young Adult,Low
CUST12899,29,Female,Mumbai,Salaried,206300.0,2024-01-21,Young Adult,Adult,Low
CUST12900,18,Female,Kochi,Student,615100.0,2021-05-26,Mass Market,Young Adult,Medium
CUST12901,36,Female,Kochi,Salaried,2453200.0,2026-04-13,Mass Market,Adult,High
CUST12902,52,Male,Madurai,Salaried,1810700.0,2024-10-04,Premium,Middle Age,High
CUST12903,47,Other,Chennai,Salaried,624100.0,2022-02-15,Affluent,Middle Age,Medium
CUST12904,18,Male,Erode,Student,574700.0,2022-11-10,Affluent,Young Adult,Medium
CUST12905,41,Male,Trichy,Retired,992500.0,2022-09-17,Mass Market,Middle Age,High
CUST12906,42,Male,Coimbatore,Business Owner,553450.0,2021-04-22,Affluent,Middle Age,Medium
CUST12907,41,Male,Tirunelveli,Business Owner,374100.0,2024-10-25,Affluent,Middle Age,Low
CUST12908,34,Female,Salem,Salaried,923500.0,2025-11-02,Young Adult,Adult,High
CUST12909,44,Female,Mumbai,Self-Employed,903900.0,2021-09-08,Affluent,Middle Age,High
CUST12910,59,Male,Bengaluru,Salaried,659700.0,2023-08-28,Mass Market,Middle Age,Medium
CUST12911,48,Male,Thanjavur,Salaried,3810600.0,2025-04-01,Mass Market,Middle Age,High
CUST12912,50,Male,Pune,Student,203400.0,2023-09-01,Mass Market,Middle Age,Low
CUST12913,32,Female,Mumbai,Salaried,593700.0,2024-03-22,Premium,Adult,Medium
CUST12914,42,Male,Vellore,Salaried,359300.0,2025-02-13,Young Adult,Middle Age,Low
CUST12915,24,Female,Erode,Self-Employed,247400.0,2024-04-05,Mass Market,Young Adult,Low
CUST12916,28,Female,Erode,Salaried,390000.0,2025-10-31,Affluent,Adult,Low
CUST12917,36,Male,Vellore,Self-Employed,478200.0,2022-09-09,Affluent,Adult,Medium
CUST12918,43,Male,Tirunelveli,Salaried,505600.0,2025-08-15,Young Adult,Middle Age,Medium
CUST12919,21,Female,Erode,Salaried,707400.0,2024-10-11,Mass Market,Young Adult,Medium
CUST12920,37,Male,Thanjavur,Self-Employed,259900.0,2026-02-20,Mass Market,Adult,Low
CUST12921,54,Other,Thanjavur,Retired,353700.0,2022-06-08,Affluent,Middle Age,Low
CUST12922,20,Female,Trichy,Salaried,524900.0,2022-03-25,Affluent,Young Adult,Medium
CUST12923,31,Male,Vellore,Student,553450.0,2023-05-05,Young Adult,Adult,Medium
CUST12924,54,Male,Vellore,Self-Employed,1541500.0,2021-08-03,Mass Market,Middle Age,High
CUST12925,39,Male,Kochi,Self-Employed,313300.0,2025-03-11,Premium,Adult,Low
CUST12926,36,Male,Kochi,Salaried,476300.0,2022-03-12,Mass Market,Adult,Medium
CUST12927,37,Male,Hyderabad,Salaried,304800.0,2025-10-21,Young Adult,Adult,Low
CUST12928,29,Male,Kochi,Freelancer,163000.0,2022-04-09,Mass Market,Adult,Low
CUST12929,48,Male,Pune,Salaried,200200.0,2025-07-26,Mass Market,Middle Age,Low
CUST12930,31,Female,Kochi,Salaried,1004000.0,2026-03-02,Affluent,Adult,High
CUST12931,33,Male,Bengaluru,Self-Employed,845900.0,2025-03-30,Mass Market,Adult,High
CUST12932,29,Female,Tirunelveli,Salaried,1906600.0,2024-10-21,Mass Market,Adult,High
CUST12933,43,Male,Pune,Self-Employed,349400.0,2021-01-27,Affluent,Middle Age,Low
CUST12934,30,Female,Trichy,Retired,300000.0,2024-10-14,Affluent,Adult,Low
CUST12935,30,Male,Salem,Salaried,477400.0,2022-08-16,Mass Market,Adult,Medium
CUST12936,33,Female,Trichy,Self-Employed,370900.0,2025-07-29,Mass Market,Adult,Low
CUST12937,41,Female,Vellore,Salaried,611700.0,2024-09-13,Affluent,Middle Age,Medium
CUST12938,21,Other,Hyderabad,Salaried,695600.0,2021-12-31,Premium,Young Adult,Medium
CUST12939,30,Female,Vellore,Salaried,579400.0,2025-12-07,Mass Market,Adult,Medium
CUST12940,38,Male,Coimbatore,Student,1586600.0,2021-08-12,Mass Market,Adult,High
CUST12941,41,Female,Tirunelveli,Salaried,964400.0,2023-07-02,Affluent,Middle Age,High
CUST12942,26,Male,Madurai,Student,345200.0,2023-09-10,Young Adult,Adult,Low
CUST12943,40,Male,Thanjavur,Self-Employed,184700.0,2025-10-13,Mass Market,Adult,Low
CUST12944,41,Female,Vellore,Salaried,841000.0,2025-05-26,Mass Market,Middle Age,High
CUST12945,27,Female,Madurai,Self-Employed,321200.0,2025-01-01,Young Adult,Adult,Low
CUST12946,47,Male,Pune,Student,99600.0,2023-03-04,Mass Market,Middle Age,Low
CUST12947,23,Female,Pune,Freelancer,457100.0,2025-06-14,Mass Market,Young Adult,Medium
CUST12948,24,Female,Vellore,Freelancer,295700.0,2024-06-29,Affluent,Young Adult,Low
CUST12949,35,Female,Madurai,Self-Employed,183500.0,2022-07-07,Mass Market,Adult,Low
CUST12950,42,Female,Pune,Student,376200.0,2023-02-23,Affluent,Middle Age,Low
CUST12951,40,Female,Salem,Self-Employed,167600.0,2026-04-29,Mass Market,Adult,Low
CUST12952,52,Female,Pune,Salaried,544300.0,2025-10-05,Mass Market,Middle Age,Medium
CUST12953,60,Female,Trichy,Salaried,1085700.0,2024-09-16,Mass Market,Middle Age,High
CUST12954,47,Female,Bengaluru,Salaried,230900.0,2023-06-01,Premium,Middle Age,Low
CUST12955,40,Male,Chennai,Freelancer,571500.0,2024-03-15,Mass Market,Adult,Medium
CUST12956,46,Male,Tirunelveli,Business Owner,1024200.0,2022-06-30,Mass Market,Middle Age,High
CUST12957,48,Male,Coimbatore,Salaried,1623700.0,2026-07-28,Mass Market,Middle Age,High
CUST12958,23,Female,Madurai,Salaried,281700.0,2024-10-09,Mass Market,Young Adult,Low
CUST12959,18,Male,Madurai,Self-Employed,585600.0,2025-01-26,Mass Market,Young Adult,Medium
CUST12960,40,Female,Kochi,Salaried,542000.0,2025-05-20,Mass Market,Adult,Medium
CUST12961,33,Female,Kochi,Retired,734400.0,2021-06-22,Young Adult,Adult,High
CUST12962,41,Female,Trichy,Salaried,568400.0,2023-05-01,Mass Market,Middle Age,Medium
CUST12963,58,Female,Coimbatore,Freelancer,823600.0,2023-11-05,Mass Market,Middle Age,High
CUST12964,45,Female,Erode,Student,533300.0,2025-08-31,Mass Market,Middle Age,Medium
CUST12965,35,Male,Vellore,Freelancer,510600.0,2021-06-01,Mass Market,Adult,Medium
CUST12966,26,Female,Trichy,Freelancer,1049800.0,2022-10-15,Affluent,Adult,High
CUST12967,50,Male,Pune,Freelancer,446000.0,2023-05-17,Mass Market,Middle Age,Medium
CUST12968,19,Male,Coimbatore,Salaried,602600.0,2026-07-07,Mass Market,Young Adult,Medium
CUST12969,33,Female,Chennai,Retired,415000.0,2022-09-14,Mass Market,Adult,Low
CUST12970,28,Male,Mumbai,Self-Employed,847700.0,2025-04-22,Mass Market,Adult,High
CUST12971,45,Female,Trichy,Freelancer,838300.0,2021-11-05,Affluent,Middle Age,High
CUST12972,36,Female,Hyderabad,Salaried,989900.0,2023-08-24,Mass Market,Adult,High
CUST12973,27,Male,Chennai,Salaried,2026800.0,2022-02-28,Mass Market,Adult,High
CUST12974,29,Male,Trichy,Salaried,1343500.0,2026-06-02,Mass Market,Adult,High
CUST12975,44,Female,Delhi,Retired,715600.0,2024-07-07,Mass Market,Middle Age,High
CUST12976,54,Male,Trichy,Student,255100.0,2026-06-14,Mass Market,Middle Age,Low
CUST12977,22,Female,Mumbai,Student,554100.0,2021-11-10,Mass Market,Young Adult,Medium
CUST12978,27,Female,Bengaluru,Student,266200.0,2021-07-08,Mass Market,Adult,Low
CUST12979,40,Male,Salem,Salaried,868900.0,2023-12-13,Mass Market,Adult,High
CUST12980,40,Male,Mumbai,Freelancer,651800.0,2022-11-20,Mass Market,Adult,Medium
CUST12981,48,Male,Thanjavur,Salaried,559300.0,2023-11-22,Mass Market,Middle Age,Medium
CUST12982,28,Male,Tirunelveli,Salaried,997000.0,2022-04-30,Mass Market,Adult,High
CUST12983,46,Other,Mumbai,Business Owner,788100.0,2024-01-03,Affluent,Middle Age,High
CUST12984,38,Female,Delhi,Salaried,281000.0,2026-06-26,Mass Market,Adult,Low
CUST12985,36,Female,Madurai,Student,553450.0,2025-03-03,Premium,Adult,Medium
CUST12986,44,Female,Tirunelveli,Salaried,640300.0,2024-10-13,Affluent,Middle Age,Medium
CUST12987,33,Female,Salem,Salaried,324500.0,2022-12-01,Mass Market,Adult,Low
CUST12988,35,Male,Tirunelveli,Salaried,594300.0,2022-07-15,Premium,Adult,Medium
CUST12989,21,Male,Chennai,Salaried,2013200.0,2024-09-24,Mass Market,Young Adult,High
CUST12990,29,Male,Trichy,Retired,589700.0,2023-02-09,Affluent,Adult,Medium
CUST12991,41,Female,Coimbatore,Self-Employed,723700.0,2024-09-24,Affluent,Middle Age,High
CUST12992,30,Female,Coimbatore,Salaried,288500.0,2023-03-15,Mass Market,Adult,Low
CUST12993,44,Male,Pune,Salaried,318900.0,2023-01-08,Mass Market,Middle Age,Low
CUST12994,39,Female,Pune,Salaried,1703800.0,2022-07-30,Premium,Adult,High
CUST12995,19,Male,Salem,Retired,834300.0,2025-03-26,Young Adult,Young Adult,High
CUST12996,29,Female,Vellore,Student,553450.0,2023-05-30,Young Adult,Adult,Medium
CUST12997,26,Female,Erode,Self-Employed,553450.0,2022-03-01,Mass Market,Adult,Medium
CUST12998,46,Female,Tirunelveli,Retired,834200.0,2021-08-03,Premium,Middle Age,High
CUST12999,61,Male,Trichy,Business Owner,408900.0,2024-10-27,Affluent,Senior,Low
CUST13000,46,Male,Hyderabad,Self-Employed,428000.0,2022-02-16,Premium,Middle Age,Low
CUST13001,45,Female,Coimbatore,Self-Employed,487700.0,2021-10-13,Affluent,Middle Age,Medium
CUST13002,49,Male,Hyderabad,Salaried,553450.0,2025-12-23,Mass Market,Middle Age,Medium
CUST13003,32,Male,Bengaluru,Student,252400.0,2021-02-16,Mass Market,Adult,Low
CUST13004,43,Female,Chennai,Business Owner,368100.0,2022-07-23,Mass Market,Middle Age,Low
CUST13005,29,Male,Chennai,Student,381000.0,2026-02-07,Premium,Adult,Low
CUST13006,18,Female,Erode,Self-Employed,720700.0,2026-06-13,Mass Market,Young Adult,High
CUST13007,22,Male,Madurai,Salaried,1012800.0,2024-12-01,Mass Market,Young Adult,High
CUST13008,35,Female,Kochi,Self-Employed,582000.0,2022-08-02,Affluent,Adult,Medium
CUST13009,31,Male,Trichy,Salaried,956800.0,2021-12-07,Mass Market,Adult,High
CUST13010,37,Male,Mumbai,Salaried,389300.0,2025-08-12,Mass Market,Adult,Low
CUST13011,21,Male,Vellore,Business Owner,358000.0,2022-10-23,Mass Market,Young Adult,Low
CUST13012,26,Female,Pune,Salaried,251900.0,2022-01-04,Mass Market,Adult,Low
CUST13013,40,Male,Hyderabad,Self-Employed,1408600.0,2024-01-12,Mass Market,Adult,High
CUST13014,40,Male,Salem,Salaried,905300.0,2023-12-12,Young Adult,Adult,High
CUST13015,47,Female,Erode,Business Owner,132000.0,2025-09-17,Premium,Middle Age,Low
CUST13016,32,Female,Delhi,Salaried,215600.0,2022-02-05,Young Adult,Adult,Low
CUST13017,27,Female,Delhi,Salaried,530700.0,2023-08-18,Mass Market,Adult,Medium
CUST13018,37,Male,Vellore,Freelancer,657700.0,2024-02-25,Premium,Adult,Medium
CUST13019,46,Male,Coimbatore,Salaried,195600.0,2023-06-15,Young Adult,Middle Age,Low
CUST13020,38,Female,Salem,Salaried,395300.0,2024-07-24,Young Adult,Adult,Low
CUST13021,25,Female,Thanjavur,Salaried,1016800.0,2025-04-14,Affluent,Young Adult,High
CUST13022,48,Female,Delhi,Salaried,1338400.0,2024-10-19,Premium,Middle Age,High
CUST13023,35,Male,Erode,Retired,1235900.0,2023-11-15,Mass Market,Adult,High
CUST13024,18,Male,Vellore,Self-Employed,907400.0,2025-09-14,Affluent,Young Adult,High
CUST13025,26,Male,Erode,Salaried,239900.0,2022-09-14,Mass Market,Adult,Low
CUST13026,35,Female,Mumbai,Salaried,334300.0,2021-05-11,Mass Market,Adult,Low
CUST13027,41,Female,Pune,Business Owner,577900.0,2025-01-14,Affluent,Middle Age,Medium
CUST13028,36,Female,Trichy,Salaried,180600.0,2024-08-22,Mass Market,Adult,Low
CUST13029,28,Other,Thanjavur,Student,1039000.0,2024-02-25,Mass Market,Adult,High
CUST13030,27,Male,Coimbatore,Student,155700.0,2024-08-17,Mass Market,Adult,Low
CUST13031,42,Male,Thanjavur,Student,464700.0,2025-09-07,Mass Market,Middle Age,Medium
CUST13032,35,Female,Mumbai,Self-Employed,655000.0,2023-12-30,Affluent,Adult,Medium
CUST13033,18,Female,Salem,Salaried,630200.0,2022-08-13,Premium,Young Adult,Medium
CUST13034,38,Male,Tirunelveli,Business Owner,1181000.0,2022-06-28,Affluent,Adult,High
CUST13035,28,Male,Kochi,Self-Employed,454300.0,2023-06-19,Mass Market,Adult,Medium
CUST13036,18,Female,Mumbai,Self-Employed,111000.0,2025-05-10,Mass Market,Young Adult,Low
CUST13037,22,Female,Thanjavur,Retired,1387100.0,2022-02-14,Affluent,Young Adult,High
CUST13038,18,Male,Pune,Self-Employed,314100.0,2025-08-17,Young Adult,Young Adult,Low
CUST13039,54,Male,Thanjavur,Business Owner,154000.0,2023-01-22,Premium,Middle Age,Low
CUST13040,37,Male,Chennai,Freelancer,720000.0,2024-09-18,Mass Market,Adult,High
CUST13041,49,Female,Coimbatore,Salaried,249800.0,2025-04-06,Mass Market,Middle Age,Low
CUST13042,21,Female,Trichy,Freelancer,1633400.0,2025-04-12,Affluent,Young Adult,High
CUST13043,38,Male,Delhi,Salaried,2022500.0,2024-05-13,Mass Market,Adult,High
CUST13044,18,Male,Pune,Student,2142300.0,2024-07-13,Affluent,Young Adult,High
CUST13045,34,Male,Delhi,Self-Employed,357100.0,2021-02-15,Mass Market,Adult,Low
CUST13046,40,Female,Kochi,Salaried,714000.0,2026-02-12,Affluent,Adult,High
CUST13047,33,Male,Vellore,Salaried,464100.0,2021-11-10,Young Adult,Adult,Medium
CUST13048,35,Female,Thanjavur,Salaried,553450.0,2023-04-19,Young Adult,Adult,Medium
CUST13049,35,Female,Kochi,Salaried,1241100.0,2025-01-18,Premium,Adult,High
CUST13050,18,Male,Salem,Self-Employed,403000.0,2023-09-14,Mass Market,Young Adult,Low
CUST13051,49,Female,Trichy,Salaried,532000.0,2024-06-18,Premium,Middle Age,Medium
CUST13052,48,Male,Mumbai,Salaried,260400.0,2023-10-14,Affluent,Middle Age,Low
CUST13053,33,Male,Chennai,Freelancer,887100.0,2025-05-09,Premium,Adult,High
CUST13054,41,Female,Salem,Business Owner,292300.0,2025-07-16,Affluent,Middle Age,Low
CUST13055,48,Male,Bengaluru,Freelancer,532300.0,2023-08-17,Mass Market,Middle Age,Medium
CUST13056,39,Female,Tirunelveli,Business Owner,553450.0,2025-06-30,Mass Market,Adult,Medium
CUST13057,28,Male,Vellore,Self-Employed,633600.0,2026-02-10,Affluent,Adult,Medium
CUST13058,30,Male,Chennai,Self-Employed,600800.0,2021-07-18,Mass Market,Adult,Medium
CUST13059,20,Male,Thanjavur,Student,1174600.0,2021-07-27,Mass Market,Young Adult,High
CUST13060,35,Male,Salem,Salaried,1365400.0,2025-10-06,Premium,Adult,High
CUST13061,51,Female,Pune,Salaried,641400.0,2024-06-27,Premium,Middle Age,Medium
CUST13062,23,Male,Vellore,Salaried,1114600.0,2022-04-29,Mass Market,Young Adult,High
CUST13063,27,Male,Vellore,Retired,658200.0,2026-03-19,Young Adult,Adult,Medium
CUST13064,37,Male,Erode,Self-Employed,352100.0,2023-09-08,Mass Market,Adult,Low
CUST13065,26,Male,Trichy,Salaried,486200.0,2024-12-12,Mass Market,Adult,Medium
CUST13066,23,Male,Coimbatore,Self-Employed,287900.0,2025-10-29,Mass Market,Young Adult,Low
CUST13067,51,Male,Trichy,Business Owner,615000.0,2024-06-28,Mass Market,Middle Age,Medium
CUST13068,33,Female,Tirunelveli,Salaried,475700.0,2025-01-10,Mass Market,Adult,Medium
CUST13069,31,Female,Thanjavur,Salaried,802900.0,2022-08-29,Affluent,Adult,High
CUST13070,40,Female,Madurai,Self-Employed,281200.0,2025-05-18,Mass Market,Adult,Low
CUST13071,51,Female,Thanjavur,Salaried,553450.0,2022-05-14,Premium,Middle Age,Medium
CUST13072,40,Female,Coimbatore,Salaried,452100.0,2021-12-08,Affluent,Adult,Medium
CUST13073,31,Male,Mumbai,Business Owner,636900.0,2022-07-17,Affluent,Adult,Medium
CUST13074,41,Male,Thanjavur,Freelancer,414200.0,2021-05-06,Young Adult,Middle Age,Low
CUST13075,46,Male,Erode,Freelancer,270200.0,2025-10-20,Mass Market,Middle Age,Low
CUST13076,42,Male,Trichy,Business Owner,237700.0,2024-01-03,Premium,Middle Age,Low
CUST13077,28,Female,Coimbatore,Salaried,450000.0,2021-11-04,Affluent,Adult,Medium
CUST13078,40,Male,Madurai,Freelancer,916200.0,2026-05-13,Mass Market,Adult,High
CUST13079,39,Male,Madurai,Business Owner,410100.0,2021-12-23,Mass Market,Adult,Low
CUST13080,47,Female,Pune,Self-Employed,926700.0,2022-03-05,Mass Market,Middle Age,High
CUST13081,27,Female,Trichy,Business Owner,3081900.0,2021-04-15,Young Adult,Adult,High
CUST13082,35,Female,Bengaluru,Retired,705500.0,2021-02-22,Mass Market,Adult,Medium
CUST13083,40,Female,Hyderabad,Salaried,601100.0,2024-09-05,Premium,Adult,Medium
CUST13084,38,Female,Tirunelveli,Salaried,183700.0,2022-08-30,Young Adult,Adult,Low
CUST13085,42,Female,Erode,Salaried,648600.0,2024-01-16,Premium,Middle Age,Medium
CUST13086,25,Female,Chennai,Salaried,1935800.0,2021-04-22,Mass Market,Young Adult,High
CUST13087,52,Male,Coimbatore,Self-Employed,124300.0,2021-06-26,Mass Market,Middle Age,Low
CUST13088,55,Male,Thanjavur,Salaried,549900.0,2026-04-03,Young Adult,Middle Age,Medium
CUST13089,42,Male,Erode,Salaried,1013100.0,2024-08-27,Young Adult,Middle Age,High
CUST13090,48,Male,Hyderabad,Student,376500.0,2022-05-16,Premium,Middle Age,Low
CUST13091,29,Female,Chennai,Salaried,839300.0,2023-12-08,Premium,Adult,High
CUST13092,51,Male,Vellore,Self-Employed,1713900.0,2022-09-29,Young Adult,Middle Age,High
CUST13093,32,Male,Delhi,Salaried,346900.0,2023-09-25,Affluent,Adult,Low
CUST13094,42,Female,Kochi,Salaried,1592900.0,2021-04-27,Mass Market,Middle Age,High
CUST13095,27,Male,Erode,Self-Employed,1285900.0,2023-01-06,Mass Market,Adult,High
CUST13096,33,Female,Madurai,Self-Employed,605400.0,2024-03-13,Mass Market,Adult,Medium
CUST13097,39,Male,Vellore,Self-Employed,534200.0,2021-12-29,Mass Market,Adult,Medium
CUST13098,39,Female,Delhi,Business Owner,823100.0,2021-02-17,Affluent,Adult,High
CUST13099,37,Female,Mumbai,Salaried,681800.0,2021-02-20,Premium,Adult,Medium
CUST13100,41,Male,Bengaluru,Self-Employed,370500.0,2024-06-22,Mass Market,Middle Age,Low
CUST13101,53,Male,Madurai,Freelancer,472100.0,2021-07-19,Mass Market,Middle Age,Medium
CUST13102,48,Female,Chennai,Salaried,240900.0,2024-08-23,Mass Market,Middle Age,Low
CUST13103,43,Male,Bengaluru,Retired,229900.0,2026-06-26,Affluent,Middle Age,Low
CUST13104,46,Female,Chennai,Salaried,393800.0,2024-03-04,Young Adult,Middle Age,Low
CUST13105,42,Male,Hyderabad,Self-Employed,2021700.0,2024-04-24,Premium,Middle Age,High
CUST13106,40,Female,Chennai,Student,568600.0,2024-03-10,Young Adult,Adult,Medium
CUST13107,36,Male,Salem,Self-Employed,682300.0,2025-05-03,Mass Market,Adult,Medium
CUST13108,33,Female,Tirunelveli,Salaried,285600.0,2021-03-21,Premium,Adult,Low
CUST13109,44,Male,Salem,Student,314700.0,2026-06-13,Young Adult,Middle Age,Low
CUST13110,38,Female,Chennai,Student,635400.0,2021-11-20,Young Adult,Adult,Medium
CUST13111,53,Male,Tirunelveli,Salaried,478600.0,2025-05-02,Affluent,Middle Age,Medium
CUST13112,36,Male,Vellore,Self-Employed,770400.0,2024-01-10,Young Adult,Adult,High
CUST13113,38,Female,Coimbatore,Retired,572700.0,2025-06-17,Young Adult,Adult,Medium
CUST13114,61,Female,Thanjavur,Salaried,553450.0,2026-01-31,Mass Market,Senior,Medium
CUST13115,28,Female,Trichy,Self-Employed,1481200.0,2023-07-16,Mass Market,Adult,High
CUST13116,27,Female,Delhi,Salaried,204300.0,2022-03-20,Mass Market,Adult,Low
CUST13117,18,Female,Delhi,Self-Employed,267600.0,2024-02-09,Affluent,Young Adult,Low
CUST13118,43,Female,Erode,Freelancer,559600.0,2025-01-14,Mass Market,Middle Age,Medium
CUST13119,24,Female,Chennai,Retired,575700.0,2023-10-10,Mass Market,Young Adult,Medium
CUST13120,26,Male,Erode,Freelancer,2131300.0,2022-01-31,Premium,Adult,High
CUST13121,31,Male,Pune,Retired,737100.0,2024-01-16,Affluent,Adult,High
CUST13122,39,Female,Bengaluru,Business Owner,754700.0,2024-08-10,Affluent,Adult,High
CUST13123,28,Female,Vellore,Salaried,1738100.0,2023-07-21,Affluent,Adult,High
CUST13124,49,Male,Hyderabad,Salaried,1081600.0,2021-01-31,Premium,Middle Age,High
CUST13125,57,Male,Kochi,Salaried,133000.0,2022-09-18,Affluent,Middle Age,Low
CUST13126,32,Female,Hyderabad,Self-Employed,229900.0,2024-10-26,Premium,Adult,Low
CUST13127,18,Male,Bengaluru,Salaried,393700.0,2024-05-27,Young Adult,Young Adult,Low
CUST13128,48,Female,Bengaluru,Salaried,1262200.0,2024-05-11,Mass Market,Middle Age,High
CUST13129,47,Male,Salem,Self-Employed,369700.0,2021-11-29,Affluent,Middle Age,Low
CUST13130,31,Male,Delhi,Salaried,1321700.0,2023-02-05,Mass Market,Adult,High
CUST13131,51,Female,Pune,Salaried,196700.0,2021-12-14,Mass Market,Middle Age,Low
CUST13132,30,Male,Hyderabad,Freelancer,491900.0,2022-02-04,Premium,Adult,Medium
CUST13133,63,Female,Pune,Salaried,732700.0,2026-04-08,Affluent,Senior,High
CUST13134,58,Female,Salem,Business Owner,609300.0,2024-02-29,Young Adult,Middle Age,Medium
CUST13135,18,Female,Thanjavur,Self-Employed,486200.0,2021-02-19,Mass Market,Young Adult,Medium
CUST13136,49,Female,Madurai,Salaried,466800.0,2025-02-21,Mass Market,Middle Age,Medium
CUST13137,18,Female,Chennai,Self-Employed,553450.0,2024-07-29,Affluent,Young Adult,Medium
CUST13138,18,Male,Erode,Salaried,587100.0,2024-01-27,Mass Market,Young Adult,Medium
CUST13139,45,Female,Kochi,Self-Employed,454000.0,2024-10-07,Young Adult,Middle Age,Medium
CUST13140,37,Female,Thanjavur,Salaried,1747900.0,2022-09-29,Mass Market,Adult,High
CUST13141,41,Female,Thanjavur,Self-Employed,563200.0,2021-02-04,Mass Market,Middle Age,Medium
CUST13142,36,Male,Mumbai,Business Owner,470700.0,2024-02-29,Mass Market,Adult,Medium
CUST13143,28,Female,Coimbatore,Salaried,778800.0,2022-11-14,Premium,Adult,High
CUST13144,24,Male,Hyderabad,Salaried,472100.0,2021-06-10,Mass Market,Young Adult,Medium
CUST13145,38,Female,Salem,Retired,878000.0,2024-01-14,Affluent,Adult,High
CUST13146,38,Female,Thanjavur,Salaried,296000.0,2025-09-20,Mass Market,Adult,Low
CUST13147,47,Male,Hyderabad,Self-Employed,544300.0,2026-06-21,Premium,Middle Age,Medium
CUST13148,33,Female,Mumbai,Self-Employed,1363400.0,2021-03-01,Mass Market,Adult,High
CUST13149,36,Male,Pune,Freelancer,172500.0,2021-11-05,Mass Market,Adult,Low
CUST13150,26,Female,Mumbai,Student,1416200.0,2022-05-14,Premium,Adult,High
CUST13151,18,Male,Chennai,Salaried,1536200.0,2022-06-29,Affluent,Young Adult,High
CUST13152,30,Male,Mumbai,Salaried,622800.0,2024-07-14,Premium,Adult,Medium
CUST13153,40,Other,Erode,Business Owner,256400.0,2022-03-19,Premium,Adult,Low
CUST13154,34,Male,Vellore,Freelancer,794300.0,2024-10-22,Mass Market,Adult,High
CUST13155,38,Male,Coimbatore,Salaried,553450.0,2026-05-11,Affluent,Adult,Medium
CUST13156,40,Female,Delhi,Salaried,132500.0,2026-03-13,Mass Market,Adult,Low
CUST13157,37,Male,Erode,Freelancer,219800.0,2023-11-24,Mass Market,Adult,Low
CUST13158,45,Female,Vellore,Freelancer,1092800.0,2025-03-20,Mass Market,Middle Age,High
CUST13159,32,Female,Erode,Self-Employed,325300.0,2023-11-30,Premium,Adult,Low
CUST13160,42,Male,Salem,Salaried,415900.0,2021-07-25,Affluent,Middle Age,Low
CUST13161,39,Male,Tirunelveli,Salaried,444500.0,2022-12-25,Affluent,Adult,Medium
CUST13162,50,Other,Bengaluru,Salaried,674400.0,2025-06-26,Mass Market,Middle Age,Medium
CUST13163,37,Male,Hyderabad,Salaried,577100.0,2026-04-28,Premium,Adult,Medium
CUST13164,21,Male,Mumbai,Salaried,529200.0,2022-04-06,Affluent,Young Adult,Medium
CUST13165,34,Male,Mumbai,Self-Employed,746500.0,2025-09-01,Mass Market,Adult,High
CUST13166,47,Male,Vellore,Business Owner,439900.0,2023-11-28,Premium,Middle Age,Medium
CUST13167,57,Female,Thanjavur,Freelancer,934500.0,2021-12-29,Mass Market,Middle Age,High
CUST13168,29,Female,Kochi,Salaried,319600.0,2025-10-10,Mass Market,Adult,Low
CUST13169,50,Male,Coimbatore,Business Owner,333000.0,2025-03-11,Mass Market,Middle Age,Low
CUST13170,56,Male,Trichy,Business Owner,170800.0,2025-10-25,Premium,Middle Age,Low
CUST13171,51,Male,Madurai,Salaried,395300.0,2021-04-19,Premium,Middle Age,Low
CUST13172,42,Female,Pune,Self-Employed,341200.0,2023-07-22,Mass Market,Middle Age,Low
CUST13173,42,Male,Bengaluru,Salaried,1177100.0,2021-07-02,Mass Market,Middle Age,High
CUST13174,30,Female,Delhi,Salaried,673000.0,2026-03-25,Young Adult,Adult,Medium
CUST13175,23,Female,Mumbai,Retired,553450.0,2024-02-26,Mass Market,Young Adult,Medium
CUST13176,32,Male,Salem,Salaried,595400.0,2021-12-16,Mass Market,Adult,Medium
CUST13177,22,Male,Coimbatore,Freelancer,317200.0,2026-06-26,Mass Market,Young Adult,Low
CUST13178,35,Male,Bengaluru,Retired,734100.0,2024-10-30,Premium,Adult,High
CUST13179,44,Female,Mumbai,Freelancer,494900.0,2022-01-13,Mass Market,Middle Age,Medium
CUST13180,49,Male,Kochi,Student,258400.0,2021-06-16,Mass Market,Middle Age,Low
CUST13181,24,Male,Madurai,Salaried,497400.0,2021-03-30,Mass Market,Young Adult,Medium
CUST13182,21,Male,Madurai,Business Owner,315300.0,2025-01-01,Mass Market,Young Adult,Low
CUST13183,51,Male,Erode,Retired,160900.0,2024-02-24,Premium,Middle Age,Low
CUST13184,32,Female,Hyderabad,Salaried,229400.0,2025-08-14,Young Adult,Adult,Low
CUST13185,34,Female,Vellore,Salaried,569500.0,2024-08-28,Mass Market,Adult,Medium
CUST13186,54,Female,Madurai,Salaried,922300.0,2025-07-13,Young Adult,Middle Age,High
CUST13187,43,Female,Pune,Salaried,546000.0,2024-10-01,Mass Market,Middle Age,Medium
CUST13188,25,Male,Mumbai,Freelancer,240400.0,2024-06-09,Premium,Young Adult,Low
CUST13189,57,Female,Tirunelveli,Business Owner,211700.0,2025-05-21,Mass Market,Middle Age,Low
CUST13190,42,Male,Salem,Student,937400.0,2021-12-03,Affluent,Middle Age,High
CUST13191,29,Male,Trichy,Business Owner,286800.0,2024-11-15,Mass Market,Adult,Low
CUST13192,49,Female,Delhi,Student,281200.0,2026-08-10,Mass Market,Middle Age,Low
CUST13193,34,Male,Salem,Business Owner,1216200.0,2023-03-25,Mass Market,Adult,High
CUST13194,41,Male,Thanjavur,Business Owner,1467000.0,2023-10-22,Young Adult,Middle Age,High
CUST13195,41,Female,Erode,Student,596200.0,2022-03-09,Mass Market,Middle Age,Medium
CUST13196,48,Male,Vellore,Salaried,612900.0,2023-03-21,Mass Market,Middle Age,Medium
CUST13197,42,Female,Bengaluru,Salaried,637400.0,2022-08-03,Affluent,Middle Age,Medium
CUST13198,27,Male,Delhi,Salaried,261900.0,2026-03-07,Mass Market,Adult,Low
CUST13199,52,Male,Hyderabad,Student,971700.0,2024-09-01,Mass Market,Middle Age,High
CUST13200,33,Male,Trichy,Salaried,409700.0,2023-03-28,Premium,Adult,Low
CUST13201,37,Female,Trichy,Student,277600.0,2022-04-14,Mass Market,Adult,Low
CUST13202,31,Male,Chennai,Business Owner,416100.0,2022-11-14,Mass Market,Adult,Low
CUST13203,42,Female,Chennai,Retired,538000.0,2025-07-20,Mass Market,Middle Age,Medium
CUST13204,34,Female,Coimbatore,Salaried,848700.0,2023-09-14,Affluent,Adult,High
CUST13205,29,Female,Hyderabad,Business Owner,1076700.0,2024-01-12,Affluent,Adult,High
CUST13206,42,Male,Mumbai,Self-Employed,616100.0,2026-02-12,Affluent,Middle Age,Medium
CUST13207,20,Female,Madurai,Self-Employed,314200.0,2025-07-22,Premium,Young Adult,Low
CUST13208,35,Female,Chennai,Salaried,1701800.0,2025-04-28,Mass Market,Adult,High
CUST13209,25,Male,Coimbatore,Salaried,621000.0,2021-03-25,Mass Market,Young Adult,Medium
CUST13210,18,Female,Vellore,Self-Employed,143300.0,2024-01-17,Affluent,Young Adult,Low
CUST13211,31,Male,Mumbai,Salaried,293200.0,2021-09-04,Mass Market,Adult,Low
CUST13212,58,Female,Mumbai,Salaried,363400.0,2022-04-20,Mass Market,Middle Age,Low
CUST13213,56,Female,Hyderabad,Freelancer,100100.0,2023-11-24,Premium,Middle Age,Low
CUST13214,39,Female,Pune,Student,358100.0,2025-08-11,Affluent,Adult,Low
CUST13215,18,Male,Chennai,Self-Employed,438600.0,2021-12-16,Premium,Young Adult,Medium
CUST13216,18,Female,Vellore,Freelancer,1756200.0,2023-01-14,Affluent,Young Adult,High
CUST13217,43,Male,Mumbai,Salaried,553450.0,2024-01-25,Affluent,Middle Age,Medium
CUST13218,41,Male,Pune,Retired,803300.0,2021-09-19,Mass Market,Middle Age,High
CUST13219,18,Female,Vellore,Student,493100.0,2025-01-31,Premium,Young Adult,Medium
CUST13220,44,Male,Vellore,Freelancer,670100.0,2026-03-20,Young Adult,Middle Age,Medium
CUST13221,55,Female,Thanjavur,Self-Employed,920100.0,2024-01-13,Young Adult,Middle Age,High
CUST13222,33,Male,Trichy,Retired,675000.0,2023-09-25,Affluent,Adult,Medium
CUST13223,24,Male,Kochi,Salaried,550800.0,2021-05-10,Mass Market,Young Adult,Medium
CUST13224,21,Male,Coimbatore,Self-Employed,939000.0,2023-05-21,Premium,Young Adult,High
CUST13225,36,Male,Chennai,Salaried,2688100.0,2023-01-10,Mass Market,Adult,High
CUST13226,29,Male,Hyderabad,Salaried,421800.0,2026-07-20,Mass Market,Adult,Low
CUST13227,29,Female,Madurai,Self-Employed,734100.0,2021-08-14,Mass Market,Adult,High
CUST13228,55,Female,Kochi,Retired,273400.0,2025-08-06,Mass Market,Middle Age,Low
CUST13229,32,Male,Delhi,Salaried,621000.0,2023-07-23,Young Adult,Adult,Medium
CUST13230,48,Male,Vellore,Self-Employed,525500.0,2023-12-25,Mass Market,Middle Age,Medium
CUST13231,31,Female,Delhi,Salaried,945400.0,2022-04-11,Mass Market,Adult,High
CUST13232,39,Male,Delhi,Freelancer,290100.0,2021-05-27,Premium,Adult,Low
CUST13233,65,Female,Tirunelveli,Freelancer,2216900.0,2023-08-24,Premium,Senior,High
CUST13234,38,Male,Trichy,Salaried,368400.0,2022-12-13,Mass Market,Adult,Low
CUST13235,29,Male,Vellore,Student,686000.0,2026-08-06,Premium,Adult,Medium
CUST13236,34,Female,Delhi,Student,548900.0,2021-12-07,Affluent,Adult,Medium
CUST13237,38,Male,Vellore,Salaried,682200.0,2022-08-23,Affluent,Adult,Medium
CUST13238,29,Male,Madurai,Self-Employed,213100.0,2026-04-30,Premium,Adult,Low
CUST13239,54,Female,Mumbai,Self-Employed,2277500.0,2022-11-03,Mass Market,Middle Age,High
CUST13240,31,Female,Thanjavur,Business Owner,431800.0,2023-12-06,Mass Market,Adult,Medium
CUST13241,32,Female,Thanjavur,Self-Employed,210100.0,2023-08-15,Young Adult,Adult,Low
CUST13242,49,Other,Coimbatore,Salaried,1080000.0,2022-11-30,Young Adult,Middle Age,High
CUST13243,37,Female,Thanjavur,Student,354100.0,2025-05-28,Premium,Adult,Low
CUST13244,18,Other,Pune,Self-Employed,484900.0,2025-09-14,Mass Market,Young Adult,Medium
CUST13245,38,Male,Bengaluru,Business Owner,329600.0,2026-04-05,Affluent,Adult,Low
CUST13246,42,Female,Bengaluru,Salaried,539600.0,2021-05-25,Young Adult,Middle Age,Medium
CUST13247,36,Male,Delhi,Retired,490400.0,2023-08-22,Mass Market,Adult,Medium
CUST13248,25,Other,Bengaluru,Self-Employed,553450.0,2025-05-07,Premium,Young Adult,Medium
CUST13249,37,Male,Kochi,Salaried,535900.0,2023-12-20,Mass Market,Adult,Medium
CUST13250,43,Female,Bengaluru,Salaried,520700.0,2022-06-19,Premium,Middle Age,Medium
CUST13251,38,Male,Thanjavur,Business Owner,351700.0,2026-05-16,Mass Market,Adult,Low
CUST13252,49,Female,Hyderabad,Self-Employed,625800.0,2021-06-01,Mass Market,Middle Age,Medium
CUST13253,30,Male,Bengaluru,Salaried,421800.0,2025-02-09,Premium,Adult,Low
CUST13254,40,Female,Trichy,Business Owner,513600.0,2026-06-28,Young Adult,Adult,Medium
CUST13255,18,Female,Pune,Freelancer,394300.0,2024-07-15,Premium,Young Adult,Low
CUST13256,37,Male,Thanjavur,Self-Employed,1394000.0,2024-08-21,Mass Market,Adult,High
CUST13257,22,Male,Erode,Salaried,893100.0,2024-01-31,Mass Market,Young Adult,High
CUST13258,48,Male,Pune,Freelancer,861300.0,2021-03-22,Young Adult,Middle Age,High
CUST13259,38,Female,Pune,Salaried,257100.0,2021-12-25,Mass Market,Adult,Low
CUST13260,18,Female,Erode,Salaried,758700.0,2024-10-17,Young Adult,Young Adult,High
CUST13261,27,Male,Chennai,Business Owner,520100.0,2021-01-12,Affluent,Adult,Medium
CUST13262,36,Male,Coimbatore,Self-Employed,723600.0,2026-07-25,Mass Market,Adult,High
CUST13263,25,Other,Salem,Salaried,630600.0,2023-07-26,Premium,Young Adult,Medium
CUST13264,38,Male,Madurai,Self-Employed,300700.0,2022-12-16,Affluent,Adult,Low
CUST13265,27,Male,Delhi,Freelancer,587000.0,2022-08-14,Premium,Adult,Medium
CUST13266,18,Female,Chennai,Self-Employed,830400.0,2023-08-03,Mass Market,Young Adult,High
CUST13267,26,Female,Mumbai,Self-Employed,318200.0,2022-05-22,Mass Market,Adult,Low
CUST13268,39,Male,Tirunelveli,Salaried,547100.0,2022-04-20,Mass Market,Adult,Medium
CUST13269,43,Male,Kochi,Retired,1592000.0,2023-04-13,Young Adult,Middle Age,High
CUST13270,25,Female,Trichy,Self-Employed,417100.0,2021-10-17,Mass Market,Young Adult,Low
CUST13271,41,Female,Salem,Self-Employed,495600.0,2026-08-10,Young Adult,Middle Age,Medium
CUST13272,24,Male,Salem,Business Owner,553450.0,2021-06-12,Mass Market,Young Adult,Medium
CUST13273,34,Female,Thanjavur,Salaried,868500.0,2021-07-17,Premium,Adult,High
CUST13274,28,Female,Delhi,Retired,199600.0,2024-12-28,Mass Market,Adult,Low
CUST13275,51,Female,Hyderabad,Self-Employed,553450.0,2026-06-08,Premium,Middle Age,Medium
CUST13276,34,Male,Madurai,Salaried,335900.0,2023-12-15,Mass Market,Adult,Low
CUST13277,32,Male,Thanjavur,Salaried,135200.0,2026-06-10,Mass Market,Adult,Low
CUST13278,43,Male,Hyderabad,Salaried,732900.0,2022-03-02,Mass Market,Middle Age,High
CUST13279,38,Male,Delhi,Retired,368200.0,2025-09-23,Mass Market,Adult,Low
CUST13280,35,Female,Chennai,Salaried,1097100.0,2025-09-05,Mass Market,Adult,High
CUST13281,47,Male,Bengaluru,Freelancer,1042000.0,2023-03-24,Affluent,Middle Age,High
CUST13282,42,Male,Erode,Self-Employed,395200.0,2022-05-01,Affluent,Middle Age,Low
CUST13283,18,Male,Tirunelveli,Salaried,330800.0,2023-12-31,Mass Market,Young Adult,Low
CUST13284,28,Female,Salem,Student,181900.0,2024-11-16,Premium,Adult,Low
CUST13285,55,Female,Pune,Salaried,1912300.0,2021-01-16,Mass Market,Middle Age,High
CUST13286,24,Female,Coimbatore,Student,552800.0,2023-05-11,Young Adult,Young Adult,Medium
CUST13287,53,Female,Tirunelveli,Salaried,976500.0,2023-11-09,Mass Market,Middle Age,High
CUST13288,36,Male,Pune,Self-Employed,532300.0,2022-12-18,Mass Market,Adult,Medium
CUST13289,48,Male,Pune,Salaried,229100.0,2023-06-03,Premium,Middle Age,Low
CUST13290,41,Male,Tirunelveli,Salaried,408200.0,2021-04-15,Affluent,Middle Age,Low
CUST13291,25,Female,Trichy,Self-Employed,392200.0,2024-03-12,Mass Market,Young Adult,Low
CUST13292,37,Male,Thanjavur,Business Owner,329800.0,2021-03-18,Young Adult,Adult,Low
CUST13293,46,Male,Vellore,Salaried,880000.0,2024-08-13,Mass Market,Middle Age,High
CUST13294,44,Female,Kochi,Salaried,298200.0,2024-05-24,Mass Market,Middle Age,Low
CUST13295,45,Female,Tirunelveli,Salaried,278400.0,2021-09-27,Mass Market,Middle Age,Low
CUST13296,57,Female,Tirunelveli,Self-Employed,640600.0,2026-01-23,Premium,Middle Age,Medium
CUST13297,48,Female,Kochi,Student,500200.0,2023-07-17,Young Adult,Middle Age,Medium
CUST13298,34,Female,Delhi,Self-Employed,881700.0,2025-01-11,Affluent,Adult,High
CUST13299,22,Male,Thanjavur,Retired,268000.0,2022-11-23,Mass Market,Young Adult,Low
CUST13300,42,Female,Pune,Self-Employed,1408900.0,2024-04-21,Affluent,Middle Age,High
CUST13301,35,Male,Madurai,Retired,511200.0,2025-09-23,Affluent,Adult,Medium
CUST13302,34,Female,Chennai,Retired,423500.0,2023-05-09,Mass Market,Adult,Low
CUST13303,21,Female,Salem,Salaried,190700.0,2021-11-26,Premium,Young Adult,Low
CUST13304,24,Female,Mumbai,Retired,1378600.0,2022-11-25,Mass Market,Young Adult,High
CUST13305,18,Female,Bengaluru,Salaried,470700.0,2021-10-21,Young Adult,Young Adult,Medium
CUST13306,56,Female,Erode,Salaried,479500.0,2022-08-25,Affluent,Middle Age,Medium
CUST13307,47,Male,Erode,Salaried,876300.0,2026-01-20,Mass Market,Middle Age,High
CUST13308,35,Male,Trichy,Salaried,676900.0,2026-05-29,Mass Market,Adult,Medium
CUST13309,26,Male,Madurai,Freelancer,410500.0,2022-12-24,Affluent,Adult,Low
CUST13310,32,Female,Trichy,Salaried,754800.0,2025-10-10,Mass Market,Adult,High
CUST13311,45,Female,Chennai,Student,1027700.0,2022-12-19,Mass Market,Middle Age,High
CUST13312,24,Male,Hyderabad,Salaried,452900.0,2026-05-31,Mass Market,Young Adult,Medium
CUST13313,19,Female,Coimbatore,Self-Employed,321100.0,2021-07-12,Mass Market,Young Adult,Low
CUST13314,22,Female,Hyderabad,Salaried,553450.0,2022-01-15,Mass Market,Young Adult,Medium
CUST13315,56,Female,Madurai,Salaried,591300.0,2021-12-16,Mass Market,Middle Age,Medium
CUST13316,29,Female,Salem,Salaried,556400.0,2026-07-04,Premium,Adult,Medium
CUST13317,43,Male,Kochi,Business Owner,875300.0,2026-04-29,Affluent,Middle Age,High
CUST13318,25,Male,Vellore,Freelancer,431800.0,2024-02-05,Mass Market,Young Adult,Medium
CUST13319,36,Female,Coimbatore,Retired,107300.0,2023-11-01,Premium,Adult,Low
CUST13320,52,Male,Thanjavur,Self-Employed,130200.0,2025-10-06,Mass Market,Middle Age,Low
CUST13321,20,Female,Mumbai,Salaried,271700.0,2025-02-21,Young Adult,Young Adult,Low
CUST13322,48,Male,Kochi,Salaried,362200.0,2022-02-21,Mass Market,Middle Age,Low
CUST13323,22,Male,Kochi,Salaried,854500.0,2022-11-25,Mass Market,Young Adult,High
CUST13324,43,Female,Delhi,Self-Employed,553450.0,2023-01-24,Premium,Middle Age,Medium
CUST13325,29,Male,Vellore,Self-Employed,1672900.0,2022-10-09,Affluent,Adult,High
CUST13326,49,Female,Coimbatore,Freelancer,1015400.0,2025-03-15,Affluent,Middle Age,High
CUST13327,35,Male,Salem,Salaried,614700.0,2026-06-29,Young Adult,Adult,Medium
CUST13328,18,Female,Coimbatore,Self-Employed,827800.0,2021-08-27,Affluent,Young Adult,High
CUST13329,31,Female,Thanjavur,Student,226000.0,2021-12-15,Affluent,Adult,Low
CUST13330,44,Male,Salem,Retired,231200.0,2026-03-09,Mass Market,Middle Age,Low
CUST13331,25,Female,Pune,Self-Employed,202300.0,2023-07-12,Affluent,Young Adult,Low
CUST13332,40,Male,Pune,Salaried,737200.0,2025-05-05,Premium,Adult,High
CUST13333,45,Female,Chennai,Freelancer,702200.0,2022-12-21,Young Adult,Middle Age,Medium
CUST13334,35,Female,Tirunelveli,Student,487900.0,2022-01-17,Mass Market,Adult,Medium
CUST13335,25,Male,Tirunelveli,Student,539400.0,2026-08-13,Mass Market,Young Adult,Medium
CUST13336,28,Male,Tirunelveli,Self-Employed,1099700.0,2023-11-24,Premium,Adult,High
CUST13337,31,Male,Madurai,Retired,563000.0,2022-02-12,Affluent,Adult,Medium
CUST13338,65,Male,Trichy,Self-Employed,553450.0,2024-10-30,Mass Market,Senior,Medium
CUST13339,43,Male,Vellore,Business Owner,1604800.0,2024-08-14,Premium,Middle Age,High
CUST13340,26,Female,Vellore,Business Owner,461900.0,2023-11-28,Premium,Adult,Medium
CUST13341,35,Male,Thanjavur,Salaried,733900.0,2025-10-23,Mass Market,Adult,High
CUST13342,24,Female,Trichy,Salaried,116300.0,2021-04-16,Affluent,Young Adult,Low
CUST13343,66,Male,Chennai,Student,584600.0,2021-05-01,Young Adult,Senior,Medium
CUST13344,43,Female,Kochi,Salaried,584200.0,2022-09-05,Mass Market,Middle Age,Medium
CUST13345,30,Male,Salem,Salaried,916400.0,2022-12-17,Mass Market,Adult,High
CUST13346,43,Male,Delhi,Freelancer,888700.0,2022-10-24,Mass Market,Middle Age,High
CUST13347,72,Female,Vellore,Self-Employed,917000.0,2023-03-16,Young Adult,Senior,High
CUST13348,29,Male,Bengaluru,Self-Employed,890400.0,2023-02-07,Mass Market,Adult,High
CUST13349,35,Male,Erode,Salaried,212800.0,2024-01-13,Affluent,Adult,Low
CUST13350,35,Female,Erode,Business Owner,260800.0,2024-07-11,Affluent,Adult,Low
CUST13351,28,Male,Tirunelveli,Business Owner,761200.0,2025-09-17,Mass Market,Adult,High
CUST13352,32,Male,Vellore,Salaried,301900.0,2024-08-21,Premium,Adult,Low
CUST13353,36,Male,Erode,Self-Employed,589600.0,2021-01-13,Affluent,Adult,Medium
CUST13354,39,Male,Chennai,Self-Employed,309600.0,2024-07-12,Premium,Adult,Low
CUST13355,40,Male,Madurai,Freelancer,180200.0,2023-11-29,Young Adult,Adult,Low
CUST13356,36,Female,Madurai,Freelancer,904000.0,2023-06-22,Premium,Adult,High
CUST13357,18,Female,Salem,Self-Employed,348800.0,2023-12-12,Affluent,Young Adult,Low
CUST13358,37,Male,Coimbatore,Student,398000.0,2024-06-07,Mass Market,Adult,Low
CUST13359,37,Male,Vellore,Self-Employed,274500.0,2022-09-01,Mass Market,Adult,Low
CUST13360,25,Male,Delhi,Freelancer,618000.0,2024-08-19,Mass Market,Young Adult,Medium
CUST13361,32,Female,Mumbai,Salaried,1638100.0,2023-10-21,Mass Market,Adult,High
CUST13362,52,Male,Chennai,Student,493100.0,2022-01-22,Mass Market,Middle Age,Medium
CUST13363,31,Male,Erode,Self-Employed,553450.0,2022-12-07,Premium,Adult,Medium
CUST13364,45,Female,Tirunelveli,Freelancer,500000.0,2021-02-01,Mass Market,Middle Age,Medium
CUST13365,35,Male,Mumbai,Student,837900.0,2022-04-14,Mass Market,Adult,High
CUST13366,43,Male,Mumbai,Self-Employed,402100.0,2024-05-19,Mass Market,Middle Age,Low
CUST13367,45,Male,Kochi,Salaried,363500.0,2022-03-23,Mass Market,Middle Age,Low
CUST13368,44,Male,Pune,Self-Employed,379600.0,2022-08-01,Affluent,Middle Age,Low
CUST13369,32,Male,Vellore,Salaried,674600.0,2024-01-24,Mass Market,Adult,Medium
CUST13370,28,Male,Mumbai,Freelancer,944800.0,2023-05-22,Affluent,Adult,High
CUST13371,23,Male,Mumbai,Self-Employed,572000.0,2022-10-19,Affluent,Young Adult,Medium
CUST13372,37,Female,Pune,Freelancer,888800.0,2022-01-12,Mass Market,Adult,High
CUST13373,20,Male,Salem,Student,750200.0,2024-04-30,Young Adult,Young Adult,High
CUST13374,47,Male,Coimbatore,Retired,1819700.0,2024-02-16,Mass Market,Middle Age,High
CUST13375,32,Male,Chennai,Salaried,509000.0,2024-07-25,Affluent,Adult,Medium
CUST13376,27,Male,Vellore,Retired,490800.0,2025-06-10,Mass Market,Adult,Medium
CUST13377,18,Male,Coimbatore,Salaried,400400.0,2024-10-30,Mass Market,Young Adult,Low
CUST13378,20,Female,Erode,Self-Employed,413500.0,2023-03-02,Affluent,Young Adult,Low
CUST13379,24,Male,Pune,Self-Employed,1004700.0,2023-02-09,Mass Market,Young Adult,High
CUST13380,39,Male,Pune,Salaried,1177300.0,2022-08-11,Affluent,Adult,High
CUST13381,21,Male,Chennai,Self-Employed,450800.0,2023-04-26,Mass Market,Young Adult,Medium
CUST13382,33,Other,Vellore,Freelancer,1011300.0,2022-10-23,Mass Market,Adult,High
CUST13383,32,Female,Kochi,Salaried,617300.0,2023-06-18,Young Adult,Adult,Medium
CUST13384,26,Female,Vellore,Salaried,249700.0,2026-06-24,Mass Market,Adult,Low
CUST13385,34,Female,Coimbatore,Student,250500.0,2026-05-04,Affluent,Adult,Low
CUST13386,40,Male,Coimbatore,Business Owner,254700.0,2024-05-14,Mass Market,Adult,Low
CUST13387,20,Female,Hyderabad,Self-Employed,1271800.0,2025-03-16,Young Adult,Young Adult,High
CUST13388,46,Male,Bengaluru,Freelancer,553450.0,2021-07-22,Affluent,Middle Age,Medium
CUST13389,52,Male,Thanjavur,Self-Employed,941400.0,2021-12-03,Mass Market,Middle Age,High
CUST13390,28,Male,Kochi,Salaried,1547900.0,2022-12-17,Affluent,Adult,High
CUST13391,37,Male,Tirunelveli,Student,1527500.0,2023-01-04,Premium,Adult,High
CUST13392,29,Male,Vellore,Student,918800.0,2022-08-23,Mass Market,Adult,High
CUST13393,46,Male,Bengaluru,Salaried,343300.0,2022-07-28,Affluent,Middle Age,Low
CUST13394,31,Male,Madurai,Student,965200.0,2022-11-18,Premium,Adult,High
CUST13395,18,Male,Erode,Retired,573900.0,2024-03-18,Mass Market,Young Adult,Medium
CUST13396,21,Male,Hyderabad,Self-Employed,615600.0,2021-08-08,Mass Market,Young Adult,Medium
CUST13397,26,Female,Chennai,Self-Employed,471800.0,2026-02-17,Premium,Adult,Medium
CUST13398,33,Female,Salem,Student,144300.0,2023-05-15,Affluent,Adult,Low
CUST13399,58,Male,Chennai,Student,486600.0,2021-03-17,Mass Market,Middle Age,Medium
CUST13400,42,Female,Chennai,Salaried,1338900.0,2023-11-09,Mass Market,Middle Age,High
CUST13401,45,Male,Thanjavur,Freelancer,488900.0,2025-11-18,Affluent,Middle Age,Medium
CUST13402,36,Male,Trichy,Salaried,303500.0,2024-08-17,Premium,Adult,Low
CUST13403,26,Male,Delhi,Salaried,403300.0,2022-10-21,Mass Market,Adult,Low
CUST13404,55,Male,Vellore,Student,572900.0,2023-07-20,Mass Market,Middle Age,Medium
CUST13405,28,Male,Trichy,Salaried,689100.0,2021-06-11,Affluent,Adult,Medium
CUST13406,24,Female,Erode,Business Owner,1103900.0,2023-02-20,Mass Market,Young Adult,High
CUST13407,33,Male,Mumbai,Freelancer,314100.0,2024-11-03,Mass Market,Adult,Low
CUST13408,30,Male,Pune,Salaried,604900.0,2021-02-21,Premium,Adult,Medium
CUST13409,36,Other,Thanjavur,Salaried,260600.0,2024-10-29,Premium,Adult,Low
CUST13410,56,Female,Coimbatore,Retired,577500.0,2024-09-03,Mass Market,Middle Age,Medium
CUST13411,26,Male,Mumbai,Business Owner,1239000.0,2024-01-19,Young Adult,Adult,High
CUST13412,45,Female,Trichy,Salaried,869700.0,2025-12-14,Mass Market,Middle Age,High
CUST13413,41,Female,Kochi,Salaried,990800.0,2021-07-02,Mass Market,Middle Age,High
CUST13414,25,Female,Madurai,Salaried,695100.0,2024-06-06,Mass Market,Young Adult,Medium
CUST13415,36,Other,Vellore,Student,172200.0,2024-12-31,Mass Market,Adult,Low
CUST13416,49,Female,Pune,Salaried,421700.0,2023-10-25,Affluent,Middle Age,Low
CUST13417,43,Female,Bengaluru,Student,883100.0,2023-10-01,Mass Market,Middle Age,High
CUST13418,33,Female,Tirunelveli,Salaried,386300.0,2023-05-25,Premium,Adult,Low
CUST13419,23,Male,Bengaluru,Student,737900.0,2023-08-28,Mass Market,Young Adult,High
CUST13420,24,Female,Erode,Salaried,1379200.0,2021-04-23,Affluent,Young Adult,High
CUST13421,39,Female,Salem,Salaried,356400.0,2024-06-24,Affluent,Adult,Low
CUST13422,46,Other,Mumbai,Self-Employed,1109700.0,2022-02-11,Young Adult,Middle Age,High
CUST13423,39,Male,Hyderabad,Self-Employed,528700.0,2025-11-13,Premium,Adult,Medium
CUST13424,31,Female,Mumbai,Salaried,500300.0,2024-07-03,Affluent,Adult,Medium
CUST13425,29,Female,Vellore,Salaried,410100.0,2024-06-24,Mass Market,Adult,Low
CUST13426,39,Female,Pune,Salaried,448300.0,2021-10-16,Young Adult,Adult,Medium
CUST13427,36,Male,Thanjavur,Salaried,553450.0,2023-05-25,Young Adult,Adult,Medium
CUST13428,30,Female,Salem,Business Owner,2045500.0,2023-01-04,Mass Market,Adult,High
CUST13429,32,Female,Delhi,Retired,325500.0,2021-02-21,Mass Market,Adult,Low
CUST13430,44,Female,Salem,Student,417300.0,2025-12-26,Mass Market,Middle Age,Low
CUST13431,24,Male,Madurai,Student,183000.0,2025-10-22,Mass Market,Young Adult,Low
CUST13432,52,Male,Chennai,Salaried,741900.0,2025-03-12,Mass Market,Middle Age,High
CUST13433,21,Male,Bengaluru,Salaried,762500.0,2023-10-13,Mass Market,Young Adult,High
CUST13434,60,Female,Madurai,Retired,629800.0,2025-05-10,Affluent,Middle Age,Medium
CUST13435,19,Female,Erode,Retired,448100.0,2023-11-20,Mass Market,Young Adult,Medium
CUST13436,39,Male,Bengaluru,Salaried,531700.0,2025-05-31,Mass Market,Adult,Medium
CUST13437,44,Female,Bengaluru,Business Owner,1074700.0,2021-07-20,Mass Market,Middle Age,High
CUST13438,53,Female,Mumbai,Student,229800.0,2024-04-26,Affluent,Middle Age,Low
CUST13439,47,Male,Trichy,Self-Employed,756200.0,2025-08-18,Premium,Middle Age,High
CUST13440,50,Female,Vellore,Salaried,734700.0,2022-01-05,Mass Market,Middle Age,High
CUST13441,19,Female,Vellore,Business Owner,1611200.0,2026-05-19,Mass Market,Young Adult,High
CUST13442,29,Female,Vellore,Salaried,253000.0,2023-12-18,Premium,Adult,Low
CUST13443,28,Male,Mumbai,Student,778400.0,2021-06-06,Mass Market,Adult,High
CUST13444,40,Male,Vellore,Salaried,553450.0,2023-12-25,Young Adult,Adult,Medium
CUST13445,30,Male,Mumbai,Salaried,713100.0,2021-11-20,Affluent,Adult,Medium
CUST13446,40,Female,Mumbai,Retired,807100.0,2024-03-06,Affluent,Adult,High
CUST13447,41,Male,Vellore,Business Owner,1968300.0,2025-04-05,Mass Market,Middle Age,High
CUST13448,18,Female,Chennai,Freelancer,335300.0,2021-08-01,Mass Market,Young Adult,Low
CUST13449,37,Female,Mumbai,Retired,371900.0,2025-08-20,Mass Market,Adult,Low
CUST13450,36,Male,Thanjavur,Business Owner,676700.0,2025-02-21,Mass Market,Adult,Medium
CUST13451,33,Female,Trichy,Business Owner,450400.0,2024-02-12,Mass Market,Adult,Medium
CUST13452,31,Male,Madurai,Salaried,553450.0,2022-07-26,Mass Market,Adult,Medium
CUST13453,34,Female,Chennai,Salaried,469200.0,2025-09-04,Mass Market,Adult,Medium
CUST13454,45,Male,Hyderabad,Salaried,724300.0,2021-12-13,Affluent,Middle Age,High
CUST13455,25,Male,Thanjavur,Salaried,750600.0,2026-07-24,Mass Market,Young Adult,High
CUST13456,26,Female,Bengaluru,Salaried,262900.0,2023-03-04,Mass Market,Adult,Low
CUST13457,38,Other,Salem,Salaried,981500.0,2024-11-25,Mass Market,Adult,High
CUST13458,32,Male,Tirunelveli,Self-Employed,1319000.0,2023-09-13,Young Adult,Adult,High
CUST13459,22,Female,Vellore,Self-Employed,307500.0,2022-03-14,Mass Market,Young Adult,Low
CUST13460,56,Female,Mumbai,Student,406200.0,2025-04-22,Mass Market,Middle Age,Low
CUST13461,35,Male,Coimbatore,Student,584800.0,2022-01-24,Mass Market,Adult,Medium
CUST13462,29,Female,Pune,Salaried,661800.0,2025-12-11,Mass Market,Adult,Medium
CUST13463,47,Male,Salem,Retired,311900.0,2024-08-17,Young Adult,Middle Age,Low
CUST13464,18,Male,Erode,Self-Employed,901700.0,2022-05-06,Young Adult,Young Adult,High
CUST13465,48,Male,Coimbatore,Freelancer,421100.0,2022-05-08,Affluent,Middle Age,Low
CUST13466,37,Male,Tirunelveli,Salaried,406600.0,2024-10-15,Premium,Adult,Low
CUST13467,33,Female,Thanjavur,Salaried,332700.0,2021-08-04,Mass Market,Adult,Low
CUST13468,28,Female,Mumbai,Salaried,868600.0,2025-10-30,Premium,Adult,High
CUST13469,44,Male,Chennai,Retired,520700.0,2021-05-06,Young Adult,Middle Age,Medium
CUST13470,47,Male,Kochi,Student,832900.0,2022-11-22,Affluent,Middle Age,High
CUST13471,26,Male,Pune,Salaried,113000.0,2021-12-18,Mass Market,Adult,Low
CUST13472,43,Female,Trichy,Student,404900.0,2023-06-17,Mass Market,Middle Age,Low
CUST13473,48,Other,Madurai,Student,404400.0,2023-05-17,Mass Market,Middle Age,Low
CUST13474,30,Male,Hyderabad,Self-Employed,553450.0,2022-02-17,Mass Market,Adult,Medium
CUST13475,26,Male,Pune,Self-Employed,859600.0,2021-09-20,Mass Market,Adult,High
CUST13476,21,Male,Kochi,Salaried,692800.0,2022-03-19,Young Adult,Young Adult,Medium
CUST13477,45,Female,Coimbatore,Freelancer,86800.0,2023-12-08,Mass Market,Middle Age,Low
CUST13478,38,Male,Erode,Salaried,688100.0,2024-12-12,Premium,Adult,Medium
CUST13479,22,Female,Delhi,Salaried,301200.0,2023-11-25,Mass Market,Young Adult,Low
CUST13480,28,Male,Thanjavur,Freelancer,577000.0,2024-06-01,Affluent,Adult,Medium
CUST13481,30,Male,Bengaluru,Salaried,969900.0,2024-08-24,Affluent,Adult,High
CUST13482,41,Male,Coimbatore,Salaried,457600.0,2026-06-09,Premium,Middle Age,Medium
CUST13483,42,Male,Hyderabad,Self-Employed,700300.0,2022-02-11,Young Adult,Middle Age,Medium
CUST13484,26,Female,Tirunelveli,Business Owner,192000.0,2021-10-09,Affluent,Adult,Low
CUST13485,35,Male,Madurai,Business Owner,546500.0,2025-11-17,Premium,Adult,Medium
CUST13486,49,Female,Hyderabad,Business Owner,1203500.0,2024-04-11,Mass Market,Middle Age,High
CUST13487,29,Male,Mumbai,Salaried,724100.0,2025-12-30,Mass Market,Adult,High
CUST13488,27,Female,Vellore,Salaried,475300.0,2023-04-26,Mass Market,Adult,Medium
CUST13489,50,Female,Vellore,Salaried,540100.0,2023-06-24,Mass Market,Middle Age,Medium
CUST13490,24,Male,Pune,Retired,700200.0,2021-02-12,Mass Market,Young Adult,Medium
CUST13491,26,Male,Madurai,Salaried,652300.0,2025-06-14,Premium,Adult,Medium
CUST13492,31,Male,Mumbai,Salaried,684000.0,2023-11-04,Mass Market,Adult,Medium
CUST13493,31,Male,Kochi,Salaried,1164900.0,2023-04-13,Young Adult,Adult,High
CUST13494,46,Female,Erode,Salaried,901000.0,2022-11-08,Affluent,Middle Age,High
CUST13495,36,Female,Salem,Salaried,430500.0,2024-04-16,Mass Market,Adult,Low
CUST13496,40,Male,Delhi,Business Owner,784600.0,2023-11-23,Affluent,Adult,High
CUST13497,18,Female,Bengaluru,Business Owner,5958500.0,2023-11-06,Mass Market,Young Adult,High
CUST13498,52,Female,Erode,Freelancer,335200.0,2025-04-06,Affluent,Middle Age,Low
CUST13499,23,Other,Madurai,Salaried,1183500.0,2024-10-01,Young Adult,Young Adult,High
CUST13500,31,Male,Vellore,Freelancer,361500.0,2023-08-28,Mass Market,Adult,Low
CUST13501,39,Female,Thanjavur,Self-Employed,871000.0,2026-06-10,Mass Market,Adult,High
CUST13502,34,Female,Chennai,Business Owner,859300.0,2021-01-20,Mass Market,Adult,High
CUST13503,19,Female,Hyderabad,Salaried,1445800.0,2024-09-20,Premium,Young Adult,High
CUST13504,33,Male,Vellore,Self-Employed,1053900.0,2021-02-14,Young Adult,Adult,High
CUST13505,29,Male,Chennai,Salaried,421400.0,2021-02-03,Young Adult,Adult,Low
CUST13506,42,Male,Pune,Self-Employed,604700.0,2025-04-17,Young Adult,Middle Age,Medium
CUST13507,47,Other,Trichy,Salaried,1875200.0,2022-09-21,Mass Market,Middle Age,High
CUST13508,45,Female,Hyderabad,Self-Employed,768400.0,2021-01-01,Mass Market,Middle Age,High
CUST13509,37,Female,Coimbatore,Salaried,1245700.0,2022-01-23,Mass Market,Adult,High
CUST13510,56,Male,Madurai,Salaried,238400.0,2023-04-21,Mass Market,Middle Age,Low
CUST13511,33,Male,Kochi,Salaried,1233300.0,2022-03-18,Premium,Adult,High
CUST13512,23,Female,Tirunelveli,Freelancer,290100.0,2024-06-25,Premium,Young Adult,Low
CUST13513,53,Female,Salem,Salaried,1470400.0,2022-02-18,Mass Market,Middle Age,High
CUST13514,51,Male,Trichy,Self-Employed,716900.0,2022-06-23,Young Adult,Middle Age,High
CUST13515,47,Female,Pune,Self-Employed,334200.0,2023-09-15,Young Adult,Middle Age,Low
CUST13516,26,Female,Thanjavur,Retired,496700.0,2022-09-29,Mass Market,Adult,Medium
CUST13517,48,Female,Bengaluru,Salaried,392200.0,2024-11-13,Mass Market,Middle Age,Low
CUST13518,34,Other,Salem,Retired,667700.0,2021-08-26,Mass Market,Adult,Medium
CUST13519,42,Female,Kochi,Salaried,1155900.0,2021-10-18,Young Adult,Middle Age,High
CUST13520,25,Female,Salem,Salaried,365700.0,2026-04-05,Premium,Young Adult,Low
CUST13521,41,Male,Mumbai,Business Owner,1018600.0,2023-09-02,Premium,Middle Age,High
CUST13522,34,Male,Tirunelveli,Self-Employed,702300.0,2022-09-17,Affluent,Adult,Medium
CUST13523,31,Female,Delhi,Self-Employed,228100.0,2025-04-22,Affluent,Adult,Low
CUST13524,52,Female,Trichy,Freelancer,640200.0,2023-10-21,Mass Market,Middle Age,Medium
CUST13525,20,Female,Salem,Salaried,291700.0,2023-03-04,Premium,Young Adult,Low
CUST13526,18,Other,Pune,Business Owner,1155300.0,2025-07-15,Mass Market,Young Adult,High
CUST13527,42,Male,Coimbatore,Salaried,406000.0,2026-02-01,Mass Market,Middle Age,Low
CUST13528,44,Female,Vellore,Business Owner,2712100.0,2025-05-30,Young Adult,Middle Age,High
CUST13529,38,Female,Delhi,Salaried,411800.0,2024-06-27,Affluent,Adult,Low
CUST13530,36,Male,Salem,Student,1289600.0,2021-08-26,Premium,Adult,High
CUST13531,37,Female,Hyderabad,Self-Employed,553450.0,2026-04-14,Affluent,Adult,Medium
CUST13532,59,Male,Kochi,Salaried,631100.0,2025-06-25,Mass Market,Middle Age,Medium
CUST13533,45,Female,Hyderabad,Freelancer,807100.0,2021-11-05,Affluent,Middle Age,High
CUST13534,33,Male,Madurai,Student,486400.0,2023-10-09,Affluent,Adult,Medium
CUST13535,30,Male,Delhi,Self-Employed,311000.0,2024-06-18,Affluent,Adult,Low
CUST13536,43,Male,Erode,Freelancer,1611700.0,2022-10-14,Affluent,Middle Age,High
CUST13537,31,Male,Trichy,Self-Employed,553450.0,2021-04-05,Mass Market,Adult,Medium
CUST13538,35,Other,Trichy,Salaried,439800.0,2026-08-03,Young Adult,Adult,Medium
CUST13539,35,Male,Kochi,Salaried,509100.0,2025-11-28,Mass Market,Adult,Medium
CUST13540,50,Male,Salem,Freelancer,721400.0,2023-12-11,Young Adult,Middle Age,High
CUST13541,37,Female,Tirunelveli,Salaried,331000.0,2022-05-22,Affluent,Adult,Low
CUST13542,21,Female,Madurai,Salaried,2283400.0,2025-03-24,Mass Market,Young Adult,High
CUST13543,53,Male,Vellore,Business Owner,410400.0,2024-12-06,Affluent,Middle Age,Low
CUST13544,27,Male,Coimbatore,Salaried,873700.0,2024-08-05,Mass Market,Adult,High
CUST13545,40,Male,Hyderabad,Business Owner,370500.0,2026-07-27,Premium,Adult,Low
CUST13546,49,Male,Tirunelveli,Student,525200.0,2022-06-16,Mass Market,Middle Age,Medium
CUST13547,34,Male,Hyderabad,Business Owner,936300.0,2024-11-26,Mass Market,Adult,High
CUST13548,39,Male,Madurai,Self-Employed,84700.0,2024-02-13,Mass Market,Adult,Low
CUST13549,56,Male,Bengaluru,Salaried,1041500.0,2026-05-12,Affluent,Middle Age,High
CUST13550,20,Male,Chennai,Salaried,605300.0,2025-05-31,Young Adult,Young Adult,Medium
CUST13551,38,Male,Pune,Self-Employed,426400.0,2025-11-24,Premium,Adult,Low
CUST13552,55,Male,Kochi,Freelancer,693500.0,2026-07-29,Premium,Middle Age,Medium
CUST13553,41,Male,Erode,Salaried,1180200.0,2025-12-02,Mass Market,Middle Age,High
CUST13554,38,Male,Mumbai,Student,953800.0,2025-04-06,Mass Market,Adult,High
CUST13555,30,Female,Kochi,Self-Employed,343900.0,2023-08-12,Mass Market,Adult,Low
CUST13556,27,Male,Pune,Salaried,1364500.0,2024-02-15,Mass Market,Adult,High
CUST13557,32,Male,Coimbatore,Salaried,553450.0,2023-12-11,Affluent,Adult,Medium
CUST13558,43,Male,Bengaluru,Self-Employed,1536100.0,2022-05-14,Mass Market,Middle Age,High
CUST13559,40,Female,Salem,Freelancer,671600.0,2021-04-21,Mass Market,Adult,Medium
CUST13560,36,Female,Coimbatore,Salaried,426500.0,2022-11-27,Young Adult,Adult,Low
CUST13561,37,Female,Erode,Salaried,468900.0,2023-04-15,Mass Market,Adult,Medium
CUST13562,40,Female,Delhi,Salaried,1150500.0,2023-06-21,Mass Market,Adult,High
CUST13563,32,Male,Tirunelveli,Student,1349400.0,2024-11-30,Affluent,Adult,High
CUST13564,46,Female,Mumbai,Student,643700.0,2021-11-05,Mass Market,Middle Age,Medium
CUST13565,43,Female,Vellore,Self-Employed,896400.0,2025-09-22,Affluent,Middle Age,High
CUST13566,29,Other,Pune,Salaried,588600.0,2023-08-09,Mass Market,Adult,Medium
CUST13567,36,Male,Tirunelveli,Student,511000.0,2025-03-15,Young Adult,Adult,Medium
CUST13568,28,Male,Hyderabad,Self-Employed,824500.0,2024-05-28,Premium,Adult,High
CUST13569,36,Male,Tirunelveli,Freelancer,762300.0,2024-03-13,Young Adult,Adult,High
CUST13570,53,Female,Vellore,Salaried,275900.0,2025-10-01,Mass Market,Middle Age,Low
CUST13571,26,Female,Coimbatore,Salaried,967500.0,2023-11-10,Affluent,Adult,High
CUST13572,34,Male,Mumbai,Salaried,1069900.0,2024-02-23,Affluent,Adult,High
CUST13573,22,Other,Madurai,Salaried,790900.0,2023-03-14,Affluent,Young Adult,High
CUST13574,29,Female,Salem,Salaried,1570700.0,2023-04-11,Mass Market,Adult,High
CUST13575,44,Female,Erode,Student,662700.0,2022-12-15,Mass Market,Middle Age,Medium
CUST13576,34,Male,Hyderabad,Salaried,756100.0,2024-04-24,Mass Market,Adult,High
CUST13577,46,Male,Vellore,Salaried,625000.0,2023-06-29,Premium,Middle Age,Medium
CUST13578,31,Male,Madurai,Business Owner,237800.0,2021-04-23,Young Adult,Adult,Low
CUST13579,29,Female,Kochi,Salaried,502600.0,2023-10-02,Mass Market,Adult,Medium
CUST13580,45,Female,Salem,Student,383300.0,2021-07-31,Affluent,Middle Age,Low
CUST13581,35,Female,Coimbatore,Retired,325700.0,2023-12-08,Premium,Adult,Low
CUST13582,32,Male,Bengaluru,Salaried,858000.0,2024-06-09,Premium,Adult,High
CUST13583,28,Female,Chennai,Student,557300.0,2022-05-08,Young Adult,Adult,Medium
CUST13584,32,Male,Pune,Self-Employed,324900.0,2026-07-22,Mass Market,Adult,Low
CUST13585,31,Male,Erode,Student,626500.0,2023-09-21,Mass Market,Adult,Medium
CUST13586,48,Male,Chennai,Student,514700.0,2024-12-19,Mass Market,Middle Age,Medium
CUST13587,47,Male,Trichy,Salaried,860700.0,2026-06-16,Mass Market,Middle Age,High
CUST13588,33,Male,Kochi,Retired,430600.0,2022-10-18,Affluent,Adult,Low
CUST13589,47,Female,Erode,Salaried,1240300.0,2021-03-01,Mass Market,Middle Age,High
CUST13590,18,Female,Chennai,Salaried,353200.0,2026-04-19,Mass Market,Young Adult,Low
CUST13591,56,Other,Bengaluru,Retired,328300.0,2022-05-21,Mass Market,Middle Age,Low
CUST13592,44,Male,Coimbatore,Student,849000.0,2021-04-26,Mass Market,Middle Age,High
CUST13593,32,Female,Chennai,Self-Employed,577500.0,2021-09-18,Affluent,Adult,Medium
CUST13594,43,Male,Tirunelveli,Salaried,423300.0,2023-06-07,Young Adult,Middle Age,Low
CUST13595,32,Female,Kochi,Retired,950400.0,2025-05-09,Young Adult,Adult,High
CUST13596,28,Male,Trichy,Salaried,839100.0,2022-11-30,Affluent,Adult,High
CUST13597,32,Female,Tirunelveli,Salaried,422100.0,2026-06-25,Mass Market,Adult,Low
CUST13598,42,Female,Pune,Salaried,2868300.0,2021-01-08,Mass Market,Middle Age,High
CUST13599,34,Male,Hyderabad,Student,372000.0,2023-04-04,Mass Market,Adult,Low
CUST13600,42,Male,Trichy,Student,352300.0,2021-06-06,Affluent,Middle Age,Low
CUST13601,41,Male,Tirunelveli,Salaried,460500.0,2024-06-20,Mass Market,Middle Age,Medium
CUST13602,36,Male,Coimbatore,Retired,768100.0,2025-04-05,Young Adult,Adult,High
CUST13603,42,Female,Vellore,Salaried,804500.0,2021-10-26,Affluent,Middle Age,High
CUST13604,49,Male,Delhi,Freelancer,271100.0,2025-10-10,Young Adult,Middle Age,Low
CUST13605,50,Other,Thanjavur,Freelancer,755900.0,2025-09-04,Affluent,Middle Age,High
CUST13606,29,Male,Mumbai,Salaried,2615500.0,2024-06-18,Premium,Adult,High
CUST13607,36,Female,Delhi,Salaried,590100.0,2021-12-08,Premium,Adult,Medium
CUST13608,32,Male,Chennai,Freelancer,885400.0,2024-07-06,Mass Market,Adult,High
CUST13609,40,Female,Delhi,Salaried,209400.0,2024-12-01,Mass Market,Adult,Low
CUST13610,61,Female,Pune,Salaried,1516700.0,2023-03-22,Mass Market,Senior,High
CUST13611,30,Male,Vellore,Self-Employed,1120300.0,2025-08-20,Mass Market,Adult,High
CUST13612,39,Male,Pune,Self-Employed,284500.0,2023-03-31,Young Adult,Adult,Low
CUST13613,49,Female,Coimbatore,Freelancer,1183700.0,2024-10-10,Mass Market,Middle Age,High
CUST13614,52,Male,Chennai,Salaried,553450.0,2024-06-20,Mass Market,Middle Age,Medium
CUST13615,42,Male,Madurai,Student,527500.0,2023-01-26,Mass Market,Middle Age,Medium
CUST13616,28,Male,Chennai,Business Owner,946900.0,2025-11-23,Young Adult,Adult,High
CUST13617,32,Male,Kochi,Salaried,654200.0,2024-05-06,Affluent,Adult,Medium
CUST13618,37,Male,Vellore,Salaried,501300.0,2021-05-28,Mass Market,Adult,Medium
CUST13619,36,Male,Hyderabad,Business Owner,337600.0,2025-07-18,Mass Market,Adult,Low
CUST13620,62,Female,Chennai,Freelancer,1047700.0,2022-12-01,Mass Market,Senior,High
CUST13621,40,Male,Salem,Student,884800.0,2022-03-12,Premium,Adult,High
CUST13622,50,Female,Kochi,Salaried,257400.0,2024-07-08,Affluent,Middle Age,Low
CUST13623,20,Male,Thanjavur,Freelancer,553450.0,2024-05-15,Affluent,Young Adult,Medium
CUST13624,47,Male,Pune,Salaried,892400.0,2026-04-13,Affluent,Middle Age,High
CUST13625,42,Male,Madurai,Student,325200.0,2026-04-30,Young Adult,Middle Age,Low
CUST13626,20,Male,Trichy,Self-Employed,707700.0,2022-02-08,Mass Market,Young Adult,Medium
CUST13627,32,Male,Trichy,Self-Employed,719900.0,2022-07-27,Young Adult,Adult,High
CUST13628,41,Male,Vellore,Student,610100.0,2026-07-25,Mass Market,Middle Age,Medium
CUST13629,40,Male,Thanjavur,Freelancer,656000.0,2024-05-14,Premium,Adult,Medium
CUST13630,50,Male,Vellore,Self-Employed,1134600.0,2025-05-30,Mass Market,Middle Age,High
CUST13631,18,Female,Trichy,Salaried,649700.0,2022-09-16,Affluent,Young Adult,Medium
CUST13632,34,Male,Erode,Self-Employed,152300.0,2022-08-10,Mass Market,Adult,Low
CUST13633,18,Female,Bengaluru,Retired,839100.0,2022-04-15,Young Adult,Young Adult,High
CUST13634,38,Male,Vellore,Salaried,643100.0,2021-05-21,Mass Market,Adult,Medium
CUST13635,29,Female,Pune,Freelancer,560800.0,2022-10-15,Mass Market,Adult,Medium
CUST13636,45,Male,Hyderabad,Freelancer,507900.0,2022-06-09,Mass Market,Middle Age,Medium
CUST13637,32,Female,Chennai,Freelancer,464800.0,2024-10-30,Mass Market,Adult,Medium
CUST13638,31,Female,Erode,Salaried,915800.0,2024-12-08,Mass Market,Adult,High
CUST13639,50,Female,Mumbai,Salaried,1714400.0,2021-12-23,Mass Market,Middle Age,High
CUST13640,54,Female,Madurai,Retired,124100.0,2021-04-08,Affluent,Middle Age,Low
CUST13641,22,Female,Chennai,Salaried,1464200.0,2022-07-07,Mass Market,Young Adult,High
CUST13642,27,Female,Kochi,Salaried,518200.0,2023-10-01,Young Adult,Adult,Medium
CUST13643,36,Female,Mumbai,Business Owner,735700.0,2022-09-06,Premium,Adult,High
CUST13644,42,Male,Hyderabad,Retired,485500.0,2024-08-01,Mass Market,Middle Age,Medium
CUST13645,47,Female,Vellore,Business Owner,1849000.0,2023-10-28,Mass Market,Middle Age,High
CUST13646,43,Male,Bengaluru,Self-Employed,603400.0,2023-09-09,Young Adult,Middle Age,Medium
CUST13647,56,Male,Pune,Salaried,376400.0,2024-07-08,Mass Market,Middle Age,Low
CUST13648,38,Male,Delhi,Business Owner,1044900.0,2024-04-18,Mass Market,Adult,High
CUST13649,53,Female,Mumbai,Business Owner,465200.0,2022-04-16,Mass Market,Middle Age,Medium
CUST13650,59,Male,Thanjavur,Retired,397100.0,2024-05-23,Mass Market,Middle Age,Low
CUST13651,45,Female,Madurai,Salaried,2969600.0,2025-08-16,Mass Market,Middle Age,High
CUST13652,37,Male,Hyderabad,Student,441500.0,2025-03-10,Mass Market,Adult,Medium
CUST13653,28,Male,Hyderabad,Self-Employed,651700.0,2022-08-31,Affluent,Adult,Medium
CUST13654,40,Female,Hyderabad,Business Owner,1941500.0,2024-09-20,Mass Market,Adult,High
CUST13655,37,Male,Mumbai,Freelancer,400900.0,2023-04-06,Affluent,Adult,Low
CUST13656,51,Male,Chennai,Salaried,305600.0,2022-12-17,Mass Market,Middle Age,Low
CUST13657,43,Female,Bengaluru,Salaried,155100.0,2023-10-27,Young Adult,Middle Age,Low
CUST13658,35,Female,Chennai,Salaried,307900.0,2023-08-19,Mass Market,Adult,Low
CUST13659,46,Male,Mumbai,Salaried,127400.0,2025-11-13,Young Adult,Middle Age,Low
CUST13660,25,Male,Erode,Freelancer,462700.0,2023-07-01,Mass Market,Young Adult,Medium
CUST13661,64,Male,Chennai,Retired,336100.0,2021-10-15,Mass Market,Senior,Low
CUST13662,35,Male,Kochi,Salaried,409100.0,2024-06-06,Mass Market,Adult,Low
CUST13663,51,Male,Vellore,Freelancer,1963900.0,2026-04-21,Affluent,Middle Age,High
CUST13664,18,Male,Delhi,Business Owner,579900.0,2025-04-16,Mass Market,Young Adult,Medium
CUST13665,43,Male,Hyderabad,Salaried,394500.0,2023-10-31,Affluent,Middle Age,Low
CUST13666,29,Female,Kochi,Salaried,856900.0,2022-11-07,Affluent,Adult,High
CUST13667,27,Female,Hyderabad,Salaried,1307400.0,2024-02-21,Young Adult,Adult,High
CUST13668,38,Male,Erode,Salaried,152000.0,2021-09-27,Mass Market,Adult,Low
CUST13669,51,Male,Kochi,Salaried,1117400.0,2024-09-23,Premium,Middle Age,High
CUST13670,29,Female,Trichy,Salaried,521600.0,2021-11-28,Young Adult,Adult,Medium
CUST13671,53,Male,Hyderabad,Self-Employed,254300.0,2021-09-25,Affluent,Middle Age,Low
CUST13672,52,Female,Mumbai,Business Owner,706400.0,2021-01-23,Affluent,Middle Age,Medium
CUST13673,35,Female,Bengaluru,Freelancer,482600.0,2025-06-16,Affluent,Adult,Medium
CUST13674,30,Female,Chennai,Freelancer,792900.0,2023-07-07,Mass Market,Adult,High
CUST13675,27,Male,Thanjavur,Self-Employed,458200.0,2026-07-03,Young Adult,Adult,Medium
CUST13676,18,Male,Pune,Salaried,208500.0,2026-07-11,Young Adult,Young Adult,Low
CUST13677,52,Female,Tirunelveli,Salaried,528600.0,2022-04-23,Mass Market,Middle Age,Medium
CUST13678,43,Male,Salem,Retired,932000.0,2022-01-09,Mass Market,Middle Age,High
CUST13679,23,Female,Erode,Salaried,1757700.0,2026-03-16,Mass Market,Young Adult,High
CUST13680,20,Male,Erode,Salaried,1027000.0,2022-07-05,Young Adult,Young Adult,High
CUST13681,39,Female,Erode,Self-Employed,793500.0,2024-05-29,Affluent,Adult,High
CUST13682,50,Male,Thanjavur,Salaried,1100300.0,2022-08-18,Mass Market,Middle Age,High
CUST13683,45,Male,Delhi,Retired,933200.0,2025-02-21,Mass Market,Middle Age,High
CUST13684,42,Female,Kochi,Salaried,856900.0,2025-05-07,Mass Market,Middle Age,High
CUST13685,43,Female,Coimbatore,Business Owner,743200.0,2023-11-04,Young Adult,Middle Age,High
CUST13686,18,Male,Mumbai,Self-Employed,724700.0,2023-07-11,Mass Market,Young Adult,High
CUST13687,32,Other,Tirunelveli,Salaried,516400.0,2023-02-23,Mass Market,Adult,Medium
CUST13688,35,Male,Mumbai,Self-Employed,950000.0,2025-02-09,Premium,Adult,High
CUST13689,36,Male,Thanjavur,Salaried,1100400.0,2023-11-25,Young Adult,Adult,High
CUST13690,19,Female,Pune,Salaried,1770200.0,2024-11-19,Affluent,Young Adult,High
CUST13691,34,Female,Bengaluru,Salaried,228300.0,2025-02-26,Premium,Adult,Low
CUST13692,43,Female,Hyderabad,Salaried,1212100.0,2025-08-30,Young Adult,Middle Age,High
CUST13693,18,Female,Tirunelveli,Self-Employed,576800.0,2023-01-25,Mass Market,Young Adult,Medium
CUST13694,31,Female,Delhi,Student,376500.0,2021-01-24,Mass Market,Adult,Low
CUST13695,46,Female,Salem,Business Owner,669200.0,2026-03-10,Mass Market,Middle Age,Medium
CUST13696,37,Male,Delhi,Self-Employed,1391800.0,2023-04-17,Mass Market,Adult,High
CUST13697,45,Female,Delhi,Salaried,538500.0,2023-03-12,Premium,Middle Age,Medium
CUST13698,32,Female,Bengaluru,Salaried,222600.0,2025-12-16,Mass Market,Adult,Low
CUST13699,32,Female,Mumbai,Salaried,612500.0,2023-11-13,Affluent,Adult,Medium
CUST13700,18,Female,Madurai,Salaried,307100.0,2024-08-03,Affluent,Young Adult,Low
CUST13701,48,Male,Coimbatore,Student,540300.0,2022-07-12,Young Adult,Middle Age,Medium
CUST13702,43,Male,Tirunelveli,Salaried,1429200.0,2025-10-07,Mass Market,Middle Age,High
CUST13703,40,Male,Madurai,Self-Employed,308800.0,2021-08-15,Mass Market,Adult,Low
CUST13704,22,Male,Erode,Business Owner,1476300.0,2022-07-14,Premium,Young Adult,High
CUST13705,53,Female,Chennai,Self-Employed,400800.0,2023-07-08,Mass Market,Middle Age,Low
CUST13706,44,Male,Chennai,Salaried,617900.0,2022-10-06,Young Adult,Middle Age,Medium
CUST13707,45,Female,Erode,Self-Employed,484700.0,2024-10-20,Affluent,Middle Age,Medium
CUST13708,56,Female,Bengaluru,Student,747900.0,2023-03-26,Mass Market,Middle Age,High
CUST13709,57,Male,Vellore,Salaried,206600.0,2024-09-23,Mass Market,Middle Age,Low
CUST13710,28,Male,Vellore,Student,443800.0,2022-04-19,Premium,Adult,Medium
CUST13711,32,Male,Delhi,Self-Employed,492200.0,2024-08-08,Premium,Adult,Medium
CUST13712,29,Male,Pune,Salaried,440600.0,2023-06-04,Affluent,Adult,Medium
CUST13713,18,Male,Delhi,Salaried,627200.0,2023-10-29,Affluent,Young Adult,Medium
CUST13714,32,Male,Thanjavur,Salaried,553450.0,2022-07-07,Mass Market,Adult,Medium
CUST13715,22,Female,Hyderabad,Student,471100.0,2025-10-10,Mass Market,Young Adult,Medium
CUST13716,50,Male,Pune,Salaried,1001200.0,2023-12-30,Mass Market,Middle Age,High
CUST13717,45,Male,Salem,Retired,728300.0,2025-04-04,Mass Market,Middle Age,High
CUST13718,37,Female,Mumbai,Salaried,523400.0,2024-06-20,Affluent,Adult,Medium
CUST13719,18,Male,Pune,Retired,526000.0,2022-11-07,Mass Market,Young Adult,Medium
CUST13720,34,Female,Chennai,Salaried,1450700.0,2024-06-24,Mass Market,Adult,High
CUST13721,50,Male,Pune,Self-Employed,971500.0,2023-01-22,Young Adult,Middle Age,High
CUST13722,26,Female,Hyderabad,Self-Employed,779600.0,2026-05-21,Mass Market,Adult,High
CUST13723,23,Female,Mumbai,Business Owner,355800.0,2023-07-25,Mass Market,Young Adult,Low
CUST13724,35,Male,Kochi,Student,277900.0,2023-10-13,Mass Market,Adult,Low
CUST13725,32,Male,Coimbatore,Salaried,2877900.0,2023-02-11,Mass Market,Adult,High
CUST13726,48,Female,Tirunelveli,Salaried,788900.0,2025-11-09,Young Adult,Middle Age,High
CUST13727,36,Female,Coimbatore,Salaried,407100.0,2025-09-29,Affluent,Adult,Low
CUST13728,27,Female,Trichy,Student,610700.0,2022-12-01,Premium,Adult,Medium
CUST13729,41,Other,Salem,Self-Employed,477800.0,2021-02-20,Premium,Middle Age,Medium
CUST13730,31,Male,Tirunelveli,Student,380300.0,2022-11-04,Young Adult,Adult,Low
CUST13731,35,Female,Kochi,Student,384500.0,2022-08-08,Mass Market,Adult,Low
CUST13732,38,Male,Tirunelveli,Salaried,94900.0,2022-11-23,Affluent,Adult,Low
CUST13733,50,Female,Pune,Salaried,246200.0,2021-05-21,Affluent,Middle Age,Low
CUST13734,43,Male,Hyderabad,Self-Employed,534500.0,2021-05-28,Mass Market,Middle Age,Medium
CUST13735,26,Male,Salem,Salaried,548300.0,2022-09-23,Mass Market,Adult,Medium
CUST13736,41,Male,Vellore,Student,494500.0,2026-05-30,Mass Market,Middle Age,Medium
CUST13737,46,Male,Thanjavur,Business Owner,225000.0,2021-11-26,Mass Market,Middle Age,Low
CUST13738,45,Female,Thanjavur,Student,350500.0,2024-08-06,Mass Market,Middle Age,Low
CUST13739,29,Male,Chennai,Salaried,401600.0,2024-05-11,Mass Market,Adult,Low
CUST13740,39,Female,Thanjavur,Salaried,430300.0,2026-05-20,Mass Market,Adult,Low
CUST13741,38,Female,Tirunelveli,Business Owner,383200.0,2025-03-02,Mass Market,Adult,Low
CUST13742,47,Female,Mumbai,Student,251600.0,2021-08-12,Affluent,Middle Age,Low
CUST13743,22,Male,Trichy,Salaried,244200.0,2024-04-15,Mass Market,Young Adult,Low
CUST13744,41,Female,Hyderabad,Self-Employed,738200.0,2022-11-13,Mass Market,Middle Age,High
CUST13745,43,Female,Thanjavur,Self-Employed,1210600.0,2022-01-07,Mass Market,Middle Age,High
CUST13746,28,Male,Kochi,Salaried,233500.0,2021-02-26,Mass Market,Adult,Low
CUST13747,39,Female,Kochi,Salaried,402900.0,2023-02-19,Mass Market,Adult,Low
CUST13748,25,Male,Hyderabad,Salaried,712300.0,2026-04-01,Affluent,Young Adult,Medium
CUST13749,32,Male,Erode,Business Owner,418200.0,2026-03-18,Mass Market,Adult,Low
CUST13750,22,Male,Mumbai,Business Owner,336000.0,2026-08-12,Affluent,Young Adult,Low
CUST13751,20,Male,Madurai,Salaried,285900.0,2025-01-28,Affluent,Young Adult,Low
CUST13752,47,Male,Chennai,Salaried,830100.0,2026-04-22,Mass Market,Middle Age,High
CUST13753,45,Male,Madurai,Self-Employed,185200.0,2023-10-13,Mass Market,Middle Age,Low
CUST13754,32,Male,Erode,Self-Employed,332000.0,2022-08-11,Young Adult,Adult,Low
CUST13755,37,Male,Kochi,Salaried,508700.0,2026-03-16,Premium,Adult,Medium
CUST13756,41,Male,Coimbatore,Business Owner,913300.0,2021-09-23,Affluent,Middle Age,High
CUST13757,47,Male,Trichy,Salaried,566000.0,2021-04-10,Mass Market,Middle Age,Medium
CUST13758,45,Female,Mumbai,Self-Employed,740300.0,2021-06-24,Premium,Middle Age,High
CUST13759,42,Male,Kochi,Salaried,725900.0,2022-03-28,Young Adult,Middle Age,High
CUST13760,18,Male,Coimbatore,Salaried,354400.0,2026-01-22,Premium,Young Adult,Low
CUST13761,34,Female,Madurai,Student,1473400.0,2022-05-22,Mass Market,Adult,High
CUST13762,50,Male,Coimbatore,Salaried,296100.0,2024-10-02,Mass Market,Middle Age,Low
CUST13763,46,Female,Vellore,Salaried,467000.0,2024-04-10,Mass Market,Middle Age,Medium
CUST13764,43,Female,Erode,Student,437500.0,2025-07-31,Mass Market,Middle Age,Medium
CUST13765,41,Female,Chennai,Business Owner,468800.0,2023-03-07,Young Adult,Middle Age,Medium
CUST13766,22,Male,Hyderabad,Student,436000.0,2024-12-30,Affluent,Young Adult,Medium
CUST13767,31,Female,Thanjavur,Self-Employed,681700.0,2021-07-06,Premium,Adult,Medium
CUST13768,42,Female,Kochi,Self-Employed,893700.0,2024-06-29,Young Adult,Middle Age,High
CUST13769,53,Male,Tirunelveli,Freelancer,1263300.0,2021-02-21,Mass Market,Middle Age,High
CUST13770,46,Male,Kochi,Self-Employed,1724000.0,2025-08-07,Mass Market,Middle Age,High
CUST13771,48,Male,Tirunelveli,Salaried,752200.0,2021-10-06,Mass Market,Middle Age,High
CUST13772,41,Female,Mumbai,Self-Employed,553450.0,2026-03-03,Mass Market,Middle Age,Medium
CUST13773,32,Male,Salem,Retired,282700.0,2022-08-16,Mass Market,Adult,Low
CUST13774,28,Female,Pune,Business Owner,829400.0,2024-11-27,Mass Market,Adult,High
CUST13775,26,Male,Chennai,Salaried,1481100.0,2022-06-16,Affluent,Adult,High
CUST13776,18,Female,Mumbai,Self-Employed,505600.0,2023-11-26,Mass Market,Young Adult,Medium
CUST13777,25,Female,Madurai,Student,553450.0,2021-05-04,Mass Market,Young Adult,Medium
CUST13778,27,Male,Vellore,Retired,470500.0,2025-09-10,Affluent,Adult,Medium
CUST13779,38,Female,Coimbatore,Student,1254600.0,2025-09-23,Mass Market,Adult,High
CUST13780,20,Male,Hyderabad,Self-Employed,325000.0,2023-08-29,Mass Market,Young Adult,Low
CUST13781,25,Male,Mumbai,Business Owner,641800.0,2021-02-04,Mass Market,Young Adult,Medium
CUST13782,35,Male,Thanjavur,Salaried,243200.0,2023-08-06,Mass Market,Adult,Low
CUST13783,44,Female,Trichy,Salaried,586100.0,2026-07-13,Mass Market,Middle Age,Medium
CUST13784,31,Male,Salem,Salaried,561800.0,2024-04-18,Mass Market,Adult,Medium
CUST13785,39,Male,Thanjavur,Self-Employed,703000.0,2023-12-07,Young Adult,Adult,Medium
CUST13786,41,Female,Tirunelveli,Salaried,815500.0,2024-09-27,Mass Market,Middle Age,High
CUST13787,24,Male,Coimbatore,Student,343800.0,2023-05-30,Mass Market,Young Adult,Low
CUST13788,51,Female,Salem,Salaried,540600.0,2021-12-13,Mass Market,Middle Age,Medium
CUST13789,18,Male,Erode,Salaried,934600.0,2021-02-21,Young Adult,Young Adult,High
CUST13790,18,Female,Mumbai,Retired,326500.0,2025-02-02,Mass Market,Young Adult,Low
CUST13791,37,Female,Kochi,Student,403500.0,2026-08-13,Mass Market,Adult,Low
CUST13792,22,Female,Coimbatore,Salaried,553000.0,2021-11-26,Affluent,Young Adult,Medium
CUST13793,31,Female,Coimbatore,Freelancer,267900.0,2023-03-04,Mass Market,Adult,Low
CUST13794,38,Male,Pune,Student,87000.0,2024-03-20,Affluent,Adult,Low
CUST13795,49,Male,Delhi,Retired,765800.0,2021-11-14,Mass Market,Middle Age,High
CUST13796,35,Female,Hyderabad,Freelancer,578100.0,2026-07-08,Premium,Adult,Medium
CUST13797,23,Male,Coimbatore,Self-Employed,869400.0,2021-07-07,Young Adult,Young Adult,High
CUST13798,38,Male,Hyderabad,Student,1370300.0,2023-10-09,Mass Market,Adult,High
CUST13799,49,Other,Delhi,Freelancer,553450.0,2021-09-23,Young Adult,Middle Age,Medium
CUST13800,41,Female,Kochi,Student,409400.0,2023-06-11,Mass Market,Middle Age,Low
CUST13801,62,Female,Hyderabad,Business Owner,699600.0,2025-09-12,Premium,Senior,Medium
CUST13802,27,Male,Delhi,Retired,596900.0,2022-08-24,Mass Market,Adult,Medium
CUST13803,30,Male,Trichy,Salaried,583400.0,2024-04-22,Young Adult,Adult,Medium
CUST13804,45,Female,Pune,Student,1498100.0,2023-07-18,Mass Market,Middle Age,High
CUST13805,42,Male,Kochi,Student,208200.0,2022-07-23,Young Adult,Middle Age,Low
CUST13806,37,Male,Chennai,Student,708000.0,2026-06-17,Affluent,Adult,Medium
CUST13807,23,Male,Vellore,Freelancer,553450.0,2025-05-08,Premium,Young Adult,Medium
CUST13808,27,Male,Erode,Student,496900.0,2021-04-22,Affluent,Adult,Medium
CUST13809,43,Female,Madurai,Salaried,438300.0,2023-02-16,Mass Market,Middle Age,Medium
CUST13810,38,Male,Trichy,Salaried,1074300.0,2021-08-11,Young Adult,Adult,High
CUST13811,36,Male,Erode,Salaried,147400.0,2024-12-15,Premium,Adult,Low
CUST13812,27,Male,Erode,Business Owner,646300.0,2025-12-12,Mass Market,Adult,Medium
CUST13813,18,Male,Trichy,Business Owner,661300.0,2025-05-31,Mass Market,Young Adult,Medium
CUST13814,57,Male,Hyderabad,Business Owner,389000.0,2023-06-26,Affluent,Middle Age,Low
CUST13815,40,Male,Hyderabad,Freelancer,781000.0,2023-03-07,Young Adult,Adult,High
CUST13816,25,Male,Delhi,Salaried,195800.0,2026-04-04,Young Adult,Young Adult,Low
CUST13817,30,Male,Hyderabad,Retired,611100.0,2025-02-14,Premium,Adult,Medium
CUST13818,37,Female,Thanjavur,Self-Employed,267100.0,2025-01-13,Mass Market,Adult,Low
CUST13819,31,Male,Trichy,Salaried,2544800.0,2026-08-03,Mass Market,Adult,High
CUST13820,42,Male,Mumbai,Retired,725200.0,2026-04-26,Mass Market,Middle Age,High
CUST13821,23,Female,Delhi,Salaried,455800.0,2021-01-02,Mass Market,Young Adult,Medium
CUST13822,36,Male,Thanjavur,Salaried,238400.0,2022-09-01,Affluent,Adult,Low
CUST13823,42,Female,Vellore,Salaried,467600.0,2024-07-13,Affluent,Middle Age,Medium
CUST13824,40,Male,Kochi,Self-Employed,638100.0,2022-09-03,Young Adult,Adult,Medium
CUST13825,39,Female,Vellore,Self-Employed,317200.0,2024-01-26,Young Adult,Adult,Low
CUST13826,38,Female,Trichy,Salaried,428000.0,2021-12-20,Mass Market,Adult,Low
CUST13827,33,Female,Mumbai,Salaried,151800.0,2023-04-24,Affluent,Adult,Low
CUST13828,38,Male,Mumbai,Freelancer,613500.0,2022-09-05,Premium,Adult,Medium
CUST13829,25,Male,Erode,Salaried,857000.0,2024-01-13,Mass Market,Young Adult,High
CUST13830,28,Male,Erode,Salaried,155100.0,2023-06-01,Affluent,Adult,Low
CUST13831,40,Male,Erode,Salaried,534800.0,2024-05-15,Mass Market,Adult,Medium
CUST13832,18,Female,Madurai,Salaried,268500.0,2021-08-02,Mass Market,Young Adult,Low
CUST13833,47,Male,Hyderabad,Salaried,397300.0,2026-03-15,Mass Market,Middle Age,Low
CUST13834,32,Female,Erode,Salaried,831100.0,2023-02-11,Premium,Adult,High
CUST13835,38,Female,Coimbatore,Business Owner,294500.0,2024-04-26,Mass Market,Adult,Low
CUST13836,26,Male,Delhi,Salaried,450700.0,2022-06-23,Mass Market,Adult,Medium
CUST13837,20,Male,Thanjavur,Salaried,553450.0,2024-06-15,Premium,Young Adult,Medium
CUST13838,29,Other,Coimbatore,Student,540700.0,2022-01-24,Premium,Adult,Medium
CUST13839,27,Male,Trichy,Retired,1354800.0,2024-11-09,Mass Market,Adult,High
CUST13840,36,Male,Thanjavur,Student,504500.0,2024-01-25,Mass Market,Adult,Medium
CUST13841,34,Male,Tirunelveli,Salaried,359300.0,2025-10-27,Affluent,Adult,Low
CUST13842,66,Female,Erode,Business Owner,348300.0,2023-01-26,Mass Market,Senior,Low
CUST13843,18,Female,Trichy,Retired,269200.0,2025-12-14,Mass Market,Young Adult,Low
CUST13844,52,Male,Madurai,Retired,628100.0,2023-01-03,Premium,Middle Age,Medium
CUST13845,23,Female,Bengaluru,Student,720400.0,2025-02-16,Mass Market,Young Adult,High
CUST13846,56,Female,Kochi,Retired,326300.0,2025-01-08,Premium,Middle Age,Low
CUST13847,43,Female,Mumbai,Salaried,1658000.0,2024-03-29,Mass Market,Middle Age,High
CUST13848,22,Male,Hyderabad,Salaried,280000.0,2021-06-08,Affluent,Young Adult,Low
CUST13849,34,Male,Mumbai,Freelancer,480800.0,2025-03-16,Mass Market,Adult,Medium
CUST13850,37,Female,Chennai,Freelancer,922900.0,2023-08-09,Mass Market,Adult,High
CUST13851,23,Male,Bengaluru,Student,543000.0,2025-12-19,Mass Market,Young Adult,Medium
CUST13852,42,Female,Vellore,Self-Employed,385000.0,2023-04-22,Young Adult,Middle Age,Low
CUST13853,41,Male,Tirunelveli,Student,163700.0,2026-05-31,Mass Market,Middle Age,Low
CUST13854,46,Female,Madurai,Business Owner,628800.0,2023-12-12,Mass Market,Middle Age,Medium
CUST13855,29,Male,Coimbatore,Student,810800.0,2021-03-22,Mass Market,Adult,High
CUST13856,18,Male,Tirunelveli,Salaried,577300.0,2021-01-14,Affluent,Young Adult,Medium
CUST13857,23,Male,Trichy,Salaried,630500.0,2022-07-26,Young Adult,Young Adult,Medium
CUST13858,35,Male,Mumbai,Business Owner,109800.0,2024-05-23,Mass Market,Adult,Low
CUST13859,29,Male,Chennai,Self-Employed,979700.0,2021-05-16,Affluent,Adult,High
CUST13860,30,Male,Hyderabad,Freelancer,397500.0,2024-04-13,Mass Market,Adult,Low
CUST13861,55,Female,Erode,Salaried,474100.0,2024-03-25,Mass Market,Middle Age,Medium
CUST13862,40,Female,Salem,Business Owner,316000.0,2021-08-18,Mass Market,Adult,Low
CUST13863,52,Male,Pune,Student,958000.0,2026-07-29,Mass Market,Middle Age,High
CUST13864,18,Female,Erode,Salaried,562900.0,2024-02-20,Premium,Young Adult,Medium
CUST13865,28,Female,Coimbatore,Salaried,307500.0,2022-02-02,Mass Market,Adult,Low
CUST13866,32,Male,Coimbatore,Salaried,269400.0,2022-01-11,Mass Market,Adult,Low
CUST13867,48,Female,Bengaluru,Salaried,778900.0,2023-03-19,Young Adult,Middle Age,High
CUST13868,35,Male,Vellore,Student,1138600.0,2026-06-16,Premium,Adult,High
CUST13869,35,Female,Trichy,Retired,519400.0,2024-03-17,Mass Market,Adult,Medium
CUST13870,27,Male,Kochi,Freelancer,851100.0,2021-10-15,Affluent,Adult,High
CUST13871,20,Female,Salem,Salaried,371300.0,2024-08-04,Affluent,Young Adult,Low
CUST13872,36,Male,Hyderabad,Salaried,1043000.0,2021-04-08,Mass Market,Adult,High
CUST13873,61,Male,Bengaluru,Freelancer,269900.0,2024-07-17,Mass Market,Senior,Low
CUST13874,18,Female,Pune,Self-Employed,246200.0,2021-02-24,Premium,Young Adult,Low
CUST13875,53,Other,Trichy,Salaried,721600.0,2022-05-13,Mass Market,Middle Age,High
CUST13876,57,Female,Chennai,Salaried,820100.0,2026-08-07,Mass Market,Middle Age,High
CUST13877,47,Female,Kochi,Salaried,308900.0,2021-11-02,Mass Market,Middle Age,Low
CUST13878,22,Male,Salem,Freelancer,595800.0,2024-06-26,Mass Market,Young Adult,Medium
CUST13879,45,Female,Vellore,Salaried,495400.0,2022-02-18,Affluent,Middle Age,Medium
CUST13880,36,Female,Mumbai,Salaried,723400.0,2026-02-07,Affluent,Adult,High
CUST13881,22,Male,Mumbai,Business Owner,196400.0,2025-08-01,Mass Market,Young Adult,Low
CUST13882,24,Male,Salem,Salaried,465800.0,2024-10-01,Mass Market,Young Adult,Medium
CUST13883,18,Female,Trichy,Salaried,486100.0,2021-05-31,Mass Market,Young Adult,Medium
CUST13884,18,Female,Salem,Salaried,483700.0,2022-01-16,Affluent,Young Adult,Medium
CUST13885,34,Male,Tirunelveli,Self-Employed,475500.0,2023-12-05,Mass Market,Adult,Medium
CUST13886,38,Female,Delhi,Salaried,979200.0,2023-11-30,Mass Market,Adult,High
CUST13887,28,Female,Tirunelveli,Self-Employed,711500.0,2024-05-27,Mass Market,Adult,Medium
CUST13888,24,Female,Thanjavur,Business Owner,844100.0,2022-11-04,Mass Market,Young Adult,High
CUST13889,32,Female,Chennai,Freelancer,677900.0,2024-11-06,Premium,Adult,Medium
CUST13890,30,Male,Vellore,Self-Employed,1320400.0,2025-01-02,Mass Market,Adult,High
CUST13891,42,Female,Tirunelveli,Retired,403900.0,2022-08-19,Mass Market,Middle Age,Low
CUST13892,54,Female,Bengaluru,Salaried,431000.0,2025-07-23,Affluent,Middle Age,Low
CUST13893,24,Female,Tirunelveli,Salaried,1172600.0,2023-11-27,Young Adult,Young Adult,High
CUST13894,45,Male,Coimbatore,Salaried,1000600.0,2022-05-01,Mass Market,Middle Age,High
CUST13895,27,Male,Pune,Salaried,553450.0,2025-09-03,Mass Market,Adult,Medium
CUST13896,39,Female,Trichy,Salaried,1448800.0,2023-05-31,Premium,Adult,High
CUST13897,31,Female,Tirunelveli,Student,935800.0,2026-03-10,Affluent,Adult,High
CUST13898,41,Female,Erode,Self-Employed,481200.0,2021-08-23,Affluent,Middle Age,Medium
CUST13899,19,Male,Vellore,Business Owner,1167400.0,2023-09-26,Mass Market,Young Adult,High
CUST13900,26,Male,Tirunelveli,Salaried,344700.0,2025-11-15,Mass Market,Adult,Low
CUST13901,53,Female,Erode,Freelancer,184600.0,2024-05-15,Mass Market,Middle Age,Low
CUST13902,36,Female,Tirunelveli,Business Owner,1071100.0,2022-08-09,Young Adult,Adult,High
CUST13903,51,Female,Tirunelveli,Salaried,991300.0,2024-08-12,Affluent,Middle Age,High
CUST13904,24,Male,Coimbatore,Salaried,720900.0,2025-12-07,Affluent,Young Adult,High
CUST13905,53,Male,Salem,Salaried,220300.0,2023-01-18,Premium,Middle Age,Low
CUST13906,45,Male,Coimbatore,Business Owner,398900.0,2024-11-22,Mass Market,Middle Age,Low
CUST13907,32,Female,Tirunelveli,Self-Employed,395900.0,2024-04-20,Premium,Adult,Low
CUST13908,25,Male,Trichy,Self-Employed,521100.0,2026-07-19,Mass Market,Young Adult,Medium
CUST13909,55,Male,Pune,Retired,406000.0,2021-08-19,Mass Market,Middle Age,Low
CUST13910,33,Male,Pune,Student,229200.0,2022-10-06,Mass Market,Adult,Low
CUST13911,31,Male,Bengaluru,Salaried,731000.0,2025-11-18,Young Adult,Adult,High
CUST13912,51,Male,Salem,Student,291900.0,2024-09-22,Premium,Middle Age,Low
CUST13913,58,Male,Pune,Salaried,514500.0,2024-05-30,Mass Market,Middle Age,Medium
CUST13914,44,Male,Delhi,Freelancer,227900.0,2023-10-07,Premium,Middle Age,Low
CUST13915,36,Male,Madurai,Business Owner,288900.0,2022-06-27,Mass Market,Adult,Low
CUST13916,29,Male,Mumbai,Self-Employed,861700.0,2023-12-06,Premium,Adult,High
CUST13917,30,Female,Trichy,Self-Employed,222100.0,2024-09-25,Mass Market,Adult,Low
CUST13918,34,Female,Mumbai,Self-Employed,248200.0,2022-02-17,Affluent,Adult,Low
CUST13919,42,Male,Delhi,Student,1576400.0,2025-02-27,Affluent,Middle Age,High
CUST13920,43,Female,Kochi,Salaried,525200.0,2025-02-06,Premium,Middle Age,Medium
CUST13921,28,Female,Pune,Salaried,244800.0,2026-07-03,Affluent,Adult,Low
CUST13922,23,Female,Chennai,Self-Employed,1685600.0,2025-05-01,Mass Market,Young Adult,High
CUST13923,43,Male,Chennai,Salaried,1100700.0,2021-09-04,Affluent,Middle Age,High
CUST13924,18,Female,Salem,Retired,197600.0,2024-02-19,Premium,Young Adult,Low
CUST13925,29,Male,Coimbatore,Business Owner,456800.0,2025-04-03,Mass Market,Adult,Medium
CUST13926,54,Female,Mumbai,Retired,871400.0,2023-11-04,Premium,Middle Age,High
CUST13927,18,Female,Tirunelveli,Business Owner,772400.0,2022-12-30,Mass Market,Young Adult,High
CUST13928,29,Female,Bengaluru,Salaried,522100.0,2026-06-25,Mass Market,Adult,Medium
CUST13929,54,Female,Tirunelveli,Salaried,1073900.0,2026-01-27,Premium,Middle Age,High
CUST13930,31,Female,Mumbai,Salaried,365000.0,2024-11-22,Mass Market,Adult,Low
CUST13931,50,Male,Pune,Salaried,168400.0,2022-05-10,Mass Market,Middle Age,Low
CUST13932,56,Female,Pune,Freelancer,466300.0,2024-12-05,Mass Market,Middle Age,Medium
CUST13933,36,Male,Hyderabad,Retired,361100.0,2021-10-23,Young Adult,Adult,Low
CUST13934,31,Male,Mumbai,Student,340400.0,2026-04-28,Mass Market,Adult,Low
CUST13935,36,Male,Trichy,Business Owner,815500.0,2024-01-13,Young Adult,Adult,High
CUST13936,32,Male,Pune,Self-Employed,1515100.0,2026-04-15,Young Adult,Adult,High
CUST13937,36,Female,Hyderabad,Business Owner,364200.0,2022-12-26,Mass Market,Adult,Low
CUST13938,35,Male,Bengaluru,Student,386700.0,2026-04-17,Premium,Adult,Low
CUST13939,48,Female,Vellore,Self-Employed,621800.0,2026-03-03,Affluent,Middle Age,Medium
CUST13940,46,Female,Chennai,Freelancer,357400.0,2024-11-22,Affluent,Middle Age,Low
CUST13941,33,Male,Vellore,Business Owner,215600.0,2023-07-07,Affluent,Adult,Low
CUST13942,52,Female,Thanjavur,Freelancer,629000.0,2022-08-25,Young Adult,Middle Age,Medium
CUST13943,44,Female,Kochi,Self-Employed,631900.0,2022-09-11,Mass Market,Middle Age,Medium
CUST13944,24,Male,Tirunelveli,Salaried,197200.0,2025-09-16,Premium,Young Adult,Low
CUST13945,45,Male,Trichy,Salaried,158600.0,2024-12-01,Mass Market,Middle Age,Low
CUST13946,47,Male,Delhi,Business Owner,435100.0,2022-04-25,Mass Market,Middle Age,Medium
CUST13947,50,Male,Vellore,Salaried,764000.0,2023-08-03,Affluent,Middle Age,High
CUST13948,28,Female,Bengaluru,Retired,1337000.0,2024-11-29,Mass Market,Adult,High
CUST13949,41,Female,Trichy,Freelancer,223700.0,2021-04-18,Affluent,Middle Age,Low
CUST13950,63,Female,Pune,Retired,1016100.0,2024-06-04,Mass Market,Senior,High
CUST13951,45,Male,Thanjavur,Salaried,433500.0,2026-04-16,Mass Market,Middle Age,Medium
CUST13952,43,Female,Vellore,Salaried,224600.0,2022-11-24,Affluent,Middle Age,Low
CUST13953,20,Male,Pune,Salaried,641000.0,2023-06-16,Mass Market,Young Adult,Medium
CUST13954,51,Male,Madurai,Salaried,349900.0,2026-02-21,Mass Market,Middle Age,Low
CUST13955,28,Male,Pune,Retired,732000.0,2023-09-13,Mass Market,Adult,High
CUST13956,37,Female,Mumbai,Salaried,1845100.0,2023-02-15,Mass Market,Adult,High
CUST13957,39,Female,Mumbai,Salaried,1075000.0,2025-02-20,Mass Market,Adult,High
CUST13958,26,Other,Vellore,Freelancer,822700.0,2024-12-03,Affluent,Adult,High
CUST13959,35,Female,Madurai,Business Owner,272100.0,2023-07-19,Mass Market,Adult,Low
CUST13960,18,Male,Thanjavur,Salaried,720000.0,2024-06-20,Premium,Young Adult,High
CUST13961,38,Male,Mumbai,Salaried,586500.0,2023-06-13,Affluent,Adult,Medium
CUST13962,42,Male,Hyderabad,Self-Employed,553450.0,2022-05-23,Premium,Middle Age,Medium
CUST13963,37,Female,Salem,Salaried,1017000.0,2022-06-07,Premium,Adult,High
CUST13964,18,Male,Mumbai,Freelancer,749300.0,2025-01-01,Young Adult,Young Adult,High
CUST13965,18,Male,Salem,Salaried,2214500.0,2024-09-21,Premium,Young Adult,High
CUST13966,26,Female,Madurai,Salaried,866500.0,2021-07-08,Affluent,Adult,High
CUST13967,47,Male,Pune,Salaried,355900.0,2022-12-25,Mass Market,Middle Age,Low
CUST13968,52,Female,Mumbai,Student,256200.0,2022-06-22,Young Adult,Middle Age,Low
CUST13969,32,Female,Thanjavur,Student,1982000.0,2022-06-14,Mass Market,Adult,High
CUST13970,56,Male,Salem,Salaried,754900.0,2026-07-29,Young Adult,Middle Age,High
CUST13971,34,Female,Mumbai,Self-Employed,2309200.0,2026-08-04,Mass Market,Adult,High
CUST13972,39,Male,Trichy,Salaried,896300.0,2025-12-27,Young Adult,Adult,High
CUST13973,40,Male,Mumbai,Business Owner,361600.0,2026-01-17,Affluent,Adult,Low
CUST13974,33,Male,Thanjavur,Student,379300.0,2025-04-14,Affluent,Adult,Low
CUST13975,39,Female,Coimbatore,Salaried,488100.0,2024-11-08,Mass Market,Adult,Medium
CUST13976,33,Male,Kochi,Student,309700.0,2025-07-20,Affluent,Adult,Low
CUST13977,54,Male,Thanjavur,Salaried,392700.0,2025-02-21,Young Adult,Middle Age,Low
CUST13978,30,Male,Delhi,Student,197500.0,2025-02-13,Mass Market,Adult,Low
CUST13979,46,Female,Pune,Student,404800.0,2024-04-19,Mass Market,Middle Age,Low
CUST13980,38,Male,Chennai,Retired,1329500.0,2026-02-19,Mass Market,Adult,High
CUST13981,18,Male,Kochi,Retired,551000.0,2022-12-05,Premium,Young Adult,Medium
CUST13982,19,Male,Hyderabad,Business Owner,2204800.0,2022-10-29,Mass Market,Young Adult,High
CUST13983,49,Female,Trichy,Business Owner,626600.0,2024-12-20,Affluent,Middle Age,Medium
CUST13984,33,Male,Madurai,Freelancer,218700.0,2025-11-10,Premium,Adult,Low
CUST13985,57,Female,Kochi,Self-Employed,291600.0,2026-03-03,Mass Market,Middle Age,Low
CUST13986,58,Male,Tirunelveli,Salaried,1025400.0,2022-07-02,Premium,Middle Age,High
CUST13987,18,Female,Trichy,Self-Employed,407000.0,2021-12-16,Affluent,Young Adult,Low
CUST13988,56,Female,Thanjavur,Salaried,222500.0,2025-12-28,Mass Market,Middle Age,Low
CUST13989,40,Male,Erode,Salaried,362600.0,2026-08-05,Premium,Adult,Low
CUST13990,29,Male,Trichy,Salaried,453900.0,2021-04-02,Affluent,Adult,Medium
CUST13991,31,Male,Vellore,Freelancer,526100.0,2021-10-03,Mass Market,Adult,Medium
CUST13992,46,Female,Madurai,Self-Employed,283800.0,2022-06-13,Affluent,Middle Age,Low
CUST13993,18,Female,Vellore,Self-Employed,591200.0,2025-03-02,Mass Market,Young Adult,Medium
CUST13994,27,Male,Erode,Self-Employed,432500.0,2021-08-31,Mass Market,Adult,Medium
CUST13995,18,Male,Chennai,Retired,498700.0,2022-09-26,Young Adult,Young Adult,Medium
CUST13996,26,Female,Mumbai,Student,966900.0,2023-02-25,Premium,Adult,High
CUST13997,35,Female,Vellore,Salaried,553450.0,2023-03-27,Affluent,Adult,Medium
CUST13998,55,Male,Kochi,Freelancer,360900.0,2024-08-02,Mass Market,Middle Age,Low
CUST13999,20,Female,Vellore,Freelancer,406900.0,2022-03-05,Affluent,Young Adult,Low
CUST14000,37,Female,Kochi,Student,860000.0,2025-12-14,Mass Market,Adult,High
CUST14001,28,Female,Thanjavur,Business Owner,464400.0,2026-05-27,Mass Market,Adult,Medium
CUST14002,42,Male,Thanjavur,Student,992000.0,2025-04-02,Mass Market,Middle Age,High
CUST14003,33,Male,Delhi,Salaried,381200.0,2026-01-02,Mass Market,Adult,Low
CUST14004,40,Female,Salem,Salaried,970500.0,2024-03-13,Mass Market,Adult,High
CUST14005,35,Female,Trichy,Salaried,387100.0,2025-01-24,Premium,Adult,Low
CUST14006,49,Male,Erode,Business Owner,1556400.0,2025-04-23,Affluent,Middle Age,High
CUST14007,48,Female,Coimbatore,Self-Employed,496600.0,2024-09-11,Young Adult,Middle Age,Medium
CUST14008,56,Male,Salem,Freelancer,828200.0,2021-04-18,Mass Market,Middle Age,High
CUST14009,30,Male,Delhi,Salaried,694600.0,2021-07-27,Mass Market,Adult,Medium
CUST14010,52,Male,Trichy,Salaried,258300.0,2021-12-08,Premium,Middle Age,Low
CUST14011,35,Female,Delhi,Self-Employed,557900.0,2024-11-30,Mass Market,Adult,Medium
CUST14012,32,Female,Hyderabad,Self-Employed,325900.0,2023-03-07,Mass Market,Adult,Low
CUST14013,55,Male,Kochi,Salaried,611900.0,2026-05-19,Mass Market,Middle Age,Medium
CUST14014,47,Male,Vellore,Freelancer,1924400.0,2025-03-18,Affluent,Middle Age,High
CUST14015,42,Female,Trichy,Freelancer,1108700.0,2021-12-31,Affluent,Middle Age,High
CUST14016,45,Female,Thanjavur,Salaried,846700.0,2022-04-08,Young Adult,Middle Age,High
CUST14017,38,Female,Mumbai,Salaried,208900.0,2021-12-12,Affluent,Adult,Low
CUST14018,25,Male,Trichy,Freelancer,2357400.0,2021-09-19,Affluent,Young Adult,High
CUST14019,27,Female,Salem,Salaried,277800.0,2023-01-06,Affluent,Adult,Low
CUST14020,51,Female,Thanjavur,Salaried,128300.0,2026-03-23,Affluent,Middle Age,Low
CUST14021,34,Female,Mumbai,Salaried,506400.0,2023-04-19,Affluent,Adult,Medium
CUST14022,30,Female,Tirunelveli,Salaried,570500.0,2022-01-08,Mass Market,Adult,Medium
CUST14023,36,Male,Delhi,Salaried,406300.0,2024-10-24,Mass Market,Adult,Low
CUST14024,48,Female,Pune,Salaried,618100.0,2023-08-24,Mass Market,Middle Age,Medium
CUST14025,49,Female,Salem,Salaried,235400.0,2022-01-31,Affluent,Middle Age,Low
CUST14026,36,Male,Mumbai,Self-Employed,778400.0,2022-05-21,Affluent,Adult,High
CUST14027,37,Female,Hyderabad,Salaried,182400.0,2023-05-29,Mass Market,Adult,Low
CUST14028,21,Female,Madurai,Salaried,786400.0,2021-06-14,Affluent,Young Adult,High
CUST14029,35,Female,Chennai,Salaried,289100.0,2025-03-15,Affluent,Adult,Low
CUST14030,46,Female,Thanjavur,Student,241700.0,2026-03-30,Affluent,Middle Age,Low
CUST14031,31,Male,Bengaluru,Business Owner,819300.0,2022-03-23,Affluent,Adult,High
CUST14032,25,Female,Vellore,Self-Employed,771400.0,2026-04-17,Mass Market,Young Adult,High
CUST14033,39,Female,Madurai,Retired,383000.0,2025-08-24,Mass Market,Adult,Low
CUST14034,19,Male,Bengaluru,Retired,608000.0,2025-02-13,Premium,Young Adult,Medium
CUST14035,38,Female,Delhi,Retired,1744200.0,2025-06-17,Affluent,Adult,High
CUST14036,33,Female,Madurai,Salaried,590900.0,2022-04-16,Affluent,Adult,Medium
CUST14037,34,Male,Tirunelveli,Salaried,702200.0,2021-07-14,Affluent,Adult,Medium
CUST14038,28,Female,Salem,Salaried,277400.0,2021-08-01,Mass Market,Adult,Low
CUST14039,45,Male,Bengaluru,Salaried,669200.0,2025-05-03,Mass Market,Middle Age,Medium
CUST14040,32,Female,Kochi,Student,248100.0,2025-10-26,Mass Market,Adult,Low
CUST14041,39,Male,Kochi,Salaried,1315900.0,2023-01-27,Mass Market,Adult,High
CUST14042,46,Other,Vellore,Salaried,136100.0,2023-03-27,Young Adult,Middle Age,Low
CUST14043,48,Male,Vellore,Self-Employed,966900.0,2023-10-14,Mass Market,Middle Age,High
CUST14044,40,Female,Pune,Salaried,611300.0,2024-03-04,Mass Market,Adult,Medium
CUST14045,44,Female,Erode,Freelancer,791200.0,2024-07-10,Mass Market,Middle Age,High
CUST14046,52,Male,Madurai,Student,173100.0,2024-10-23,Mass Market,Middle Age,Low
CUST14047,18,Male,Tirunelveli,Salaried,432300.0,2021-11-20,Mass Market,Young Adult,Medium
CUST14048,47,Female,Chennai,Self-Employed,533400.0,2023-02-02,Mass Market,Middle Age,Medium
CUST14049,29,Male,Vellore,Freelancer,263900.0,2026-01-28,Mass Market,Adult,Low
CUST14050,45,Female,Chennai,Salaried,777900.0,2022-10-07,Premium,Middle Age,High
CUST14051,21,Male,Vellore,Salaried,755900.0,2021-07-06,Premium,Young Adult,High
CUST14052,18,Male,Tirunelveli,Freelancer,180100.0,2023-02-26,Mass Market,Young Adult,Low
CUST14053,24,Female,Trichy,Self-Employed,1073700.0,2021-04-19,Premium,Young Adult,High
CUST14054,40,Male,Vellore,Freelancer,362800.0,2022-06-23,Affluent,Adult,Low
CUST14055,50,Male,Bengaluru,Salaried,732100.0,2023-10-18,Mass Market,Middle Age,High
CUST14056,27,Male,Tirunelveli,Retired,656900.0,2022-07-13,Mass Market,Adult,Medium
CUST14057,37,Female,Madurai,Salaried,269200.0,2024-09-19,Mass Market,Adult,Low
CUST14058,60,Male,Vellore,Business Owner,958400.0,2026-05-04,Mass Market,Middle Age,High
CUST14059,24,Female,Pune,Self-Employed,766000.0,2021-07-14,Affluent,Young Adult,High
CUST14060,40,Female,Salem,Salaried,1292400.0,2026-01-19,Mass Market,Adult,High
CUST14061,56,Male,Vellore,Self-Employed,615000.0,2024-03-14,Young Adult,Middle Age,Medium
CUST14062,33,Male,Delhi,Self-Employed,416600.0,2021-03-06,Mass Market,Adult,Low
CUST14063,30,Female,Vellore,Self-Employed,301600.0,2026-04-16,Mass Market,Adult,Low
CUST14064,28,Female,Coimbatore,Salaried,874900.0,2023-10-25,Mass Market,Adult,High
CUST14065,49,Male,Delhi,Self-Employed,762000.0,2021-03-07,Premium,Middle Age,High
CUST14066,66,Male,Erode,Retired,120400.0,2025-12-27,Affluent,Senior,Low
CUST14067,47,Female,Thanjavur,Freelancer,817700.0,2026-04-30,Premium,Middle Age,High
CUST14068,28,Male,Coimbatore,Salaried,569600.0,2023-01-11,Affluent,Adult,Medium
CUST14069,41,Male,Bengaluru,Salaried,546800.0,2022-06-04,Mass Market,Middle Age,Medium
CUST14070,21,Female,Salem,Freelancer,347500.0,2024-07-31,Mass Market,Young Adult,Low
CUST14071,30,Male,Kochi,Salaried,460800.0,2026-01-27,Mass Market,Adult,Medium
CUST14072,44,Male,Delhi,Freelancer,644900.0,2022-08-08,Mass Market,Middle Age,Medium
CUST14073,42,Female,Thanjavur,Freelancer,758700.0,2023-04-22,Premium,Middle Age,High
CUST14074,32,Female,Madurai,Retired,2121100.0,2026-07-03,Affluent,Adult,High
CUST14075,36,Male,Kochi,Salaried,334900.0,2023-05-08,Affluent,Adult,Low
CUST14076,45,Male,Bengaluru,Self-Employed,619100.0,2023-08-23,Mass Market,Middle Age,Medium
CUST14077,37,Female,Chennai,Salaried,3958900.0,2021-12-05,Mass Market,Adult,High
CUST14078,21,Female,Trichy,Business Owner,795900.0,2022-09-04,Premium,Young Adult,High
CUST14079,39,Other,Delhi,Self-Employed,226000.0,2021-10-20,Premium,Adult,Low
CUST14080,24,Female,Chennai,Business Owner,893200.0,2025-06-10,Mass Market,Young Adult,High
CUST14081,42,Male,Pune,Student,456700.0,2021-03-18,Mass Market,Middle Age,Medium
CUST14082,48,Female,Coimbatore,Self-Employed,729800.0,2021-11-09,Mass Market,Middle Age,High
CUST14083,38,Male,Erode,Salaried,553450.0,2023-03-06,Mass Market,Adult,Medium
CUST14084,48,Male,Tirunelveli,Freelancer,888300.0,2024-01-16,Young Adult,Middle Age,High
CUST14085,65,Female,Delhi,Salaried,359800.0,2021-02-20,Affluent,Senior,Low
CUST14086,39,Male,Erode,Salaried,584700.0,2024-03-01,Mass Market,Adult,Medium
CUST14087,53,Male,Thanjavur,Business Owner,738400.0,2024-12-27,Mass Market,Middle Age,High
CUST14088,39,Female,Madurai,Self-Employed,1268700.0,2026-06-28,Affluent,Adult,High
CUST14089,31,Male,Mumbai,Salaried,253900.0,2025-07-21,Premium,Adult,Low
CUST14090,41,Female,Chennai,Salaried,611800.0,2025-02-12,Mass Market,Middle Age,Medium
CUST14091,22,Female,Pune,Student,667300.0,2025-11-07,Mass Market,Young Adult,Medium
CUST14092,41,Other,Kochi,Salaried,240400.0,2025-02-02,Mass Market,Middle Age,Low
CUST14093,33,Male,Vellore,Student,203500.0,2024-01-05,Mass Market,Adult,Low
CUST14094,29,Other,Madurai,Salaried,360400.0,2026-07-30,Premium,Adult,Low
CUST14095,35,Female,Vellore,Salaried,1096200.0,2021-08-30,Mass Market,Adult,High
CUST14096,57,Female,Pune,Self-Employed,362100.0,2025-04-14,Mass Market,Middle Age,Low
CUST14097,40,Male,Kochi,Freelancer,331200.0,2026-06-07,Premium,Adult,Low
CUST14098,25,Male,Thanjavur,Salaried,424400.0,2025-12-04,Mass Market,Young Adult,Low
CUST14099,41,Male,Coimbatore,Retired,1327100.0,2021-04-28,Mass Market,Middle Age,High
CUST14100,18,Male,Mumbai,Student,887000.0,2024-12-05,Mass Market,Young Adult,High
CUST14101,42,Female,Bengaluru,Salaried,403000.0,2026-02-18,Affluent,Middle Age,Low
CUST14102,31,Male,Mumbai,Self-Employed,411700.0,2025-07-03,Mass Market,Adult,Low
CUST14103,39,Male,Chennai,Salaried,1131400.0,2023-10-28,Mass Market,Adult,High
CUST14104,32,Male,Tirunelveli,Student,864200.0,2022-04-03,Young Adult,Adult,High
CUST14105,36,Female,Madurai,Business Owner,752000.0,2021-07-05,Mass Market,Adult,High
CUST14106,29,Female,Chennai,Freelancer,422200.0,2021-07-12,Mass Market,Adult,Low
CUST14107,35,Female,Bengaluru,Freelancer,315400.0,2023-03-22,Mass Market,Adult,Low
CUST14108,24,Male,Erode,Salaried,630700.0,2024-06-22,Young Adult,Young Adult,Medium
CUST14109,53,Female,Bengaluru,Salaried,294200.0,2026-02-19,Affluent,Middle Age,Low
CUST14110,38,Female,Bengaluru,Salaried,439700.0,2025-10-30,Mass Market,Adult,Medium
CUST14111,43,Male,Kochi,Freelancer,931900.0,2022-06-18,Mass Market,Middle Age,High
CUST14112,46,Female,Erode,Salaried,455200.0,2025-01-19,Mass Market,Middle Age,Medium
CUST14113,41,Male,Chennai,Salaried,581200.0,2025-09-22,Mass Market,Middle Age,Medium
CUST14114,32,Male,Salem,Salaried,624700.0,2022-04-23,Mass Market,Adult,Medium
CUST14115,36,Male,Salem,Freelancer,976500.0,2024-11-16,Mass Market,Adult,High
CUST14116,35,Male,Bengaluru,Self-Employed,440600.0,2022-01-27,Affluent,Adult,Medium
CUST14117,43,Female,Coimbatore,Self-Employed,531400.0,2026-04-16,Affluent,Middle Age,Medium
CUST14118,36,Female,Delhi,Self-Employed,1611400.0,2024-07-31,Mass Market,Adult,High
CUST14119,58,Male,Coimbatore,Salaried,553450.0,2021-04-21,Mass Market,Middle Age,Medium
CUST14120,39,Male,Salem,Freelancer,874900.0,2026-04-02,Affluent,Adult,High
CUST14121,50,Male,Coimbatore,Self-Employed,492300.0,2024-08-24,Premium,Middle Age,Medium
CUST14122,40,Female,Chennai,Salaried,1227800.0,2025-12-19,Young Adult,Adult,High
CUST14123,41,Female,Chennai,Student,277000.0,2022-12-09,Affluent,Middle Age,Low
CUST14124,39,Female,Madurai,Salaried,934100.0,2022-05-18,Premium,Adult,High
CUST14125,19,Male,Trichy,Salaried,290300.0,2025-05-13,Mass Market,Young Adult,Low
CUST14126,22,Female,Vellore,Business Owner,212200.0,2022-09-07,Premium,Young Adult,Low
CUST14127,54,Male,Trichy,Salaried,191700.0,2024-04-06,Affluent,Middle Age,Low
CUST14128,40,Male,Salem,Salaried,422000.0,2023-04-12,Mass Market,Adult,Low
CUST14129,18,Female,Madurai,Salaried,633700.0,2025-08-19,Mass Market,Young Adult,Medium
CUST14130,44,Female,Kochi,Business Owner,1682900.0,2025-07-05,Mass Market,Middle Age,High
CUST14131,52,Female,Coimbatore,Self-Employed,1756500.0,2026-04-02,Mass Market,Middle Age,High
CUST14132,54,Female,Coimbatore,Freelancer,1190600.0,2023-11-02,Mass Market,Middle Age,High
CUST14133,30,Male,Coimbatore,Self-Employed,419600.0,2024-09-13,Young Adult,Adult,Low
CUST14134,33,Male,Hyderabad,Salaried,313300.0,2023-04-17,Mass Market,Adult,Low
CUST14135,36,Male,Mumbai,Self-Employed,223900.0,2026-04-29,Mass Market,Adult,Low
CUST14136,47,Male,Thanjavur,Salaried,690700.0,2021-05-14,Affluent,Middle Age,Medium
CUST14137,53,Female,Chennai,Salaried,356300.0,2025-10-25,Mass Market,Middle Age,Low
CUST14138,36,Female,Coimbatore,Salaried,90500.0,2026-05-27,Mass Market,Adult,Low
CUST14139,20,Male,Trichy,Salaried,321000.0,2022-12-13,Affluent,Young Adult,Low
CUST14140,53,Male,Coimbatore,Salaried,342500.0,2022-06-23,Premium,Middle Age,Low
CUST14141,30,Male,Erode,Student,497600.0,2021-06-13,Mass Market,Adult,Medium
CUST14142,23,Male,Pune,Freelancer,751100.0,2024-06-29,Mass Market,Young Adult,High
CUST14143,42,Male,Thanjavur,Self-Employed,413000.0,2026-06-11,Affluent,Middle Age,Low
CUST14144,41,Female,Chennai,Salaried,439600.0,2022-12-01,Mass Market,Middle Age,Medium
CUST14145,23,Female,Salem,Student,800600.0,2021-09-19,Mass Market,Young Adult,High
CUST14146,62,Female,Pune,Salaried,1032900.0,2025-12-13,Young Adult,Senior,High
CUST14147,64,Male,Salem,Salaried,466900.0,2026-07-22,Mass Market,Senior,Medium
CUST14148,33,Female,Madurai,Freelancer,440200.0,2025-08-18,Young Adult,Adult,Medium
CUST14149,40,Female,Kochi,Self-Employed,1502800.0,2021-02-20,Mass Market,Adult,High
CUST14150,47,Female,Kochi,Salaried,332400.0,2023-05-28,Premium,Middle Age,Low
CUST14151,59,Female,Madurai,Student,345500.0,2026-07-08,Mass Market,Middle Age,Low
CUST14152,32,Female,Mumbai,Business Owner,1367500.0,2022-09-16,Affluent,Adult,High
CUST14153,19,Female,Delhi,Salaried,621900.0,2023-11-02,Mass Market,Young Adult,Medium
CUST14154,29,Male,Madurai,Salaried,867400.0,2025-04-10,Young Adult,Adult,High
CUST14155,30,Female,Kochi,Salaried,212300.0,2023-03-14,Premium,Adult,Low
CUST14156,39,Male,Thanjavur,Self-Employed,357200.0,2026-02-08,Young Adult,Adult,Low
CUST14157,31,Male,Bengaluru,Salaried,275000.0,2025-11-12,Premium,Adult,Low
CUST14158,43,Male,Coimbatore,Freelancer,262300.0,2026-04-25,Young Adult,Middle Age,Low
CUST14159,41,Female,Kochi,Student,414400.0,2023-08-30,Mass Market,Middle Age,Low
CUST14160,24,Female,Hyderabad,Salaried,306400.0,2025-12-22,Young Adult,Young Adult,Low
CUST14161,27,Male,Chennai,Student,538500.0,2024-07-06,Young Adult,Adult,Medium
CUST14162,29,Male,Salem,Salaried,714800.0,2023-06-03,Affluent,Adult,High
CUST14163,33,Female,Delhi,Freelancer,745900.0,2021-03-25,Mass Market,Adult,High
CUST14164,24,Female,Delhi,Student,1388200.0,2023-11-28,Mass Market,Young Adult,High
CUST14165,31,Male,Delhi,Salaried,919500.0,2022-11-24,Mass Market,Adult,High
CUST14166,26,Male,Hyderabad,Salaried,173300.0,2026-05-09,Mass Market,Adult,Low
CUST14167,44,Female,Trichy,Freelancer,1441400.0,2026-05-02,Mass Market,Middle Age,High
CUST14168,42,Female,Tirunelveli,Retired,857200.0,2022-08-06,Mass Market,Middle Age,High
CUST14169,56,Female,Trichy,Salaried,391100.0,2021-06-29,Mass Market,Middle Age,Low
CUST14170,35,Male,Coimbatore,Self-Employed,165400.0,2023-01-17,Mass Market,Adult,Low
CUST14171,48,Male,Delhi,Self-Employed,1089100.0,2022-07-13,Mass Market,Middle Age,High
CUST14172,36,Male,Erode,Salaried,983500.0,2025-10-08,Mass Market,Adult,High
CUST14173,42,Female,Bengaluru,Self-Employed,1373900.0,2024-01-25,Young Adult,Middle Age,High
CUST14174,41,Male,Hyderabad,Self-Employed,266800.0,2022-02-06,Affluent,Middle Age,Low
CUST14175,31,Female,Hyderabad,Freelancer,529800.0,2021-02-05,Mass Market,Adult,Medium
CUST14176,49,Male,Chennai,Freelancer,184700.0,2023-03-11,Mass Market,Middle Age,Low
CUST14177,26,Male,Coimbatore,Self-Employed,450700.0,2024-09-12,Young Adult,Adult,Medium
CUST14178,31,Female,Bengaluru,Salaried,1110400.0,2022-01-06,Affluent,Adult,High
CUST14179,18,Male,Kochi,Salaried,780500.0,2026-07-23,Affluent,Young Adult,High
CUST14180,26,Female,Vellore,Freelancer,658500.0,2021-08-01,Young Adult,Adult,Medium
CUST14181,59,Male,Pune,Salaried,1296600.0,2024-06-12,Mass Market,Middle Age,High
CUST14182,33,Female,Trichy,Business Owner,1539100.0,2023-04-08,Affluent,Adult,High
CUST14183,55,Male,Tirunelveli,Salaried,380200.0,2024-12-13,Premium,Middle Age,Low
CUST14184,22,Female,Delhi,Self-Employed,505300.0,2024-12-22,Mass Market,Young Adult,Medium
CUST14185,38,Female,Pune,Salaried,634700.0,2025-05-08,Affluent,Adult,Medium
CUST14186,43,Female,Salem,Student,261600.0,2023-08-24,Mass Market,Middle Age,Low
CUST14187,28,Male,Coimbatore,Salaried,1063800.0,2022-06-25,Premium,Adult,High
CUST14188,29,Female,Mumbai,Freelancer,445100.0,2021-03-06,Affluent,Adult,Medium
CUST14189,48,Female,Mumbai,Retired,631400.0,2021-02-23,Mass Market,Middle Age,Medium
CUST14190,23,Female,Madurai,Business Owner,468200.0,2021-10-23,Affluent,Young Adult,Medium
CUST14191,44,Male,Pune,Self-Employed,268300.0,2021-11-28,Young Adult,Middle Age,Low
CUST14192,35,Male,Chennai,Self-Employed,553450.0,2022-08-11,Mass Market,Adult,Medium
CUST14193,42,Female,Kochi,Retired,1854000.0,2025-02-22,Mass Market,Middle Age,High
CUST14194,60,Male,Bengaluru,Salaried,407500.0,2021-06-21,Mass Market,Middle Age,Low
CUST14195,22,Female,Salem,Student,311700.0,2021-01-29,Mass Market,Young Adult,Low
CUST14196,41,Female,Delhi,Business Owner,239100.0,2025-11-23,Affluent,Middle Age,Low
CUST14197,36,Male,Kochi,Salaried,41200.0,2025-01-03,Mass Market,Adult,Low
CUST14198,48,Male,Erode,Salaried,301200.0,2023-10-13,Mass Market,Middle Age,Low
CUST14199,38,Female,Coimbatore,Business Owner,763800.0,2021-04-22,Mass Market,Adult,High
CUST14200,30,Female,Vellore,Freelancer,121100.0,2022-06-09,Mass Market,Adult,Low
CUST14201,30,Female,Hyderabad,Salaried,805900.0,2021-02-01,Mass Market,Adult,High
CUST14202,44,Male,Erode,Student,730600.0,2025-05-08,Mass Market,Middle Age,High
CUST14203,45,Male,Thanjavur,Business Owner,255100.0,2024-04-25,Affluent,Middle Age,Low
CUST14204,42,Female,Bengaluru,Business Owner,669000.0,2022-07-08,Young Adult,Middle Age,Medium
CUST14205,44,Male,Thanjavur,Salaried,500800.0,2022-05-26,Affluent,Middle Age,Medium
CUST14206,43,Male,Mumbai,Freelancer,769500.0,2022-02-04,Young Adult,Middle Age,High
CUST14207,19,Female,Pune,Salaried,141500.0,2025-02-07,Affluent,Young Adult,Low
CUST14208,45,Male,Salem,Student,540000.0,2022-08-30,Affluent,Middle Age,Medium
CUST14209,37,Female,Hyderabad,Salaried,894700.0,2025-06-23,Affluent,Adult,High
CUST14210,22,Female,Bengaluru,Salaried,646200.0,2023-09-03,Young Adult,Young Adult,Medium
CUST14211,75,Female,Erode,Retired,593600.0,2024-07-07,Affluent,Senior,Medium
CUST14212,41,Male,Erode,Business Owner,553450.0,2022-11-29,Mass Market,Middle Age,Medium
CUST14213,27,Female,Hyderabad,Business Owner,842600.0,2023-09-14,Affluent,Adult,High
CUST14214,51,Female,Trichy,Salaried,250000.0,2022-03-14,Mass Market,Middle Age,Low
CUST14215,39,Female,Mumbai,Retired,343700.0,2021-09-04,Affluent,Adult,Low
CUST14216,53,Male,Chennai,Salaried,1174800.0,2025-06-27,Mass Market,Middle Age,High
CUST14217,29,Male,Madurai,Student,372400.0,2024-01-24,Mass Market,Adult,Low
CUST14218,30,Female,Chennai,Salaried,547300.0,2021-08-27,Young Adult,Adult,Medium
CUST14219,29,Male,Hyderabad,Retired,410000.0,2026-04-26,Premium,Adult,Low
CUST14220,56,Male,Coimbatore,Salaried,521000.0,2023-08-06,Mass Market,Middle Age,Medium
CUST14221,35,Male,Pune,Student,978800.0,2026-07-30,Mass Market,Adult,High
CUST14222,33,Male,Trichy,Student,937000.0,2024-01-29,Mass Market,Adult,High
CUST14223,24,Female,Chennai,Student,1523500.0,2022-07-22,Mass Market,Young Adult,High
CUST14224,31,Male,Mumbai,Retired,394400.0,2021-06-01,Mass Market,Adult,Low
CUST14225,33,Male,Madurai,Self-Employed,355000.0,2025-06-16,Premium,Adult,Low
CUST14226,36,Male,Bengaluru,Self-Employed,575800.0,2022-01-24,Mass Market,Adult,Medium
CUST14227,35,Male,Trichy,Salaried,503400.0,2025-11-30,Mass Market,Adult,Medium
CUST14228,37,Male,Tirunelveli,Salaried,1057600.0,2025-09-19,Mass Market,Adult,High
CUST14229,39,Male,Delhi,Salaried,208500.0,2025-09-23,Affluent,Adult,Low
CUST14230,33,Female,Mumbai,Freelancer,147500.0,2026-03-27,Mass Market,Adult,Low
CUST14231,35,Female,Chennai,Salaried,374900.0,2025-03-05,Young Adult,Adult,Low
CUST14232,39,Male,Coimbatore,Student,946200.0,2023-01-19,Mass Market,Adult,High
CUST14233,18,Male,Mumbai,Salaried,819400.0,2025-02-17,Premium,Young Adult,High
CUST14234,47,Male,Madurai,Student,977300.0,2021-05-30,Mass Market,Middle Age,High
CUST14235,29,Female,Thanjavur,Salaried,464000.0,2025-10-01,Affluent,Adult,Medium
CUST14236,44,Male,Bengaluru,Retired,1125700.0,2022-01-28,Mass Market,Middle Age,High
CUST14237,46,Male,Delhi,Salaried,387500.0,2026-07-27,Premium,Middle Age,Low
CUST14238,24,Female,Mumbai,Salaried,638900.0,2025-06-28,Premium,Young Adult,Medium
CUST14239,25,Female,Kochi,Retired,1109900.0,2024-01-11,Mass Market,Young Adult,High
CUST14240,31,Male,Pune,Student,573600.0,2021-10-20,Mass Market,Adult,Medium
CUST14241,29,Female,Coimbatore,Business Owner,460000.0,2021-12-25,Mass Market,Adult,Medium
CUST14242,40,Female,Delhi,Salaried,294900.0,2024-08-29,Affluent,Adult,Low
CUST14243,33,Female,Thanjavur,Salaried,432600.0,2026-04-29,Mass Market,Adult,Medium
CUST14244,39,Female,Delhi,Salaried,553450.0,2026-06-22,Mass Market,Adult,Medium
CUST14245,55,Female,Kochi,Salaried,592000.0,2025-03-22,Mass Market,Middle Age,Medium
CUST14246,30,Male,Salem,Salaried,995400.0,2023-07-28,Mass Market,Adult,High
CUST14247,37,Female,Vellore,Salaried,538200.0,2022-02-03,Mass Market,Adult,Medium
CUST14248,31,Male,Delhi,Student,361500.0,2022-04-07,Affluent,Adult,Low
CUST14249,41,Male,Delhi,Self-Employed,474200.0,2025-01-28,Young Adult,Middle Age,Medium
CUST14250,54,Female,Salem,Salaried,203200.0,2024-12-13,Affluent,Middle Age,Low
CUST14251,30,Male,Erode,Self-Employed,1773100.0,2022-02-07,Affluent,Adult,High
CUST14252,37,Male,Pune,Self-Employed,251700.0,2022-08-31,Young Adult,Adult,Low
CUST14253,62,Other,Mumbai,Salaried,1129600.0,2025-03-27,Affluent,Senior,High
CUST14254,68,Male,Pune,Business Owner,660200.0,2022-09-30,Mass Market,Senior,Medium
CUST14255,29,Female,Chennai,Salaried,1271100.0,2023-12-07,Affluent,Adult,High
CUST14256,18,Female,Kochi,Salaried,579300.0,2025-07-27,Mass Market,Young Adult,Medium
CUST14257,46,Female,Mumbai,Salaried,194800.0,2024-09-07,Young Adult,Middle Age,Low
CUST14258,31,Female,Hyderabad,Salaried,428200.0,2023-08-16,Affluent,Adult,Low
CUST14259,37,Male,Trichy,Self-Employed,1682000.0,2023-07-10,Mass Market,Adult,High
CUST14260,18,Male,Chennai,Salaried,204400.0,2026-06-21,Mass Market,Young Adult,Low
CUST14261,31,Female,Bengaluru,Salaried,1393500.0,2024-11-09,Mass Market,Adult,High
CUST14262,43,Male,Hyderabad,Salaried,444600.0,2022-06-22,Young Adult,Middle Age,Medium
CUST14263,34,Female,Chennai,Student,333700.0,2022-05-31,Mass Market,Adult,Low
CUST14264,39,Male,Madurai,Student,208400.0,2021-02-18,Mass Market,Adult,Low
CUST14265,26,Male,Trichy,Retired,420800.0,2026-04-19,Premium,Adult,Low
CUST14266,58,Male,Coimbatore,Self-Employed,261600.0,2025-12-25,Mass Market,Middle Age,Low
CUST14267,41,Female,Coimbatore,Self-Employed,426500.0,2026-06-04,Affluent,Middle Age,Low
CUST14268,54,Female,Chennai,Salaried,1101300.0,2026-04-15,Mass Market,Middle Age,High
CUST14269,23,Female,Hyderabad,Self-Employed,206000.0,2022-06-08,Premium,Young Adult,Low
CUST14270,33,Male,Kochi,Salaried,474600.0,2023-11-19,Mass Market,Adult,Medium
CUST14271,48,Male,Bengaluru,Salaried,708800.0,2022-09-17,Affluent,Middle Age,Medium
CUST14272,36,Male,Salem,Salaried,144600.0,2021-08-24,Premium,Adult,Low
CUST14273,28,Male,Erode,Student,412500.0,2025-06-08,Mass Market,Adult,Low
CUST14274,18,Female,Vellore,Retired,849300.0,2022-11-24,Mass Market,Young Adult,High
CUST14275,53,Male,Vellore,Retired,914100.0,2021-06-07,Affluent,Middle Age,High
CUST14276,33,Male,Tirunelveli,Salaried,950200.0,2024-10-10,Mass Market,Adult,High
CUST14277,37,Male,Bengaluru,Self-Employed,151100.0,2023-10-09,Affluent,Adult,Low
CUST14278,28,Male,Trichy,Self-Employed,1080800.0,2023-10-29,Mass Market,Adult,High
CUST14279,39,Female,Mumbai,Salaried,437200.0,2024-10-14,Affluent,Adult,Medium
CUST14280,49,Female,Erode,Business Owner,141100.0,2023-12-28,Affluent,Middle Age,Low
CUST14281,40,Female,Trichy,Salaried,658500.0,2026-02-01,Mass Market,Adult,Medium
CUST14282,40,Female,Delhi,Retired,374500.0,2022-03-16,Young Adult,Adult,Low
CUST14283,42,Male,Chennai,Student,686400.0,2021-11-08,Affluent,Middle Age,Medium
CUST14284,28,Female,Kochi,Salaried,268200.0,2022-05-19,Young Adult,Adult,Low
CUST14285,35,Other,Chennai,Self-Employed,426100.0,2021-10-28,Affluent,Adult,Low
CUST14286,18,Female,Thanjavur,Salaried,503100.0,2022-11-30,Mass Market,Young Adult,Medium
CUST14287,36,Male,Vellore,Student,1348100.0,2024-12-18,Affluent,Adult,High
CUST14288,50,Female,Vellore,Student,520200.0,2025-12-23,Premium,Middle Age,Medium
CUST14289,35,Male,Coimbatore,Student,1458400.0,2023-09-07,Affluent,Adult,High
CUST14290,18,Female,Chennai,Self-Employed,2098800.0,2025-03-18,Affluent,Young Adult,High
CUST14291,24,Female,Mumbai,Salaried,623200.0,2021-01-31,Young Adult,Young Adult,Medium
CUST14292,32,Male,Trichy,Business Owner,678000.0,2025-12-27,Mass Market,Adult,Medium
CUST14293,47,Male,Pune,Self-Employed,138300.0,2023-04-03,Premium,Middle Age,Low
CUST14294,27,Female,Coimbatore,Salaried,1085600.0,2024-11-30,Mass Market,Adult,High
CUST14295,36,Male,Tirunelveli,Salaried,556000.0,2024-05-14,Mass Market,Adult,Medium
CUST14296,33,Male,Vellore,Salaried,1154400.0,2023-02-04,Affluent,Adult,High
CUST14297,39,Female,Bengaluru,Salaried,229900.0,2022-01-01,Affluent,Adult,Low
CUST14298,31,Female,Chennai,Business Owner,1048000.0,2022-08-23,Affluent,Adult,High
CUST14299,37,Male,Mumbai,Salaried,441400.0,2021-02-03,Mass Market,Adult,Medium
CUST14300,43,Male,Erode,Salaried,71900.0,2021-07-06,Mass Market,Middle Age,Low
CUST14301,23,Other,Madurai,Salaried,286500.0,2023-04-15,Mass Market,Young Adult,Low
CUST14302,49,Male,Erode,Salaried,653500.0,2023-05-04,Affluent,Middle Age,Medium
CUST14303,25,Male,Madurai,Freelancer,339300.0,2023-08-24,Mass Market,Young Adult,Low
CUST14304,42,Male,Bengaluru,Business Owner,358900.0,2022-06-22,Premium,Middle Age,Low
CUST14305,30,Female,Tirunelveli,Self-Employed,1183400.0,2023-08-11,Premium,Adult,High
CUST14306,24,Female,Vellore,Self-Employed,285400.0,2021-09-14,Mass Market,Young Adult,Low
CUST14307,51,Male,Thanjavur,Business Owner,226100.0,2025-04-01,Young Adult,Middle Age,Low
CUST14308,18,Male,Trichy,Freelancer,2457800.0,2026-05-09,Mass Market,Young Adult,High
CUST14309,26,Female,Salem,Business Owner,350900.0,2021-05-29,Affluent,Adult,Low
CUST14310,18,Female,Erode,Salaried,1732100.0,2026-04-08,Mass Market,Young Adult,High
CUST14311,40,Other,Madurai,Salaried,620300.0,2024-02-11,Mass Market,Adult,Medium
CUST14312,34,Male,Delhi,Student,2012300.0,2023-12-13,Affluent,Adult,High
CUST14313,18,Other,Tirunelveli,Salaried,880300.0,2021-06-25,Young Adult,Young Adult,High
CUST14314,54,Male,Erode,Business Owner,469500.0,2022-01-23,Young Adult,Middle Age,Medium
CUST14315,50,Other,Hyderabad,Salaried,633600.0,2026-05-07,Young Adult,Middle Age,Medium
CUST14316,28,Female,Madurai,Freelancer,864800.0,2024-07-25,Mass Market,Adult,High
CUST14317,46,Male,Kochi,Salaried,460900.0,2026-07-24,Affluent,Middle Age,Medium
CUST14318,22,Male,Delhi,Retired,793500.0,2021-04-01,Mass Market,Young Adult,High
CUST14319,35,Male,Erode,Salaried,594900.0,2022-11-11,Mass Market,Adult,Medium
CUST14320,33,Male,Erode,Self-Employed,536100.0,2024-02-09,Mass Market,Adult,Medium
CUST14321,26,Male,Vellore,Business Owner,956900.0,2021-07-20,Mass Market,Adult,High
CUST14322,43,Female,Pune,Salaried,415200.0,2021-03-30,Mass Market,Middle Age,Low
CUST14323,19,Male,Hyderabad,Salaried,847600.0,2024-03-16,Affluent,Young Adult,High
CUST14324,49,Male,Tirunelveli,Salaried,346500.0,2023-01-06,Premium,Middle Age,Low
CUST14325,46,Female,Vellore,Self-Employed,726900.0,2023-07-18,Mass Market,Middle Age,High
CUST14326,59,Male,Coimbatore,Student,1568900.0,2026-03-24,Mass Market,Middle Age,High
CUST14327,25,Male,Bengaluru,Student,770900.0,2025-11-13,Premium,Young Adult,High
CUST14328,18,Male,Kochi,Student,553450.0,2026-02-23,Premium,Young Adult,Medium
CUST14329,36,Male,Mumbai,Salaried,2179700.0,2025-10-29,Affluent,Adult,High
CUST14330,24,Female,Madurai,Salaried,540800.0,2023-07-30,Mass Market,Young Adult,Medium
CUST14331,22,Male,Coimbatore,Student,1232200.0,2024-03-28,Mass Market,Young Adult,High
CUST14332,48,Male,Madurai,Salaried,2075000.0,2021-09-02,Affluent,Middle Age,High
CUST14333,31,Male,Pune,Freelancer,724800.0,2025-11-07,Mass Market,Adult,High
CUST14334,40,Male,Trichy,Self-Employed,833600.0,2021-04-24,Mass Market,Adult,High
CUST14335,41,Male,Bengaluru,Student,365600.0,2021-10-10,Young Adult,Middle Age,Low
CUST14336,35,Female,Pune,Student,212200.0,2025-05-23,Young Adult,Adult,Low
CUST14337,42,Male,Chennai,Salaried,285100.0,2024-02-09,Mass Market,Middle Age,Low
CUST14338,18,Male,Kochi,Salaried,239500.0,2026-03-16,Mass Market,Young Adult,Low
CUST14339,52,Female,Coimbatore,Salaried,150600.0,2022-05-28,Affluent,Middle Age,Low
CUST14340,40,Male,Erode,Student,628600.0,2026-04-12,Mass Market,Adult,Medium
CUST14341,18,Female,Kochi,Salaried,444800.0,2021-03-22,Mass Market,Young Adult,Medium
CUST14342,39,Female,Pune,Student,327700.0,2021-07-23,Mass Market,Adult,Low
CUST14343,54,Male,Chennai,Business Owner,495300.0,2025-01-07,Affluent,Middle Age,Medium
CUST14344,36,Female,Delhi,Salaried,435900.0,2022-08-08,Young Adult,Adult,Medium
CUST14345,27,Female,Chennai,Salaried,778800.0,2024-08-18,Mass Market,Adult,High
CUST14346,37,Male,Vellore,Student,689400.0,2025-11-05,Affluent,Adult,Medium
CUST14347,24,Male,Madurai,Self-Employed,552000.0,2024-10-22,Affluent,Young Adult,Medium
CUST14348,58,Male,Chennai,Student,449900.0,2026-01-20,Mass Market,Middle Age,Medium
CUST14349,36,Female,Hyderabad,Salaried,352900.0,2021-03-06,Mass Market,Adult,Low
CUST14350,39,Male,Vellore,Self-Employed,332400.0,2025-02-20,Mass Market,Adult,Low
CUST14351,54,Male,Vellore,Freelancer,465100.0,2022-10-01,Mass Market,Middle Age,Medium
CUST14352,48,Male,Delhi,Freelancer,834600.0,2024-09-13,Premium,Middle Age,High
CUST14353,49,Female,Kochi,Business Owner,306100.0,2024-05-25,Affluent,Middle Age,Low
CUST14354,32,Male,Madurai,Freelancer,178600.0,2022-05-08,Mass Market,Adult,Low
CUST14355,39,Female,Erode,Student,3369200.0,2024-09-24,Mass Market,Adult,High
CUST14356,51,Female,Tirunelveli,Salaried,310800.0,2023-05-14,Mass Market,Middle Age,Low
CUST14357,36,Male,Chennai,Freelancer,696200.0,2026-02-03,Affluent,Adult,Medium
CUST14358,53,Male,Trichy,Business Owner,630300.0,2023-12-10,Affluent,Middle Age,Medium
CUST14359,51,Male,Tirunelveli,Salaried,497700.0,2021-10-02,Premium,Middle Age,Medium
CUST14360,45,Female,Trichy,Retired,656100.0,2023-09-24,Mass Market,Middle Age,Medium
CUST14361,43,Male,Vellore,Student,1506200.0,2026-04-25,Mass Market,Middle Age,High
CUST14362,22,Male,Bengaluru,Freelancer,649500.0,2021-11-27,Affluent,Young Adult,Medium
CUST14363,34,Female,Madurai,Business Owner,929000.0,2021-05-24,Mass Market,Adult,High
CUST14364,40,Male,Bengaluru,Self-Employed,223600.0,2023-01-12,Premium,Adult,Low
CUST14365,39,Female,Vellore,Freelancer,1154500.0,2023-09-26,Mass Market,Adult,High
CUST14366,29,Male,Pune,Salaried,417800.0,2023-08-24,Mass Market,Adult,Low
CUST14367,36,Male,Madurai,Salaried,934300.0,2023-01-21,Mass Market,Adult,High
CUST14368,51,Male,Tirunelveli,Retired,557400.0,2021-04-12,Mass Market,Middle Age,Medium
CUST14369,29,Female,Mumbai,Salaried,794100.0,2026-08-02,Affluent,Adult,High
CUST14370,28,Male,Erode,Salaried,1682800.0,2022-05-16,Mass Market,Adult,High
CUST14371,34,Male,Mumbai,Business Owner,417200.0,2022-02-25,Mass Market,Adult,Low
CUST14372,44,Male,Tirunelveli,Student,732800.0,2025-11-04,Premium,Middle Age,High
CUST14373,56,Male,Vellore,Self-Employed,899600.0,2025-05-25,Young Adult,Middle Age,High
CUST14374,46,Male,Mumbai,Freelancer,1783500.0,2023-10-30,Premium,Middle Age,High
CUST14375,64,Male,Bengaluru,Freelancer,312700.0,2023-12-04,Premium,Senior,Low
CUST14376,38,Female,Kochi,Salaried,2924100.0,2026-03-05,Affluent,Adult,High
CUST14377,36,Male,Coimbatore,Retired,1069200.0,2022-12-20,Affluent,Adult,High
CUST14378,25,Other,Hyderabad,Salaried,1491100.0,2025-10-24,Mass Market,Young Adult,High
CUST14379,23,Male,Pune,Salaried,244700.0,2025-11-10,Premium,Young Adult,Low
CUST14380,40,Male,Mumbai,Salaried,597600.0,2021-04-29,Mass Market,Adult,Medium
CUST14381,25,Male,Tirunelveli,Salaried,932000.0,2023-04-12,Mass Market,Young Adult,High
CUST14382,44,Female,Pune,Self-Employed,758800.0,2024-03-12,Mass Market,Middle Age,High
CUST14383,23,Female,Kochi,Salaried,1937300.0,2021-04-25,Mass Market,Young Adult,High
CUST14384,37,Male,Chennai,Salaried,195300.0,2025-04-07,Affluent,Adult,Low
CUST14385,36,Male,Kochi,Self-Employed,876100.0,2021-03-09,Mass Market,Adult,High
CUST14386,24,Male,Erode,Salaried,486200.0,2021-02-21,Premium,Young Adult,Medium
CUST14387,26,Male,Kochi,Self-Employed,641700.0,2023-10-27,Affluent,Adult,Medium
CUST14388,19,Male,Vellore,Salaried,522700.0,2021-09-21,Mass Market,Young Adult,Medium
CUST14389,52,Male,Coimbatore,Salaried,332300.0,2023-07-22,Affluent,Middle Age,Low
CUST14390,29,Male,Erode,Self-Employed,615300.0,2022-06-28,Affluent,Adult,Medium
CUST14391,18,Male,Coimbatore,Retired,979400.0,2024-07-22,Affluent,Young Adult,High
CUST14392,47,Female,Vellore,Salaried,334900.0,2022-07-20,Premium,Middle Age,Low
CUST14393,24,Male,Thanjavur,Salaried,514200.0,2026-07-27,Mass Market,Young Adult,Medium
CUST14394,37,Male,Salem,Business Owner,749500.0,2024-08-14,Mass Market,Adult,High
CUST14395,44,Male,Salem,Salaried,1147900.0,2022-01-05,Mass Market,Middle Age,High
CUST14396,53,Male,Pune,Salaried,558800.0,2023-10-30,Affluent,Middle Age,Medium
CUST14397,54,Male,Mumbai,Student,1373200.0,2026-04-18,Mass Market,Middle Age,High
CUST14398,35,Male,Delhi,Salaried,307500.0,2023-08-14,Affluent,Adult,Low
CUST14399,44,Female,Bengaluru,Self-Employed,553450.0,2024-04-23,Young Adult,Middle Age,Medium
CUST14400,52,Male,Salem,Freelancer,1811400.0,2022-08-07,Mass Market,Middle Age,High
CUST14401,18,Female,Erode,Salaried,243900.0,2024-12-01,Mass Market,Young Adult,Low
CUST14402,47,Female,Salem,Student,630500.0,2025-04-09,Affluent,Middle Age,Medium
CUST14403,54,Male,Delhi,Salaried,264800.0,2026-02-01,Mass Market,Middle Age,Low
CUST14404,40,Male,Bengaluru,Salaried,967200.0,2025-12-02,Mass Market,Adult,High
CUST14405,31,Female,Hyderabad,Freelancer,925400.0,2025-04-15,Mass Market,Adult,High
CUST14406,28,Male,Salem,Business Owner,989900.0,2025-02-28,Mass Market,Adult,High
CUST14407,54,Female,Tirunelveli,Salaried,755700.0,2023-05-22,Premium,Middle Age,High
CUST14408,30,Male,Bengaluru,Student,1374500.0,2024-11-04,Mass Market,Adult,High
CUST14409,38,Female,Mumbai,Salaried,419900.0,2021-07-09,Premium,Adult,Low
CUST14410,52,Male,Thanjavur,Self-Employed,553450.0,2023-05-06,Mass Market,Middle Age,Medium
CUST14411,24,Male,Tirunelveli,Student,776400.0,2024-11-11,Affluent,Young Adult,High
CUST14412,37,Female,Madurai,Salaried,404300.0,2021-09-15,Affluent,Adult,Low
CUST14413,46,Male,Trichy,Retired,1168500.0,2025-07-10,Young Adult,Middle Age,High
CUST14414,33,Male,Erode,Self-Employed,315300.0,2022-03-06,Affluent,Adult,Low
CUST14415,38,Male,Coimbatore,Student,1231600.0,2021-04-13,Mass Market,Adult,High
CUST14416,33,Female,Bengaluru,Retired,362900.0,2024-07-27,Mass Market,Adult,Low
CUST14417,43,Female,Tirunelveli,Freelancer,1202400.0,2026-07-22,Mass Market,Middle Age,High
CUST14418,58,Female,Delhi,Self-Employed,1786000.0,2022-04-21,Young Adult,Middle Age,High
CUST14419,24,Female,Mumbai,Self-Employed,506700.0,2022-02-27,Mass Market,Young Adult,Medium
CUST14420,33,Female,Pune,Salaried,326900.0,2024-09-14,Mass Market,Adult,Low
CUST14421,38,Male,Salem,Freelancer,1095300.0,2025-02-03,Young Adult,Adult,High
CUST14422,35,Female,Coimbatore,Business Owner,513800.0,2025-08-02,Affluent,Adult,Medium
CUST14423,39,Female,Salem,Self-Employed,402400.0,2021-06-25,Young Adult,Adult,Low
CUST14424,55,Male,Trichy,Salaried,552500.0,2025-01-10,Mass Market,Middle Age,Medium
CUST14425,29,Male,Vellore,Business Owner,518700.0,2022-12-19,Mass Market,Adult,Medium
CUST14426,44,Male,Madurai,Student,411400.0,2022-09-02,Affluent,Middle Age,Low
CUST14427,47,Female,Trichy,Salaried,511100.0,2025-01-14,Mass Market,Middle Age,Medium
CUST14428,43,Male,Trichy,Student,2005800.0,2022-07-09,Premium,Middle Age,High
CUST14429,23,Female,Madurai,Business Owner,607200.0,2026-03-27,Mass Market,Young Adult,Medium
CUST14430,40,Male,Tirunelveli,Salaried,447900.0,2021-06-26,Premium,Adult,Medium
CUST14431,19,Male,Madurai,Self-Employed,438700.0,2023-11-25,Mass Market,Young Adult,Medium
CUST14432,35,Male,Kochi,Retired,462400.0,2021-05-24,Mass Market,Adult,Medium
CUST14433,35,Female,Thanjavur,Retired,474200.0,2022-09-20,Mass Market,Adult,Medium
CUST14434,29,Female,Delhi,Salaried,471900.0,2025-07-28,Young Adult,Adult,Medium
CUST14435,27,Male,Thanjavur,Salaried,1703800.0,2023-12-03,Mass Market,Adult,High
CUST14436,57,Female,Vellore,Salaried,215400.0,2023-11-22,Premium,Middle Age,Low
CUST14437,34,Male,Delhi,Freelancer,123100.0,2024-09-14,Affluent,Adult,Low
CUST14438,36,Female,Kochi,Salaried,512200.0,2024-05-27,Mass Market,Adult,Medium
CUST14439,54,Male,Coimbatore,Freelancer,280500.0,2022-04-01,Affluent,Middle Age,Low
CUST14440,45,Female,Bengaluru,Self-Employed,1000900.0,2024-05-11,Mass Market,Middle Age,High
CUST14441,29,Female,Salem,Salaried,553450.0,2024-12-17,Affluent,Adult,Medium
CUST14442,27,Female,Salem,Salaried,2277500.0,2021-01-23,Mass Market,Adult,High
CUST14443,44,Female,Hyderabad,Self-Employed,481900.0,2024-10-09,Mass Market,Middle Age,Medium
CUST14444,37,Male,Mumbai,Retired,1361700.0,2023-11-11,Mass Market,Adult,High
CUST14445,18,Male,Tirunelveli,Freelancer,292000.0,2023-06-02,Mass Market,Young Adult,Low
CUST14446,40,Male,Bengaluru,Salaried,468100.0,2021-08-11,Mass Market,Adult,Medium
CUST14447,38,Other,Pune,Salaried,548500.0,2023-10-13,Mass Market,Adult,Medium
CUST14448,56,Male,Coimbatore,Salaried,262900.0,2023-02-27,Mass Market,Middle Age,Low
CUST14449,25,Male,Chennai,Self-Employed,904500.0,2021-04-21,Mass Market,Young Adult,High
CUST14450,41,Female,Thanjavur,Self-Employed,518800.0,2023-03-10,Affluent,Middle Age,Medium
CUST14451,36,Male,Thanjavur,Business Owner,493900.0,2022-10-04,Mass Market,Adult,Medium
CUST14452,18,Female,Erode,Salaried,406600.0,2023-04-30,Mass Market,Young Adult,Low
CUST14453,28,Female,Delhi,Salaried,231400.0,2022-12-24,Mass Market,Adult,Low
CUST14454,31,Female,Trichy,Salaried,383800.0,2025-11-23,Young Adult,Adult,Low
CUST14455,18,Male,Chennai,Student,453700.0,2025-06-15,Mass Market,Young Adult,Medium
CUST14456,52,Female,Bengaluru,Business Owner,584900.0,2026-01-10,Mass Market,Middle Age,Medium
CUST14457,26,Male,Chennai,Student,664200.0,2025-03-01,Mass Market,Adult,Medium
CUST14458,37,Female,Vellore,Self-Employed,1502100.0,2026-03-23,Mass Market,Adult,High
CUST14459,52,Female,Salem,Freelancer,553450.0,2026-08-09,Affluent,Middle Age,Medium
CUST14460,32,Female,Mumbai,Student,144400.0,2023-09-10,Premium,Adult,Low
CUST14461,43,Female,Bengaluru,Self-Employed,833500.0,2026-02-03,Mass Market,Middle Age,High
CUST14462,31,Male,Hyderabad,Self-Employed,595800.0,2022-04-03,Young Adult,Adult,Medium
CUST14463,23,Male,Pune,Self-Employed,443300.0,2022-04-24,Affluent,Young Adult,Medium
CUST14464,25,Male,Hyderabad,Salaried,672800.0,2022-07-13,Affluent,Young Adult,Medium
CUST14465,38,Female,Erode,Salaried,1489600.0,2023-05-25,Mass Market,Adult,High
CUST14466,33,Male,Pune,Salaried,492100.0,2025-01-07,Mass Market,Adult,Medium
CUST14467,50,Female,Pune,Self-Employed,1901800.0,2022-09-26,Premium,Middle Age,High
CUST14468,20,Female,Hyderabad,Student,247400.0,2022-05-21,Premium,Young Adult,Low
CUST14469,41,Male,Mumbai,Salaried,502300.0,2026-06-16,Mass Market,Middle Age,Medium
CUST14470,38,Female,Mumbai,Student,385400.0,2021-06-07,Premium,Adult,Low
CUST14471,38,Female,Hyderabad,Salaried,678500.0,2025-11-23,Mass Market,Adult,Medium
CUST14472,40,Male,Bengaluru,Freelancer,639900.0,2024-12-19,Premium,Adult,Medium
CUST14473,26,Female,Hyderabad,Self-Employed,99300.0,2025-04-25,Premium,Adult,Low
CUST14474,30,Female,Erode,Freelancer,730000.0,2023-11-21,Premium,Adult,High
CUST14475,41,Female,Chennai,Salaried,531200.0,2024-06-03,Mass Market,Middle Age,Medium
CUST14476,41,Male,Trichy,Retired,355600.0,2023-10-28,Mass Market,Middle Age,Low
CUST14477,51,Male,Delhi,Freelancer,218100.0,2022-03-06,Mass Market,Middle Age,Low
CUST14478,19,Female,Salem,Salaried,553450.0,2024-09-08,Mass Market,Young Adult,Medium
CUST14479,59,Male,Madurai,Salaried,669000.0,2025-05-26,Affluent,Middle Age,Medium
CUST14480,54,Female,Bengaluru,Student,611200.0,2021-11-09,Mass Market,Middle Age,Medium
CUST14481,44,Female,Madurai,Student,993000.0,2024-07-25,Mass Market,Middle Age,High
CUST14482,32,Male,Bengaluru,Business Owner,459200.0,2023-06-01,Affluent,Adult,Medium
CUST14483,33,Other,Erode,Self-Employed,536100.0,2026-06-13,Affluent,Adult,Medium
CUST14484,55,Male,Thanjavur,Self-Employed,1155400.0,2024-10-17,Affluent,Middle Age,High
CUST14485,60,Female,Coimbatore,Salaried,209300.0,2025-11-26,Young Adult,Middle Age,Low
CUST14486,49,Female,Hyderabad,Business Owner,703500.0,2026-02-01,Mass Market,Middle Age,Medium
CUST14487,33,Female,Bengaluru,Salaried,431100.0,2022-12-17,Young Adult,Adult,Medium
CUST14488,29,Male,Thanjavur,Freelancer,537400.0,2022-05-30,Young Adult,Adult,Medium
CUST14489,47,Male,Pune,Salaried,948700.0,2024-01-02,Young Adult,Middle Age,High
CUST14490,31,Male,Pune,Retired,531100.0,2026-05-24,Mass Market,Adult,Medium
CUST14491,37,Female,Mumbai,Salaried,637200.0,2024-02-19,Mass Market,Adult,Medium
CUST14492,33,Female,Delhi,Salaried,459900.0,2021-05-06,Young Adult,Adult,Medium
CUST14493,46,Male,Thanjavur,Self-Employed,559600.0,2026-04-05,Mass Market,Middle Age,Medium
CUST14494,49,Female,Coimbatore,Salaried,734200.0,2022-03-22,Mass Market,Middle Age,High
CUST14495,38,Female,Vellore,Freelancer,581800.0,2021-06-22,Premium,Adult,Medium
CUST14496,26,Male,Kochi,Business Owner,845600.0,2021-12-27,Affluent,Adult,High
CUST14497,43,Female,Chennai,Salaried,932600.0,2022-04-14,Premium,Middle Age,High
CUST14498,43,Female,Coimbatore,Retired,574800.0,2023-02-07,Young Adult,Middle Age,Medium
CUST14499,46,Male,Erode,Salaried,394300.0,2021-08-25,Young Adult,Middle Age,Low
CUST14500,25,Male,Tirunelveli,Student,305200.0,2023-08-26,Mass Market,Young Adult,Low
CUST14501,19,Male,Vellore,Student,1277000.0,2022-05-20,Mass Market,Young Adult,High
CUST14502,26,Male,Hyderabad,Salaried,2837000.0,2022-03-29,Young Adult,Adult,High
CUST14503,33,Male,Kochi,Business Owner,474000.0,2024-03-07,Premium,Adult,Medium
CUST14504,49,Male,Erode,Student,2474700.0,2021-05-29,Mass Market,Middle Age,High
CUST14505,30,Female,Coimbatore,Freelancer,405800.0,2024-06-08,Affluent,Adult,Low
CUST14506,31,Male,Bengaluru,Salaried,553450.0,2022-07-04,Mass Market,Adult,Medium
CUST14507,33,Male,Thanjavur,Salaried,546700.0,2023-10-02,Mass Market,Adult,Medium
CUST14508,25,Female,Chennai,Salaried,542100.0,2025-10-04,Young Adult,Young Adult,Medium
CUST14509,33,Male,Kochi,Salaried,570200.0,2022-05-27,Mass Market,Adult,Medium
CUST14510,45,Male,Chennai,Business Owner,157300.0,2025-05-26,Affluent,Middle Age,Low
CUST14511,21,Male,Vellore,Self-Employed,1073900.0,2024-06-05,Mass Market,Young Adult,High
CUST14512,44,Female,Chennai,Salaried,855100.0,2024-05-28,Affluent,Middle Age,High
CUST14513,32,Male,Madurai,Salaried,645900.0,2026-02-07,Premium,Adult,Medium
CUST14514,18,Male,Trichy,Retired,310200.0,2021-12-01,Premium,Young Adult,Low
CUST14515,46,Female,Thanjavur,Retired,273500.0,2024-11-02,Mass Market,Middle Age,Low
CUST14516,25,Male,Tirunelveli,Self-Employed,688700.0,2023-04-26,Mass Market,Young Adult,Medium
CUST14517,42,Male,Bengaluru,Self-Employed,387600.0,2023-02-07,Affluent,Middle Age,Low
CUST14518,18,Male,Pune,Retired,1186500.0,2023-08-21,Premium,Young Adult,High
CUST14519,40,Male,Kochi,Freelancer,332900.0,2022-09-17,Young Adult,Adult,Low
CUST14520,30,Female,Bengaluru,Self-Employed,336100.0,2026-03-27,Affluent,Adult,Low
CUST14521,32,Male,Kochi,Salaried,478500.0,2024-03-04,Affluent,Adult,Medium
CUST14522,18,Female,Pune,Self-Employed,622500.0,2026-05-08,Young Adult,Young Adult,Medium
CUST14523,28,Male,Chennai,Salaried,388700.0,2024-01-01,Affluent,Adult,Low
CUST14524,38,Male,Delhi,Self-Employed,464700.0,2024-05-25,Mass Market,Adult,Medium
CUST14525,35,Female,Coimbatore,Retired,919800.0,2024-08-04,Mass Market,Adult,High
CUST14526,38,Female,Mumbai,Self-Employed,443000.0,2026-06-27,Premium,Adult,Medium
CUST14527,47,Female,Erode,Salaried,247000.0,2025-10-29,Affluent,Middle Age,Low
CUST14528,44,Male,Chennai,Salaried,1287900.0,2021-09-06,Premium,Middle Age,High
CUST14529,22,Male,Kochi,Salaried,553450.0,2023-11-09,Mass Market,Young Adult,Medium
CUST14530,46,Female,Vellore,Salaried,329700.0,2025-07-01,Mass Market,Middle Age,Low
CUST14531,36,Female,Hyderabad,Salaried,665600.0,2022-10-31,Premium,Adult,Medium
CUST14532,48,Male,Kochi,Business Owner,1310200.0,2026-03-21,Mass Market,Middle Age,High
CUST14533,31,Male,Chennai,Freelancer,2043000.0,2022-10-15,Mass Market,Adult,High
CUST14534,24,Male,Delhi,Self-Employed,553450.0,2022-01-23,Young Adult,Young Adult,Medium
CUST14535,41,Female,Bengaluru,Salaried,687800.0,2024-04-23,Mass Market,Middle Age,Medium
CUST14536,69,Male,Erode,Salaried,422100.0,2023-06-12,Mass Market,Senior,Low
CUST14537,43,Male,Delhi,Business Owner,811800.0,2025-07-27,Mass Market,Middle Age,High
CUST14538,35,Male,Pune,Business Owner,475700.0,2021-10-17,Young Adult,Adult,Medium
CUST14539,25,Female,Kochi,Retired,710600.0,2025-02-19,Affluent,Young Adult,Medium
CUST14540,48,Female,Coimbatore,Self-Employed,490600.0,2021-07-04,Mass Market,Middle Age,Medium
CUST14541,32,Female,Vellore,Salaried,743000.0,2025-08-28,Mass Market,Adult,High
CUST14542,28,Female,Mumbai,Self-Employed,252200.0,2022-03-22,Affluent,Adult,Low
CUST14543,26,Female,Bengaluru,Self-Employed,305400.0,2025-12-15,Mass Market,Adult,Low
CUST14544,67,Male,Vellore,Salaried,1068700.0,2022-07-11,Mass Market,Senior,High
CUST14545,33,Male,Kochi,Self-Employed,885100.0,2022-05-03,Young Adult,Adult,High
CUST14546,31,Female,Thanjavur,Salaried,105900.0,2024-03-09,Mass Market,Adult,Low
CUST14547,46,Male,Trichy,Freelancer,349000.0,2025-09-27,Mass Market,Middle Age,Low
CUST14548,26,Male,Mumbai,Salaried,82600.0,2025-01-28,Affluent,Adult,Low
CUST14549,38,Female,Salem,Student,539700.0,2024-03-15,Premium,Adult,Medium
CUST14550,49,Male,Salem,Self-Employed,728800.0,2021-08-09,Affluent,Middle Age,High
CUST14551,57,Male,Chennai,Business Owner,599700.0,2026-03-07,Affluent,Middle Age,Medium
CUST14552,40,Male,Trichy,Self-Employed,1578000.0,2023-02-05,Mass Market,Adult,High
CUST14553,45,Male,Thanjavur,Student,362300.0,2022-02-18,Mass Market,Middle Age,Low
CUST14554,23,Male,Thanjavur,Self-Employed,957300.0,2022-04-13,Affluent,Young Adult,High
CUST14555,39,Male,Salem,Self-Employed,328700.0,2023-01-08,Premium,Adult,Low
CUST14556,44,Male,Erode,Business Owner,553450.0,2025-01-05,Mass Market,Middle Age,Medium
CUST14557,27,Female,Vellore,Retired,202000.0,2021-10-14,Mass Market,Adult,Low
CUST14558,31,Male,Trichy,Business Owner,353500.0,2023-08-16,Young Adult,Adult,Low
CUST14559,41,Male,Delhi,Student,366800.0,2021-07-30,Young Adult,Middle Age,Low
CUST14560,24,Male,Bengaluru,Freelancer,453100.0,2021-05-23,Premium,Young Adult,Medium
CUST14561,42,Male,Trichy,Salaried,553450.0,2021-12-28,Young Adult,Middle Age,Medium
CUST14562,34,Male,Vellore,Business Owner,457900.0,2022-10-11,Affluent,Adult,Medium
CUST14563,43,Male,Hyderabad,Student,982900.0,2024-10-20,Mass Market,Middle Age,High
CUST14564,41,Male,Bengaluru,Student,1276600.0,2023-10-03,Mass Market,Middle Age,High
CUST14565,43,Female,Mumbai,Salaried,446900.0,2024-05-14,Premium,Middle Age,Medium
CUST14566,18,Female,Coimbatore,Student,1162000.0,2024-08-08,Affluent,Young Adult,High
CUST14567,43,Male,Bengaluru,Business Owner,329900.0,2021-09-25,Mass Market,Middle Age,Low
CUST14568,54,Male,Tirunelveli,Salaried,299500.0,2021-02-08,Mass Market,Middle Age,Low
CUST14569,37,Female,Trichy,Freelancer,129200.0,2024-10-21,Young Adult,Adult,Low
CUST14570,26,Female,Tirunelveli,Self-Employed,289400.0,2025-05-26,Premium,Adult,Low
CUST14571,52,Male,Delhi,Salaried,688500.0,2022-10-24,Affluent,Middle Age,Medium
CUST14572,27,Male,Delhi,Salaried,357200.0,2024-12-17,Mass Market,Adult,Low
CUST14573,36,Female,Delhi,Salaried,231500.0,2026-07-20,Affluent,Adult,Low
CUST14574,32,Female,Kochi,Salaried,1149500.0,2021-05-07,Affluent,Adult,High
CUST14575,20,Female,Vellore,Salaried,2072000.0,2023-01-29,Affluent,Young Adult,High
CUST14576,35,Male,Delhi,Self-Employed,256500.0,2022-04-24,Mass Market,Adult,Low
CUST14577,28,Male,Trichy,Salaried,1605700.0,2021-10-02,Young Adult,Adult,High
CUST14578,47,Female,Erode,Freelancer,503900.0,2026-07-29,Premium,Middle Age,Medium
CUST14579,48,Female,Thanjavur,Salaried,880800.0,2024-01-21,Mass Market,Middle Age,High
CUST14580,38,Female,Hyderabad,Salaried,210700.0,2025-10-04,Mass Market,Adult,Low
CUST14581,37,Male,Trichy,Student,181200.0,2023-08-03,Affluent,Adult,Low
CUST14582,33,Female,Madurai,Retired,897300.0,2024-07-20,Premium,Adult,High
CUST14583,40,Female,Chennai,Student,838400.0,2024-12-20,Premium,Adult,High
CUST14584,32,Female,Vellore,Student,1112400.0,2025-02-23,Mass Market,Adult,High
CUST14585,18,Male,Coimbatore,Self-Employed,452700.0,2025-04-21,Young Adult,Young Adult,Medium
CUST14586,60,Male,Coimbatore,Self-Employed,462600.0,2024-10-22,Young Adult,Middle Age,Medium
CUST14587,51,Female,Salem,Salaried,115900.0,2024-03-21,Mass Market,Middle Age,Low
CUST14588,41,Female,Bengaluru,Student,1291400.0,2025-04-22,Mass Market,Middle Age,High
CUST14589,54,Male,Salem,Business Owner,921300.0,2024-06-24,Affluent,Middle Age,High
CUST14590,41,Female,Kochi,Student,496400.0,2021-07-21,Affluent,Middle Age,Medium
CUST14591,63,Male,Vellore,Salaried,1123100.0,2023-01-26,Young Adult,Senior,High
CUST14592,29,Male,Madurai,Salaried,226700.0,2024-09-06,Premium,Adult,Low
CUST14593,32,Male,Mumbai,Freelancer,503000.0,2024-07-28,Mass Market,Adult,Medium
CUST14594,42,Male,Salem,Self-Employed,1365800.0,2024-02-16,Mass Market,Middle Age,High
CUST14595,31,Male,Kochi,Business Owner,650200.0,2025-08-28,Premium,Adult,Medium
CUST14596,38,Female,Salem,Freelancer,594200.0,2022-06-24,Affluent,Adult,Medium
CUST14597,32,Male,Chennai,Student,288300.0,2025-02-10,Mass Market,Adult,Low
CUST14598,42,Male,Vellore,Freelancer,916000.0,2022-08-22,Mass Market,Middle Age,High
CUST14599,33,Male,Thanjavur,Salaried,527300.0,2024-04-18,Mass Market,Adult,Medium
CUST14600,42,Female,Madurai,Self-Employed,1836700.0,2025-01-09,Mass Market,Middle Age,High
CUST14601,30,Male,Thanjavur,Salaried,910500.0,2026-07-12,Affluent,Adult,High
CUST14602,33,Male,Salem,Self-Employed,941200.0,2023-08-10,Affluent,Adult,High
CUST14603,50,Female,Chennai,Business Owner,560600.0,2022-11-05,Affluent,Middle Age,Medium
CUST14604,42,Female,Vellore,Student,553450.0,2022-03-27,Mass Market,Middle Age,Medium
CUST14605,33,Male,Vellore,Salaried,1073900.0,2023-11-13,Affluent,Adult,High
CUST14606,35,Male,Trichy,Freelancer,850400.0,2026-08-07,Mass Market,Adult,High
CUST14607,30,Female,Erode,Freelancer,1366500.0,2024-10-28,Young Adult,Adult,High
CUST14608,45,Female,Madurai,Student,1115300.0,2024-11-14,Young Adult,Middle Age,High
CUST14609,42,Female,Delhi,Self-Employed,221500.0,2023-08-28,Premium,Middle Age,Low
CUST14610,45,Female,Bengaluru,Salaried,863100.0,2022-02-13,Mass Market,Middle Age,High
CUST14611,56,Male,Chennai,Freelancer,847400.0,2023-07-16,Mass Market,Middle Age,High
CUST14612,45,Male,Madurai,Salaried,492200.0,2021-06-06,Mass Market,Middle Age,Medium
CUST14613,34,Male,Pune,Freelancer,575900.0,2025-11-05,Mass Market,Adult,Medium
CUST14614,45,Female,Mumbai,Salaried,1347100.0,2021-11-19,Affluent,Middle Age,High
CUST14615,40,Female,Mumbai,Self-Employed,570900.0,2022-09-27,Mass Market,Adult,Medium
CUST14616,46,Male,Thanjavur,Salaried,469200.0,2022-01-02,Young Adult,Middle Age,Medium
CUST14617,27,Male,Madurai,Retired,730200.0,2021-11-22,Mass Market,Adult,High
CUST14618,38,Male,Kochi,Salaried,342300.0,2023-04-23,Mass Market,Adult,Low
CUST14619,37,Male,Chennai,Self-Employed,336300.0,2022-04-08,Affluent,Adult,Low
CUST14620,43,Male,Coimbatore,Freelancer,598000.0,2025-10-15,Mass Market,Middle Age,Medium
CUST14621,26,Female,Coimbatore,Self-Employed,697600.0,2022-05-13,Premium,Adult,Medium
CUST14622,37,Male,Delhi,Salaried,600200.0,2025-01-31,Premium,Adult,Medium
CUST14623,54,Female,Salem,Self-Employed,1368700.0,2025-09-22,Affluent,Middle Age,High
CUST14624,29,Male,Chennai,Salaried,165400.0,2022-02-24,Mass Market,Adult,Low
CUST14625,37,Female,Erode,Student,596500.0,2023-03-16,Mass Market,Adult,Medium
CUST14626,20,Male,Thanjavur,Business Owner,249300.0,2025-08-12,Mass Market,Young Adult,Low
CUST14627,18,Male,Mumbai,Salaried,487100.0,2024-01-11,Young Adult,Young Adult,Medium
CUST14628,51,Female,Hyderabad,Student,1054900.0,2022-05-07,Mass Market,Middle Age,High
CUST14629,26,Male,Salem,Self-Employed,355700.0,2023-03-01,Mass Market,Adult,Low
CUST14630,23,Female,Mumbai,Self-Employed,443300.0,2024-03-27,Mass Market,Young Adult,Medium
CUST14631,53,Female,Pune,Salaried,1905100.0,2021-06-07,Mass Market,Middle Age,High
CUST14632,18,Female,Kochi,Salaried,204300.0,2022-01-15,Mass Market,Young Adult,Low
CUST14633,42,Female,Pune,Salaried,1102000.0,2025-08-24,Affluent,Middle Age,High
CUST14634,49,Female,Bengaluru,Self-Employed,487700.0,2024-04-07,Affluent,Middle Age,Medium
CUST14635,39,Male,Mumbai,Salaried,142200.0,2021-02-28,Mass Market,Adult,Low
CUST14636,29,Female,Salem,Retired,173800.0,2025-02-07,Affluent,Adult,Low
CUST14637,35,Female,Tirunelveli,Self-Employed,334900.0,2021-08-14,Young Adult,Adult,Low
CUST14638,30,Male,Tirunelveli,Salaried,889200.0,2021-12-14,Mass Market,Adult,High
CUST14639,49,Other,Mumbai,Salaried,687600.0,2021-09-23,Mass Market,Middle Age,Medium
CUST14640,25,Male,Chennai,Student,1327100.0,2025-09-23,Affluent,Young Adult,High
CUST14641,33,Female,Tirunelveli,Self-Employed,855900.0,2024-11-20,Premium,Adult,High
CUST14642,44,Male,Chennai,Business Owner,344600.0,2023-09-15,Young Adult,Middle Age,Low
CUST14643,18,Female,Delhi,Salaried,186100.0,2024-09-21,Mass Market,Young Adult,Low
CUST14644,18,Female,Erode,Self-Employed,250100.0,2024-02-05,Mass Market,Young Adult,Low
CUST14645,18,Female,Salem,Salaried,832300.0,2021-01-04,Mass Market,Young Adult,High
CUST14646,54,Female,Mumbai,Student,508500.0,2025-03-08,Mass Market,Middle Age,Medium
CUST14647,53,Female,Bengaluru,Student,367600.0,2021-01-16,Mass Market,Middle Age,Low
CUST14648,51,Male,Trichy,Freelancer,1049400.0,2022-08-28,Young Adult,Middle Age,High
CUST14649,34,Male,Hyderabad,Student,208100.0,2024-08-16,Premium,Adult,Low
CUST14650,39,Female,Kochi,Self-Employed,442000.0,2022-06-28,Mass Market,Adult,Medium
CUST14651,34,Female,Delhi,Salaried,476400.0,2024-07-27,Premium,Adult,Medium
CUST14652,40,Male,Delhi,Salaried,549100.0,2025-05-26,Mass Market,Adult,Medium
CUST14653,24,Male,Pune,Retired,240600.0,2024-07-22,Mass Market,Young Adult,Low
CUST14654,32,Male,Trichy,Business Owner,333000.0,2024-01-12,Affluent,Adult,Low
CUST14655,33,Female,Madurai,Salaried,427300.0,2021-06-19,Premium,Adult,Low
CUST14656,48,Female,Salem,Salaried,1512600.0,2024-08-12,Mass Market,Middle Age,High
CUST14657,33,Male,Erode,Student,563100.0,2024-07-30,Affluent,Adult,Medium
CUST14658,49,Female,Salem,Salaried,393000.0,2023-12-04,Mass Market,Middle Age,Low
CUST14659,18,Male,Mumbai,Freelancer,107200.0,2026-03-24,Mass Market,Young Adult,Low
CUST14660,50,Male,Mumbai,Salaried,230700.0,2025-09-21,Young Adult,Middle Age,Low
CUST14661,37,Female,Erode,Salaried,400600.0,2023-06-05,Mass Market,Adult,Low
CUST14662,24,Male,Hyderabad,Freelancer,987500.0,2023-09-07,Affluent,Young Adult,High
CUST14663,69,Male,Vellore,Salaried,868800.0,2025-01-01,Young Adult,Senior,High
CUST14664,43,Female,Salem,Self-Employed,363400.0,2024-12-18,Affluent,Middle Age,Low
CUST14665,34,Male,Kochi,Salaried,436100.0,2023-06-07,Mass Market,Adult,Medium
CUST14666,23,Male,Delhi,Retired,1402400.0,2024-08-16,Young Adult,Young Adult,High
CUST14667,36,Male,Tirunelveli,Student,1299700.0,2022-04-27,Young Adult,Adult,High
CUST14668,30,Male,Chennai,Student,588000.0,2021-05-17,Mass Market,Adult,Medium
CUST14669,46,Male,Chennai,Self-Employed,550100.0,2024-11-24,Premium,Middle Age,Medium
CUST14670,36,Male,Pune,Salaried,373800.0,2024-08-02,Young Adult,Adult,Low
CUST14671,33,Male,Salem,Retired,527600.0,2024-08-25,Affluent,Adult,Medium
CUST14672,40,Male,Bengaluru,Student,558300.0,2026-04-15,Mass Market,Adult,Medium
CUST14673,27,Female,Hyderabad,Self-Employed,457600.0,2023-11-17,Mass Market,Adult,Medium
CUST14674,25,Female,Kochi,Self-Employed,1802800.0,2022-12-04,Premium,Young Adult,High
CUST14675,60,Female,Madurai,Business Owner,539100.0,2023-07-11,Affluent,Middle Age,Medium
CUST14676,63,Female,Tirunelveli,Self-Employed,411200.0,2023-05-16,Premium,Senior,Low
CUST14677,25,Female,Vellore,Salaried,436400.0,2022-06-18,Premium,Young Adult,Medium
CUST14678,34,Female,Pune,Salaried,351800.0,2024-11-19,Young Adult,Adult,Low
CUST14679,55,Male,Vellore,Salaried,488400.0,2025-05-20,Mass Market,Middle Age,Medium
CUST14680,35,Male,Bengaluru,Salaried,925400.0,2026-05-05,Mass Market,Adult,High
CUST14681,35,Female,Delhi,Freelancer,195400.0,2022-01-25,Young Adult,Adult,Low
CUST14682,26,Male,Madurai,Self-Employed,264800.0,2021-08-22,Mass Market,Adult,Low
CUST14683,37,Male,Salem,Salaried,353900.0,2023-11-27,Affluent,Adult,Low
CUST14684,35,Female,Erode,Freelancer,695600.0,2022-09-08,Mass Market,Adult,Medium
CUST14685,22,Female,Vellore,Freelancer,1718800.0,2021-12-15,Mass Market,Young Adult,High
CUST14686,23,Female,Erode,Business Owner,984500.0,2021-04-13,Mass Market,Young Adult,High
CUST14687,35,Male,Madurai,Salaried,738800.0,2024-12-12,Mass Market,Adult,High
CUST14688,42,Male,Kochi,Business Owner,508000.0,2023-01-08,Mass Market,Middle Age,Medium
CUST14689,30,Male,Kochi,Salaried,711700.0,2026-07-03,Mass Market,Adult,Medium
CUST14690,45,Male,Pune,Salaried,254900.0,2022-04-09,Young Adult,Middle Age,Low
CUST14691,42,Female,Pune,Student,953100.0,2026-03-17,Affluent,Middle Age,High
CUST14692,34,Female,Coimbatore,Salaried,845500.0,2023-12-17,Mass Market,Adult,High
CUST14693,33,Male,Pune,Student,185800.0,2023-04-25,Affluent,Adult,Low
CUST14694,48,Female,Delhi,Salaried,323000.0,2023-12-05,Mass Market,Middle Age,Low
CUST14695,45,Male,Bengaluru,Salaried,275400.0,2026-01-28,Affluent,Middle Age,Low
CUST14696,37,Male,Kochi,Salaried,1534700.0,2022-02-21,Premium,Adult,High
CUST14697,49,Male,Delhi,Freelancer,185100.0,2023-12-25,Mass Market,Middle Age,Low
CUST14698,33,Female,Coimbatore,Salaried,142400.0,2024-11-12,Mass Market,Adult,Low
CUST14699,26,Male,Thanjavur,Salaried,340800.0,2026-06-03,Mass Market,Adult,Low
CUST14700,53,Female,Tirunelveli,Salaried,481300.0,2026-05-08,Mass Market,Middle Age,Medium
CUST14701,34,Male,Tirunelveli,Self-Employed,1155500.0,2025-03-20,Mass Market,Adult,High
CUST14702,27,Female,Mumbai,Self-Employed,542700.0,2021-06-13,Mass Market,Adult,Medium
CUST14703,25,Female,Delhi,Business Owner,132700.0,2026-05-15,Mass Market,Young Adult,Low
CUST14704,41,Female,Hyderabad,Business Owner,1608300.0,2023-08-06,Affluent,Middle Age,High
CUST14705,40,Female,Trichy,Student,251200.0,2021-05-25,Mass Market,Adult,Low
CUST14706,39,Female,Hyderabad,Retired,472800.0,2022-06-02,Mass Market,Adult,Medium
CUST14707,23,Male,Mumbai,Business Owner,443700.0,2022-04-27,Affluent,Young Adult,Medium
CUST14708,46,Female,Salem,Business Owner,596000.0,2025-10-19,Affluent,Middle Age,Medium
CUST14709,27,Male,Mumbai,Retired,477100.0,2024-12-04,Mass Market,Adult,Medium
CUST14710,32,Male,Thanjavur,Salaried,6579800.0,2022-06-11,Premium,Adult,High
CUST14711,18,Male,Chennai,Salaried,553450.0,2025-09-09,Mass Market,Young Adult,Medium
CUST14712,47,Male,Hyderabad,Self-Employed,518200.0,2025-05-19,Premium,Middle Age,Medium
CUST14713,50,Male,Hyderabad,Student,784500.0,2021-02-01,Affluent,Middle Age,High
CUST14714,32,Male,Coimbatore,Salaried,2212100.0,2024-11-14,Mass Market,Adult,High
CUST14715,38,Male,Madurai,Salaried,367500.0,2022-07-29,Mass Market,Adult,Low
CUST14716,33,Female,Pune,Retired,899100.0,2021-08-05,Mass Market,Adult,High
CUST14717,38,Male,Kochi,Self-Employed,1220900.0,2021-09-02,Mass Market,Adult,High
CUST14718,28,Female,Pune,Business Owner,391100.0,2022-08-09,Young Adult,Adult,Low
CUST14719,57,Male,Mumbai,Salaried,407000.0,2024-04-16,Mass Market,Middle Age,Low
CUST14720,24,Male,Chennai,Freelancer,339000.0,2023-06-11,Affluent,Young Adult,Low
CUST14721,40,Female,Bengaluru,Salaried,1563600.0,2026-05-17,Premium,Adult,High
CUST14722,43,Male,Bengaluru,Salaried,542400.0,2022-05-14,Mass Market,Middle Age,Medium
CUST14723,42,Female,Pune,Salaried,971700.0,2024-05-08,Young Adult,Middle Age,High
CUST14724,32,Male,Trichy,Self-Employed,312900.0,2024-03-30,Affluent,Adult,Low
CUST14725,51,Male,Madurai,Salaried,513800.0,2021-11-17,Mass Market,Middle Age,Medium
CUST14726,54,Female,Salem,Freelancer,303100.0,2023-06-11,Mass Market,Middle Age,Low
CUST14727,30,Female,Delhi,Self-Employed,633400.0,2023-12-05,Mass Market,Adult,Medium
CUST14728,37,Female,Mumbai,Self-Employed,871000.0,2024-09-12,Mass Market,Adult,High
CUST14729,53,Male,Mumbai,Salaried,872600.0,2024-01-27,Premium,Middle Age,High
CUST14730,48,Male,Vellore,Student,338200.0,2021-05-31,Mass Market,Middle Age,Low
CUST14731,36,Male,Trichy,Self-Employed,493300.0,2026-04-04,Affluent,Adult,Medium
CUST14732,36,Male,Erode,Freelancer,680600.0,2023-11-03,Young Adult,Adult,Medium
CUST14733,50,Female,Coimbatore,Salaried,746400.0,2023-05-07,Mass Market,Middle Age,High
CUST14734,41,Male,Chennai,Business Owner,472900.0,2022-09-23,Mass Market,Middle Age,Medium
CUST14735,42,Female,Trichy,Self-Employed,264700.0,2023-05-20,Affluent,Middle Age,Low
CUST14736,56,Male,Pune,Salaried,294500.0,2024-02-19,Mass Market,Middle Age,Low
CUST14737,50,Female,Kochi,Salaried,2301000.0,2022-08-07,Mass Market,Middle Age,High
CUST14738,37,Female,Pune,Freelancer,169500.0,2026-07-21,Affluent,Adult,Low
CUST14739,33,Female,Vellore,Business Owner,1227700.0,2024-07-27,Mass Market,Adult,High
CUST14740,22,Female,Kochi,Freelancer,1126800.0,2021-10-12,Premium,Young Adult,High
CUST14741,38,Female,Erode,Student,249700.0,2022-11-27,Mass Market,Adult,Low
CUST14742,25,Male,Thanjavur,Freelancer,807500.0,2022-06-28,Mass Market,Young Adult,High
CUST14743,41,Male,Kochi,Student,283500.0,2022-10-10,Affluent,Middle Age,Low
CUST14744,37,Male,Thanjavur,Salaried,682500.0,2022-03-07,Affluent,Adult,Medium
CUST14745,28,Male,Pune,Salaried,1254000.0,2021-08-17,Mass Market,Adult,High
CUST14746,34,Male,Kochi,Freelancer,473100.0,2023-12-07,Mass Market,Adult,Medium
CUST14747,58,Male,Vellore,Salaried,297800.0,2026-01-23,Mass Market,Middle Age,Low
CUST14748,18,Female,Pune,Salaried,291500.0,2021-04-24,Premium,Young Adult,Low
CUST14749,23,Female,Thanjavur,Salaried,252900.0,2024-12-28,Affluent,Young Adult,Low
CUST14750,18,Male,Chennai,Business Owner,1359900.0,2026-01-19,Affluent,Young Adult,High
CUST14751,47,Female,Trichy,Business Owner,478400.0,2023-10-11,Mass Market,Middle Age,Medium
CUST14752,42,Male,Pune,Self-Employed,693600.0,2025-04-20,Mass Market,Middle Age,Medium
CUST14753,32,Male,Coimbatore,Business Owner,553450.0,2025-01-09,Premium,Adult,Medium
CUST14754,53,Male,Bengaluru,Salaried,540200.0,2026-01-26,Mass Market,Middle Age,Medium
CUST14755,36,Female,Mumbai,Business Owner,147600.0,2021-04-07,Mass Market,Adult,Low
CUST14756,27,Female,Vellore,Student,587300.0,2021-01-02,Mass Market,Adult,Medium
CUST14757,25,Female,Chennai,Retired,697300.0,2023-06-07,Premium,Young Adult,Medium
CUST14758,39,Female,Erode,Self-Employed,1247000.0,2023-12-31,Mass Market,Adult,High
CUST14759,37,Female,Mumbai,Student,483100.0,2026-05-29,Mass Market,Adult,Medium
CUST14760,33,Male,Pune,Salaried,302300.0,2022-03-20,Affluent,Adult,Low
CUST14761,55,Female,Mumbai,Salaried,462300.0,2021-05-23,Mass Market,Middle Age,Medium
CUST14762,30,Male,Chennai,Retired,568100.0,2026-05-03,Affluent,Adult,Medium
CUST14763,58,Female,Mumbai,Salaried,427900.0,2022-06-21,Affluent,Middle Age,Low
CUST14764,54,Male,Tirunelveli,Retired,321300.0,2025-03-10,Mass Market,Middle Age,Low
CUST14765,44,Female,Madurai,Freelancer,612300.0,2021-02-12,Young Adult,Middle Age,Medium
CUST14766,23,Female,Kochi,Salaried,667600.0,2022-03-29,Mass Market,Young Adult,Medium
CUST14767,27,Female,Thanjavur,Salaried,342900.0,2022-01-17,Young Adult,Adult,Low
CUST14768,29,Male,Pune,Freelancer,2057800.0,2021-11-16,Mass Market,Adult,High
CUST14769,28,Female,Delhi,Salaried,2005700.0,2021-03-20,Mass Market,Adult,High
CUST14770,41,Female,Bengaluru,Student,845100.0,2025-09-04,Mass Market,Middle Age,High
CUST14771,18,Female,Salem,Salaried,2548500.0,2023-08-29,Affluent,Young Adult,High
CUST14772,45,Female,Hyderabad,Salaried,1538200.0,2021-12-25,Mass Market,Middle Age,High
CUST14773,29,Male,Vellore,Salaried,435600.0,2025-12-13,Young Adult,Adult,Medium
CUST14774,26,Male,Bengaluru,Salaried,417300.0,2023-07-23,Premium,Adult,Low
CUST14775,42,Female,Hyderabad,Retired,790300.0,2022-12-19,Affluent,Middle Age,High
CUST14776,28,Male,Madurai,Freelancer,377700.0,2022-03-07,Mass Market,Adult,Low
CUST14777,40,Female,Erode,Student,968500.0,2023-04-15,Mass Market,Adult,High
CUST14778,40,Female,Bengaluru,Salaried,1549400.0,2024-05-24,Premium,Adult,High
CUST14779,37,Female,Vellore,Self-Employed,2433400.0,2023-12-24,Affluent,Adult,High
CUST14780,42,Male,Kochi,Salaried,779800.0,2022-11-18,Young Adult,Middle Age,High
CUST14781,33,Female,Pune,Student,294100.0,2023-07-31,Mass Market,Adult,Low
CUST14782,52,Female,Hyderabad,Salaried,289000.0,2026-04-13,Mass Market,Middle Age,Low
CUST14783,34,Male,Trichy,Salaried,1134600.0,2024-10-24,Young Adult,Adult,High
CUST14784,52,Female,Chennai,Self-Employed,346400.0,2024-01-07,Mass Market,Middle Age,Low
CUST14785,38,Female,Mumbai,Salaried,156700.0,2021-04-10,Affluent,Adult,Low
CUST14786,41,Female,Thanjavur,Salaried,752800.0,2025-06-01,Mass Market,Middle Age,High
CUST14787,40,Female,Bengaluru,Self-Employed,947500.0,2022-05-22,Young Adult,Adult,High
CUST14788,40,Male,Delhi,Retired,384200.0,2026-06-07,Premium,Adult,Low
CUST14789,40,Female,Delhi,Retired,899300.0,2021-10-27,Young Adult,Adult,High
CUST14790,32,Male,Trichy,Self-Employed,314900.0,2025-10-16,Mass Market,Adult,Low
CUST14791,32,Female,Bengaluru,Salaried,460500.0,2022-01-31,Mass Market,Adult,Medium
CUST14792,48,Male,Hyderabad,Salaried,556800.0,2025-12-01,Premium,Middle Age,Medium
CUST14793,36,Male,Vellore,Student,242600.0,2021-04-01,Mass Market,Adult,Low
CUST14794,50,Male,Vellore,Business Owner,356100.0,2021-08-13,Affluent,Middle Age,Low
CUST14795,40,Female,Erode,Salaried,994500.0,2024-03-30,Premium,Adult,High
CUST14796,29,Female,Delhi,Self-Employed,241100.0,2025-12-22,Affluent,Adult,Low
CUST14797,59,Female,Vellore,Salaried,553450.0,2024-04-09,Affluent,Middle Age,Medium
CUST14798,34,Female,Coimbatore,Self-Employed,348300.0,2024-11-13,Young Adult,Adult,Low
CUST14799,29,Female,Delhi,Student,537300.0,2024-08-01,Mass Market,Adult,Medium
CUST14800,52,Female,Thanjavur,Student,262300.0,2021-08-11,Affluent,Middle Age,Low
CUST14801,27,Male,Delhi,Freelancer,332900.0,2025-04-25,Affluent,Adult,Low
CUST14802,32,Female,Bengaluru,Retired,1381800.0,2021-09-22,Affluent,Adult,High
CUST14803,31,Female,Vellore,Business Owner,785200.0,2021-06-29,Mass Market,Adult,High
CUST14804,38,Male,Bengaluru,Retired,716900.0,2021-11-25,Mass Market,Adult,High
CUST14805,57,Female,Madurai,Salaried,168200.0,2022-01-18,Mass Market,Middle Age,Low
CUST14806,35,Female,Bengaluru,Student,802800.0,2026-06-30,Young Adult,Adult,High
CUST14807,28,Male,Salem,Self-Employed,344900.0,2022-07-14,Mass Market,Adult,Low
CUST14808,37,Female,Erode,Self-Employed,967500.0,2022-07-31,Premium,Adult,High
CUST14809,44,Male,Coimbatore,Student,397300.0,2022-08-11,Mass Market,Middle Age,Low
CUST14810,44,Female,Salem,Salaried,991900.0,2025-07-06,Premium,Middle Age,High
CUST14811,35,Male,Thanjavur,Business Owner,535300.0,2024-12-21,Premium,Adult,Medium
CUST14812,54,Female,Bengaluru,Salaried,553450.0,2024-06-04,Mass Market,Middle Age,Medium
CUST14813,50,Male,Tirunelveli,Self-Employed,391900.0,2023-03-17,Mass Market,Middle Age,Low
CUST14814,45,Male,Erode,Student,355000.0,2023-11-23,Young Adult,Middle Age,Low
CUST14815,44,Other,Tirunelveli,Student,753200.0,2021-09-19,Mass Market,Middle Age,High
CUST14816,45,Female,Kochi,Salaried,553450.0,2023-08-26,Premium,Middle Age,Medium
CUST14817,23,Male,Madurai,Business Owner,668500.0,2023-05-23,Mass Market,Young Adult,Medium
CUST14818,33,Male,Madurai,Salaried,1226700.0,2025-11-11,Mass Market,Adult,High
CUST14819,35,Female,Thanjavur,Salaried,730200.0,2025-01-02,Young Adult,Adult,High
CUST14820,25,Female,Bengaluru,Student,786200.0,2025-02-20,Mass Market,Young Adult,High
CUST14821,52,Female,Bengaluru,Salaried,205400.0,2025-09-27,Affluent,Middle Age,Low
CUST14822,18,Female,Delhi,Salaried,622200.0,2024-05-13,Young Adult,Young Adult,Medium
CUST14823,40,Female,Hyderabad,Salaried,477800.0,2023-02-23,Young Adult,Adult,Medium
CUST14824,40,Male,Salem,Salaried,403800.0,2025-04-01,Young Adult,Adult,Low
CUST14825,38,Female,Tirunelveli,Salaried,946500.0,2025-01-25,Mass Market,Adult,High
CUST14826,37,Female,Coimbatore,Business Owner,2658000.0,2022-05-23,Affluent,Adult,High
CUST14827,21,Female,Tirunelveli,Salaried,281200.0,2023-11-26,Mass Market,Young Adult,Low
CUST14828,35,Male,Bengaluru,Self-Employed,807500.0,2023-06-17,Mass Market,Adult,High
CUST14829,28,Female,Hyderabad,Self-Employed,237600.0,2024-03-17,Mass Market,Adult,Low
CUST14830,34,Male,Coimbatore,Salaried,1596500.0,2025-05-01,Mass Market,Adult,High
CUST14831,24,Female,Vellore,Business Owner,324300.0,2022-03-11,Young Adult,Young Adult,Low
CUST14832,36,Male,Bengaluru,Salaried,586700.0,2023-04-04,Affluent,Adult,Medium
CUST14833,51,Female,Vellore,Retired,342500.0,2021-01-09,Mass Market,Middle Age,Low
CUST14834,23,Female,Bengaluru,Self-Employed,2603700.0,2025-04-23,Mass Market,Young Adult,High
CUST14835,35,Female,Coimbatore,Salaried,462000.0,2023-03-21,Affluent,Adult,Medium
CUST14836,34,Male,Trichy,Salaried,377400.0,2025-07-27,Mass Market,Adult,Low
CUST14837,25,Male,Chennai,Salaried,2656700.0,2022-10-05,Mass Market,Young Adult,High
CUST14838,33,Male,Vellore,Salaried,455400.0,2026-05-08,Young Adult,Adult,Medium
CUST14839,30,Male,Trichy,Retired,1141500.0,2026-05-27,Affluent,Adult,High
CUST14840,27,Female,Kochi,Salaried,1291200.0,2021-03-05,Young Adult,Adult,High
CUST14841,26,Female,Coimbatore,Salaried,851100.0,2021-05-16,Mass Market,Adult,High
CUST14842,34,Male,Trichy,Self-Employed,166800.0,2022-05-22,Mass Market,Adult,Low
CUST14843,37,Male,Chennai,Student,1099900.0,2025-12-31,Affluent,Adult,High
CUST14844,46,Female,Tirunelveli,Business Owner,319000.0,2023-01-10,Mass Market,Middle Age,Low
CUST14845,20,Female,Tirunelveli,Salaried,1651300.0,2025-05-31,Premium,Young Adult,High
CUST14846,18,Female,Vellore,Freelancer,837300.0,2022-01-11,Mass Market,Young Adult,High
CUST14847,24,Female,Salem,Self-Employed,394300.0,2026-07-27,Affluent,Young Adult,Low
CUST14848,30,Male,Thanjavur,Business Owner,773200.0,2022-01-31,Affluent,Adult,High
CUST14849,42,Other,Vellore,Salaried,241700.0,2025-12-23,Mass Market,Middle Age,Low
CUST14850,30,Male,Erode,Retired,498800.0,2025-01-15,Mass Market,Adult,Medium
CUST14851,22,Female,Madurai,Salaried,734100.0,2024-11-22,Mass Market,Young Adult,High
CUST14852,18,Male,Bengaluru,Salaried,809900.0,2025-09-03,Affluent,Young Adult,High
CUST14853,35,Male,Mumbai,Salaried,426400.0,2021-08-08,Mass Market,Adult,Low
CUST14854,18,Male,Hyderabad,Salaried,516800.0,2025-12-26,Affluent,Young Adult,Medium
CUST14855,47,Male,Pune,Student,501000.0,2021-02-24,Mass Market,Middle Age,Medium
CUST14856,41,Female,Tirunelveli,Salaried,108800.0,2024-01-11,Young Adult,Middle Age,Low
CUST14857,41,Female,Coimbatore,Salaried,553300.0,2024-04-21,Mass Market,Middle Age,Medium
CUST14858,42,Male,Kochi,Salaried,115200.0,2022-03-07,Mass Market,Middle Age,Low
CUST14859,46,Male,Vellore,Salaried,1061600.0,2024-06-15,Mass Market,Middle Age,High
CUST14860,22,Male,Mumbai,Salaried,241000.0,2021-02-28,Mass Market,Young Adult,Low
CUST14861,27,Male,Trichy,Salaried,799800.0,2023-10-07,Mass Market,Adult,High
CUST14862,40,Female,Madurai,Salaried,572300.0,2024-10-18,Mass Market,Adult,Medium
CUST14863,40,Female,Madurai,Student,853300.0,2022-12-27,Premium,Adult,High
CUST14864,29,Female,Kochi,Salaried,383700.0,2022-06-02,Mass Market,Adult,Low
CUST14865,51,Female,Pune,Salaried,623300.0,2025-01-20,Mass Market,Middle Age,Medium
CUST14866,40,Female,Coimbatore,Student,803000.0,2023-01-10,Mass Market,Adult,High
CUST14867,27,Female,Kochi,Salaried,309300.0,2025-04-23,Affluent,Adult,Low
CUST14868,29,Male,Vellore,Self-Employed,407100.0,2025-03-14,Mass Market,Adult,Low
CUST14869,67,Male,Hyderabad,Retired,440600.0,2023-06-04,Mass Market,Senior,Medium
CUST14870,42,Male,Chennai,Salaried,408300.0,2025-10-08,Affluent,Middle Age,Low
CUST14871,35,Female,Mumbai,Self-Employed,575000.0,2024-12-07,Mass Market,Adult,Medium
CUST14872,19,Male,Hyderabad,Self-Employed,570400.0,2023-10-25,Mass Market,Young Adult,Medium
CUST14873,27,Female,Tirunelveli,Retired,553450.0,2021-07-27,Mass Market,Adult,Medium
CUST14874,37,Female,Hyderabad,Self-Employed,242300.0,2022-05-12,Premium,Adult,Low
CUST14875,18,Male,Pune,Salaried,440000.0,2026-01-23,Affluent,Young Adult,Medium
CUST14876,39,Male,Pune,Business Owner,566600.0,2021-09-24,Mass Market,Adult,Medium
CUST14877,23,Male,Erode,Salaried,361500.0,2021-01-28,Affluent,Young Adult,Low
CUST14878,38,Male,Coimbatore,Self-Employed,477600.0,2024-12-17,Young Adult,Adult,Medium
CUST14879,45,Male,Delhi,Salaried,2045300.0,2022-11-23,Affluent,Middle Age,High
CUST14880,36,Other,Vellore,Student,210300.0,2024-08-25,Mass Market,Adult,Low
CUST14881,24,Male,Coimbatore,Retired,1092700.0,2022-04-06,Mass Market,Young Adult,High
CUST14882,30,Female,Vellore,Salaried,172100.0,2023-12-24,Affluent,Adult,Low
CUST14883,35,Male,Hyderabad,Salaried,366200.0,2022-08-16,Mass Market,Adult,Low
CUST14884,38,Male,Erode,Salaried,597400.0,2024-09-15,Mass Market,Adult,Medium
CUST14885,37,Male,Hyderabad,Self-Employed,365200.0,2021-10-13,Affluent,Adult,Low
CUST14886,26,Female,Madurai,Freelancer,436100.0,2021-09-05,Mass Market,Adult,Medium
CUST14887,22,Female,Tirunelveli,Salaried,193800.0,2025-01-08,Mass Market,Young Adult,Low
CUST14888,53,Female,Hyderabad,Self-Employed,283500.0,2026-02-02,Young Adult,Middle Age,Low
CUST14889,34,Male,Tirunelveli,Salaried,355900.0,2021-09-10,Mass Market,Adult,Low
CUST14890,20,Male,Salem,Salaried,794400.0,2024-01-13,Premium,Young Adult,High
CUST14891,25,Male,Salem,Self-Employed,911000.0,2023-03-22,Mass Market,Young Adult,High
CUST14892,24,Female,Bengaluru,Self-Employed,439800.0,2023-05-20,Mass Market,Young Adult,Medium
CUST14893,37,Female,Mumbai,Student,545400.0,2026-03-23,Mass Market,Adult,Medium
CUST14894,32,Male,Thanjavur,Self-Employed,389300.0,2025-12-31,Affluent,Adult,Low
CUST14895,43,Male,Salem,Business Owner,378500.0,2023-11-25,Premium,Middle Age,Low
CUST14896,49,Male,Salem,Salaried,322400.0,2023-08-27,Mass Market,Middle Age,Low
CUST14897,25,Female,Mumbai,Salaried,430400.0,2023-01-15,Affluent,Young Adult,Low
CUST14898,33,Female,Chennai,Self-Employed,259100.0,2023-08-30,Affluent,Adult,Low
CUST14899,20,Female,Chennai,Salaried,179600.0,2024-05-30,Affluent,Young Adult,Low
CUST14900,37,Female,Salem,Freelancer,481600.0,2026-05-13,Young Adult,Adult,Medium
CUST14901,38,Female,Vellore,Salaried,812700.0,2022-10-27,Mass Market,Adult,High
CUST14902,51,Male,Thanjavur,Self-Employed,575400.0,2023-02-06,Mass Market,Middle Age,Medium
CUST14903,18,Male,Tirunelveli,Business Owner,538800.0,2021-01-17,Mass Market,Young Adult,Medium
CUST14904,41,Female,Vellore,Salaried,864200.0,2023-03-19,Premium,Middle Age,High
CUST14905,28,Female,Mumbai,Freelancer,294100.0,2025-06-27,Premium,Adult,Low
CUST14906,44,Male,Madurai,Retired,1783200.0,2022-08-24,Mass Market,Middle Age,High
CUST14907,42,Male,Kochi,Self-Employed,569400.0,2026-08-10,Affluent,Middle Age,Medium
CUST14908,35,Female,Coimbatore,Self-Employed,617700.0,2023-12-25,Mass Market,Adult,Medium
CUST14909,30,Male,Hyderabad,Freelancer,759800.0,2021-07-23,Young Adult,Adult,High
CUST14910,41,Male,Erode,Salaried,802500.0,2025-12-01,Mass Market,Middle Age,High
CUST14911,39,Male,Thanjavur,Self-Employed,292600.0,2023-06-23,Affluent,Adult,Low
CUST14912,42,Female,Vellore,Salaried,607000.0,2025-10-22,Mass Market,Middle Age,Medium
CUST14913,38,Female,Thanjavur,Salaried,265000.0,2025-06-17,Mass Market,Adult,Low
CUST14914,26,Male,Hyderabad,Student,996800.0,2023-08-29,Mass Market,Adult,High
CUST14915,54,Male,Mumbai,Self-Employed,553450.0,2024-01-19,Young Adult,Middle Age,Medium
CUST14916,28,Male,Vellore,Self-Employed,282400.0,2025-10-08,Mass Market,Adult,Low
CUST14917,41,Female,Salem,Self-Employed,291900.0,2022-11-29,Mass Market,Middle Age,Low
CUST14918,43,Male,Madurai,Salaried,280800.0,2024-04-07,Affluent,Middle Age,Low
CUST14919,41,Male,Delhi,Self-Employed,1374400.0,2021-04-25,Mass Market,Middle Age,High
CUST14920,24,Male,Pune,Self-Employed,329700.0,2022-03-01,Young Adult,Young Adult,Low
CUST14921,45,Female,Kochi,Salaried,558900.0,2025-07-20,Affluent,Middle Age,Medium
CUST14922,48,Female,Mumbai,Salaried,355100.0,2026-07-16,Mass Market,Middle Age,Low
CUST14923,42,Male,Bengaluru,Retired,1090800.0,2022-01-01,Young Adult,Middle Age,High
CUST14924,75,Male,Tirunelveli,Salaried,325000.0,2021-03-02,Mass Market,Senior,Low
CUST14925,45,Female,Trichy,Salaried,222800.0,2021-03-08,Mass Market,Middle Age,Low
CUST14926,28,Male,Salem,Business Owner,760200.0,2022-03-22,Mass Market,Adult,High
CUST14927,22,Male,Hyderabad,Salaried,1067500.0,2025-08-06,Affluent,Young Adult,High
CUST14928,36,Male,Erode,Student,369300.0,2026-02-08,Mass Market,Adult,Low
CUST14929,34,Female,Coimbatore,Student,504400.0,2022-07-31,Affluent,Adult,Medium
CUST14930,38,Male,Kochi,Salaried,537100.0,2021-12-25,Affluent,Adult,Medium
CUST14931,38,Male,Madurai,Salaried,717900.0,2025-03-10,Affluent,Adult,High
CUST14932,33,Female,Coimbatore,Freelancer,1217800.0,2022-11-07,Premium,Adult,High
CUST14933,34,Female,Chennai,Business Owner,856900.0,2023-01-30,Mass Market,Adult,High
CUST14934,41,Female,Delhi,Self-Employed,220800.0,2022-04-26,Mass Market,Middle Age,Low
CUST14935,27,Male,Mumbai,Freelancer,468300.0,2023-07-21,Mass Market,Adult,Medium
CUST14936,18,Female,Chennai,Salaried,898800.0,2025-04-29,Mass Market,Young Adult,High
CUST14937,44,Male,Hyderabad,Salaried,307700.0,2026-08-05,Affluent,Middle Age,Low
CUST14938,31,Male,Pune,Retired,247600.0,2025-08-28,Affluent,Adult,Low
CUST14939,28,Female,Pune,Salaried,359600.0,2025-01-20,Mass Market,Adult,Low
CUST14940,41,Female,Tirunelveli,Student,280100.0,2022-04-25,Affluent,Middle Age,Low
CUST14941,31,Male,Pune,Business Owner,655300.0,2022-04-30,Premium,Adult,Medium
CUST14942,36,Female,Delhi,Student,528700.0,2024-07-05,Affluent,Adult,Medium
CUST14943,44,Female,Tirunelveli,Business Owner,428600.0,2021-05-21,Mass Market,Middle Age,Low
CUST14944,21,Female,Tirunelveli,Self-Employed,453400.0,2024-09-23,Affluent,Young Adult,Medium
CUST14945,46,Female,Coimbatore,Salaried,642000.0,2024-01-22,Premium,Middle Age,Medium
CUST14946,30,Female,Tirunelveli,Salaried,211700.0,2021-01-27,Mass Market,Adult,Low
CUST14947,28,Female,Hyderabad,Salaried,432100.0,2023-11-19,Mass Market,Adult,Medium
CUST14948,23,Male,Mumbai,Student,1198600.0,2025-02-05,Affluent,Young Adult,High
CUST14949,50,Female,Trichy,Self-Employed,910100.0,2021-03-07,Affluent,Middle Age,High
CUST14950,48,Male,Vellore,Salaried,555800.0,2021-09-28,Mass Market,Middle Age,Medium
CUST14951,31,Female,Thanjavur,Salaried,618100.0,2024-03-11,Affluent,Adult,Medium
CUST14952,41,Female,Mumbai,Salaried,204200.0,2024-01-19,Premium,Middle Age,Low
CUST14953,44,Male,Delhi,Salaried,467500.0,2024-03-19,Young Adult,Middle Age,Medium
CUST14954,18,Male,Coimbatore,Business Owner,1774200.0,2024-04-01,Mass Market,Young Adult,High
CUST14955,47,Female,Delhi,Salaried,516700.0,2021-03-24,Affluent,Middle Age,Medium
CUST14956,51,Male,Coimbatore,Salaried,228600.0,2022-10-24,Mass Market,Middle Age,Low
CUST14957,39,Female,Vellore,Student,634600.0,2021-03-12,Affluent,Adult,Medium
CUST14958,40,Male,Hyderabad,Self-Employed,1061000.0,2021-04-03,Mass Market,Adult,High
CUST14959,33,Male,Mumbai,Salaried,398100.0,2025-10-23,Affluent,Adult,Low
CUST14960,29,Female,Pune,Salaried,523200.0,2022-09-02,Affluent,Adult,Medium
CUST14961,39,Male,Pune,Salaried,1134400.0,2021-07-15,Mass Market,Adult,High
CUST14962,32,Female,Mumbai,Salaried,737900.0,2022-07-21,Premium,Adult,High
CUST14963,51,Male,Coimbatore,Salaried,852300.0,2023-09-15,Mass Market,Middle Age,High
CUST14964,41,Female,Vellore,Student,597600.0,2024-02-27,Mass Market,Middle Age,Medium
CUST14965,66,Female,Salem,Salaried,553450.0,2022-09-28,Mass Market,Senior,Medium
CUST14966,39,Male,Erode,Salaried,552600.0,2023-12-25,Mass Market,Adult,Medium
CUST14967,39,Female,Vellore,Self-Employed,689100.0,2022-08-24,Mass Market,Adult,Medium
CUST14968,31,Female,Delhi,Self-Employed,444300.0,2025-08-31,Young Adult,Adult,Medium
CUST14969,53,Male,Salem,Retired,566200.0,2023-06-23,Mass Market,Middle Age,Medium
CUST14970,54,Female,Coimbatore,Retired,411200.0,2021-07-16,Premium,Middle Age,Low
CUST14971,33,Female,Madurai,Freelancer,356300.0,2021-11-18,Young Adult,Adult,Low
CUST14972,45,Other,Coimbatore,Salaried,960200.0,2021-03-21,Premium,Middle Age,High
CUST14973,35,Male,Bengaluru,Student,487100.0,2023-01-29,Affluent,Adult,Medium
CUST14974,35,Female,Hyderabad,Self-Employed,728600.0,2024-10-14,Mass Market,Adult,High
CUST14975,33,Male,Coimbatore,Self-Employed,303300.0,2026-01-10,Premium,Adult,Low
CUST14976,44,Female,Thanjavur,Retired,345100.0,2024-10-28,Premium,Middle Age,Low
CUST14977,42,Male,Trichy,Salaried,858300.0,2024-08-10,Mass Market,Middle Age,High
CUST14978,48,Female,Pune,Salaried,356400.0,2023-01-24,Affluent,Middle Age,Low
CUST14979,25,Male,Coimbatore,Self-Employed,765900.0,2026-04-23,Mass Market,Young Adult,High
CUST14980,24,Other,Erode,Salaried,391900.0,2026-05-30,Premium,Young Adult,Low
CUST14981,40,Male,Delhi,Salaried,606500.0,2021-12-21,Young Adult,Adult,Medium
CUST14982,51,Female,Tirunelveli,Student,347300.0,2026-07-26,Mass Market,Middle Age,Low
CUST14983,19,Male,Vellore,Business Owner,1467200.0,2025-12-24,Mass Market,Young Adult,High
CUST14984,48,Male,Thanjavur,Salaried,767700.0,2022-05-28,Premium,Middle Age,High
CUST14985,26,Male,Coimbatore,Self-Employed,553450.0,2021-12-18,Affluent,Adult,Medium
CUST14986,32,Male,Bengaluru,Freelancer,262900.0,2021-09-17,Young Adult,Adult,Low
CUST14987,44,Male,Bengaluru,Salaried,549900.0,2021-01-17,Affluent,Middle Age,Medium
CUST14988,32,Female,Pune,Student,357800.0,2024-11-19,Premium,Adult,Low
CUST14989,21,Male,Chennai,Self-Employed,382400.0,2023-05-11,Premium,Young Adult,Low
CUST14990,33,Female,Chennai,Salaried,447700.0,2021-01-01,Mass Market,Adult,Medium
CUST14991,28,Female,Salem,Self-Employed,1084400.0,2023-07-27,Premium,Adult,High
CUST14992,43,Female,Chennai,Self-Employed,544300.0,2021-04-04,Premium,Middle Age,Medium
CUST14993,50,Female,Delhi,Self-Employed,587100.0,2022-01-08,Young Adult,Middle Age,Medium
CUST14994,33,Female,Chennai,Business Owner,396000.0,2023-07-03,Mass Market,Adult,Low
CUST14995,41,Female,Coimbatore,Salaried,787700.0,2021-06-21,Mass Market,Middle Age,High
CUST14996,57,Female,Trichy,Salaried,185000.0,2024-06-02,Mass Market,Middle Age,Low
CUST14997,31,Male,Trichy,Student,590700.0,2021-05-08,Young Adult,Adult,Medium
CUST14998,59,Male,Bengaluru,Salaried,993600.0,2026-04-03,Mass Market,Middle Age,High
CUST14999,18,Male,Mumbai,Salaried,783800.0,2023-08-08,Affluent,Young Adult,High
CUST15000,19,Male,Coimbatore,Self-Employed,311800.0,2023-06-09,Mass Market,Young Adult,Low
