account_id,customer_id,account_type,opening_date,balance,account_status
ACC20001,CUST10353,Salary,2025-11-08,93864.71,Inactive
ACC20002,CUST13072,Savings,2021-07-15,35341.72,Active
ACC20003,CUST10027,Salary,2022-01-06,21631.79,Active
ACC20004,CUST14856,Salary,2023-06-02,342076.89,Active
ACC20005,CUST13336,Savings,2022-07-08,726233.58,Active
ACC20006,CUST13064,Current,2025-03-10,56998.99,Active
ACC20007,CUST12292,Savings,2023-06-29,21581.36,Active
ACC20008,CUST14583,Salary,2025-02-27,19167.06,Active
ACC20009,CUST14926,Premium Savings,2026-04-30,211917.86,Active
ACC20010,CUST12478,Savings,2026-02-01,150679.67,Active
ACC20011,CUST14782,Current,2023-06-11,36819.76,Active
ACC20012,CUST10435,Savings,2023-09-29,37438.12,Active
ACC20013,CUST11307,Savings,2025-05-03,53696.31,Active
ACC20014,CUST13932,Premium Savings,2025-04-06,43931.33,Active
ACC20015,CUST12672,Savings,2022-04-06,27835.79,Active
ACC20016,CUST10346,Current,2026-04-17,65328.22,Active
ACC20017,CUST14694,Savings,2026-03-31,5069.81,Active
ACC20018,CUST10086,Current,2025-09-18,17300.5,Closed
ACC20019,CUST12978,Premium Savings,2026-01-31,11142.11,Inactive
ACC20020,CUST14641,Current,2025-02-24,17427.87,Inactive
ACC20021,CUST10119,Savings,2021-03-30,158006.0,Active
ACC20022,CUST12114,Savings,2023-11-08,89863.48,Active
ACC20023,CUST14571,Savings,2025-04-27,11659.28,Active
ACC20024,CUST12291,Savings,2024-08-08,32684.43,Active
ACC20025,CUST13737,Salary,2022-06-05,69657.58,Active
ACC20026,CUST14266,Savings,2022-01-02,71031.46,Active
ACC20027,CUST14959,Savings,2022-06-05,30560.79,Active
ACC20028,CUST11314,Premium Savings,2025-03-17,45497.48,Active
ACC20029,CUST11323,Savings,2024-07-25,45249.49,Dormant
ACC20030,CUST12308,Savings,2021-06-12,16160.62,Dormant
ACC20031,CUST12115,Salary,2021-01-24,13721.6,Active
ACC20032,CUST14917,Savings,2025-09-13,321717.87,Active
ACC20033,CUST12216,Savings,2022-06-10,96886.45,Active
ACC20034,CUST11029,Savings,2024-07-27,74150.07,Active
ACC20035,CUST14567,Current,2024-06-28,80837.18,Dormant
ACC20036,CUST11126,Savings,2023-02-28,69998.19,Dormant
ACC20037,CUST12334,Savings,2026-07-11,8615.7,Active
ACC20038,CUST11342,Savings,2024-12-01,224757.32,Active
ACC20039,CUST14118,Salary,2021-10-26,42588.71,Active
ACC20040,CUST14111,Savings,2024-01-30,79678.96,Active
ACC20041,CUST14450,Premium Savings,2024-12-26,288181.98,Closed
ACC20042,CUST12209,Salary,2022-07-25,42362.29,Active
ACC20043,CUST12265,Savings,2022-05-21,127606.05,Active
ACC20044,CUST12799,Savings,2022-12-01,79953.94,Active
ACC20045,CUST10187,Savings,2025-08-19,62095.0,Active
ACC20046,CUST10728,Savings,2022-06-30,74674.95,Active
ACC20047,CUST14681,Current,2025-05-07,62243.53,Closed
ACC20048,CUST11840,Savings,2023-02-16,58743.29,Active
ACC20049,CUST11036,Savings,2025-03-11,98435.94,Active
ACC20050,CUST11325,Savings,2021-11-14,30323.86,Closed
ACC20051,CUST10611,Current,2025-06-15,373061.85,Active
ACC20052,CUST12938,Savings,2021-03-20,209424.44,Active
ACC20053,CUST12545,Savings,2022-08-24,42488.03,Active
ACC20054,CUST13710,Savings,2023-10-02,168810.75,Active
ACC20055,CUST14746,Premium Savings,2023-06-19,92530.28,Inactive
ACC20056,CUST10534,Savings,2023-08-10,56098.34,Active
ACC20057,CUST10402,Savings,2022-10-16,16702.79,Active
ACC20058,CUST14014,Savings,2022-07-26,144139.13,Inactive
ACC20059,CUST13531,Current,2024-09-30,32273.36,Dormant
ACC20060,CUST10858,Salary,2021-09-01,45477.1,Active
ACC20061,CUST12260,Savings,2023-10-18,40179.23,Active
ACC20063,CUST10635,Savings,2026-08-01,29681.65,Inactive
ACC20064,CUST14692,Savings,2021-05-15,-500.0,Dormant
ACC20065,CUST14928,Premium Savings,2026-03-19,27841.99,Active
ACC20066,CUST12890,Savings,2023-03-29,70399.45,Active
ACC20067,CUST13458,Salary,2025-10-27,63817.87,Inactive
ACC20068,CUST11805,Salary,2021-12-14,29459.83,Closed
ACC20069,CUST13400,Salary,2023-09-03,43467.65,Inactive
ACC20070,CUST14169,Premium Savings,2024-09-28,53058.17,Active
ACC20071,CUST11618,Savings,2022-10-06,47793.85,Active
ACC20072,CUST14034,Salary,2022-02-23,15296.86,Active
ACC20073,CUST11737,Premium Savings,2025-12-12,65505.25,Active
ACC20074,CUST11989,Current,2023-05-26,43434.92,Active
ACC20075,CUST12370,Salary,2023-10-22,259079.73,Inactive
ACC20076,CUST14724,Savings,2025-10-11,57382.58,Active
ACC20077,CUST10133,Salary,2022-10-15,5573.21,Active
ACC20078,CUST14508,Savings,2025-01-09,262002.06,Active
ACC20079,CUST12289,Savings,2022-12-14,49970.1,Active
ACC20080,CUST11190,Savings,2021-06-28,14698.99,Active
ACC20081,CUST14570,Premium Savings,2021-08-03,28018.27,Active
ACC20082,CUST12135,Premium Savings,2023-05-04,111982.48,Dormant
ACC20083,CUST14685,Premium Savings,2026-04-19,13435.41,Active
ACC20084,CUST11580,Salary,2021-07-30,12926.85,Active
ACC20085,CUST13726,Premium Savings,2021-09-20,8819.99,Active
ACC20086,CUST12960,Salary,2024-02-08,213753.04,Active
ACC20087,CUST10379,Savings,2021-06-10,15200.58,Active
ACC20088,CUST10074,Premium Savings,2023-08-22,265177.75,Dormant
ACC20089,CUST11472,Savings,2022-03-11,134553.99,Active
ACC20090,CUST14482,Premium Savings,2021-04-12,41995.68,Active
ACC20091,CUST14310,Savings,2023-07-30,45249.49,Active
ACC20092,CUST10273,Savings,2022-08-09,11742.82,Active
ACC20093,CUST11497,Savings,2024-03-15,40005.14,Active
ACC20094,CUST11904,Savings,2024-11-05,49650.22,Active
ACC20095,CUST14630,Savings,2025-12-14,6379.17,Active
ACC20096,CUST13024,Salary,2024-07-19,15498.9,Active
ACC20097,CUST12149,Current,2025-01-23,27926.76,Active
ACC20098,CUST11424,Savings,2025-03-31,41460.36,Active
ACC20099,CUST10394,Savings,2025-10-06,114306.28,Active
ACC20100,CUST11434,Current,2025-01-30,114908.39,Active
ACC20101,CUST11556,Salary,2026-01-09,45249.49,Active
ACC20102,CUST14031,Savings,2024-02-11,25101.12,Active
ACC20103,CUST11977,Savings,2021-01-10,25307.68,Active
ACC20104,CUST12571,Salary,2026-07-31,38962.88,Active
ACC20105,CUST10113,Premium Savings,2025-07-10,71614.28,Active
ACC20106,CUST11587,Salary,2021-09-06,14572.95,Active
ACC20107,CUST14434,Savings,2024-06-22,15672.73,Active
ACC20108,CUST13378,Salary,2021-08-20,241038.45,Active
ACC20109,CUST11454,Salary,2021-07-25,20890.12,Active
ACC20110,CUST12009,Salary,2026-04-11,235466.96,Dormant
ACC20111,CUST11917,Savings,2023-07-23,181100.1,Active
ACC20112,CUST11115,Savings,2023-06-26,12919.75,Active
ACC20113,CUST11992,Current,2025-06-22,26767.19,Active
ACC20114,CUST14505,Savings,2025-12-12,115525.27,Active
ACC20115,CUST12709,Savings,2023-07-15,136420.21,Active
ACC20116,CUST14401,Salary,2022-05-09,176477.24,Dormant
ACC20117,CUST11675,Savings,2021-05-31,34577.35,Active
ACC20118,CUST12384,Current,2025-07-14,19152.06,Active
ACC20119,CUST12408,Premium Savings,2024-01-19,31540.43,Active
ACC20120,CUST14206,Savings,2026-03-13,51224.68,Active
ACC20121,CUST10880,Savings,2023-11-04,30136.0,Active
ACC20122,CUST12526,Salary,2021-08-16,22347.79,Active
ACC20123,CUST11685,Savings,2022-11-24,67429.25,Active
ACC20124,CUST11321,Premium Savings,2021-03-15,36980.46,Active
ACC20125,CUST12937,Premium Savings,2024-05-16,23716.46,Active
ACC20126,CUST14815,Salary,2023-10-12,142079.8,Active
ACC20127,CUST12238,Savings,2024-11-14,78985.9,Active
ACC20128,CUST14164,Premium Savings,2022-05-30,42815.02,Closed
ACC20129,CUST13907,Current,2022-08-27,31870.14,Active
ACC20130,CUST12354,Savings,2024-08-24,30367.53,Active
ACC20131,CUST10137,Salary,2022-03-11,14980.48,Active
ACC20132,CUST10251,Savings,2023-04-03,33278.56,Dormant
ACC20133,CUST10008,Current,2022-08-09,45249.49,Active
ACC20134,CUST10221,Current,2025-10-23,65535.5,Active
ACC20135,CUST12619,Current,2022-05-26,41980.91,Active
ACC20136,CUST11495,Savings,2021-04-22,57606.45,Active
ACC20137,CUST12755,Savings,2023-06-15,17669.86,Active
ACC20138,CUST10330,Salary,2024-04-25,132421.43,Active
ACC20139,CUST13255,Savings,2026-06-06,20810.62,Active
ACC20140,CUST13725,Savings,2021-10-15,30487.77,Active
ACC20141,CUST14367,Premium Savings,2022-08-24,69260.43,Active
ACC20142,CUST13840,Savings,2022-06-12,36191.85,Active
ACC20143,CUST12027,Current,2021-04-19,4293.22,Closed
ACC20144,CUST13315,Savings,2026-03-09,56973.57,Active
ACC20145,CUST14594,Premium Savings,2021-04-21,24576.14,Inactive
ACC20146,CUST13867,Premium Savings,2025-12-14,42917.1,Inactive
ACC20147,CUST11204,Savings,2024-01-03,140137.81,Active
ACC20148,CUST11860,Savings,2025-05-17,31051.18,Active
ACC20149,CUST10900,Savings,2022-07-14,149801.9,Active
ACC20150,CUST11520,Current,2021-07-01,70661.66,Inactive
ACC20151,CUST14380,Savings,2025-08-25,45249.49,Active
ACC20152,CUST12732,Salary,2023-07-18,45249.49,Dormant
ACC20153,CUST14133,Current,2025-11-01,9131.37,Inactive
ACC20154,CUST12660,Savings,2024-02-04,229119.08,Active
ACC20155,CUST14779,Savings,2021-03-10,42263.76,Active
ACC20156,CUST11481,Current,2023-12-02,275689.28,Active
ACC20157,CUST12944,Savings,2025-10-13,40391.89,Dormant
ACC20158,CUST11374,Premium Savings,2023-09-07,4199.33,Active
ACC20159,CUST13662,Savings,2024-09-04,45693.93,Active
ACC20160,CUST11184,Savings,2023-03-14,18635.81,Dormant
ACC20161,CUST14427,Savings,2025-08-10,7958.1,Active
ACC20162,CUST10782,Savings,2021-03-01,60862.93,Active
ACC20163,CUST11941,Premium Savings,2022-06-05,78695.96,Active
ACC20164,CUST12920,Savings,2022-05-09,22008.08,Dormant
ACC20165,CUST14096,Savings,2025-08-15,40827.13,Active
ACC20166,CUST11867,Current,2026-03-31,62626.7,Active
ACC20167,CUST13461,Savings,2023-10-20,59123.22,Active
ACC20168,CUST12365,Savings,2021-04-12,436474.21,Active
ACC20169,CUST11908,Savings,2023-12-08,8667.37,Active
ACC20170,CUST12710,Savings,2024-08-16,327793.04,Dormant
ACC20171,CUST10510,Savings,2026-05-18,14177.45,Active
ACC20172,CUST10679,Savings,2024-12-10,89142.66,Closed
ACC20173,CUST14065,Savings,2026-01-01,34266.28,Inactive
ACC20174,CUST12261,Salary,2024-04-08,27389.47,Active
ACC20175,CUST12555,Current,2021-05-17,22007.3,Active
ACC20176,CUST14600,Premium Savings,2025-10-22,59229.28,Active
ACC20177,CUST14832,Savings,2022-03-30,46704.87,Active
ACC20178,CUST10248,Savings,2026-06-12,17319.73,Dormant
ACC20179,CUST11143,Savings,2024-08-23,46339.22,Active
ACC20180,CUST12521,Savings,2024-09-25,25818.94,Active
ACC20181,CUST10094,Savings,2023-10-08,20765.21,Active
ACC20182,CUST10825,Savings,2023-01-09,37230.14,Active
ACC20183,CUST13421,Current,2021-07-20,61709.49,Active
ACC20184,CUST10194,Savings,2024-07-20,375884.8,Active
ACC20185,CUST11303,Salary,2023-07-09,37342.26,Active
ACC20186,CUST13101,Salary,2022-03-31,42162.89,Active
ACC20187,CUST10659,Savings,2021-12-26,59245.24,Dormant
ACC20188,CUST11475,Premium Savings,2021-09-06,82309.5,Active
ACC20189,CUST13529,Savings,2024-02-21,69134.91,Active
ACC20190,CUST14019,Savings,2024-07-12,16552.52,Active
ACC20191,CUST11614,Current,2026-01-11,34219.2,Active
ACC20192,CUST14355,Savings,2024-07-17,65091.9,Active
ACC20193,CUST11242,Savings,2024-11-22,162413.1,Active
ACC20194,CUST11040,Savings,2025-06-16,25157.92,Active
ACC20195,CUST13490,Current,2021-03-21,27543.67,Dormant
ACC20196,CUST12965,Current,2026-06-25,64794.71,Active
ACC20197,CUST10513,Savings,2024-12-29,149341.03,Active
ACC20198,CUST11404,Premium Savings,2024-01-26,44270.94,Active
ACC20199,CUST11204,Salary,2022-02-14,52790.52,Active
ACC20200,CUST13554,Savings,2023-01-12,189339.17,Inactive
ACC20201,CUST13257,Current,2021-07-19,102327.85,Active
ACC20202,CUST12520,Savings,2021-10-10,217665.32,Active
ACC20203,CUST14875,Current,2022-08-18,31837.27,Active
ACC20204,CUST11907,Savings,2025-12-21,217575.28,Active
ACC20205,CUST13065,Savings,2024-04-17,34658.17,Active
ACC20206,CUST14359,Salary,2023-08-09,546146.78,Active
ACC20207,CUST14816,Savings,2025-02-17,21854.5,Dormant
ACC20208,CUST13075,Savings,2024-03-15,74242.73,Active
ACC20209,CUST10226,Savings,2024-03-23,69786.67,Active
ACC20210,CUST11070,Salary,2022-05-16,100391.64,Active
ACC20211,CUST11382,Salary,2025-06-03,65181.87,Active
ACC20212,CUST11254,Salary,2025-06-08,75325.59,Active
ACC20213,CUST12697,Premium Savings,2023-09-28,103181.14,Active
ACC20214,CUST11224,Current,2021-04-01,30682.48,Active
ACC20215,CUST10174,Premium Savings,2021-09-29,44097.33,Active
ACC20216,CUST10276,Premium Savings,2022-12-17,83612.9,Inactive
ACC20217,CUST11608,Savings,2024-07-25,8109.95,Active
ACC20218,CUST12550,Savings,2022-04-15,122464.38,Active
ACC20219,CUST14039,Savings,2021-10-26,457242.48,Active
ACC20220,CUST12237,Current,2026-05-23,38487.17,Active
ACC20221,CUST13864,Savings,2022-10-09,44347.75,Active
ACC20222,CUST14889,Current,2023-10-08,101544.82,Active
ACC20223,CUST11123,Savings,2025-02-24,26620.88,Inactive
ACC20224,CUST11248,Savings,2021-12-08,120542.94,Dormant
ACC20225,CUST12643,Savings,2025-04-23,19861.17,Dormant
ACC20226,CUST13269,Salary,2026-05-29,222097.73,Dormant
ACC20227,CUST14760,Current,2026-05-12,8357.0,Active
ACC20228,CUST12490,Savings,2025-08-01,182810.44,Active
ACC20229,CUST11413,Savings,2023-08-16,74568.55,Active
ACC20230,CUST12602,Current,2023-03-11,14604.7,Active
ACC20231,CUST12487,Savings,2025-11-22,35550.05,Active
ACC20232,CUST14873,Current,2024-11-07,10024.71,Active
ACC20233,CUST12508,Salary,2021-05-14,29152.54,Active
ACC20234,CUST11250,Savings,2025-07-12,13127.94,Active
ACC20235,CUST14954,Savings,2022-05-08,154005.98,Active
ACC20236,CUST10069,Savings,2023-08-10,4254.7,Active
ACC20237,CUST10309,Savings,2023-01-15,72999.55,Active
ACC20238,CUST10612,Savings,2021-08-19,70418.6,Active
ACC20239,CUST12486,Current,2025-12-29,123101.17,Active
ACC20240,CUST14672,Savings,2025-11-08,43357.63,Active
ACC20241,CUST12876,Savings,2024-03-24,37030.3,Active
ACC20242,CUST13216,Savings,2022-03-06,40221.55,Active
ACC20243,CUST12860,Savings,2026-01-12,12599.93,Active
ACC20244,CUST14544,Savings,2023-02-16,64981.42,Active
ACC20245,CUST10838,Savings,2023-04-24,49406.67,Active
ACC20246,CUST14193,Premium Savings,2021-09-20,23564.03,Active
ACC20247,CUST13014,Salary,2024-09-17,7178.44,Active
ACC20248,CUST11224,Premium Savings,2023-12-11,67818.6,Active
ACC20249,CUST12016,Salary,2025-08-08,37915.4,Active
ACC20250,CUST10081,Current,2022-06-12,24739.39,Active
ACC20251,CUST11400,Salary,2023-06-14,24767.18,Active
ACC20252,CUST10155,Current,2026-02-28,26804.83,Active
ACC20253,CUST10757,Current,2024-04-23,7667.69,Closed
ACC20254,CUST15000,Premium Savings,2025-05-31,176632.07,Active
ACC20255,CUST14324,Savings,2026-03-03,5433.79,Active
ACC20256,CUST11017,Salary,2025-07-14,10337.95,Active
ACC20257,CUST13531,Savings,2025-02-28,34545.43,Active
ACC20258,CUST10435,Savings,2021-10-27,18339.2,Active
ACC20259,CUST10110,Savings,2024-06-12,15220.13,Closed
ACC20260,CUST11609,Savings,2023-01-07,76232.62,Active
ACC20261,CUST12891,Salary,2023-04-29,73163.9,Active
ACC20262,CUST11285,Savings,2026-05-28,55716.03,Closed
ACC20263,CUST14016,Savings,2023-03-05,78608.19,Active
ACC20264,CUST13146,Salary,2021-05-28,78808.6,Inactive
ACC20265,CUST12729,Savings,2025-01-07,55453.92,Active
ACC20266,CUST13383,Premium Savings,2023-01-09,30931.69,Active
ACC20267,CUST11949,Savings,2025-03-31,28180.92,Dormant
ACC20268,CUST14481,Savings,2025-05-09,26099.16,Active
ACC20269,CUST12460,Premium Savings,2025-09-05,9419.17,Active
ACC20270,CUST12331,Savings,2025-07-07,141449.1,Active
ACC20271,CUST11643,Salary,2023-07-19,22235.25,Active
ACC20272,CUST11631,Current,2025-10-27,26338.09,Dormant
ACC20273,CUST10842,Savings,2024-01-07,17459.6,Dormant
ACC20274,CUST12453,Savings,2025-04-29,9741.94,Active
ACC20275,CUST13067,Savings,2021-05-15,27319.69,Inactive
ACC20276,CUST10981,Savings,2026-05-31,24278.6,Inactive
ACC20277,CUST10237,Savings,2021-05-30,65161.56,Active
ACC20278,CUST10182,Savings,2024-05-19,40891.71,Active
ACC20279,CUST11342,Salary,2026-04-16,47050.56,Active
ACC20280,CUST11416,Current,2024-04-03,45249.49,Active
ACC20281,CUST11408,Savings,2022-04-23,6183.62,Active
ACC20282,CUST10373,Savings,2023-07-02,24775.87,Active
ACC20283,CUST14909,Current,2025-02-13,218510.43,Dormant
ACC20284,CUST10732,Savings,2021-04-07,136469.81,Active
ACC20285,CUST14718,Savings,2022-04-19,64155.56,Active
ACC20286,CUST14539,Premium Savings,2026-06-21,60264.09,Active
ACC20287,CUST13173,Savings,2021-07-27,22071.41,Active
ACC20288,CUST11225,Current,2022-07-14,45620.17,Active
ACC20289,CUST14296,Savings,2025-08-24,69489.23,Active
ACC20290,CUST12644,Current,2022-09-07,8097.44,Active
ACC20291,CUST12017,Salary,2026-03-16,7348.96,Active
ACC20292,CUST14087,Savings,2022-11-23,55093.89,Active
ACC20293,CUST12195,Savings,2025-12-29,25782.33,Inactive
ACC20294,CUST13450,Savings,2024-05-23,19348.5,Active
ACC20295,CUST14547,Current,2025-01-14,58526.84,Dormant
ACC20296,CUST11546,Savings,2021-05-18,88100.79,Active
ACC20297,CUST12275,Savings,2024-05-09,45991.33,Active
ACC20298,CUST10107,Current,2024-11-13,12350.42,Active
ACC20299,CUST12580,Savings,2025-01-01,81604.49,Active
ACC20300,CUST13040,Salary,2025-03-12,8230.41,Active
ACC20301,CUST12411,Savings,2021-07-17,32675.0,Active
ACC20302,CUST14670,Current,2025-08-24,7454.43,Active
ACC20303,CUST12451,Savings,2024-02-04,72524.5,Active
ACC20304,CUST13286,Current,2024-12-21,23033.58,Active
ACC20306,CUST11881,Current,2023-04-01,27164.25,Closed
ACC20307,CUST13824,Current,2024-11-19,145751.21,Dormant
ACC20308,CUST10556,Premium Savings,2022-08-17,36176.8,Active
ACC20309,CUST12946,Savings,2024-11-01,34845.97,Active
ACC20310,CUST11914,Current,2024-01-28,45731.38,Active
ACC20311,CUST12677,Savings,2024-09-15,61037.0,Active
ACC20312,CUST12703,Savings,2024-05-31,16819.48,Active
ACC20313,CUST14138,Salary,2022-11-30,23682.3,Active
ACC20314,CUST14872,Current,2023-06-13,52889.85,Inactive
ACC20315,CUST13435,Savings,2022-05-03,16821.73,Active
ACC20316,CUST11848,Savings,2024-09-08,179184.72,Active
ACC20317,CUST10506,Savings,2022-09-02,24677.73,Active
ACC20318,CUST10716,Savings,2023-02-01,58952.09,Active
ACC20319,CUST12486,Savings,2025-09-28,846663.0,Active
ACC20320,CUST11413,Savings,2023-04-07,15195.93,Inactive
ACC20321,CUST12669,Savings,2022-08-24,57517.33,Active
ACC20322,CUST11741,Salary,2021-04-29,63061.94,Active
ACC20323,CUST14367,Premium Savings,2024-10-09,183269.55,Active
ACC20324,CUST14405,Savings,2022-05-16,115697.96,Active
ACC20325,CUST11154,Salary,2026-03-05,7792.01,Active
ACC20326,CUST11566,Savings,2025-01-12,23693.35,Active
ACC20327,CUST14429,Current,2025-03-03,33627.99,Closed
ACC20328,CUST12767,Salary,2023-01-20,35976.54,Active
ACC20329,CUST14818,Savings,2023-01-07,199795.42,Active
ACC20330,CUST12454,Salary,2022-11-26,21903.42,Closed
ACC20331,CUST14365,Savings,2021-03-27,224422.33,Active
ACC20332,CUST14751,Salary,2024-04-28,133850.54,Active
ACC20333,CUST12156,Salary,2025-01-10,37672.3,Active
ACC20334,CUST11961,Savings,2023-05-19,11380.95,Active
ACC20335,CUST11567,Salary,2025-05-22,18019.73,Active
ACC20336,CUST14238,Savings,2022-07-02,28484.05,Closed
ACC20337,CUST10237,Premium Savings,2021-02-13,37558.66,Active
ACC20338,CUST12053,Savings,2023-03-22,72395.8,Inactive
ACC20339,CUST14469,Savings,2021-05-06,57977.24,Active
ACC20340,CUST14556,Savings,2024-04-19,35700.74,Active
ACC20341,CUST12444,Salary,2022-04-04,46168.34,Dormant
ACC20342,CUST13995,Salary,2022-08-21,107605.43,Active
ACC20343,CUST11209,Savings,2026-06-10,264355.95,Active
ACC20344,CUST11960,Premium Savings,2025-12-25,24189.77,Closed
ACC20345,CUST11687,Savings,2023-06-23,51946.72,Active
ACC20346,CUST10198,Current,2021-03-05,75625.62,Closed
ACC20347,CUST13369,Savings,2026-01-15,27903.61,Active
ACC20348,CUST13443,Premium Savings,2023-02-19,29154.39,Active
ACC20349,CUST13984,Premium Savings,2024-09-05,27623.33,Inactive
ACC20350,CUST14590,Savings,2026-01-02,50101.72,Active
ACC20351,CUST11224,Savings,2026-04-17,41484.04,Active
ACC20352,CUST10198,Salary,2022-05-04,29656.82,Active
ACC20353,CUST11019,Savings,2024-10-26,73391.39,Active
ACC20354,CUST14468,Salary,2025-03-19,119841.39,Active
ACC20355,CUST14438,Current,2025-06-08,28035.77,Active
ACC20356,CUST10630,Current,2022-11-13,41762.83,Active
ACC20357,CUST10482,Savings,2023-10-23,356426.11,Active
ACC20358,CUST10604,Premium Savings,2025-03-25,22388.86,Active
ACC20359,CUST11346,Current,2023-06-06,18406.82,Dormant
ACC20360,CUST11603,Savings,2023-08-04,15073.77,Active
ACC20361,CUST13912,Salary,2021-02-18,12559.65,Inactive
ACC20362,CUST11708,Current,2022-10-28,7132.74,Active
ACC20363,CUST13136,Savings,2022-07-14,103403.21,Active
ACC20364,CUST13553,Premium Savings,2021-01-02,15864.83,Active
ACC20365,CUST10585,Savings,2026-08-12,65459.34,Dormant
ACC20366,CUST12732,Savings,2026-08-03,68226.04,Active
ACC20367,CUST11748,Savings,2023-12-01,22491.34,Active
ACC20368,CUST10855,Savings,2026-02-07,27719.76,Closed
ACC20369,CUST14906,Premium Savings,2021-07-18,412700.03,Active
ACC20370,CUST14045,Savings,2022-01-14,31819.03,Active
ACC20371,CUST13442,Savings,2026-02-16,101367.84,Active
ACC20372,CUST14639,Savings,2023-02-08,49685.23,Inactive
ACC20373,CUST12648,Savings,2022-02-11,18895.25,Active
ACC20374,CUST12279,Current,2025-03-19,47138.46,Active
ACC20375,CUST13132,Savings,2021-05-06,20077.31,Active
ACC20376,CUST12042,Savings,2026-07-07,27321.62,Dormant
ACC20377,CUST14799,Salary,2023-11-01,143682.91,Active
ACC20378,CUST13901,Savings,2022-05-26,109376.7,Active
ACC20379,CUST13156,Current,2025-12-30,35506.64,Active
ACC20380,CUST14221,Salary,2024-07-29,6147.56,Dormant
ACC20381,CUST13731,Savings,2025-08-28,57300.03,Active
ACC20382,CUST11304,Salary,2022-09-19,15039.37,Active
ACC20383,CUST11529,Savings,2024-11-07,4877.69,Active
ACC20384,CUST11565,Savings,2021-02-04,7938.45,Active
ACC20385,CUST10481,Current,2025-07-06,149047.56,Active
ACC20386,CUST13619,Savings,2024-11-15,46857.36,Active
ACC20387,CUST12132,Savings,2021-10-18,8151.61,Active
ACC20388,CUST14570,Savings,2022-03-16,12668.5,Active
ACC20389,CUST13069,Savings,2023-06-08,24541.97,Active
ACC20390,CUST11169,Premium Savings,2024-11-20,181450.19,Active
ACC20391,CUST10158,Savings,2022-07-11,40912.92,Active
ACC20392,CUST14823,Savings,2023-01-05,253793.62,Active
ACC20393,CUST14058,Premium Savings,2025-05-06,97515.17,Active
ACC20394,CUST10892,Savings,2022-03-17,111393.36,Active
ACC20395,CUST13575,Savings,2021-02-21,42509.17,Active
ACC20396,CUST10199,Salary,2025-09-06,383114.53,Active
ACC20397,CUST13201,Savings,2023-12-29,994075.51,Inactive
ACC20398,CUST14985,Savings,2023-03-13,151404.88,Active
ACC20399,CUST10963,Savings,2026-07-30,45249.49,Active
ACC20400,CUST11671,Salary,2023-05-17,32524.98,Active
ACC20401,CUST10771,Savings,2025-01-07,86760.06,Active
ACC20402,CUST13410,Savings,2025-09-23,490659.77,Active
ACC20403,CUST12130,Salary,2022-06-01,25664.29,Active
ACC20404,CUST14054,Savings,2023-07-30,24160.19,Dormant
ACC20405,CUST10340,Premium Savings,2024-07-14,95527.85,Active
ACC20406,CUST13893,Salary,2023-05-13,152448.73,Active
ACC20407,CUST14200,Savings,2022-09-26,3803.52,Active
ACC20408,CUST14843,Premium Savings,2025-02-26,34276.86,Active
ACC20409,CUST10862,Savings,2021-05-30,36392.31,Dormant
ACC20410,CUST11408,Savings,2021-12-22,63792.28,Active
ACC20411,CUST14904,Current,2026-07-09,60251.95,Active
ACC20412,CUST12782,Current,2025-11-22,56592.2,Active
ACC20413,CUST13915,Premium Savings,2025-02-15,66823.72,Active
ACC20414,CUST13838,Savings,2026-05-16,36457.38,Active
ACC20415,CUST11703,Savings,2022-08-21,24169.49,Active
ACC20416,CUST11226,Salary,2023-06-24,128708.82,Active
ACC20417,CUST10445,Savings,2022-04-06,198987.84,Active
ACC20418,CUST12980,Current,2025-01-18,37615.91,Active
ACC20419,CUST11199,Savings,2026-01-07,379630.26,Active
ACC20420,CUST11727,Salary,2022-09-06,103133.1,Active
ACC20421,CUST14690,Current,2024-11-28,49969.28,Active
ACC20422,CUST13521,Savings,2024-12-23,26529.0,Closed
ACC20423,CUST12579,Current,2022-07-03,73815.26,Active
ACC20424,CUST11663,Premium Savings,2023-12-10,22876.73,Active
ACC20425,CUST14369,Savings,2022-01-30,34938.66,Active
ACC20426,CUST14001,Current,2024-12-15,13551.32,Active
ACC20427,CUST10488,Savings,2024-11-02,125539.72,Active
ACC20428,CUST11382,Savings,2024-09-30,41144.07,Active
ACC20429,CUST12728,Savings,2026-02-14,43993.27,Active
ACC20430,CUST13394,Current,2024-04-11,41534.02,Active
ACC20431,CUST10745,Salary,2022-12-08,43235.25,Active
ACC20432,CUST12420,Savings,2023-08-03,49098.71,Active
ACC20433,CUST14991,Current,2021-10-17,172670.87,Active
ACC20434,CUST13010,Savings,2021-10-30,79817.24,Active
ACC20435,CUST14902,Savings,2025-12-07,83647.11,Active
ACC20436,CUST14771,Current,2024-01-01,2589.57,Active
ACC20437,CUST11734,Salary,2022-11-05,15662.43,Active
ACC20438,CUST12756,Premium Savings,2023-12-27,87578.44,Active
ACC20439,CUST11432,Savings,2022-10-01,36547.42,Active
ACC20440,CUST14133,Salary,2024-09-01,27420.52,Active
ACC20441,CUST13037,Current,2024-12-26,28867.9,Inactive
ACC20442,CUST10762,Premium Savings,2025-01-04,40284.37,Active
ACC20443,CUST10222,Savings,2023-07-07,40879.39,Active
ACC20444,CUST11382,Savings,2026-02-14,92329.18,Inactive
ACC20445,CUST10362,Premium Savings,2024-06-13,165350.98,Dormant
ACC20446,CUST10923,Savings,2021-05-26,59180.42,Active
ACC20447,CUST14055,Current,2026-01-04,79685.08,Active
ACC20448,CUST12754,Savings,2021-11-29,171487.35,Active
ACC20449,CUST13420,Savings,2021-04-30,287125.64,Active
ACC20450,CUST11263,Salary,2021-09-11,14489.13,Active
ACC20451,CUST13585,Premium Savings,2025-11-07,38093.55,Active
ACC20452,CUST13499,Savings,2022-12-17,135703.77,Active
ACC20453,CUST13526,Savings,2021-05-28,37636.59,Inactive
ACC20454,CUST10128,Current,2025-02-09,16698.12,Active
ACC20455,CUST12418,Current,2024-08-13,14544.47,Active
ACC20456,CUST13892,Savings,2023-10-09,9946.65,Inactive
ACC20457,CUST13972,Savings,2023-11-21,26587.5,Inactive
ACC20458,CUST11094,Savings,2024-12-18,453265.06,Dormant
ACC20459,CUST14152,Savings,2023-09-21,15985.84,Active
ACC20460,CUST12682,Premium Savings,2024-01-04,87057.74,Active
ACC20461,CUST12869,Savings,2025-09-11,22741.77,Active
ACC20462,CUST13888,Savings,2023-06-10,375003.83,Dormant
ACC20463,CUST10697,Salary,2024-06-05,29385.67,Active
ACC20464,CUST10585,Savings,2023-08-12,4743.63,Active
ACC20465,CUST12370,Savings,2026-01-16,16868.27,Active
ACC20466,CUST12438,Savings,2022-11-08,45608.63,Active
ACC20467,CUST14962,Savings,2025-04-15,122313.29,Active
ACC20468,CUST12595,Savings,2025-01-31,8392.38,Active
ACC20469,CUST13298,Premium Savings,2021-05-05,58070.71,Active
ACC20470,CUST14970,Savings,2023-08-07,18374.68,Inactive
ACC20471,CUST13230,Savings,2025-02-15,44668.07,Dormant
ACC20472,CUST13231,Savings,2022-02-09,147540.35,Active
ACC20473,CUST11943,Premium Savings,2021-08-13,51106.62,Active
ACC20474,CUST11129,Savings,2025-06-13,113597.84,Active
ACC20475,CUST12848,Savings,2024-01-12,14089.21,Active
ACC20476,CUST13328,Current,2025-02-25,38080.62,Active
ACC20477,CUST10805,Current,2025-07-18,12314.77,Active
ACC20479,CUST13907,Savings,2023-06-20,65759.08,Active
ACC20480,CUST11420,Savings,2025-11-20,89097.52,Closed
ACC20481,CUST14941,Savings,2024-02-25,73499.36,Active
ACC20482,CUST14866,Savings,2021-01-04,58662.02,Dormant
ACC20483,CUST12057,Savings,2021-07-21,46656.57,Active
ACC20484,CUST12335,Current,2025-09-21,63257.54,Active
ACC20485,CUST12344,Savings,2023-09-21,54931.44,Active
ACC20486,CUST11332,Savings,2022-05-16,119613.36,Active
ACC20487,CUST12213,Salary,2024-09-03,45323.46,Dormant
ACC20488,CUST13028,Salary,2024-10-02,166140.41,Active
ACC20489,CUST10099,Savings,2022-04-23,98438.37,Active
ACC20490,CUST11997,Savings,2021-01-04,29858.52,Active
ACC20491,CUST11846,Current,2026-08-02,102772.54,Active
ACC20492,CUST11029,Savings,2024-06-25,9780.97,Active
ACC20493,CUST14906,Savings,2026-05-13,6650.84,Active
ACC20494,CUST10289,Current,2025-04-30,31820.04,Active
ACC20495,CUST10047,Premium Savings,2022-06-09,124926.58,Active
ACC20496,CUST10179,Savings,2025-12-19,23219.17,Active
ACC20497,CUST12639,Savings,2021-01-08,7138.85,Active
ACC20498,CUST11871,Savings,2025-03-09,91501.17,Active
ACC20499,CUST14190,Premium Savings,2024-10-04,280079.65,Active
ACC20500,CUST12698,Salary,2024-11-11,33518.37,Inactive
ACC20501,CUST10779,Premium Savings,2025-01-24,37068.04,Closed
ACC20502,CUST11300,Savings,2025-09-22,28178.97,Active
ACC20503,CUST10194,Savings,2023-12-07,45249.49,Active
ACC20504,CUST14141,Salary,2025-03-27,16951.7,Active
ACC20505,CUST10805,Savings,2021-08-02,52054.29,Active
ACC20506,CUST12096,Savings,2024-09-29,16510.48,Active
ACC20507,CUST13322,Salary,2023-06-24,111396.36,Active
ACC20508,CUST10587,Savings,2023-04-18,45249.49,Active
ACC20509,CUST10689,Current,2021-09-24,23473.77,Active
ACC20510,CUST13969,Savings,2026-01-22,137341.4,Active
ACC20511,CUST13701,Savings,2024-01-02,22298.45,Active
ACC20512,CUST12390,Current,2021-11-13,46510.94,Active
ACC20513,CUST10039,Premium Savings,2021-09-28,139756.2,Active
ACC20514,CUST10980,Savings,2022-05-06,41762.79,Active
ACC20515,CUST10249,Current,2021-10-10,91856.69,Active
ACC20516,CUST14456,Current,2023-03-28,87441.01,Active
ACC20517,CUST14712,Savings,2022-09-12,78703.11,Active
ACC20518,CUST12269,Savings,2026-02-16,17658.49,Dormant
ACC20519,CUST13608,Savings,2022-08-27,27711.27,Active
ACC20520,CUST14932,Savings,2024-04-28,16607.76,Active
ACC20521,CUST10786,Salary,2023-04-15,42196.7,Active
ACC20522,CUST12338,Premium Savings,2022-01-14,46201.41,Active
ACC20523,CUST12496,Salary,2026-06-11,81198.93,Active
ACC20524,CUST14522,Salary,2022-03-31,133401.14,Active
ACC20525,CUST14453,Savings,2022-03-19,95992.83,Active
ACC20526,CUST13543,Savings,2026-02-24,19380.58,Active
ACC20527,CUST12902,Savings,2022-04-15,130181.89,Active
ACC20528,CUST14337,Salary,2024-02-21,45249.49,Active
ACC20529,CUST14549,Savings,2023-02-01,82137.7,Dormant
ACC20530,CUST10856,Salary,2026-02-02,26737.29,Inactive
ACC20531,CUST11236,Current,2025-09-16,61061.6,Active
ACC20532,CUST13803,Savings,2025-10-01,20369.21,Active
ACC20533,CUST11065,Savings,2023-08-19,63503.85,Active
ACC20534,CUST13612,Premium Savings,2024-08-01,15078.86,Active
ACC20535,CUST11599,Current,2022-02-19,111614.43,Dormant
ACC20536,CUST12944,Savings,2023-04-09,168963.32,Active
ACC20537,CUST13390,Savings,2023-04-15,35005.77,Active
ACC20538,CUST13983,Current,2025-02-22,112421.51,Dormant
ACC20539,CUST12380,Savings,2025-01-24,375971.7,Active
ACC20540,CUST13433,Savings,2023-07-17,115043.64,Active
ACC20541,CUST11743,Premium Savings,2026-05-12,30962.63,Dormant
ACC20542,CUST10321,Savings,2025-06-30,13846.03,Dormant
ACC20543,CUST12229,Current,2026-01-22,26945.25,Active
ACC20544,CUST14489,Savings,2024-04-14,109167.32,Active
ACC20545,CUST10983,Savings,2021-03-28,234761.52,Active
ACC20546,CUST13763,Savings,2026-04-22,35351.35,Active
ACC20547,CUST11136,Savings,2023-01-24,140582.43,Dormant
ACC20548,CUST13228,Salary,2022-12-13,55125.61,Active
ACC20549,CUST10497,Salary,2022-11-19,155307.19,Active
ACC20550,CUST10479,Savings,2021-11-19,67868.6,Active
ACC20551,CUST10648,Savings,2023-07-17,94061.42,Active
ACC20552,CUST13650,Savings,2023-08-07,30819.96,Inactive
ACC20553,CUST13433,Savings,2023-08-08,93126.27,Inactive
ACC20554,CUST11051,Savings,2022-10-10,66147.99,Inactive
ACC20555,CUST10170,Savings,2022-11-29,90535.78,Active
ACC20556,CUST10041,Salary,2022-11-02,96800.27,Inactive
ACC20557,CUST12160,Current,2021-09-07,27933.87,Closed
ACC20558,CUST13193,Current,2022-06-24,91167.65,Active
ACC20559,CUST12797,Savings,2021-05-02,68727.96,Active
ACC20560,CUST14328,Savings,2025-11-15,178676.73,Inactive
ACC20561,CUST11055,Savings,2021-10-16,6658.55,Active
ACC20562,CUST12899,Salary,2026-03-20,13498.57,Dormant
ACC20563,CUST13303,Salary,2023-02-25,25673.62,Closed
ACC20564,CUST13941,Savings,2022-10-02,45088.79,Active
ACC20565,CUST14689,Savings,2022-12-13,28834.17,Active
ACC20566,CUST11161,Salary,2025-10-14,9940.21,Active
ACC20567,CUST10694,Premium Savings,2023-08-31,13742.47,Active
ACC20568,CUST11709,Savings,2026-04-02,38445.16,Active
ACC20569,CUST10526,Salary,2025-12-07,38206.29,Dormant
ACC20570,CUST11953,Savings,2022-08-02,37466.95,Active
ACC20571,CUST10945,Salary,2022-09-09,57829.07,Active
ACC20572,CUST12693,Current,2024-10-19,29009.9,Active
ACC20573,CUST14080,Premium Savings,2022-01-03,167029.55,Dormant
ACC20574,CUST14235,Savings,2023-05-28,17623.68,Active
ACC20575,CUST14966,Current,2023-07-07,30944.25,Active
ACC20576,CUST10630,Salary,2022-09-08,30834.56,Closed
ACC20577,CUST14862,Savings,2022-06-07,29585.87,Active
ACC20578,CUST12736,Salary,2024-01-24,220492.68,Dormant
ACC20579,CUST13064,Savings,2023-03-01,104789.47,Active
ACC20580,CUST10064,Savings,2023-02-06,21710.13,Dormant
ACC20581,CUST10966,Savings,2023-08-05,65795.99,Active
ACC20582,CUST11242,Premium Savings,2022-03-30,58627.59,Active
ACC20583,CUST13050,Current,2025-01-10,13943.42,Active
ACC20584,CUST12769,Current,2021-12-14,52203.36,Active
ACC20585,CUST10882,Savings,2026-06-05,21037.66,Active
ACC20586,CUST11288,Salary,2022-12-21,12630.42,Active
ACC20587,CUST13080,Premium Savings,2024-06-26,11658.44,Active
ACC20588,CUST13124,Salary,2021-09-01,27171.96,Active
ACC20589,CUST12505,Savings,2024-05-04,49893.09,Active
ACC20590,CUST10369,Savings,2023-03-03,160586.68,Active
ACC20591,CUST13658,Savings,2023-02-14,45581.76,Active
ACC20592,CUST13778,Savings,2023-06-08,101911.22,Active
ACC20593,CUST11223,Savings,2026-02-11,11534.73,Dormant
ACC20594,CUST13419,Salary,2021-04-18,56411.11,Active
ACC20595,CUST12553,Savings,2025-08-11,60092.17,Dormant
ACC20596,CUST10847,Current,2025-04-20,81610.62,Active
ACC20597,CUST11236,Savings,2025-08-18,77668.71,Active
ACC20598,CUST13015,Current,2021-04-03,93385.17,Active
ACC20599,CUST11926,Salary,2024-06-11,5339.5,Active
ACC20600,CUST11730,Savings,2021-02-06,43574.86,Active
ACC20601,CUST11830,Savings,2024-09-16,90511.09,Active
ACC20602,CUST13817,Salary,2025-06-14,189959.73,Dormant
ACC20603,CUST13354,Savings,2025-10-06,31778.4,Active
ACC20604,CUST10858,Current,2026-07-17,141153.43,Active
ACC20605,CUST11611,Savings,2024-05-02,39095.29,Dormant
ACC20606,CUST14928,Current,2023-04-05,66118.51,Active
ACC20607,CUST14650,Premium Savings,2021-05-05,55766.46,Active
ACC20608,CUST11675,Savings,2025-08-22,27759.62,Active
ACC20609,CUST14767,Salary,2022-06-25,20592.19,Active
ACC20610,CUST14160,Savings,2021-11-14,46216.53,Active
ACC20611,CUST10370,Savings,2021-11-30,104659.46,Active
ACC20612,CUST14027,Savings,2026-06-11,148371.35,Active
ACC20613,CUST11768,Current,2021-12-02,36436.15,Active
ACC20614,CUST12896,Salary,2025-01-17,14002.96,Active
ACC20615,CUST10173,Salary,2022-01-30,19819.14,Active
ACC20616,CUST14683,Savings,2021-07-05,40276.54,Active
ACC20617,CUST10361,Current,2025-05-24,14936.57,Inactive
ACC20618,CUST13553,Savings,2024-03-07,22492.7,Dormant
ACC20619,CUST14473,Savings,2026-05-10,35946.63,Active
ACC20620,CUST13212,Current,2024-03-13,105715.25,Active
ACC20621,CUST14126,Salary,2021-06-02,22176.65,Active
ACC20622,CUST13700,Salary,2022-01-18,43685.18,Dormant
ACC20623,CUST13489,Current,2024-01-17,27487.19,Active
ACC20624,CUST10738,Current,2021-01-02,62152.78,Active
ACC20625,CUST14198,Current,2026-01-14,89370.54,Active
ACC20626,CUST13484,Savings,2023-07-26,35111.07,Active
ACC20627,CUST14882,Savings,2026-02-27,53436.16,Active
ACC20628,CUST13617,Savings,2022-09-22,17522.58,Active
ACC20629,CUST13999,Salary,2026-01-18,24045.93,Active
ACC20630,CUST13383,Savings,2024-10-30,47752.87,Active
ACC20631,CUST10099,Salary,2024-07-13,435879.88,Active
ACC20633,CUST10773,Savings,2025-06-29,80980.27,Active
ACC20634,CUST13238,Savings,2022-05-12,59396.17,Active
ACC20635,CUST11478,Savings,2021-04-04,33080.82,Active
ACC20636,CUST12666,Current,2023-12-21,50241.0,Active
ACC20637,CUST11189,Current,2024-11-14,17740.87,Active
ACC20638,CUST11972,Salary,2021-10-21,70117.54,Active
ACC20639,CUST10845,Savings,2023-12-06,68052.06,Active
ACC20640,CUST11443,Savings,2023-11-05,157802.38,Active
ACC20641,CUST10059,Savings,2023-04-15,16162.29,Active
ACC20642,CUST11736,Savings,2022-12-12,9130.23,Inactive
ACC20643,CUST13259,Salary,2025-10-01,144175.37,Active
ACC20644,CUST10727,Savings,2025-03-01,58034.23,Active
ACC20645,CUST12664,Current,2025-02-01,54165.13,Active
ACC20646,CUST10628,Premium Savings,2024-08-17,54217.41,Active
ACC20647,CUST14583,Savings,2024-04-25,21306.2,Active
ACC20649,CUST10704,Savings,2024-05-19,46441.83,Inactive
ACC20650,CUST11580,Savings,2024-07-21,33309.94,Active
ACC20651,CUST14598,Savings,2026-04-27,13302.33,Active
ACC20652,CUST13521,Savings,2022-09-15,7676.99,Active
ACC20653,CUST14835,Savings,2026-04-03,57219.02,Active
ACC20654,CUST10841,Premium Savings,2023-09-30,170802.4,Active
ACC20655,CUST10138,Savings,2024-08-18,21605.53,Active
ACC20656,CUST14614,Salary,2025-12-29,29295.11,Active
ACC20657,CUST13200,Premium Savings,2023-05-08,114254.41,Active
ACC20658,CUST10823,Premium Savings,2024-05-24,13684.25,Active
ACC20660,CUST11596,Savings,2026-06-06,62570.71,Active
ACC20661,CUST11099,Savings,2024-06-17,9611.84,Active
ACC20662,CUST12795,Premium Savings,2024-08-12,55030.06,Active
ACC20663,CUST14952,Savings,2022-03-19,33501.42,Active
ACC20664,CUST12312,Savings,2021-11-27,222750.62,Active
ACC20665,CUST10124,Savings,2026-08-12,34457.95,Active
ACC20666,CUST10881,Savings,2026-07-06,24855.91,Active
ACC20667,CUST13128,Savings,2025-04-25,8644.37,Active
ACC20668,CUST10109,Current,2021-12-25,53443.37,Dormant
ACC20669,CUST10205,Current,2024-03-25,86348.82,Active
ACC20670,CUST13159,Current,2022-10-21,64097.48,Active
ACC20671,CUST10711,Salary,2021-03-22,64257.6,Active
ACC20672,CUST10303,Savings,2023-11-15,7333.81,Active
ACC20673,CUST12981,Savings,2025-08-28,34204.11,Active
ACC20674,CUST11075,Premium Savings,2022-07-03,163598.17,Active
ACC20675,CUST10386,Salary,2026-02-25,42170.01,Active
ACC20676,CUST13883,Current,2022-05-22,22267.43,Active
ACC20677,CUST14318,Premium Savings,2022-12-14,72117.26,Active
ACC20678,CUST14923,Salary,2023-12-23,38642.2,Active
ACC20679,CUST11275,Salary,2024-03-18,128713.32,Dormant
ACC20680,CUST12886,Current,2023-09-14,89935.24,Dormant
ACC20681,CUST11806,Savings,2024-11-13,13522.45,Dormant
ACC20682,CUST12069,Savings,2022-10-06,89394.19,Active
ACC20683,CUST12815,Salary,2022-01-17,49937.64,Closed
ACC20684,CUST11181,Current,2022-06-04,374212.56,Active
ACC20685,CUST12243,Savings,2026-03-26,120697.08,Active
ACC20686,CUST11228,Savings,2024-12-25,47762.69,Active
ACC20687,CUST14719,Salary,2022-05-15,20856.62,Active
ACC20688,CUST10788,Savings,2023-03-20,42359.92,Active
ACC20689,CUST11342,Savings,2025-06-29,42683.05,Active
ACC20690,CUST13047,Savings,2025-02-16,72008.45,Active
ACC20691,CUST13537,Savings,2021-06-05,58668.6,Active
ACC20692,CUST11720,Current,2023-02-07,46377.14,Inactive
ACC20693,CUST10431,Premium Savings,2025-04-04,103164.25,Dormant
ACC20694,CUST10201,Current,2024-01-19,9207.64,Active
ACC20695,CUST10719,Current,2022-03-12,137344.57,Active
ACC20696,CUST11490,Savings,2024-11-08,308711.87,Active
ACC20697,CUST10145,Savings,2022-09-12,7239.67,Dormant
ACC20698,CUST10006,Savings,2021-02-20,218102.89,Active
ACC20699,CUST14015,Salary,2024-10-26,60518.51,Closed
ACC20701,CUST10896,Savings,2025-09-29,12968.71,Active
ACC20702,CUST14104,Current,2026-06-16,26212.8,Active
ACC20703,CUST12047,Savings,2026-06-20,118248.59,Inactive
ACC20704,CUST10616,Savings,2025-10-07,39286.53,Inactive
ACC20705,CUST11233,Savings,2025-03-11,45029.96,Active
ACC20706,CUST13953,Savings,2021-03-19,57953.95,Active
ACC20707,CUST12678,Savings,2023-04-25,45617.89,Active
ACC20708,CUST11246,Premium Savings,2021-05-26,99561.01,Active
ACC20709,CUST13995,Savings,2024-11-28,45249.49,Active
ACC20710,CUST14467,Savings,2024-06-25,24359.05,Active
ACC20711,CUST12090,Savings,2021-10-11,14752.87,Active
ACC20712,CUST14492,Savings,2022-05-27,19215.08,Dormant
ACC20714,CUST14495,Savings,2023-05-27,66751.05,Active
ACC20715,CUST11156,Current,2025-01-22,41134.38,Active
ACC20716,CUST11057,Savings,2025-07-03,70348.88,Inactive
ACC20717,CUST14370,Savings,2023-12-01,2870.6,Active
ACC20718,CUST12636,Savings,2023-08-23,18539.32,Dormant
ACC20719,CUST13966,Savings,2022-11-13,10885.68,Active
ACC20720,CUST14663,Salary,2025-08-15,7894.58,Closed
ACC20721,CUST12741,Savings,2025-12-24,21292.26,Active
ACC20722,CUST12512,Savings,2026-04-16,52309.64,Active
ACC20723,CUST11637,Current,2025-11-19,78065.4,Active
ACC20724,CUST12810,Savings,2023-08-06,91610.12,Active
ACC20725,CUST12127,Current,2022-01-17,9651.29,Active
ACC20726,CUST12132,Savings,2022-08-05,134964.62,Active
ACC20727,CUST10527,Savings,2021-09-27,53424.55,Active
ACC20728,CUST12962,Current,2022-05-03,42072.16,Active
ACC20729,CUST12352,Savings,2022-03-22,43882.97,Active
ACC20730,CUST11599,Salary,2021-10-03,20271.0,Active
ACC20731,CUST10394,Savings,2022-12-09,125372.85,Active
ACC20732,CUST14977,Savings,2021-05-03,25805.3,Dormant
ACC20733,CUST12300,Current,2025-09-09,3469.47,Active
ACC20734,CUST12495,Salary,2021-04-12,92850.02,Active
ACC20735,CUST10027,Savings,2026-08-01,12818.02,Active
ACC20736,CUST11204,Current,2021-10-11,83561.17,Dormant
ACC20737,CUST13549,Savings,2022-01-19,99105.1,Active
ACC20738,CUST14932,Savings,2023-08-02,19228.82,Dormant
ACC20739,CUST13266,Current,2024-11-29,35259.55,Active
ACC20740,CUST11113,Savings,2023-12-18,100467.67,Active
ACC20741,CUST14695,Savings,2025-11-26,101007.2,Active
ACC20742,CUST13031,Savings,2021-08-23,102662.81,Active
ACC20743,CUST11305,Salary,2023-08-05,37736.86,Active
ACC20744,CUST14703,Salary,2023-12-31,21743.47,Active
ACC20745,CUST12700,Salary,2023-07-06,107533.95,Active
ACC20746,CUST14396,Premium Savings,2025-08-04,17910.54,Active
ACC20747,CUST12237,Savings,2023-06-15,26146.74,Active
ACC20748,CUST14019,Current,2025-12-21,41155.97,Active
ACC20749,CUST12913,Savings,2024-03-09,41823.85,Inactive
ACC20750,CUST12350,Current,2022-10-06,170824.63,Active
ACC20751,CUST12833,Savings,2021-10-08,105343.26,Active
ACC20752,CUST14805,Salary,2024-01-22,42710.31,Active
ACC20753,CUST12085,Savings,2026-04-07,78083.51,Active
ACC20754,CUST11859,Savings,2026-03-06,84128.99,Dormant
ACC20755,CUST10952,Savings,2021-10-03,113569.28,Active
ACC20756,CUST12325,Savings,2022-06-02,8061.92,Active
ACC20757,CUST14345,Savings,2022-04-17,26734.84,Inactive
ACC20758,CUST12361,Savings,2024-02-29,28226.66,Active
ACC20759,CUST10211,Salary,2026-05-24,113326.73,Active
ACC20760,CUST13505,Current,2022-10-24,21843.42,Active
ACC20761,CUST13184,Savings,2023-02-20,18362.26,Active
ACC20762,CUST10146,Savings,2021-08-01,20505.05,Active
ACC20763,CUST14977,Savings,2022-05-11,82706.26,Active
ACC20764,CUST14889,Savings,2024-04-02,62626.68,Dormant
ACC20765,CUST12353,Premium Savings,2023-02-24,25640.81,Active
ACC20766,CUST12802,Savings,2022-10-12,82389.24,Active
ACC20767,CUST13635,Savings,2024-03-27,343275.72,Inactive
ACC20768,CUST14005,Savings,2025-08-26,26848.82,Active
ACC20769,CUST13563,Current,2022-10-27,45249.49,Active
ACC20770,CUST12485,Savings,2022-08-03,24127.82,Active
ACC20771,CUST14369,Savings,2024-11-19,453315.51,Dormant
ACC20772,CUST11576,Current,2022-12-14,64576.4,Active
ACC20773,CUST13380,Savings,2025-02-22,47310.97,Active
ACC20774,CUST11626,Savings,2025-08-16,176469.31,Dormant
ACC20775,CUST10006,Savings,2022-10-09,61693.42,Active
ACC20776,CUST10874,Savings,2024-10-29,8146.83,Active
ACC20777,CUST14218,Premium Savings,2023-05-08,33008.41,Active
ACC20778,CUST12726,Savings,2025-06-21,8735.91,Dormant
ACC20779,CUST10576,Premium Savings,2026-01-08,97208.15,Closed
ACC20780,CUST11826,Current,2022-01-27,46448.45,Active
ACC20781,CUST10366,Savings,2026-04-03,146377.01,Active
ACC20782,CUST11046,Current,2023-05-09,65294.83,Active
ACC20783,CUST14462,Salary,2025-09-26,403278.97,Active
ACC20784,CUST14791,Salary,2025-01-10,20866.41,Inactive
ACC20785,CUST14346,Savings,2023-05-30,31189.68,Active
ACC20786,CUST12743,Savings,2024-10-01,35639.04,Active
ACC20787,CUST14672,Savings,2023-11-12,34180.75,Active
ACC20788,CUST14645,Premium Savings,2025-08-11,78028.86,Active
ACC20789,CUST12912,Salary,2022-03-23,104760.3,Active
ACC20790,CUST13109,Savings,2022-04-29,55920.76,Active
ACC20791,CUST13405,Premium Savings,2024-01-31,61588.72,Active
ACC20792,CUST13929,Savings,2026-08-09,102000.72,Active
ACC20793,CUST11543,Savings,2022-03-22,37537.7,Active
ACC20794,CUST13091,Savings,2022-02-08,47818.09,Active
ACC20795,CUST14787,Savings,2022-02-01,286549.94,Active
ACC20796,CUST12729,Current,2025-08-24,117994.17,Active
ACC20797,CUST13981,Current,2023-05-12,14083.62,Active
ACC20798,CUST13682,Savings,2021-12-21,17425.48,Active
ACC20799,CUST12236,Savings,2022-11-07,33144.73,Active
ACC20800,CUST10029,Savings,2026-05-11,78007.66,Active
ACC20801,CUST12742,Savings,2022-10-09,19592.73,Active
ACC20802,CUST14558,Savings,2026-06-03,31178.27,Active
ACC20803,CUST10406,Salary,2021-09-28,164718.13,Active
ACC20804,CUST11643,Current,2023-12-31,5365.56,Active
ACC20805,CUST12299,Savings,2022-02-18,29652.81,Active
ACC20806,CUST10844,Premium Savings,2024-10-17,174637.91,Active
ACC20807,CUST11157,Savings,2022-03-07,52297.37,Closed
ACC20808,CUST10659,Savings,2022-03-24,38518.64,Active
ACC20809,CUST13673,Savings,2024-04-10,11698.34,Active
ACC20810,CUST11906,Savings,2025-08-30,47297.05,Active
ACC20811,CUST14942,Savings,2022-12-06,42832.03,Active
ACC20812,CUST14440,Savings,2023-03-04,60269.18,Active
ACC20813,CUST11470,Savings,2024-10-06,89755.14,Dormant
ACC20814,CUST13297,Savings,2025-07-02,21999.13,Inactive
ACC20815,CUST13683,Savings,2021-09-13,78434.08,Active
ACC20816,CUST13730,Savings,2024-10-14,31786.28,Inactive
ACC20817,CUST11582,Salary,2024-11-20,58828.7,Dormant
ACC20818,CUST14197,Savings,2022-05-08,25516.58,Active
ACC20819,CUST10661,Savings,2022-08-06,14550.88,Active
ACC20820,CUST10153,Savings,2022-02-11,31190.59,Closed
ACC20821,CUST14292,Salary,2023-01-31,30231.67,Inactive
ACC20822,CUST14355,Current,2026-01-04,28081.36,Dormant
ACC20823,CUST11969,Savings,2023-10-19,66700.59,Active
ACC20824,CUST12431,Current,2025-11-01,291353.45,Active
ACC20825,CUST14401,Savings,2022-02-19,145228.69,Active
ACC20826,CUST10414,Savings,2026-06-14,97531.84,Active
ACC20827,CUST10383,Savings,2025-11-18,18107.3,Active
ACC20828,CUST12413,Savings,2021-12-08,13855.73,Active
ACC20829,CUST12995,Savings,2021-09-03,100210.55,Inactive
ACC20830,CUST12195,Premium Savings,2021-10-16,284237.29,Active
ACC20831,CUST11372,Current,2022-06-30,73612.15,Active
ACC20832,CUST10376,Current,2024-04-05,16833.68,Active
ACC20833,CUST13820,Premium Savings,2024-09-07,71091.38,Active
ACC20834,CUST12477,Current,2021-05-08,196234.37,Active
ACC20835,CUST14125,Current,2023-07-06,11513.08,Active
ACC20836,CUST14240,Savings,2023-12-26,45048.09,Closed
ACC20837,CUST11870,Savings,2024-12-09,5887.28,Inactive
ACC20838,CUST13846,Current,2022-01-22,880.56,Inactive
ACC20839,CUST12046,Savings,2023-08-13,45249.49,Active
ACC20840,CUST12292,Salary,2024-05-28,11031.04,Closed
ACC20841,CUST10205,Savings,2026-08-07,16081.64,Active
ACC20842,CUST13255,Savings,2025-10-30,8834.33,Dormant
ACC20843,CUST10881,Salary,2023-09-18,48640.32,Dormant
ACC20844,CUST10218,Savings,2025-04-04,152905.58,Active
ACC20845,CUST12303,Premium Savings,2025-05-01,41393.75,Active
ACC20846,CUST12634,Savings,2023-10-01,35813.79,Active
ACC20847,CUST13847,Savings,2022-01-01,26231.5,Active
ACC20848,CUST14052,Savings,2023-02-02,143300.63,Active
ACC20849,CUST13825,Savings,2021-01-23,17070.79,Active
ACC20850,CUST10710,Savings,2023-09-09,166338.48,Inactive
ACC20851,CUST11945,Salary,2021-11-04,21933.52,Active
ACC20852,CUST13983,Savings,2023-12-19,22149.22,Closed
ACC20853,CUST12517,Current,2023-12-25,24809.41,Active
ACC20854,CUST11391,Current,2025-03-30,38496.32,Active
ACC20855,CUST12073,Savings,2024-06-27,29902.31,Active
ACC20856,CUST10111,Salary,2022-04-15,46561.69,Active
ACC20857,CUST13135,Savings,2021-12-20,38745.61,Active
ACC20858,CUST13870,Savings,2021-02-12,10644.58,Active
ACC20859,CUST10183,Salary,2024-02-09,77687.24,Active
ACC20860,CUST12506,Savings,2024-12-08,64104.18,Active
ACC20861,CUST11629,Savings,2023-07-19,281408.32,Active
ACC20862,CUST11300,Savings,2021-10-28,45249.49,Active
ACC20863,CUST14579,Savings,2022-06-06,24533.8,Active
ACC20864,CUST12849,Savings,2025-01-28,15293.68,Active
ACC20865,CUST12852,Savings,2026-03-04,60326.89,Active
ACC20866,CUST10249,Salary,2026-05-17,26624.47,Active
ACC20867,CUST11210,Salary,2025-06-25,92043.59,Active
ACC20868,CUST13967,Savings,2022-04-11,42146.79,Active
ACC20869,CUST12097,Savings,2021-01-26,45249.49,Active
ACC20870,CUST12403,Salary,2022-02-21,1119303.41,Active
ACC20871,CUST11745,Savings,2025-09-10,618224.15,Active
ACC20873,CUST12067,Savings,2021-01-02,39472.51,Active
ACC20874,CUST14960,Premium Savings,2022-05-10,25208.14,Active
ACC20875,CUST11593,Current,2021-05-10,24695.09,Active
ACC20876,CUST12919,Savings,2025-07-12,97345.85,Active
ACC20877,CUST12569,Salary,2021-09-29,24296.56,Active
ACC20878,CUST11027,Salary,2023-08-17,24767.44,Active
ACC20879,CUST13246,Current,2023-01-10,68604.29,Active
ACC20880,CUST14899,Savings,2025-05-25,250360.88,Active
ACC20881,CUST10707,Salary,2024-12-05,107539.47,Active
ACC20882,CUST13017,Savings,2025-05-01,27449.89,Active
ACC20883,CUST13393,Savings,2025-09-29,40306.68,Active
ACC20884,CUST11291,Savings,2021-01-27,81956.38,Active
ACC20885,CUST14782,Savings,2025-05-03,7876.88,Dormant
ACC20886,CUST14979,Savings,2021-06-28,35240.1,Active
ACC20887,CUST12292,Savings,2024-12-09,79704.96,Active
ACC20888,CUST13880,Savings,2022-05-14,219362.05,Active
ACC20889,CUST14951,Savings,2022-02-12,45038.64,Active
ACC20890,CUST12637,Salary,2023-05-21,108003.84,Active
ACC20891,CUST12039,Savings,2023-02-06,57356.03,Active
ACC20892,CUST14926,Savings,2024-04-19,115238.56,Active
ACC20893,CUST13686,Savings,2023-04-07,368639.79,Active
ACC20894,CUST12220,Savings,2021-08-18,116238.53,Active
ACC20895,CUST12226,Premium Savings,2025-09-28,32274.34,Active
ACC20896,CUST13462,Salary,2024-04-15,389448.77,Active
ACC20897,CUST14261,Salary,2024-09-09,25139.88,Active
ACC20898,CUST13027,Savings,2026-07-18,106647.38,Closed
ACC20899,CUST13040,Current,2021-10-04,23332.98,Active
ACC20900,CUST13107,Savings,2022-05-22,18708.64,Closed
ACC20901,CUST10240,Salary,2021-12-07,7465.43,Dormant
ACC20902,CUST12970,Current,2024-08-09,41066.56,Active
ACC20903,CUST12684,Savings,2026-07-12,34255.35,Active
ACC20904,CUST12582,Premium Savings,2025-06-28,25435.47,Active
ACC20905,CUST14946,Salary,2022-10-18,207886.06,Active
ACC20906,CUST12106,Current,2026-01-24,52718.92,Active
ACC20907,CUST12453,Savings,2023-07-06,32505.43,Active
ACC20908,CUST13398,Savings,2022-10-11,52725.52,Dormant
ACC20909,CUST11418,Savings,2022-04-11,278846.46,Active
ACC20910,CUST14775,Savings,2024-06-27,35070.75,Active
ACC20911,CUST13788,Salary,2022-10-14,51027.77,Inactive
ACC20912,CUST11983,Savings,2022-09-16,12934.83,Active
ACC20913,CUST12197,Premium Savings,2024-12-19,34539.4,Active
ACC20914,CUST13193,Savings,2021-07-11,43989.16,Active
ACC20915,CUST13643,Savings,2025-03-22,6210.61,Closed
ACC20916,CUST11856,Salary,2023-08-06,21889.01,Active
ACC20917,CUST13023,Salary,2026-07-23,207055.05,Active
ACC20918,CUST10262,Savings,2023-09-27,106868.71,Active
ACC20919,CUST10167,Savings,2022-07-29,20429.8,Closed
ACC20920,CUST12210,Savings,2025-12-22,47970.4,Dormant
ACC20921,CUST13172,Salary,2024-11-05,105055.7,Active
ACC20922,CUST13190,Savings,2022-04-30,31151.06,Active
ACC20923,CUST13114,Savings,2024-06-20,75133.46,Active
ACC20924,CUST10420,Savings,2021-01-17,60458.32,Inactive
ACC20925,CUST10836,Salary,2023-06-10,150859.05,Active
ACC20926,CUST13564,Savings,2025-09-03,14162.19,Active
ACC20927,CUST14947,Salary,2021-12-17,5692.92,Active
ACC20928,CUST11075,Savings,2023-01-21,83167.87,Active
ACC20929,CUST10539,Salary,2023-06-16,108813.86,Active
ACC20930,CUST13255,Savings,2022-06-09,80398.29,Active
ACC20931,CUST10669,Savings,2025-11-18,34712.5,Dormant
ACC20932,CUST13149,Premium Savings,2024-10-24,29639.34,Closed
ACC20933,CUST10517,Savings,2023-10-01,71365.95,Inactive
ACC20934,CUST12777,Savings,2023-02-15,86956.3,Active
ACC20935,CUST10981,Current,2024-04-27,70838.05,Closed
ACC20936,CUST10431,Savings,2025-03-04,62255.01,Active
ACC20937,CUST12609,Salary,2024-12-14,11706.31,Inactive
ACC20938,CUST13639,Savings,2023-02-09,37443.61,Inactive
ACC20939,CUST10194,Premium Savings,2021-01-04,21473.52,Dormant
ACC20940,CUST13933,Savings,2024-12-19,54502.71,Dormant
ACC20941,CUST14457,Premium Savings,2023-05-29,23502.72,Active
ACC20942,CUST10483,Savings,2024-08-09,46072.29,Active
ACC20943,CUST11291,Savings,2026-02-03,6212.49,Active
ACC20944,CUST14300,Savings,2022-09-09,34619.85,Active
ACC20945,CUST11772,Premium Savings,2021-01-02,45249.49,Active
ACC20946,CUST10639,Premium Savings,2025-04-07,93744.54,Active
ACC20947,CUST12202,Savings,2022-06-18,45249.49,Active
ACC20948,CUST13733,Savings,2021-03-18,414240.56,Active
ACC20949,CUST14438,Savings,2023-07-22,79649.64,Dormant
ACC20950,CUST11624,Savings,2023-03-15,590472.65,Active
ACC20951,CUST14166,Savings,2022-11-22,39815.92,Active
ACC20952,CUST10990,Salary,2025-11-10,40530.1,Inactive
ACC20953,CUST10411,Savings,2021-11-21,19754.49,Dormant
ACC20954,CUST11841,Current,2024-10-02,8129.44,Active
ACC20955,CUST13834,Savings,2021-05-31,36086.86,Active
ACC20956,CUST11362,Premium Savings,2021-05-03,25011.21,Dormant
ACC20957,CUST10906,Savings,2025-01-25,7427.48,Active
ACC20958,CUST13081,Savings,2021-07-12,38588.64,Inactive
ACC20959,CUST14389,Premium Savings,2022-11-02,151671.22,Active
ACC20960,CUST12381,Savings,2021-05-25,51181.26,Active
ACC20961,CUST13687,Current,2024-10-12,25867.51,Active
ACC20962,CUST11198,Salary,2025-01-01,127318.37,Active
ACC20963,CUST14569,Savings,2022-05-04,21723.49,Active
ACC20964,CUST14110,Savings,2026-05-21,22042.44,Active
ACC20965,CUST14584,Savings,2024-04-02,83226.49,Active
ACC20966,CUST14221,Savings,2026-07-09,13632.63,Active
ACC20967,CUST12593,Salary,2026-08-05,53647.22,Active
ACC20968,CUST11804,Salary,2023-10-02,10870.41,Inactive
ACC20969,CUST13392,Premium Savings,2025-10-15,288984.63,Active
ACC20970,CUST14775,Savings,2026-07-04,11041.0,Active
ACC20971,CUST10366,Savings,2024-11-14,8684.72,Active
ACC20972,CUST13815,Savings,2025-08-15,21387.57,Active
ACC20973,CUST13262,Savings,2024-05-13,153958.99,Active
ACC20974,CUST14497,Savings,2023-12-16,32711.29,Dormant
ACC20975,CUST13464,Current,2021-09-29,4420.11,Active
ACC20976,CUST12894,Current,2026-01-19,86680.07,Active
ACC20977,CUST14153,Savings,2021-04-26,30732.56,Active
ACC20978,CUST14526,Savings,2022-06-07,6646.33,Active
ACC20979,CUST12931,Savings,2024-04-11,4705.77,Active
ACC20980,CUST12337,Savings,2021-08-24,61344.34,Inactive
ACC20981,CUST12156,Premium Savings,2022-12-27,20851.52,Inactive
ACC20982,CUST14592,Salary,2024-12-15,15366.96,Inactive
ACC20983,CUST14508,Savings,2023-02-13,90764.76,Active
ACC20984,CUST10897,Savings,2023-01-19,46983.39,Active
ACC20985,CUST11588,Salary,2024-02-12,56814.34,Active
ACC20986,CUST10852,Savings,2023-10-26,74256.35,Active
ACC20987,CUST10166,Premium Savings,2023-05-01,108570.44,Closed
ACC20988,CUST12861,Savings,2021-05-29,88727.43,Active
ACC20989,CUST10589,Savings,2021-08-06,31782.53,Active
ACC20990,CUST14832,Savings,2023-07-07,28860.66,Active
ACC20991,CUST13804,Salary,2022-11-17,33300.53,Active
ACC20992,CUST14238,Salary,2025-05-13,262734.32,Active
ACC20993,CUST11470,Savings,2024-01-24,66074.96,Active
ACC20994,CUST10696,Savings,2022-11-28,32792.46,Active
ACC20995,CUST11180,Premium Savings,2022-01-15,45451.05,Active
ACC20996,CUST13636,Premium Savings,2021-10-19,26975.19,Active
ACC20997,CUST11882,Salary,2024-05-05,34519.53,Active
ACC20998,CUST11968,Current,2024-12-30,78293.4,Active
ACC20999,CUST10703,Salary,2025-12-19,-500.0,Active
ACC21000,CUST12361,Current,2025-10-26,93892.36,Active
ACC21001,CUST12440,Savings,2021-10-07,140432.33,Active
ACC21002,CUST12018,Savings,2021-08-09,52195.9,Active
ACC21003,CUST14217,Current,2024-07-14,30865.25,Active
ACC21004,CUST13179,Salary,2023-10-24,493885.55,Dormant
ACC21005,CUST10514,Salary,2025-04-01,11403.61,Inactive
ACC21006,CUST10526,Savings,2025-03-10,17899.1,Closed
ACC21007,CUST13451,Savings,2021-08-13,58625.43,Active
ACC21008,CUST11491,Salary,2026-07-21,20534.39,Active
ACC21009,CUST12376,Savings,2025-09-02,23667.38,Active
ACC21010,CUST12703,Savings,2025-04-19,48569.76,Active
ACC21011,CUST13053,Savings,2026-05-15,17180.89,Active
ACC21012,CUST12246,Savings,2026-07-18,22250.29,Active
ACC21013,CUST14812,Salary,2022-01-18,46506.35,Closed
ACC21014,CUST11237,Current,2025-02-12,18695.88,Active
ACC21015,CUST13788,Savings,2023-11-19,23685.19,Active
ACC21016,CUST11878,Salary,2024-07-25,38283.4,Active
ACC21017,CUST11599,Current,2024-04-30,37257.87,Active
ACC21018,CUST12849,Savings,2024-10-04,63594.78,Active
ACC21019,CUST12037,Current,2024-12-09,11782.22,Dormant
ACC21020,CUST14674,Savings,2023-06-24,7507.32,Closed
ACC21021,CUST13580,Savings,2025-05-17,67443.92,Active
ACC21022,CUST14956,Current,2023-04-29,9888.77,Closed
ACC21023,CUST11419,Savings,2023-11-29,49180.79,Closed
ACC21024,CUST11591,Savings,2025-12-21,20527.7,Inactive
ACC21025,CUST13099,Savings,2026-06-29,104740.01,Active
ACC21026,CUST12106,Salary,2023-01-14,57081.34,Active
ACC21027,CUST12392,Savings,2021-02-04,113521.15,Active
ACC21028,CUST12203,Savings,2025-07-21,57824.52,Dormant
ACC21029,CUST13630,Premium Savings,2023-11-26,13431.27,Active
ACC21030,CUST14910,Savings,2022-08-26,54576.68,Active
ACC21031,CUST14829,Current,2021-05-09,17668.94,Active
ACC21032,CUST10045,Savings,2023-09-27,4691.98,Active
ACC21033,CUST11368,Salary,2022-03-14,6306.36,Active
ACC21034,CUST13420,Savings,2024-03-30,12907.75,Inactive
ACC21035,CUST12770,Savings,2021-03-15,24197.15,Active
ACC21036,CUST14981,Savings,2021-05-09,115411.73,Active
ACC21037,CUST12222,Savings,2026-06-09,94860.16,Active
ACC21038,CUST14153,Salary,2022-03-05,273045.54,Active
ACC21039,CUST14061,Salary,2021-11-16,23885.76,Active
ACC21040,CUST11370,Current,2025-02-07,179547.34,Inactive
ACC21041,CUST14050,Savings,2022-08-09,39853.04,Active
ACC21042,CUST11806,Salary,2024-06-05,229881.21,Dormant
ACC21043,CUST12955,Savings,2022-02-16,7889.39,Active
ACC21044,CUST13525,Savings,2024-05-20,4525.49,Active
ACC21045,CUST12644,Savings,2025-10-03,52109.07,Active
ACC21046,CUST14241,Salary,2021-04-28,76703.45,Active
ACC21047,CUST13330,Savings,2024-06-11,44196.39,Active
ACC21048,CUST10476,Savings,2022-11-10,24276.62,Active
ACC21049,CUST14392,Savings,2025-02-15,14331.8,Active
ACC21050,CUST10333,Current,2022-09-03,22924.89,Inactive
ACC21051,CUST11473,Savings,2022-03-15,7122.26,Active
ACC21052,CUST11240,Savings,2025-01-13,330667.68,Active
ACC21053,CUST13305,Salary,2025-05-03,45225.27,Closed
ACC21054,CUST14435,Current,2022-08-06,90910.77,Inactive
ACC21055,CUST11661,Savings,2021-04-22,30404.62,Active
ACC21056,CUST11521,Savings,2026-07-06,27311.86,Dormant
ACC21057,CUST14779,Savings,2024-03-01,154363.69,Active
ACC21058,CUST13116,Savings,2024-07-06,33936.94,Active
ACC21059,CUST11084,Savings,2023-08-24,24500.22,Inactive
ACC21060,CUST13737,Savings,2024-11-08,74480.62,Active
ACC21061,CUST12033,Current,2025-04-01,172759.86,Active
ACC21062,CUST14542,Savings,2022-12-16,2925.3,Active
ACC21063,CUST14374,Current,2025-08-24,45399.14,Active
ACC21064,CUST14646,Savings,2024-07-21,30291.24,Active
ACC21065,CUST12257,Salary,2024-12-06,43432.18,Active
ACC21066,CUST10821,Savings,2022-07-21,89761.92,Active
ACC21067,CUST10741,Current,2024-01-14,25326.83,Inactive
ACC21068,CUST14137,Premium Savings,2021-05-12,54693.22,Active
ACC21069,CUST11141,Salary,2021-09-21,17493.46,Active
ACC21070,CUST14535,Salary,2021-11-21,34963.63,Active
ACC21071,CUST14848,Salary,2023-05-31,11333.85,Active
ACC21072,CUST12346,Savings,2021-06-20,202430.14,Active
ACC21073,CUST14920,Savings,2025-05-19,7410.82,Active
ACC21074,CUST14037,Savings,2022-05-08,15998.68,Active
ACC21075,CUST11681,Premium Savings,2025-06-06,171098.68,Active
ACC21076,CUST12239,Savings,2022-08-28,53388.66,Active
ACC21077,CUST10754,Savings,2025-08-19,23045.27,Active
ACC21078,CUST12982,Savings,2022-08-14,45249.49,Active
ACC21079,CUST10021,Premium Savings,2021-12-01,54652.48,Active
ACC21080,CUST14692,Savings,2022-08-12,66926.07,Active
ACC21081,CUST10573,Savings,2024-06-23,100477.33,Active
ACC21082,CUST13269,Premium Savings,2024-07-29,199901.02,Active
ACC21083,CUST11507,Salary,2025-01-30,73733.32,Dormant
ACC21084,CUST10279,Savings,2022-11-05,15491.05,Closed
ACC21085,CUST13968,Current,2026-01-28,44605.04,Active
ACC21086,CUST10643,Premium Savings,2025-02-10,11299.41,Active
ACC21087,CUST11840,Savings,2024-10-28,124634.11,Active
ACC21088,CUST13181,Savings,2026-03-31,13699.19,Active
ACC21089,CUST13424,Savings,2023-03-21,6904.89,Active
ACC21090,CUST11261,Savings,2022-06-24,331014.8,Active
ACC21091,CUST13210,Salary,2021-09-20,76608.49,Dormant
ACC21092,CUST10983,Savings,2025-05-17,38905.19,Inactive
ACC21093,CUST10994,Current,2023-05-15,21023.34,Active
ACC21094,CUST13891,Savings,2025-01-25,75475.61,Inactive
ACC21095,CUST10645,Premium Savings,2023-11-21,41473.16,Active
ACC21096,CUST12615,Savings,2024-04-04,92905.38,Active
ACC21097,CUST13280,Savings,2023-06-24,30547.67,Active
ACC21098,CUST13238,Savings,2023-09-28,21209.7,Active
ACC21099,CUST12144,Savings,2023-12-20,33383.61,Active
ACC21100,CUST11834,Savings,2021-04-17,200567.4,Active
ACC21101,CUST12292,Salary,2024-07-07,29934.44,Closed
ACC21102,CUST13697,Savings,2024-09-21,14308.22,Active
ACC21103,CUST11204,Savings,2021-05-04,97903.73,Active
ACC21104,CUST14695,Savings,2026-03-31,225864.09,Active
ACC21105,CUST12447,Savings,2022-07-23,26615.8,Active
ACC21106,CUST10647,Savings,2025-06-17,162851.34,Dormant
ACC21107,CUST10702,Savings,2025-08-30,17440.85,Active
ACC21108,CUST12295,Salary,2021-06-24,48109.17,Closed
ACC21109,CUST12610,Current,2022-10-22,29313.49,Active
ACC21110,CUST10155,Savings,2023-04-19,49191.68,Active
ACC21111,CUST12645,Savings,2022-04-30,16087.3,Closed
ACC21112,CUST11793,Current,2026-02-26,247204.28,Active
ACC21113,CUST12902,Savings,2022-10-14,38071.23,Active
ACC21114,CUST10581,Salary,2022-01-18,19357.43,Active
ACC21115,CUST13082,Salary,2025-06-07,133547.3,Active
ACC21116,CUST14593,Savings,2022-10-09,3326.17,Active
ACC21117,CUST11644,Savings,2024-05-24,317505.15,Active
ACC21118,CUST12226,Savings,2023-08-16,46713.53,Active
ACC21119,CUST11540,Savings,2022-12-31,179197.88,Active
ACC21120,CUST13913,Savings,2024-12-31,21698.71,Active
ACC21121,CUST13291,Savings,2022-07-01,128567.15,Active
ACC21122,CUST10364,Savings,2026-03-17,13965.48,Active
ACC21123,CUST14548,Salary,2023-10-21,206590.74,Active
ACC21124,CUST12727,Savings,2024-12-27,411562.06,Active
ACC21125,CUST14695,Premium Savings,2022-07-23,22063.27,Active
ACC21126,CUST13459,Salary,2021-01-21,30088.01,Active
ACC21127,CUST10333,Salary,2025-04-27,12163.84,Active
ACC21128,CUST12637,Salary,2022-01-10,29781.95,Closed
ACC21129,CUST11996,Savings,2022-10-31,60862.62,Dormant
ACC21130,CUST13823,Savings,2025-05-19,22444.18,Active
ACC21131,CUST13967,Salary,2026-06-10,5724.18,Active
ACC21132,CUST10206,Premium Savings,2026-02-10,30686.98,Active
ACC21133,CUST12554,Savings,2022-07-02,61609.46,Closed
ACC21134,CUST12167,Savings,2021-12-25,30759.92,Active
ACC21135,CUST12475,Salary,2025-08-27,85587.1,Active
ACC21136,CUST12044,Salary,2025-06-18,146051.72,Dormant
ACC21137,CUST11232,Salary,2022-03-05,22428.2,Active
ACC21138,CUST12699,Savings,2023-05-02,164559.32,Active
ACC21139,CUST10092,Savings,2025-01-15,49617.2,Inactive
ACC21140,CUST12209,Savings,2026-05-03,7199.74,Closed
ACC21141,CUST11525,Savings,2025-01-18,19390.58,Active
ACC21142,CUST13679,Savings,2021-08-28,42038.41,Dormant
ACC21143,CUST13052,Savings,2021-11-02,10794.74,Active
ACC21144,CUST14303,Savings,2026-01-01,100753.98,Active
ACC21145,CUST13596,Savings,2021-01-19,2695.13,Dormant
ACC21146,CUST11393,Savings,2025-02-07,28214.36,Active
ACC21147,CUST14130,Savings,2026-02-23,283037.58,Active
ACC21148,CUST12911,Savings,2022-12-11,39372.57,Inactive
ACC21149,CUST10784,Savings,2021-01-02,221703.29,Dormant
ACC21150,CUST11092,Savings,2022-11-10,78439.76,Active
ACC21151,CUST14174,Savings,2023-03-29,15196.27,Active
ACC21152,CUST11624,Salary,2022-07-05,17058.54,Active
ACC21153,CUST11972,Salary,2021-01-20,107590.61,Dormant
ACC21154,CUST14155,Savings,2026-03-10,83930.41,Active
ACC21155,CUST10925,Savings,2022-02-12,17265.37,Active
ACC21156,CUST13012,Current,2026-04-21,21450.25,Active
ACC21157,CUST12651,Savings,2023-11-02,40154.73,Dormant
ACC21158,CUST12070,Current,2021-05-21,144940.06,Dormant
ACC21159,CUST14987,Savings,2021-06-05,17168.98,Inactive
ACC21160,CUST10995,Savings,2022-08-19,23647.64,Active
ACC21161,CUST10866,Savings,2021-07-16,82343.31,Active
ACC21162,CUST13983,Savings,2021-09-09,30937.18,Closed
ACC21163,CUST11338,Savings,2025-10-10,50270.72,Active
ACC21164,CUST11305,Current,2021-01-06,84521.13,Active
ACC21165,CUST11581,Savings,2022-11-06,29917.75,Active
ACC21166,CUST13831,Premium Savings,2025-07-16,19905.85,Active
ACC21167,CUST14909,Savings,2024-09-04,120823.72,Active
ACC21168,CUST13550,Current,2022-09-18,159158.9,Active
ACC21169,CUST12600,Salary,2022-11-02,78863.27,Active
ACC21170,CUST11287,Savings,2023-10-12,64508.34,Dormant
ACC21171,CUST10034,Savings,2022-03-20,59847.27,Active
ACC21172,CUST11471,Savings,2025-09-19,38536.19,Active
ACC21173,CUST10255,Savings,2025-07-01,31780.39,Active
ACC21174,CUST10763,Salary,2024-04-20,8047.98,Active
ACC21175,CUST11264,Savings,2023-07-13,22663.2,Active
ACC21176,CUST10429,Salary,2022-03-17,8088.95,Active
ACC21177,CUST11299,Savings,2023-01-06,7478.41,Active
ACC21178,CUST13797,Current,2023-05-06,70670.22,Active
ACC21179,CUST10629,Premium Savings,2022-06-21,45249.49,Active
ACC21180,CUST12725,Savings,2024-04-23,17559.5,Active
ACC21181,CUST10264,Current,2025-10-07,10620.83,Active
ACC21182,CUST13991,Savings,2024-09-16,84472.45,Active
ACC21183,CUST10995,Premium Savings,2021-02-24,64918.89,Active
ACC21184,CUST11934,Current,2026-05-20,39867.16,Active
ACC21185,CUST12441,Savings,2025-03-01,111037.66,Active
ACC21186,CUST14464,Salary,2025-04-25,171719.03,Inactive
ACC21187,CUST12128,Current,2024-06-01,24240.83,Dormant
ACC21188,CUST14116,Current,2022-07-21,64596.51,Active
ACC21189,CUST12148,Savings,2022-09-14,28776.94,Active
ACC21190,CUST13733,Current,2024-11-16,15732.9,Active
ACC21191,CUST10016,Savings,2025-10-30,268373.22,Active
ACC21192,CUST12244,Premium Savings,2022-11-14,191774.43,Active
ACC21193,CUST10814,Savings,2022-05-10,49612.65,Active
ACC21194,CUST10946,Savings,2021-06-03,66581.18,Inactive
ACC21195,CUST10526,Savings,2026-01-14,137487.69,Active
ACC21196,CUST10585,Savings,2023-01-18,45687.3,Active
ACC21197,CUST11381,Current,2021-01-06,0.0,Active
ACC21198,CUST14767,Savings,2023-11-14,50607.49,Active
ACC21199,CUST13099,Savings,2024-08-02,86549.93,Active
ACC21200,CUST11218,Savings,2021-11-04,23105.04,Active
ACC21201,CUST13482,Savings,2024-10-27,25749.9,Active
ACC21202,CUST14389,Premium Savings,2024-11-23,20914.0,Active
ACC21203,CUST12774,Current,2023-08-18,23347.07,Active
ACC21204,CUST12022,Savings,2022-08-31,34466.08,Active
ACC21205,CUST11457,Current,2025-05-23,25002.62,Active
ACC21206,CUST11362,Savings,2021-10-01,40610.42,Active
ACC21207,CUST12928,Savings,2024-04-07,208375.57,Active
ACC21208,CUST12434,Savings,2024-04-06,15307.54,Active
ACC21209,CUST12661,Savings,2021-08-12,155797.57,Active
ACC21210,CUST11535,Current,2024-09-07,45249.49,Active
ACC21211,CUST11533,Savings,2024-11-30,13543.03,Active
ACC21212,CUST13095,Salary,2024-01-10,76101.51,Active
ACC21213,CUST10206,Savings,2022-04-24,24087.47,Active
ACC21214,CUST10699,Savings,2024-10-28,7781.85,Active
ACC21215,CUST13561,Savings,2023-02-12,190802.55,Active
ACC21216,CUST14460,Current,2025-06-29,19104.18,Active
ACC21217,CUST12916,Savings,2025-01-14,38858.6,Active
ACC21218,CUST13187,Savings,2026-05-08,139196.08,Inactive
ACC21219,CUST11165,Salary,2025-12-01,112899.09,Active
ACC21220,CUST12579,Savings,2022-12-29,34705.18,Active
ACC21221,CUST11603,Savings,2022-06-04,268495.42,Active
ACC21222,CUST14998,Premium Savings,2024-02-21,23584.22,Active
ACC21223,CUST14004,Savings,2021-09-20,23882.61,Active
ACC21224,CUST14674,Savings,2025-10-10,123792.79,Active
ACC21225,CUST11169,Savings,2024-09-05,85957.45,Active
ACC21226,CUST12633,Savings,2022-12-02,105011.1,Active
ACC21227,CUST10230,Savings,2023-12-15,84014.34,Active
ACC21228,CUST13460,Savings,2025-04-22,90208.16,Active
ACC21229,CUST14114,Salary,2026-08-07,195640.22,Inactive
ACC21230,CUST11480,Premium Savings,2025-08-08,17901.82,Active
ACC21231,CUST12470,Savings,2024-06-28,28400.74,Active
ACC21232,CUST14788,Premium Savings,2022-01-05,49711.7,Closed
ACC21233,CUST14261,Savings,2023-10-07,729371.84,Inactive
ACC21234,CUST12245,Savings,2024-04-22,41053.24,Active
ACC21235,CUST11687,Salary,2026-02-04,30714.73,Active
ACC21236,CUST10971,Savings,2023-09-22,62815.46,Active
ACC21237,CUST11934,Savings,2025-10-11,42495.4,Active
ACC21238,CUST11787,Savings,2026-07-23,82726.0,Active
ACC21239,CUST11075,Savings,2022-07-10,81399.4,Active
ACC21240,CUST11538,Savings,2024-11-30,201468.06,Active
ACC21241,CUST13392,Savings,2026-01-01,31104.94,Active
ACC21242,CUST12591,Savings,2025-11-09,44157.36,Active
ACC21243,CUST11448,Salary,2023-04-22,43993.04,Closed
ACC21244,CUST14555,Savings,2021-02-25,45889.25,Active
ACC21245,CUST11801,Savings,2024-12-02,62777.53,Active
ACC21246,CUST12523,Salary,2026-05-15,40463.75,Active
ACC21247,CUST14060,Savings,2024-02-12,19597.01,Active
ACC21248,CUST12628,Salary,2022-01-22,47923.05,Active
ACC21249,CUST11868,Current,2022-03-02,60038.92,Active
ACC21250,CUST12508,Savings,2026-03-31,9584.83,Active
ACC21251,CUST11751,Savings,2021-02-28,400972.98,Active
ACC21252,CUST11859,Salary,2022-10-27,16400.58,Active
ACC21253,CUST10564,Salary,2024-01-24,206749.06,Active
ACC21254,CUST12172,Savings,2026-06-01,36993.88,Active
ACC21255,CUST13209,Savings,2022-11-11,25331.37,Active
ACC21256,CUST11761,Savings,2023-05-10,10795.57,Dormant
ACC21257,CUST11354,Savings,2022-07-05,58732.85,Closed
ACC21258,CUST14741,Savings,2025-04-15,103579.64,Active
ACC21259,CUST11433,Current,2022-09-11,50284.64,Active
ACC21260,CUST10394,Salary,2026-04-27,249637.73,Active
ACC21261,CUST10958,Savings,2023-11-13,288186.24,Active
ACC21262,CUST12679,Premium Savings,2023-12-31,45249.49,Dormant
ACC21263,CUST12883,Salary,2025-12-08,25887.01,Inactive
ACC21264,CUST14729,Savings,2024-12-25,33239.13,Inactive
ACC21265,CUST10371,Savings,2021-11-12,9673.02,Active
ACC21266,CUST12358,Current,2026-05-07,10131.27,Active
ACC21267,CUST13613,Savings,2021-10-04,50569.37,Active
ACC21268,CUST14945,Savings,2022-07-19,40832.53,Active
ACC21269,CUST10897,Savings,2021-01-26,106715.57,Active
ACC21270,CUST11183,Premium Savings,2023-12-10,82865.54,Active
ACC21271,CUST12766,Savings,2025-10-28,58388.36,Active
ACC21272,CUST10005,Savings,2023-08-28,94157.72,Dormant
ACC21273,CUST11148,Premium Savings,2021-06-16,212901.92,Active
ACC21274,CUST14013,Current,2025-08-17,121925.19,Active
ACC21275,CUST14767,Savings,2023-12-04,76699.52,Active
ACC21276,CUST10728,Current,2024-05-05,98378.75,Active
ACC21277,CUST12134,Savings,2024-10-29,31712.51,Active
ACC21278,CUST11411,Premium Savings,2021-05-21,104994.44,Active
ACC21279,CUST10294,Savings,2023-08-25,15716.07,Active
ACC21280,CUST10775,Salary,2023-01-14,350350.37,Active
ACC21281,CUST11518,Current,2024-06-25,30863.21,Active
ACC21282,CUST11700,Savings,2024-11-13,70762.96,Active
ACC21283,CUST12102,Savings,2024-11-26,559033.0,Active
ACC21284,CUST14466,Savings,2024-03-19,353608.39,Active
ACC21285,CUST13808,Salary,2024-12-31,41621.96,Active
ACC21286,CUST11327,Savings,2026-03-04,188789.38,Active
ACC21287,CUST13992,Savings,2025-12-17,24399.42,Active
ACC21288,CUST11234,Savings,2023-01-02,29808.28,Inactive
ACC21289,CUST10604,Current,2021-02-23,32220.21,Active
ACC21290,CUST11467,Savings,2022-08-19,60303.99,Closed
ACC21291,CUST14836,Savings,2022-09-15,10810.34,Inactive
ACC21292,CUST10603,Salary,2026-05-18,24828.38,Active
ACC21293,CUST13825,Savings,2022-11-19,19936.21,Active
ACC21294,CUST10210,Current,2024-08-22,43338.78,Active
ACC21295,CUST12506,Salary,2026-03-08,51050.91,Active
ACC21296,CUST11494,Savings,2026-06-10,15985.45,Active
ACC21297,CUST14689,Savings,2024-10-03,128803.91,Closed
ACC21298,CUST14402,Savings,2021-11-08,23948.12,Active
ACC21299,CUST13713,Salary,2024-03-21,23410.42,Active
ACC21300,CUST13135,Salary,2023-02-27,17786.31,Active
ACC21301,CUST10202,Savings,2023-11-08,18585.36,Active
ACC21302,CUST12467,Savings,2021-01-16,55938.9,Inactive
ACC21303,CUST13635,Savings,2023-01-01,34208.05,Active
ACC21304,CUST11771,Savings,2024-04-29,314482.97,Active
ACC21305,CUST10936,Salary,2021-01-15,6097.18,Active
ACC21306,CUST11438,Current,2023-08-21,253833.0,Inactive
ACC21307,CUST13969,Savings,2022-03-30,152773.91,Active
ACC21308,CUST11571,Savings,2023-05-26,74902.93,Inactive
ACC21309,CUST13972,Savings,2025-05-19,32401.53,Inactive
ACC21310,CUST11394,Savings,2024-04-18,11761.38,Closed
ACC21311,CUST14077,Current,2026-01-21,121355.43,Active
ACC21312,CUST14013,Current,2021-06-10,12569.73,Dormant
ACC21313,CUST10282,Current,2023-09-20,37493.48,Inactive
ACC21314,CUST12744,Savings,2023-03-17,20759.37,Active
ACC21315,CUST10454,Savings,2025-03-08,39274.75,Closed
ACC21316,CUST11145,Savings,2022-03-17,44375.69,Inactive
ACC21317,CUST14334,Savings,2022-08-19,0.0,Inactive
ACC21318,CUST10708,Salary,2023-03-16,44472.93,Closed
ACC21319,CUST11791,Salary,2025-07-18,40184.44,Inactive
ACC21321,CUST13541,Savings,2025-07-23,104198.13,Active
ACC21322,CUST14770,Savings,2023-06-11,33588.85,Dormant
ACC21323,CUST12200,Savings,2023-03-07,30578.6,Active
ACC21324,CUST10225,Salary,2024-07-11,178943.74,Active
ACC21325,CUST12544,Savings,2026-01-13,365318.39,Inactive
ACC21326,CUST10236,Salary,2022-01-05,33055.43,Active
ACC21327,CUST10262,Savings,2023-07-10,27353.35,Active
ACC21328,CUST11380,Salary,2026-03-19,25033.58,Active
ACC21329,CUST13376,Savings,2025-01-14,70149.46,Active
ACC21330,CUST14360,Savings,2025-08-14,85747.47,Active
ACC21331,CUST14480,Savings,2026-01-08,46268.08,Dormant
ACC21332,CUST12665,Premium Savings,2022-02-05,0.0,Active
ACC21333,CUST12742,Premium Savings,2023-06-14,10423.73,Active
ACC21334,CUST13708,Premium Savings,2024-03-15,81858.95,Active
ACC21335,CUST13151,Current,2023-06-03,20364.36,Active
ACC21336,CUST10894,Savings,2022-10-23,20159.74,Dormant
ACC21337,CUST12303,Salary,2026-04-20,20726.2,Active
ACC21338,CUST10992,Savings,2023-01-02,182339.81,Active
ACC21339,CUST13596,Salary,2021-09-03,71052.13,Active
ACC21340,CUST10381,Premium Savings,2024-05-16,16219.03,Active
ACC21341,CUST13110,Savings,2023-07-29,248357.79,Active
ACC21342,CUST11685,Savings,2021-07-07,27222.43,Active
ACC21343,CUST14251,Savings,2023-09-09,123449.02,Active
ACC21344,CUST12496,Savings,2023-01-12,149627.12,Closed
ACC21345,CUST11440,Salary,2022-09-10,161631.96,Active
ACC21346,CUST13172,Savings,2022-05-06,25341.98,Active
ACC21347,CUST11349,Current,2024-06-08,15688.71,Active
ACC21348,CUST14734,Savings,2021-10-23,128635.71,Active
ACC21349,CUST10960,Savings,2026-03-19,112688.9,Active
ACC21350,CUST14500,Savings,2023-06-13,32696.18,Inactive
ACC21351,CUST11146,Current,2021-02-28,116686.27,Active
ACC21352,CUST13245,Premium Savings,2022-03-16,13379.37,Dormant
ACC21353,CUST10684,Savings,2025-03-03,219842.84,Inactive
ACC21354,CUST13347,Premium Savings,2024-03-09,241438.01,Active
ACC21355,CUST11008,Current,2025-05-11,38065.78,Active
ACC21356,CUST12406,Salary,2024-07-30,43190.02,Active
ACC21357,CUST12836,Savings,2021-06-20,54661.35,Active
ACC21358,CUST11247,Current,2024-09-11,493594.9,Active
ACC21360,CUST13113,Savings,2024-12-19,35483.49,Active
ACC21361,CUST10651,Savings,2021-06-21,34563.79,Dormant
ACC21362,CUST10706,Savings,2021-06-17,43710.03,Closed
ACC21363,CUST12179,Salary,2022-11-06,20672.41,Closed
ACC21364,CUST10758,Salary,2024-05-05,52841.77,Active
ACC21365,CUST12943,Savings,2026-04-26,40028.11,Active
ACC21366,CUST10830,Savings,2022-10-01,25233.07,Active
ACC21367,CUST11637,Salary,2025-10-11,55948.74,Closed
ACC21368,CUST14092,Current,2025-08-18,24560.97,Active
ACC21369,CUST13544,Savings,2022-10-18,202082.84,Active
ACC21370,CUST11885,Salary,2024-10-20,165154.43,Active
ACC21371,CUST14572,Premium Savings,2025-04-09,39019.05,Inactive
ACC21372,CUST11359,Savings,2025-01-22,8885.72,Active
ACC21373,CUST12871,Savings,2022-09-10,16516.89,Active
ACC21374,CUST11627,Savings,2026-01-17,66591.05,Active
ACC21375,CUST13416,Savings,2021-02-02,270272.92,Active
ACC21376,CUST10506,Savings,2023-10-09,44137.41,Active
ACC21377,CUST12437,Savings,2021-03-18,117055.13,Active
ACC21378,CUST10534,Salary,2021-09-09,15940.14,Active
ACC21379,CUST12786,Salary,2021-05-26,66902.37,Active
ACC21380,CUST12333,Current,2022-01-23,179066.38,Active
ACC21381,CUST14481,Savings,2023-12-23,7065.54,Active
ACC21382,CUST11856,Salary,2021-03-03,25041.39,Active
ACC21383,CUST10360,Current,2024-11-02,174779.57,Dormant
ACC21384,CUST12185,Salary,2022-03-21,40812.93,Active
ACC21385,CUST12374,Savings,2024-05-02,38110.9,Active
ACC21386,CUST12089,Premium Savings,2024-02-27,9292.28,Active
ACC21387,CUST10070,Current,2024-11-24,25958.63,Inactive
ACC21388,CUST12100,Salary,2021-11-29,19281.68,Dormant
ACC21389,CUST11945,Premium Savings,2022-01-07,6693.47,Active
ACC21390,CUST11372,Salary,2025-11-27,248291.13,Active
ACC21391,CUST11540,Savings,2023-02-21,160045.88,Dormant
ACC21392,CUST13779,Salary,2021-04-14,11077.87,Active
ACC21393,CUST13517,Current,2024-03-14,102502.24,Active
ACC21394,CUST10192,Savings,2025-09-14,14946.3,Active
ACC21395,CUST13052,Savings,2021-08-20,51516.93,Active
ACC21396,CUST10523,Savings,2024-09-30,13106.72,Inactive
ACC21397,CUST13775,Premium Savings,2021-08-16,30027.08,Dormant
ACC21398,CUST11580,Savings,2023-05-28,26657.03,Active
ACC21399,CUST14111,Savings,2025-08-10,19393.33,Active
ACC21400,CUST12601,Current,2023-10-30,58655.61,Active
ACC21401,CUST10210,Savings,2021-11-19,9049.67,Active
ACC21402,CUST10697,Savings,2022-04-16,7686.41,Active
ACC21403,CUST10697,Savings,2022-04-12,193422.9,Active
ACC21404,CUST14428,Savings,2025-04-12,293877.16,Active
ACC21405,CUST12272,Savings,2024-06-15,70479.4,Active
ACC21406,CUST13880,Premium Savings,2024-03-13,95284.66,Dormant
ACC21407,CUST11380,Current,2026-02-15,298527.57,Active
ACC21408,CUST11737,Current,2025-12-18,149930.38,Active
ACC21409,CUST11588,Savings,2024-08-08,45249.49,Active
ACC21410,CUST14123,Savings,2023-06-05,54181.72,Active
ACC21411,CUST10624,Savings,2021-04-15,42181.61,Active
ACC21412,CUST10462,Savings,2024-07-27,59879.92,Active
ACC21413,CUST12263,Current,2023-11-29,94134.66,Active
ACC21414,CUST10955,Savings,2026-08-12,204964.7,Active
ACC21415,CUST10531,Savings,2023-03-30,19518.22,Dormant
ACC21416,CUST11941,Savings,2022-04-15,27514.89,Active
ACC21417,CUST11539,Savings,2021-03-08,103346.94,Closed
ACC21418,CUST11866,Savings,2022-07-05,124549.18,Active
ACC21419,CUST12321,Savings,2023-05-25,3628.19,Active
ACC21420,CUST13772,Premium Savings,2022-05-26,18583.54,Active
ACC21421,CUST13911,Savings,2024-03-23,74127.01,Active
ACC21422,CUST10982,Savings,2021-01-03,47028.9,Active
ACC21423,CUST12724,Savings,2023-02-23,40402.96,Dormant
ACC21424,CUST10552,Savings,2022-08-21,73374.1,Active
ACC21425,CUST14264,Current,2024-04-20,458308.43,Dormant
ACC21426,CUST14288,Savings,2024-07-04,30227.32,Inactive
ACC21427,CUST11884,Salary,2024-11-19,41404.38,Active
ACC21428,CUST14250,Salary,2026-01-01,74861.86,Active
ACC21429,CUST14343,Salary,2022-12-26,16305.23,Active
ACC21430,CUST13514,Salary,2021-07-05,39400.11,Active
ACC21431,CUST14485,Savings,2026-07-15,13679.44,Active
ACC21432,CUST12527,Current,2025-05-01,13466.01,Active
ACC21433,CUST11428,Savings,2024-12-19,12995.32,Active
ACC21434,CUST13146,Savings,2025-07-22,7864.32,Active
ACC21435,CUST14270,Savings,2023-12-26,34790.07,Active
ACC21436,CUST10468,Premium Savings,2026-04-03,16799.47,Closed
ACC21437,CUST11521,Savings,2025-07-28,56414.58,Active
ACC21438,CUST14192,Savings,2021-07-06,48541.74,Active
ACC21439,CUST14188,Salary,2021-09-21,3996.39,Closed
ACC21440,CUST10437,Savings,2024-05-16,20136.74,Closed
ACC21441,CUST11941,Savings,2021-11-25,22585.9,Active
ACC21442,CUST13064,Savings,2021-07-23,41842.61,Active
ACC21443,CUST13937,Savings,2023-06-04,23071.65,Closed
ACC21444,CUST10807,Savings,2023-08-21,11614.63,Active
ACC21445,CUST12010,Current,2023-02-20,345937.84,Active
ACC21446,CUST12513,Salary,2025-03-03,33425.48,Active
ACC21447,CUST11693,Current,2022-12-29,22335.12,Dormant
ACC21448,CUST13138,Savings,2021-10-16,16685.55,Inactive
ACC21449,CUST13212,Salary,2023-12-02,28336.32,Active
ACC21450,CUST14857,Savings,2024-01-27,23864.86,Active
ACC21451,CUST10141,Savings,2026-07-13,16710.63,Active
ACC21452,CUST13055,Savings,2021-10-22,406012.84,Dormant
ACC21453,CUST12078,Savings,2022-09-13,72251.55,Active
ACC21454,CUST13634,Savings,2021-11-07,67981.76,Active
ACC21455,CUST10840,Savings,2026-01-04,14876.09,Active
ACC21456,CUST13563,Savings,2025-12-18,290421.03,Active
ACC21457,CUST13807,Savings,2022-08-03,121315.91,Active
ACC21458,CUST14419,Savings,2021-04-06,14726.73,Active
ACC21459,CUST13355,Savings,2025-10-16,724531.82,Active
ACC21460,CUST13804,Savings,2023-09-11,177572.73,Active
ACC21461,CUST11781,Savings,2021-01-02,206076.58,Inactive
ACC21462,CUST11445,Savings,2025-11-11,617527.4,Inactive
ACC21463,CUST10348,Salary,2021-03-22,71018.06,Inactive
ACC21464,CUST13196,Savings,2022-12-17,27707.36,Active
ACC21465,CUST12332,Current,2025-07-02,44037.46,Active
ACC21466,CUST11981,Savings,2024-04-06,29145.89,Active
ACC21467,CUST11868,Salary,2025-02-23,17312.75,Inactive
ACC21468,CUST12188,Premium Savings,2023-09-12,60617.46,Active
ACC21469,CUST14996,Savings,2024-03-07,24104.29,Active
ACC21470,CUST14307,Premium Savings,2021-03-18,31541.79,Active
ACC21471,CUST14501,Savings,2025-04-09,10933.53,Dormant
ACC21472,CUST12137,Premium Savings,2025-09-18,28450.65,Closed
ACC21473,CUST14773,Savings,2021-01-24,75093.88,Active
ACC21474,CUST14223,Savings,2026-07-06,791580.41,Active
ACC21475,CUST12646,Savings,2025-06-07,112915.65,Dormant
ACC21476,CUST13406,Savings,2023-08-08,217097.34,Active
ACC21477,CUST12326,Premium Savings,2023-03-24,38689.75,Active
ACC21478,CUST12288,Savings,2022-02-16,81295.68,Active
ACC21479,CUST14009,Savings,2022-09-01,55400.51,Active
ACC21480,CUST13257,Salary,2026-06-10,55089.96,Active
ACC21481,CUST10150,Savings,2024-01-24,79102.79,Closed
ACC21482,CUST14204,Current,2021-08-08,472939.28,Active
ACC21483,CUST11680,Salary,2025-11-09,39723.39,Active
ACC21484,CUST12646,Savings,2024-03-03,14523.39,Active
ACC21485,CUST12529,Salary,2023-06-13,47543.69,Active
ACC21486,CUST10619,Salary,2025-04-27,21589.22,Active
ACC21487,CUST11692,Savings,2025-09-05,446567.48,Active
ACC21488,CUST13642,Savings,2025-04-10,67480.96,Active
ACC21489,CUST14707,Savings,2024-06-02,40566.32,Active
ACC21490,CUST13100,Current,2024-05-26,64495.63,Active
ACC21491,CUST10609,Savings,2026-03-27,152336.22,Active
ACC21492,CUST10294,Premium Savings,2022-10-28,22991.16,Active
ACC21493,CUST10248,Salary,2022-12-23,64857.21,Active
ACC21494,CUST10367,Salary,2021-03-22,42862.84,Active
ACC21495,CUST12983,Salary,2021-09-24,44844.6,Inactive
ACC21496,CUST12007,Salary,2023-04-24,15979.17,Active
ACC21497,CUST14109,Savings,2025-11-18,12511.57,Dormant
ACC21498,CUST11719,Savings,2021-02-28,17845.31,Active
ACC21499,CUST13549,Current,2025-12-23,77147.94,Active
ACC21500,CUST10548,Salary,2023-08-21,2657.08,Dormant
ACC21501,CUST14850,Premium Savings,2023-01-20,54509.11,Active
ACC21502,CUST12242,Savings,2024-08-08,38274.97,Active
ACC21503,CUST10076,Salary,2024-05-07,40789.01,Active
ACC21504,CUST14495,Savings,2026-03-08,7418.61,Active
ACC21505,CUST14703,Premium Savings,2021-04-30,39206.43,Dormant
ACC21506,CUST12005,Current,2022-01-12,90788.36,Active
ACC21507,CUST10601,Salary,2022-11-14,13419.3,Active
ACC21508,CUST10162,Savings,2024-01-19,6554.9,Active
ACC21509,CUST14430,Current,2023-01-13,15611.92,Active
ACC21510,CUST14169,Salary,2026-03-29,73778.19,Closed
ACC21511,CUST11662,Current,2021-09-10,32277.84,Active
ACC21512,CUST13756,Savings,2025-07-07,53806.28,Active
ACC21513,CUST11707,Current,2025-02-23,37647.4,Active
ACC21514,CUST12722,Savings,2024-12-05,81332.41,Active
ACC21515,CUST10135,Savings,2026-02-05,162926.9,Active
ACC21516,CUST10452,Current,2024-04-12,707669.37,Closed
ACC21517,CUST13629,Premium Savings,2026-07-02,84280.08,Dormant
ACC21518,CUST12539,Savings,2024-03-27,18347.46,Active
ACC21519,CUST12288,Savings,2024-03-06,35502.9,Dormant
ACC21520,CUST13201,Savings,2024-11-26,52939.88,Dormant
ACC21521,CUST12414,Savings,2022-06-11,107602.12,Active
ACC21522,CUST13523,Salary,2024-03-08,20530.47,Active
ACC21523,CUST11447,Savings,2024-12-22,49353.85,Closed
ACC21524,CUST13212,Savings,2025-06-26,133076.08,Inactive
ACC21525,CUST13918,Salary,2026-01-26,12255.14,Dormant
ACC21526,CUST12905,Savings,2021-10-14,16328.45,Active
ACC21527,CUST12410,Premium Savings,2021-06-21,235514.69,Active
ACC21528,CUST11866,Savings,2023-02-17,266584.19,Active
ACC21529,CUST10471,Savings,2024-09-20,14181.16,Active
ACC21530,CUST10984,Savings,2024-03-17,45249.49,Active
ACC21531,CUST12868,Savings,2025-04-12,20558.88,Closed
ACC21532,CUST10776,Current,2022-10-23,59913.15,Active
ACC21533,CUST10499,Savings,2021-05-25,36212.72,Inactive
ACC21534,CUST12493,Savings,2025-06-25,95743.32,Active
ACC21535,CUST10474,Savings,2024-02-10,204366.48,Active
ACC21536,CUST12459,Savings,2026-06-03,119545.36,Active
ACC21537,CUST12471,Premium Savings,2022-07-18,33055.63,Inactive
ACC21538,CUST11036,Premium Savings,2023-09-17,22851.76,Active
ACC21539,CUST10708,Savings,2023-12-05,5558.75,Active
ACC21540,CUST11341,Salary,2021-11-10,35195.64,Active
ACC21541,CUST13819,Salary,2022-03-15,197922.63,Active
ACC21542,CUST11235,Savings,2025-04-11,279753.24,Inactive
ACC21543,CUST14709,Salary,2021-09-19,30009.29,Active
ACC21544,CUST11932,Savings,2023-03-28,43781.49,Active
ACC21545,CUST10177,Savings,2024-04-10,12850.5,Active
ACC21546,CUST11222,Premium Savings,2024-05-09,286417.6,Active
ACC21547,CUST12495,Savings,2025-09-09,103609.74,Active
ACC21548,CUST14416,Savings,2022-05-24,10081.65,Active
ACC21549,CUST13403,Salary,2021-10-12,30480.28,Active
ACC21550,CUST13253,Current,2022-12-07,85232.15,Dormant
ACC21551,CUST14026,Salary,2022-10-23,64316.42,Active
ACC21552,CUST14795,Current,2022-11-04,6352.46,Active
ACC21553,CUST12988,Savings,2026-01-10,60270.35,Active
ACC21554,CUST10369,Salary,2025-10-07,29732.53,Active
ACC21555,CUST11325,Premium Savings,2025-08-10,73711.65,Active
ACC21556,CUST14189,Savings,2022-11-25,4165.32,Active
ACC21557,CUST11805,Premium Savings,2022-03-04,34288.5,Dormant
ACC21558,CUST10510,Savings,2025-01-12,120025.31,Active
ACC21559,CUST10932,Savings,2024-06-25,101939.63,Active
ACC21560,CUST13736,Savings,2024-07-22,52061.52,Dormant
ACC21561,CUST12604,Salary,2021-07-08,125925.78,Dormant
ACC21562,CUST11410,Savings,2026-02-26,312080.33,Active
ACC21563,CUST11661,Current,2022-02-21,55363.25,Active
ACC21564,CUST12298,Savings,2025-03-27,17191.47,Active
ACC21565,CUST13034,Savings,2022-07-16,49110.66,Active
ACC21566,CUST12657,Savings,2024-12-23,189255.58,Active
ACC21567,CUST11293,Premium Savings,2023-09-05,49027.4,Inactive
ACC21568,CUST10526,Premium Savings,2025-09-02,48748.85,Active
ACC21569,CUST11265,Savings,2023-10-07,95685.05,Active
ACC21570,CUST12803,Current,2023-03-16,30828.17,Active
ACC21571,CUST12886,Savings,2026-01-02,7995.57,Active
ACC21572,CUST14795,Premium Savings,2025-08-19,44107.2,Active
ACC21573,CUST10215,Salary,2022-01-08,84806.43,Active
ACC21574,CUST12180,Current,2021-04-18,62546.75,Active
ACC21575,CUST14054,Savings,2024-02-14,119706.87,Active
ACC21576,CUST12125,Salary,2024-02-12,25112.84,Active
ACC21577,CUST11963,Savings,2023-07-22,20865.08,Active
ACC21578,CUST11261,Premium Savings,2026-08-13,240490.09,Dormant
ACC21579,CUST14800,Current,2025-08-30,10943.31,Active
ACC21580,CUST11516,Current,2026-05-13,14442.32,Dormant
ACC21581,CUST11527,Savings,2024-03-16,165996.32,Active
ACC21582,CUST11103,Savings,2023-10-08,17942.2,Active
ACC21583,CUST13666,Salary,2025-06-03,183984.48,Active
ACC21584,CUST11829,Savings,2023-03-27,110074.67,Active
ACC21585,CUST10050,Savings,2025-09-15,13721.65,Active
ACC21586,CUST13334,Current,2026-05-12,21975.84,Active
ACC21587,CUST14314,Savings,2024-07-06,56906.67,Dormant
ACC21588,CUST10927,Salary,2023-04-01,56402.31,Active
ACC21589,CUST14796,Savings,2025-10-18,40456.06,Dormant
ACC21590,CUST12072,Savings,2026-01-17,136232.75,Active
ACC21591,CUST14834,Savings,2022-01-06,86000.64,Active
ACC21592,CUST11134,Current,2022-09-02,33557.02,Inactive
ACC21593,CUST13924,Savings,2023-09-23,96869.35,Active
ACC21594,CUST13621,Savings,2024-01-12,42076.23,Closed
ACC21595,CUST10506,Savings,2021-07-15,0.0,Active
ACC21596,CUST11011,Current,2021-09-17,148051.13,Active
ACC21597,CUST11987,Salary,2022-10-27,44459.92,Active
ACC21598,CUST12302,Premium Savings,2024-11-15,22227.06,Active
ACC21599,CUST10898,Current,2026-04-25,12019.75,Closed
ACC21600,CUST10856,Salary,2024-07-05,10163.19,Inactive
ACC21601,CUST10786,Salary,2021-05-16,349443.36,Inactive
ACC21602,CUST10168,Savings,2021-08-17,35537.17,Active
ACC21603,CUST11492,Premium Savings,2021-10-03,43114.1,Active
ACC21604,CUST11604,Savings,2026-06-23,80737.42,Dormant
ACC21605,CUST11142,Current,2021-03-03,41968.9,Active
ACC21606,CUST10276,Savings,2023-03-23,48234.51,Active
ACC21607,CUST12256,Salary,2025-07-12,69747.68,Inactive
ACC21608,CUST10767,Salary,2023-01-18,90883.12,Active
ACC21609,CUST10621,Savings,2021-12-30,95707.92,Active
ACC21610,CUST12157,Salary,2023-11-10,103649.36,Active
ACC21611,CUST10564,Savings,2021-06-24,32511.18,Active
ACC21612,CUST10877,Savings,2024-03-08,51951.35,Active
ACC21613,CUST12432,Salary,2022-02-15,68155.2,Active
ACC21614,CUST13737,Savings,2021-04-15,52551.55,Active
ACC21615,CUST12971,Current,2026-04-15,47158.43,Active
ACC21616,CUST11571,Savings,2024-02-09,17555.48,Active
ACC21617,CUST10921,Savings,2021-04-05,181741.55,Active
ACC21618,CUST11620,Savings,2025-10-30,96675.98,Active
ACC21619,CUST11935,Savings,2026-05-02,11270.65,Active
ACC21620,CUST10939,Premium Savings,2021-03-26,18356.47,Inactive
ACC21621,CUST10605,Current,2025-06-13,75863.55,Active
ACC21622,CUST12045,Premium Savings,2021-04-15,49406.83,Active
ACC21623,CUST14063,Savings,2025-02-12,29001.66,Active
ACC21624,CUST13120,Current,2024-04-29,25807.62,Active
ACC21625,CUST14926,Current,2022-06-14,33948.16,Active
ACC21626,CUST12890,Savings,2021-01-28,33503.03,Active
ACC21627,CUST11794,Savings,2022-04-06,20934.51,Active
ACC21628,CUST12416,Salary,2022-11-23,52486.18,Active
ACC21629,CUST11769,Savings,2021-01-05,46689.18,Active
ACC21630,CUST12007,Premium Savings,2022-10-01,30265.78,Dormant
ACC21631,CUST12046,Savings,2021-05-19,11943.65,Active
ACC21632,CUST14303,Savings,2022-11-13,5513.11,Active
ACC21633,CUST14458,Savings,2021-01-27,25500.14,Active
ACC21634,CUST14173,Salary,2021-12-16,44606.82,Active
ACC21635,CUST14495,Savings,2026-04-05,12795.73,Closed
ACC21636,CUST11248,Current,2023-01-31,51215.68,Inactive
ACC21637,CUST11359,Savings,2021-03-18,58350.2,Active
ACC21638,CUST13872,Premium Savings,2024-11-12,6758.51,Active
ACC21639,CUST13100,Savings,2025-03-25,52600.7,Closed
ACC21640,CUST14178,Salary,2026-06-09,26401.07,Active
ACC21641,CUST13818,Savings,2023-06-29,56280.24,Active
ACC21642,CUST14389,Savings,2022-12-02,93445.66,Active
ACC21643,CUST12643,Savings,2023-10-28,22097.19,Active
ACC21644,CUST11612,Savings,2021-01-10,45249.49,Active
ACC21645,CUST12721,Savings,2024-12-20,69346.94,Active
ACC21646,CUST13993,Savings,2026-07-19,9124.87,Active
ACC21647,CUST13686,Savings,2024-09-15,31882.49,Active
ACC21648,CUST14126,Salary,2022-08-28,37391.28,Active
ACC21649,CUST10023,Salary,2025-12-09,12488.24,Active
ACC21650,CUST13428,Savings,2026-07-23,70997.88,Active
ACC21651,CUST11187,Savings,2025-11-06,20873.9,Dormant
ACC21652,CUST14911,Current,2021-07-09,204217.65,Active
ACC21653,CUST13536,Premium Savings,2025-01-21,85216.83,Inactive
ACC21654,CUST14466,Savings,2026-08-07,17914.78,Active
ACC21655,CUST12432,Savings,2025-04-20,29259.69,Active
ACC21656,CUST13247,Salary,2025-08-24,5393.56,Active
ACC21657,CUST12809,Salary,2023-10-23,48048.6,Active
ACC21658,CUST11306,Premium Savings,2025-06-12,33880.49,Active
ACC21659,CUST12922,Savings,2026-02-01,31426.83,Active
ACC21660,CUST13036,Current,2024-10-04,43308.01,Active
ACC21661,CUST13003,Current,2023-08-09,8881.67,Dormant
ACC21662,CUST11496,Savings,2023-09-24,20962.27,Active
ACC21663,CUST13193,Savings,2022-05-04,5937.28,Inactive
ACC21664,CUST10134,Salary,2024-07-24,5803.18,Active
ACC21665,CUST13459,Savings,2026-05-05,14934.51,Active
ACC21666,CUST12054,Premium Savings,2021-02-11,23230.81,Active
ACC21667,CUST12780,Salary,2023-05-18,35621.26,Active
ACC21668,CUST14092,Salary,2023-03-26,60021.57,Inactive
ACC21669,CUST14292,Current,2024-07-22,120329.91,Active
ACC21670,CUST10536,Savings,2022-12-27,32334.53,Dormant
ACC21671,CUST13674,Savings,2026-07-21,37624.47,Active
ACC21672,CUST12631,Savings,2026-07-07,94106.41,Active
ACC21673,CUST12014,Current,2021-06-26,33098.29,Active
ACC21674,CUST11013,Current,2022-11-13,240073.28,Active
ACC21675,CUST10480,Current,2022-04-14,30434.41,Active
ACC21676,CUST14867,Savings,2024-02-06,36754.05,Active
ACC21677,CUST13073,Savings,2021-04-23,380425.0,Active
ACC21678,CUST11154,Savings,2025-04-23,49545.96,Active
ACC21679,CUST11055,Savings,2021-06-07,10777.72,Active
ACC21680,CUST12806,Savings,2023-03-10,85276.33,Active
ACC21681,CUST10231,Savings,2026-05-04,61722.09,Closed
ACC21682,CUST11456,Savings,2022-12-11,57089.3,Active
ACC21683,CUST10093,Savings,2021-03-17,6846.74,Active
ACC21684,CUST10240,Salary,2023-11-09,242443.21,Active
ACC21685,CUST11874,Current,2021-10-25,168441.95,Active
ACC21686,CUST10997,Current,2021-07-08,45430.68,Active
ACC21687,CUST13784,Savings,2022-05-02,17334.36,Active
ACC21688,CUST12593,Savings,2023-06-28,20126.27,Active
ACC21689,CUST13391,Premium Savings,2023-10-11,57620.1,Inactive
ACC21690,CUST14492,Premium Savings,2025-05-22,4987.48,Active
ACC21691,CUST13161,Salary,2025-03-01,103047.12,Active
ACC21692,CUST10754,Current,2024-11-23,17868.64,Active
ACC21693,CUST13103,Savings,2023-06-14,9608.01,Active
ACC21694,CUST10848,Savings,2022-05-19,73388.51,Closed
ACC21695,CUST13285,Savings,2025-01-01,18858.39,Closed
ACC21696,CUST12994,Savings,2021-11-24,74313.66,Dormant
ACC21697,CUST12373,Savings,2025-03-21,98757.61,Inactive
ACC21698,CUST11652,Current,2025-01-26,10125.91,Active
ACC21699,CUST14167,Savings,2025-09-03,7044.4,Active
ACC21700,CUST10887,Savings,2022-05-13,15728.76,Active
ACC21701,CUST14591,Savings,2022-02-08,99833.3,Active
ACC21702,CUST14683,Salary,2021-11-20,18031.37,Dormant
ACC21703,CUST14358,Salary,2025-01-23,8572.07,Active
ACC21704,CUST14218,Savings,2021-10-15,32566.01,Active
ACC21705,CUST12284,Savings,2025-04-30,50332.26,Active
ACC21706,CUST12773,Savings,2021-05-13,45988.7,Active
ACC21707,CUST13233,Savings,2024-05-12,161531.68,Active
ACC21708,CUST12180,Premium Savings,2026-02-11,15743.09,Active
ACC21709,CUST14338,Current,2021-01-16,14309.89,Dormant
ACC21710,CUST13948,Savings,2025-05-03,314220.62,Closed
ACC21711,CUST14420,Savings,2022-08-09,114398.14,Dormant
ACC21712,CUST11368,Current,2021-02-18,3436.88,Active
ACC21713,CUST12152,Salary,2025-01-08,211337.09,Active
ACC21714,CUST12947,Savings,2026-08-08,28950.11,Active
ACC21715,CUST13637,Salary,2025-03-29,53348.76,Active
ACC21716,CUST13039,Savings,2023-09-16,76222.06,Closed
ACC21717,CUST14768,Savings,2023-07-15,24532.59,Inactive
ACC21718,CUST11402,Salary,2025-02-20,330625.32,Active
ACC21719,CUST11282,Savings,2022-04-15,18597.73,Active
ACC21720,CUST11578,Savings,2025-02-27,38097.6,Dormant
ACC21721,CUST12423,Salary,2022-08-11,285462.32,Active
ACC21722,CUST11930,Savings,2025-07-06,301538.79,Active
ACC21723,CUST13702,Salary,2021-03-16,35521.81,Active
ACC21724,CUST14719,Savings,2025-04-11,14969.52,Active
ACC21725,CUST11664,Savings,2025-01-08,95608.84,Active
ACC21726,CUST10793,Premium Savings,2025-11-22,12269.55,Active
ACC21727,CUST12026,Premium Savings,2023-11-19,64118.93,Active
ACC21728,CUST13499,Savings,2023-04-24,113769.51,Active
ACC21729,CUST11223,Current,2026-08-02,711045.46,Inactive
ACC21730,CUST14914,Current,2021-10-10,91690.81,Closed
ACC21731,CUST11491,Savings,2024-01-07,235887.78,Active
ACC21732,CUST12837,Current,2023-08-12,57291.69,Active
ACC21733,CUST13257,Savings,2026-07-10,64778.52,Active
ACC21734,CUST12886,Savings,2021-07-13,111183.3,Active
ACC21735,CUST11868,Premium Savings,2021-03-23,336783.73,Active
ACC21736,CUST13416,Premium Savings,2021-02-28,49076.19,Inactive
ACC21737,CUST11451,Savings,2025-02-09,-500.0,Active
ACC21738,CUST11060,Savings,2024-03-15,98325.07,Active
ACC21739,CUST11879,Current,2022-01-25,131526.96,Dormant
ACC21740,CUST12498,Salary,2026-04-16,32380.35,Active
ACC21741,CUST12339,Current,2022-12-08,212856.46,Active
ACC21742,CUST12715,Savings,2026-01-02,72963.54,Active
ACC21743,CUST11102,Savings,2021-02-17,108383.06,Active
ACC21744,CUST14564,Current,2023-01-14,57807.54,Inactive
ACC21745,CUST11835,Current,2026-06-09,25680.57,Active
ACC21746,CUST12225,Savings,2026-02-20,205132.77,Active
ACC21747,CUST12879,Salary,2025-03-29,2213.45,Active
ACC21748,CUST12349,Savings,2025-10-25,6706.47,Active
ACC21749,CUST12110,Savings,2023-05-09,33896.98,Active
ACC21750,CUST13148,Savings,2022-02-09,20011.5,Active
ACC21751,CUST12902,Savings,2025-04-17,21553.26,Inactive
ACC21752,CUST13750,Savings,2021-02-18,64005.6,Active
ACC21753,CUST12157,Salary,2023-05-17,51681.85,Active
ACC21754,CUST10782,Savings,2025-11-30,46024.28,Active
ACC21755,CUST14596,Premium Savings,2022-04-19,84940.53,Active
ACC21756,CUST11271,Savings,2023-05-18,49995.48,Active
ACC21757,CUST12174,Savings,2024-10-04,282534.91,Active
ACC21758,CUST13966,Savings,2026-08-09,19832.13,Active
ACC21759,CUST12140,Savings,2021-01-23,31203.87,Active
ACC21760,CUST12922,Savings,2021-11-05,176792.22,Active
ACC21761,CUST10161,Savings,2021-12-20,95084.66,Active
ACC21762,CUST11951,Premium Savings,2024-11-20,101363.06,Inactive
ACC21763,CUST14910,Savings,2021-09-28,233985.93,Active
ACC21764,CUST12395,Savings,2021-10-02,116406.72,Active
ACC21765,CUST10044,Premium Savings,2026-02-26,91738.16,Dormant
ACC21766,CUST13634,Savings,2025-07-19,226553.7,Closed
ACC21767,CUST14231,Savings,2023-02-17,11185.0,Active
ACC21768,CUST11369,Savings,2024-09-15,112259.33,Active
ACC21769,CUST14906,Savings,2024-09-07,26426.25,Active
ACC21770,CUST11743,Salary,2024-10-22,81013.64,Active
ACC21771,CUST12774,Savings,2021-11-02,46815.82,Dormant
ACC21772,CUST10778,Savings,2023-12-18,16468.44,Dormant
ACC21773,CUST13056,Salary,2021-11-16,90691.46,Active
ACC21774,CUST12516,Savings,2022-07-21,52555.73,Active
ACC21775,CUST10929,Current,2024-05-13,66745.64,Active
ACC21776,CUST10169,Savings,2024-02-27,16595.17,Active
ACC21777,CUST11964,Current,2025-10-19,50300.41,Active
ACC21778,CUST14939,Savings,2024-03-21,28267.87,Active
ACC21779,CUST10732,Savings,2022-11-13,40779.54,Active
ACC21780,CUST11601,Savings,2025-05-09,188499.87,Active
ACC21781,CUST11779,Premium Savings,2021-02-16,37509.33,Closed
ACC21782,CUST10462,Savings,2021-05-21,23014.3,Active
ACC21783,CUST12476,Premium Savings,2024-05-20,99159.19,Active
ACC21784,CUST13347,Savings,2025-03-12,48125.21,Inactive
ACC21785,CUST11947,Salary,2023-04-18,2792.17,Active
ACC21786,CUST12140,Salary,2026-01-20,52023.56,Active
ACC21787,CUST14100,Savings,2025-03-01,25398.97,Active
ACC21788,CUST12580,Savings,2023-07-07,26615.3,Active
ACC21789,CUST11516,Savings,2022-05-27,291844.81,Active
ACC21790,CUST14284,Savings,2023-08-14,160564.64,Active
ACC21791,CUST10188,Current,2023-09-21,5484.55,Active
ACC21792,CUST13778,Savings,2023-06-10,59337.26,Active
ACC21793,CUST13596,Savings,2024-02-10,112009.51,Active
ACC21794,CUST11319,Savings,2024-04-26,100980.2,Active
ACC21795,CUST12723,Current,2021-10-27,23842.84,Active
ACC21796,CUST14340,Savings,2024-04-21,24098.11,Active
ACC21797,CUST12063,Savings,2023-11-03,85740.88,Active
ACC21798,CUST14157,Savings,2022-01-03,3871.59,Active
ACC21799,CUST11026,Savings,2024-09-25,109743.81,Active
ACC21800,CUST10494,Savings,2022-09-01,36411.5,Active
ACC21801,CUST11290,Premium Savings,2025-04-09,28097.48,Active
ACC21802,CUST12384,Salary,2026-03-01,20394.63,Active
ACC21803,CUST10122,Current,2025-03-31,27859.76,Active
ACC21804,CUST13300,Savings,2021-04-05,93208.1,Active
ACC21805,CUST13700,Savings,2021-09-22,345776.6,Active
ACC21806,CUST12405,Savings,2022-05-02,40636.42,Active
ACC21807,CUST12581,Current,2022-09-05,151713.43,Inactive
ACC21808,CUST10066,Salary,2023-05-27,44293.36,Active
ACC21809,CUST10249,Salary,2022-12-30,71685.8,Active
ACC21810,CUST12701,Savings,2026-02-14,11330.1,Closed
ACC21811,CUST13485,Savings,2024-02-03,31140.23,Active
ACC21812,CUST14804,Savings,2025-01-05,122948.65,Active
ACC21813,CUST13437,Savings,2025-08-05,20895.87,Active
ACC21814,CUST12231,Savings,2025-08-22,20583.95,Dormant
ACC21815,CUST12464,Current,2024-09-10,21364.22,Dormant
ACC21816,CUST12541,Salary,2023-07-03,56748.49,Active
ACC21817,CUST14803,Savings,2025-05-02,49065.53,Active
ACC21818,CUST12629,Savings,2022-03-01,34126.57,Inactive
ACC21819,CUST14904,Salary,2022-11-07,34143.65,Active
ACC21820,CUST14871,Salary,2024-12-02,120470.39,Inactive
ACC21821,CUST10503,Savings,2026-03-28,24229.08,Active
ACC21822,CUST13486,Savings,2023-10-11,20460.56,Active
ACC21823,CUST12375,Salary,2024-12-29,647374.44,Closed
ACC21824,CUST10100,Savings,2023-05-14,98764.07,Dormant
ACC21825,CUST11032,Savings,2025-07-03,92025.22,Active
ACC21826,CUST14355,Salary,2022-05-25,113919.73,Active
ACC21827,CUST11981,Current,2025-04-15,19002.95,Active
ACC21828,CUST10297,Savings,2024-02-22,6667.41,Active
ACC21829,CUST13845,Salary,2026-06-14,50989.24,Active
ACC21830,CUST13014,Savings,2024-07-04,217390.84,Closed
ACC21831,CUST13421,Salary,2026-07-06,57759.23,Active
ACC21832,CUST13392,Savings,2022-03-16,530984.7,Active
ACC21833,CUST13779,Savings,2024-04-11,31069.72,Active
ACC21834,CUST12744,Premium Savings,2026-04-11,36226.2,Active
ACC21835,CUST12766,Current,2023-10-22,20900.74,Closed
ACC21836,CUST11097,Savings,2024-05-12,65381.89,Active
ACC21837,CUST13929,Premium Savings,2021-10-22,42973.2,Dormant
ACC21838,CUST14940,Salary,2026-07-09,75226.61,Active
ACC21839,CUST10173,Salary,2021-12-11,81340.51,Active
ACC21840,CUST14369,Savings,2022-06-10,21874.25,Active
ACC21841,CUST12167,Premium Savings,2026-05-26,14519.99,Active
ACC21842,CUST13886,Savings,2025-01-24,37532.42,Active
ACC21843,CUST14775,Savings,2024-07-21,6161.26,Active
ACC21844,CUST13516,Savings,2026-04-07,52678.39,Active
ACC21845,CUST13842,Premium Savings,2021-05-15,15137.22,Active
ACC21846,CUST12923,Savings,2024-11-10,18404.7,Active
ACC21847,CUST11609,Savings,2021-11-11,160918.44,Active
ACC21848,CUST10186,Salary,2026-03-26,84411.76,Active
ACC21849,CUST11610,Premium Savings,2023-09-04,14123.53,Inactive
ACC21850,CUST11096,Current,2022-11-11,29336.69,Active
ACC21851,CUST11731,Savings,2025-09-04,21577.65,Active
ACC21852,CUST11219,Savings,2021-07-05,27631.34,Active
ACC21853,CUST14242,Savings,2022-02-27,83020.56,Active
ACC21854,CUST14546,Current,2022-01-22,154347.55,Active
ACC21855,CUST14960,Salary,2021-12-17,78431.54,Active
ACC21856,CUST11123,Savings,2024-11-07,18427.96,Active
ACC21857,CUST12125,Savings,2022-11-02,162148.12,Active
ACC21858,CUST13368,Savings,2021-12-15,32148.42,Active
ACC21859,CUST12335,Savings,2023-03-17,641608.79,Active
ACC21860,CUST14079,Savings,2023-04-26,159771.76,Active
ACC21861,CUST12233,Salary,2021-06-12,65697.72,Active
ACC21862,CUST13636,Savings,2024-10-24,187476.24,Inactive
ACC21863,CUST12800,Savings,2024-06-16,258450.22,Active
ACC21864,CUST14408,Premium Savings,2021-06-05,14617.2,Inactive
ACC21865,CUST11042,Savings,2021-06-18,60628.19,Active
ACC21866,CUST14929,Savings,2025-06-30,45961.46,Active
ACC21867,CUST13261,Savings,2024-05-02,34148.75,Active
ACC21868,CUST12164,Current,2025-04-30,101577.46,Active
ACC21869,CUST10137,Salary,2026-02-07,67202.68,Dormant
ACC21870,CUST11623,Current,2023-11-12,70692.94,Active
ACC21871,CUST12350,Savings,2026-07-15,53072.94,Active
ACC21872,CUST12802,Current,2024-12-28,8448.31,Active
ACC21873,CUST11145,Salary,2024-03-25,292537.65,Active
ACC21874,CUST13586,Salary,2025-08-08,50074.89,Active
ACC21875,CUST14738,Current,2022-06-21,16305.14,Active
ACC21876,CUST11372,Salary,2025-12-11,34724.01,Active
ACC21877,CUST10131,Salary,2023-04-20,20277.26,Active
ACC21878,CUST12156,Savings,2025-02-19,10527.51,Active
ACC21879,CUST14992,Salary,2022-07-01,33407.83,Active
ACC21880,CUST11292,Savings,2026-01-29,14929.0,Inactive
ACC21881,CUST14116,Savings,2024-10-24,177022.69,Active
ACC21882,CUST13036,Savings,2021-11-15,144078.53,Active
ACC21883,CUST12493,Savings,2025-04-30,15363.35,Active
ACC21885,CUST13918,Savings,2025-12-02,77623.95,Active
ACC21886,CUST14641,Salary,2024-01-17,48699.47,Active
ACC21887,CUST10689,Savings,2024-08-23,65026.74,Active
ACC21888,CUST13646,Current,2025-04-27,76717.07,Active
ACC21889,CUST13414,Current,2022-04-09,118086.72,Active
ACC21890,CUST10603,Current,2022-03-18,76681.35,Active
ACC21891,CUST11586,Savings,2022-03-25,84082.3,Active
ACC21892,CUST14198,Savings,2021-08-20,104410.11,Active
ACC21893,CUST11493,Savings,2022-06-11,45249.49,Active
ACC21894,CUST14112,Current,2024-06-10,110505.8,Active
ACC21895,CUST11875,Savings,2023-02-16,126308.89,Active
ACC21896,CUST13858,Premium Savings,2024-02-26,369105.51,Active
ACC21897,CUST12227,Savings,2022-09-19,53421.7,Active
ACC21898,CUST10352,Salary,2025-09-29,306497.69,Active
ACC21899,CUST13592,Salary,2022-10-27,76493.7,Dormant
ACC21900,CUST11887,Current,2024-01-04,82265.96,Active
ACC21901,CUST10257,Savings,2025-03-19,26550.6,Active
ACC21902,CUST11124,Savings,2025-11-18,469573.97,Dormant
ACC21903,CUST10582,Premium Savings,2023-10-17,47035.19,Active
ACC21904,CUST13203,Savings,2023-04-24,37876.14,Closed
ACC21905,CUST14899,Premium Savings,2022-08-15,152818.06,Active
ACC21906,CUST10467,Current,2021-02-05,34096.17,Active
ACC21907,CUST10976,Savings,2026-05-03,37768.46,Active
ACC21908,CUST13173,Savings,2026-05-10,22468.34,Closed
ACC21909,CUST14939,Savings,2023-04-20,56271.66,Active
ACC21910,CUST13773,Current,2025-01-15,13452.24,Active
ACC21911,CUST11211,Salary,2023-11-30,20574.16,Active
ACC21912,CUST13642,Savings,2021-03-21,64980.3,Dormant
ACC21913,CUST10777,Savings,2024-09-16,12510.44,Inactive
ACC21914,CUST11051,Salary,2022-03-01,124043.3,Closed
ACC21915,CUST13683,Savings,2025-09-20,22829.61,Dormant
ACC21916,CUST10924,Salary,2021-09-01,155604.6,Active
ACC21917,CUST12887,Savings,2022-07-27,118473.74,Active
ACC21918,CUST10497,Savings,2022-04-25,45249.49,Active
ACC21919,CUST14682,Savings,2025-02-26,45249.49,Active
ACC21920,CUST13412,Salary,2021-12-19,40260.54,Active
ACC21921,CUST13784,Savings,2025-07-05,86503.93,Active
ACC21922,CUST13050,Savings,2021-06-25,102792.62,Active
ACC21923,CUST11841,Savings,2024-09-30,25433.16,Active
ACC21924,CUST11514,Salary,2021-01-02,11317.73,Active
ACC21925,CUST12021,Current,2024-08-06,25337.61,Active
ACC21926,CUST12429,Salary,2022-08-03,20500.92,Active
ACC21927,CUST13186,Premium Savings,2024-04-30,39716.46,Active
ACC21928,CUST14596,Current,2023-05-27,42970.72,Active
ACC21929,CUST11062,Savings,2024-05-09,21132.57,Inactive
ACC21930,CUST11146,Savings,2023-07-14,21645.68,Active
ACC21931,CUST10777,Salary,2021-06-11,23846.95,Active
ACC21932,CUST11369,Savings,2022-12-29,52336.26,Active
ACC21933,CUST14546,Salary,2025-03-23,116331.27,Active
ACC21934,CUST14431,Salary,2024-04-11,15843.33,Active
ACC21935,CUST12213,Savings,2021-10-19,28781.45,Closed
ACC21936,CUST11503,Premium Savings,2024-08-13,35534.98,Dormant
ACC21937,CUST11932,Salary,2025-05-20,40840.21,Active
ACC21938,CUST10514,Current,2022-03-20,18764.97,Active
ACC21939,CUST12928,Savings,2023-09-02,35833.14,Active
ACC21940,CUST14543,Salary,2022-07-17,150095.62,Active
ACC21941,CUST11392,Savings,2025-02-05,27368.57,Active
ACC21942,CUST13697,Savings,2022-01-18,45249.38,Active
ACC21943,CUST14692,Savings,2022-02-27,65009.6,Dormant
ACC21944,CUST12081,Salary,2023-11-08,406285.48,Active
ACC21945,CUST12178,Current,2021-06-14,25219.6,Active
ACC21946,CUST11511,Savings,2024-02-13,81398.92,Active
ACC21947,CUST13329,Savings,2023-07-03,21693.39,Dormant
ACC21948,CUST13772,Current,2021-04-06,29863.35,Active
ACC21949,CUST13252,Salary,2025-10-28,23540.53,Closed
ACC21950,CUST13853,Savings,2022-04-02,110311.76,Dormant
ACC21951,CUST10176,Savings,2023-09-16,47328.53,Active
ACC21952,CUST11738,Current,2026-06-24,103603.07,Closed
ACC21953,CUST13781,Salary,2026-07-07,111266.77,Dormant
ACC21954,CUST14981,Savings,2026-03-19,87310.56,Active
ACC21955,CUST10339,Savings,2026-08-13,38498.94,Active
ACC21956,CUST13500,Salary,2025-11-12,72192.99,Active
ACC21957,CUST10544,Premium Savings,2025-11-27,103120.77,Active
ACC21958,CUST14469,Premium Savings,2021-05-16,29710.89,Active
ACC21959,CUST13480,Savings,2022-06-07,19570.97,Dormant
ACC21960,CUST11703,Current,2025-07-04,60670.66,Active
ACC21961,CUST13853,Savings,2025-08-15,22162.4,Active
ACC21962,CUST13803,Savings,2022-07-25,147232.67,Active
ACC21963,CUST14735,Premium Savings,2023-05-11,100943.93,Active
ACC21964,CUST11278,Salary,2025-11-29,61363.25,Active
ACC21965,CUST11776,Savings,2024-08-08,13355.65,Dormant
ACC21966,CUST10712,Premium Savings,2022-02-23,131551.54,Active
ACC21967,CUST12535,Savings,2022-11-28,55224.24,Active
ACC21968,CUST13272,Current,2023-06-06,323109.45,Closed
ACC21969,CUST11943,Current,2021-11-08,16383.59,Active
ACC21970,CUST14218,Current,2021-09-18,26061.88,Active
ACC21971,CUST13725,Savings,2026-06-27,5508.09,Active
ACC21972,CUST11437,Salary,2024-01-21,45830.89,Active
ACC21973,CUST14785,Premium Savings,2022-12-21,10125.19,Active
ACC21974,CUST12725,Savings,2025-07-07,16542.46,Closed
ACC21975,CUST10898,Savings,2021-08-27,104444.22,Inactive
ACC21976,CUST14896,Premium Savings,2024-01-03,14802.1,Active
ACC21977,CUST14143,Current,2021-07-03,81991.83,Inactive
ACC21978,CUST13577,Savings,2026-04-15,21202.41,Dormant
ACC21979,CUST13996,Current,2026-02-08,31287.97,Active
ACC21980,CUST14989,Savings,2024-11-19,260957.0,Closed
ACC21981,CUST11040,Savings,2023-03-03,41108.06,Inactive
ACC21982,CUST11911,Current,2023-04-15,51404.27,Dormant
ACC21983,CUST10177,Savings,2026-01-28,32885.71,Inactive
ACC21984,CUST13975,Current,2022-06-07,5883.57,Active
ACC21985,CUST12377,Current,2021-09-01,49174.35,Active
ACC21986,CUST13431,Savings,2026-04-25,174100.89,Inactive
ACC21987,CUST13632,Current,2025-08-29,36148.02,Inactive
ACC21988,CUST12643,Savings,2023-12-19,17717.16,Active
ACC21989,CUST11601,Savings,2021-01-01,45124.58,Active
ACC21990,CUST14661,Salary,2022-08-15,201400.02,Active
ACC21991,CUST14318,Savings,2024-12-26,42961.67,Active
ACC21992,CUST12204,Savings,2025-04-06,7788.84,Active
ACC21993,CUST14199,Savings,2024-06-15,26334.88,Active
ACC21994,CUST13247,Salary,2022-04-12,34860.59,Dormant
ACC21995,CUST10419,Savings,2024-05-18,87387.23,Active
ACC21996,CUST13096,Savings,2023-04-21,72675.08,Active
ACC21997,CUST10969,Savings,2023-12-24,320707.2,Inactive
ACC21998,CUST14632,Salary,2022-09-03,68151.85,Active
ACC21999,CUST10235,Savings,2025-08-04,225745.6,Dormant
ACC22000,CUST10601,Savings,2025-12-10,31010.86,Active
ACC22001,CUST14723,Savings,2024-04-19,5744.36,Dormant
ACC22002,CUST12734,Savings,2025-12-28,72025.03,Active
ACC22003,CUST14360,Savings,2023-11-16,121295.99,Active
ACC22004,CUST13572,Savings,2023-03-27,39010.42,Active
ACC22005,CUST12016,Premium Savings,2022-05-24,2505.26,Active
ACC22006,CUST13984,Current,2025-09-15,34144.11,Active
ACC22007,CUST13564,Premium Savings,2025-01-22,18289.38,Active
ACC22008,CUST13240,Savings,2023-01-11,50853.75,Active
ACC22009,CUST12348,Savings,2021-08-21,70176.38,Active
ACC22010,CUST12109,Savings,2022-02-03,90481.07,Active
ACC22011,CUST10640,Premium Savings,2024-04-24,14591.31,Active
ACC22012,CUST10669,Savings,2025-11-14,95603.15,Active
ACC22013,CUST10225,Current,2022-06-17,115795.52,Active
ACC22014,CUST13972,Savings,2026-05-10,209212.71,Inactive
ACC22015,CUST12259,Current,2025-12-08,64623.4,Inactive
ACC22016,CUST13093,Premium Savings,2025-06-26,31958.28,Active
ACC22017,CUST10005,Savings,2025-05-19,50015.44,Active
ACC22018,CUST10057,Salary,2025-04-27,76567.3,Active
ACC22019,CUST11831,Current,2022-05-10,12466.26,Active
ACC22020,CUST10106,Salary,2025-12-10,139634.77,Active
ACC22021,CUST10079,Salary,2025-10-07,16852.84,Closed
ACC22022,CUST11590,Savings,2025-07-17,20061.79,Active
ACC22023,CUST10995,Savings,2023-11-08,70707.18,Inactive
ACC22024,CUST12439,Salary,2024-02-20,68461.85,Active
ACC22025,CUST14120,Savings,2024-11-25,58773.28,Inactive
ACC22026,CUST12527,Savings,2025-06-25,44374.12,Active
ACC22027,CUST14153,Premium Savings,2021-09-20,64751.52,Inactive
ACC22028,CUST10689,Salary,2022-10-28,22937.09,Active
ACC22029,CUST14791,Savings,2026-04-28,65821.78,Active
ACC22030,CUST10910,Savings,2025-07-27,159296.76,Active
ACC22031,CUST12344,Savings,2022-01-17,57029.3,Active
ACC22032,CUST13238,Salary,2022-04-24,202755.14,Active
ACC22033,CUST10699,Savings,2023-09-06,44736.98,Active
ACC22034,CUST13575,Salary,2023-01-28,20229.17,Active
ACC22035,CUST13485,Current,2026-04-03,3161.68,Active
ACC22036,CUST14810,Savings,2026-06-01,18740.74,Active
ACC22037,CUST10677,Savings,2022-12-22,19838.22,Active
ACC22038,CUST12629,Savings,2021-07-28,19496.95,Active
ACC22039,CUST11654,Savings,2024-02-22,57721.07,Active
ACC22040,CUST12627,Savings,2021-07-22,35316.43,Active
ACC22041,CUST12929,Premium Savings,2025-02-10,130992.15,Dormant
ACC22042,CUST10133,Salary,2026-07-07,40755.19,Dormant
ACC22043,CUST13017,Salary,2022-03-17,61843.99,Active
ACC22044,CUST13863,Savings,2023-02-21,127646.33,Active
ACC22045,CUST14029,Premium Savings,2025-04-04,337264.67,Active
ACC22046,CUST13179,Savings,2021-02-28,161370.34,Active
ACC22047,CUST13666,Savings,2025-02-28,358079.37,Active
ACC22048,CUST12231,Savings,2021-12-02,6975.39,Closed
ACC22049,CUST11137,Savings,2023-12-03,242335.07,Active
ACC22050,CUST14352,Savings,2026-01-03,421092.11,Closed
ACC22051,CUST14234,Salary,2023-10-12,9339.19,Active
ACC22052,CUST12198,Savings,2021-10-07,7059.55,Active
ACC22053,CUST12855,Premium Savings,2023-03-05,92943.38,Dormant
ACC22054,CUST14645,Savings,2025-05-18,142091.14,Active
ACC22055,CUST14395,Premium Savings,2025-06-05,54376.64,Active
ACC22056,CUST13100,Current,2025-01-07,38127.78,Active
ACC22057,CUST14367,Savings,2026-04-17,129312.37,Active
ACC22058,CUST12775,Salary,2022-08-12,28279.87,Active
ACC22059,CUST14415,Salary,2021-02-02,72900.15,Dormant
ACC22060,CUST13861,Salary,2024-07-30,41678.72,Active
ACC22061,CUST11148,Savings,2021-06-08,172252.04,Active
ACC22062,CUST13460,Savings,2026-04-10,8279.12,Active
ACC22063,CUST13417,Savings,2025-08-30,18122.44,Inactive
ACC22064,CUST14778,Current,2021-07-09,55235.35,Active
ACC22065,CUST12409,Premium Savings,2024-11-06,101631.08,Active
ACC22066,CUST11668,Premium Savings,2025-10-21,35851.93,Active
ACC22067,CUST14924,Savings,2026-01-30,143659.14,Inactive
ACC22068,CUST13715,Salary,2022-08-02,64349.82,Active
ACC22069,CUST13697,Premium Savings,2025-12-29,67736.89,Active
ACC22070,CUST11993,Savings,2026-03-28,23824.8,Active
ACC22071,CUST13383,Savings,2022-08-13,54554.04,Inactive
ACC22072,CUST14864,Savings,2026-05-22,67964.38,Active
ACC22073,CUST13505,Current,2026-06-23,129065.22,Active
ACC22074,CUST14704,Current,2025-04-04,85990.39,Active
ACC22075,CUST14826,Savings,2025-01-27,21489.49,Active
ACC22076,CUST12415,Salary,2026-01-29,15585.67,Active
ACC22077,CUST12376,Premium Savings,2026-05-27,38014.22,Active
ACC22078,CUST13973,Savings,2021-06-05,90310.97,Inactive
ACC22079,CUST11624,Savings,2025-08-12,49133.86,Active
ACC22080,CUST10491,Savings,2024-03-27,55561.31,Active
ACC22081,CUST14841,Current,2026-05-29,45069.9,Active
ACC22082,CUST11547,Savings,2026-01-17,68421.39,Active
ACC22083,CUST13840,Savings,2026-06-29,92320.64,Active
ACC22084,CUST11057,Savings,2026-02-14,131670.87,Active
ACC22085,CUST10333,Salary,2024-05-06,119693.17,Active
ACC22086,CUST13110,Savings,2021-06-23,94947.28,Inactive
ACC22087,CUST13807,Current,2023-08-22,24964.47,Active
ACC22088,CUST11242,Savings,2022-08-12,70289.05,Active
ACC22089,CUST12722,Savings,2026-05-08,100274.44,Active
ACC22090,CUST14309,Savings,2025-06-18,154534.05,Active
ACC22091,CUST12645,Savings,2026-03-10,78295.99,Active
ACC22092,CUST10027,Salary,2023-01-12,171438.2,Active
ACC22093,CUST13716,Premium Savings,2021-02-15,27597.97,Active
ACC22094,CUST13450,Savings,2023-01-12,157937.94,Inactive
ACC22095,CUST12777,Salary,2022-01-14,69433.73,Active
ACC22096,CUST10249,Premium Savings,2025-01-18,198570.27,Active
ACC22097,CUST14551,Premium Savings,2024-08-02,579033.13,Active
ACC22098,CUST12589,Salary,2025-08-25,12078.48,Active
ACC22099,CUST13944,Savings,2025-01-16,134355.71,Active
ACC22100,CUST14148,Current,2022-08-10,26648.34,Active
ACC22101,CUST11354,Savings,2022-07-30,91444.47,Active
ACC22102,CUST11633,Savings,2023-11-12,7617.95,Active
ACC22103,CUST11008,Savings,2025-01-08,80454.91,Active
ACC22104,CUST10982,Premium Savings,2025-12-18,73203.9,Active
ACC22105,CUST10495,Savings,2025-07-27,25807.63,Active
ACC22106,CUST13392,Savings,2026-01-26,30335.25,Active
ACC22107,CUST10406,Current,2024-02-04,138836.27,Active
ACC22108,CUST11202,Current,2023-08-17,71366.56,Active
ACC22109,CUST14889,Current,2023-06-18,6253.09,Active
ACC22110,CUST14016,Premium Savings,2023-04-20,25351.74,Active
ACC22111,CUST10079,Current,2022-05-26,11796.29,Active
ACC22112,CUST10342,Savings,2023-06-18,295887.3,Active
ACC22113,CUST10958,Savings,2021-11-30,9182.09,Active
ACC22114,CUST11952,Savings,2024-06-26,30319.98,Dormant
ACC22115,CUST13692,Current,2024-03-13,336309.63,Active
ACC22116,CUST11870,Premium Savings,2024-07-18,45198.22,Dormant
ACC22117,CUST11584,Premium Savings,2021-07-14,23150.82,Active
ACC22118,CUST13650,Salary,2022-11-08,20570.2,Active
ACC22119,CUST14751,Savings,2025-10-03,17295.14,Active
ACC22120,CUST14948,Savings,2021-03-26,270574.54,Inactive
ACC22121,CUST13145,Salary,2023-10-28,33680.55,Active
ACC22122,CUST14651,Current,2021-07-27,143544.59,Active
ACC22123,CUST10564,Savings,2022-12-19,40696.53,Active
ACC22124,CUST12843,Salary,2022-05-21,267791.73,Inactive
ACC22125,CUST11961,Savings,2022-01-25,397151.91,Inactive
ACC22126,CUST12884,Savings,2023-08-25,29764.92,Active
ACC22127,CUST10722,Premium Savings,2022-01-17,48664.64,Active
ACC22128,CUST13508,Current,2021-10-24,81175.49,Active
ACC22129,CUST14610,Savings,2023-01-09,12146.75,Active
ACC22130,CUST10676,Savings,2025-12-21,14601.77,Inactive
ACC22131,CUST13381,Salary,2025-10-27,182246.32,Active
ACC22132,CUST14883,Savings,2025-12-28,164463.09,Active
ACC22133,CUST12868,Savings,2023-06-21,80088.6,Active
ACC22134,CUST12946,Savings,2025-03-02,136872.4,Active
ACC22135,CUST10597,Savings,2023-03-23,190103.77,Active
ACC22136,CUST10795,Savings,2025-03-22,45990.18,Active
ACC22137,CUST14466,Current,2025-05-26,8434.8,Active
ACC22138,CUST11848,Savings,2022-09-11,100984.41,Active
ACC22139,CUST13630,Savings,2023-10-18,31563.65,Inactive
ACC22140,CUST11284,Savings,2022-06-02,134744.38,Active
ACC22141,CUST14612,Salary,2022-06-16,18949.15,Active
ACC22142,CUST10181,Premium Savings,2026-07-27,21231.22,Active
ACC22143,CUST11869,Savings,2024-01-20,72796.31,Active
ACC22144,CUST14568,Salary,2021-06-29,16195.83,Active
ACC22145,CUST10298,Salary,2022-08-27,114040.16,Closed
ACC22146,CUST14892,Savings,2021-07-31,90454.86,Active
ACC22147,CUST12370,Premium Savings,2026-04-22,305643.5,Active
ACC22148,CUST13429,Savings,2023-09-12,59520.82,Dormant
ACC22149,CUST11009,Savings,2023-05-19,56925.87,Active
ACC22150,CUST14272,Savings,2022-10-21,14782.38,Active
ACC22151,CUST12334,Current,2025-01-14,66526.98,Dormant
ACC22152,CUST10226,Premium Savings,2025-05-25,78034.02,Active
ACC22153,CUST10661,Savings,2023-12-24,56508.46,Active
ACC22154,CUST11087,Current,2024-07-20,39464.38,Inactive
ACC22155,CUST13004,Savings,2021-11-01,87805.54,Active
ACC22156,CUST13441,Savings,2021-06-30,8948.82,Active
ACC22157,CUST13618,Savings,2025-10-15,86268.67,Active
ACC22158,CUST14974,Savings,2024-05-24,211327.33,Active
ACC22159,CUST10893,Savings,2025-12-01,28536.51,Closed
ACC22160,CUST11774,Savings,2025-05-02,26263.65,Active
ACC22161,CUST13480,Savings,2021-05-28,82749.17,Active
ACC22162,CUST12850,Savings,2021-11-26,27520.63,Active
ACC22163,CUST11335,Salary,2023-01-24,27787.3,Active
ACC22165,CUST13952,Current,2023-04-06,260489.12,Active
ACC22166,CUST11077,Savings,2022-12-05,42904.38,Active
ACC22167,CUST14998,Savings,2023-07-07,107812.61,Active
ACC22168,CUST12982,Current,2022-04-16,147573.37,Active
ACC22169,CUST11412,Savings,2021-09-27,30214.4,Dormant
ACC22170,CUST14316,Savings,2026-02-13,30412.89,Active
ACC22171,CUST10250,Current,2023-04-30,58194.32,Active
ACC22172,CUST12115,Savings,2025-09-18,10656.99,Active
ACC22173,CUST13954,Current,2026-07-25,145895.93,Dormant
ACC22174,CUST13668,Savings,2022-01-19,42466.0,Active
ACC22175,CUST14865,Savings,2023-02-17,70451.03,Active
ACC22176,CUST14145,Savings,2025-01-21,6669.69,Active
ACC22177,CUST11766,Savings,2025-11-21,222583.61,Active
ACC22178,CUST13487,Savings,2024-03-02,225728.59,Active
ACC22179,CUST11908,Savings,2024-12-16,11417.54,Dormant
ACC22180,CUST13548,Savings,2023-05-02,170246.96,Inactive
ACC22181,CUST14062,Savings,2023-02-11,79647.0,Active
ACC22182,CUST11971,Savings,2023-09-09,95760.27,Active
ACC22183,CUST14546,Premium Savings,2023-12-19,74795.13,Active
ACC22184,CUST10429,Savings,2022-08-06,56112.45,Closed
ACC22185,CUST12427,Savings,2021-08-27,57217.11,Active
ACC22186,CUST14634,Savings,2024-03-14,39327.11,Active
ACC22187,CUST11142,Current,2023-01-02,117104.31,Active
ACC22188,CUST14056,Salary,2022-03-13,9381.4,Active
ACC22189,CUST11322,Savings,2026-04-12,58239.19,Active
ACC22190,CUST13213,Salary,2021-04-01,244816.56,Active
ACC22191,CUST14317,Savings,2022-07-10,1016741.5,Dormant
ACC22192,CUST14896,Savings,2025-06-07,43399.73,Active
ACC22193,CUST11055,Savings,2024-03-27,209187.27,Active
ACC22194,CUST13713,Savings,2024-11-08,70396.86,Inactive
ACC22195,CUST14834,Premium Savings,2023-01-24,177576.63,Active
ACC22196,CUST14235,Salary,2023-03-27,104232.03,Active
ACC22197,CUST11876,Savings,2025-09-28,146276.58,Active
ACC22198,CUST12083,Salary,2023-08-31,78021.8,Active
ACC22199,CUST10716,Savings,2023-06-24,21291.53,Active
ACC22200,CUST12904,Premium Savings,2023-03-17,46714.75,Active
ACC22201,CUST11343,Premium Savings,2025-12-16,91132.04,Dormant
ACC22202,CUST10469,Savings,2021-02-24,19507.63,Active
ACC22203,CUST11286,Savings,2025-10-04,57135.38,Closed
ACC22204,CUST14850,Current,2024-07-22,87044.12,Active
ACC22205,CUST12604,Savings,2025-03-24,32867.9,Dormant
ACC22206,CUST14327,Savings,2021-12-23,380170.9,Active
ACC22207,CUST11288,Premium Savings,2025-07-29,42425.39,Closed
ACC22208,CUST14167,Savings,2022-05-10,92430.65,Active
ACC22209,CUST13334,Savings,2023-03-11,184769.84,Active
ACC22210,CUST13759,Premium Savings,2021-08-10,65445.6,Active
ACC22211,CUST13584,Salary,2022-12-01,71603.04,Active
ACC22212,CUST14769,Salary,2025-11-14,62439.4,Active
ACC22213,CUST10443,Savings,2025-08-17,130689.46,Active
ACC22214,CUST11525,Current,2025-07-05,17392.93,Active
ACC22215,CUST14178,Current,2024-02-05,376672.68,Inactive
ACC22216,CUST12146,Savings,2023-12-17,117613.58,Dormant
ACC22217,CUST11092,Savings,2025-06-29,35326.32,Inactive
ACC22218,CUST10372,Savings,2023-09-21,81099.17,Active
ACC22219,CUST12348,Savings,2025-01-11,44890.64,Active
ACC22220,CUST14883,Savings,2024-02-24,20816.9,Active
ACC22221,CUST14245,Savings,2023-05-28,22790.81,Active
ACC22222,CUST13574,Savings,2022-10-02,17546.26,Active
ACC22223,CUST10123,Savings,2023-08-24,93925.74,Active
ACC22224,CUST12832,Premium Savings,2022-03-10,109175.93,Active
ACC22225,CUST11229,Current,2026-01-27,69152.87,Active
ACC22226,CUST14989,Savings,2024-03-09,45249.49,Active
ACC22227,CUST10483,Savings,2024-01-30,49726.49,Closed
ACC22228,CUST11831,Savings,2022-05-03,15502.89,Closed
ACC22229,CUST14105,Salary,2022-08-29,37616.14,Active
ACC22230,CUST14781,Premium Savings,2024-12-29,67245.9,Active
ACC22231,CUST12863,Current,2025-02-16,39898.63,Active
ACC22232,CUST14008,Savings,2025-06-25,13121.34,Active
ACC22233,CUST13989,Current,2021-09-19,37338.81,Active
ACC22234,CUST12075,Current,2025-06-21,55534.16,Active
ACC22235,CUST10835,Current,2021-05-31,44134.4,Dormant
ACC22236,CUST14740,Premium Savings,2023-09-07,119247.83,Active
ACC22237,CUST14801,Savings,2026-05-30,68750.32,Active
ACC22238,CUST14174,Savings,2024-04-10,62593.55,Active
ACC22239,CUST11805,Savings,2023-07-03,33127.35,Active
ACC22240,CUST10611,Savings,2023-11-22,84199.46,Active
ACC22241,CUST12376,Salary,2025-02-13,0.0,Active
ACC22242,CUST12274,Savings,2021-04-03,45752.09,Active
ACC22243,CUST12740,Current,2022-01-05,62426.9,Dormant
ACC22244,CUST11911,Savings,2025-12-26,150579.33,Active
ACC22245,CUST11014,Current,2025-05-04,12447.49,Closed
ACC22246,CUST11866,Current,2024-05-12,32870.48,Active
ACC22247,CUST14824,Savings,2025-07-11,155610.97,Active
ACC22248,CUST11978,Savings,2024-10-14,40499.34,Dormant
ACC22249,CUST10056,Salary,2023-11-10,19341.07,Active
ACC22250,CUST11788,Salary,2024-07-07,93205.57,Active
ACC22251,CUST11278,Savings,2023-05-24,30537.86,Active
ACC22252,CUST11359,Current,2021-08-12,37812.68,Active
ACC22253,CUST12599,Premium Savings,2023-02-27,16876.08,Inactive
ACC22254,CUST14913,Savings,2021-06-10,2858.4,Active
ACC22255,CUST10726,Premium Savings,2026-03-18,32784.04,Active
ACC22256,CUST10311,Salary,2024-02-08,27761.28,Active
ACC22257,CUST10620,Savings,2025-08-10,144875.5,Active
ACC22258,CUST10112,Current,2025-05-11,87531.91,Active
ACC22259,CUST14168,Savings,2021-07-15,26953.46,Active
ACC22260,CUST12655,Savings,2024-02-03,26871.5,Active
ACC22261,CUST12726,Current,2024-11-14,77932.57,Active
ACC22262,CUST13323,Savings,2023-10-20,81010.63,Active
ACC22263,CUST10096,Savings,2025-01-27,86612.6,Active
ACC22264,CUST11088,Savings,2023-03-13,27355.1,Inactive
ACC22265,CUST10990,Savings,2026-08-12,5427.41,Active
ACC22266,CUST10022,Savings,2026-07-06,30298.63,Active
ACC22267,CUST10476,Premium Savings,2026-03-08,163966.97,Active
ACC22268,CUST10635,Savings,2023-05-28,32173.87,Active
ACC22269,CUST14313,savings,2024-01-03,15833.23,Active
ACC22270,CUST11065,Savings,2024-07-25,61690.15,Active
ACC22271,CUST11167,Savings,2026-07-11,4262.62,Active
ACC22272,CUST14886,Current,2023-07-08,45249.49,Active
ACC22273,CUST11676,Salary,2025-05-24,39177.84,Active
ACC22274,CUST13387,Savings,2021-07-17,48878.17,Active
ACC22275,CUST11389,Savings,2024-04-28,97948.62,Inactive
ACC22276,CUST10840,Current,2024-01-24,29757.21,Closed
ACC22277,CUST12033,Savings,2024-10-31,54666.67,Closed
ACC22278,CUST11524,Savings,2023-08-25,66037.5,Active
ACC22279,CUST11825,Salary,2023-01-10,22420.07,Active
ACC22280,CUST12267,Savings,2023-11-27,113726.92,Active
ACC22281,CUST14221,Savings,2026-08-04,7469.41,Active
ACC22282,CUST14243,Salary,2024-08-30,34670.75,Active
ACC22283,CUST10325,Savings,2026-01-04,9783.19,Active
ACC22284,CUST12514,Savings,2023-10-13,26291.28,Active
ACC22285,CUST13180,Savings,2022-05-19,301023.03,Active
ACC22286,CUST12483,Savings,2026-01-04,28725.36,Active
ACC22287,CUST11924,Salary,2022-03-09,35190.29,Active
ACC22288,CUST10648,Premium Savings,2025-09-12,18125.1,Active
ACC22289,CUST13809,Savings,2022-08-06,58483.85,Active
ACC22290,CUST12264,Savings,2021-11-23,123702.32,Active
ACC22291,CUST11060,Savings,2026-08-11,18532.62,Closed
ACC22292,CUST10622,Savings,2026-07-05,89316.12,Active
ACC22293,CUST11256,Savings,2023-07-29,55520.83,Active
ACC22294,CUST10706,Savings,2021-12-04,325608.89,Active
ACC22295,CUST10605,Savings,2024-08-10,237385.59,Active
ACC22296,CUST13679,Savings,2025-02-22,92155.42,Active
ACC22297,CUST10304,Premium Savings,2023-05-04,16857.79,Active
ACC22298,CUST10958,Current,2022-12-01,82679.15,Active
ACC22299,CUST10373,Current,2022-04-19,92877.94,Closed
ACC22300,CUST10700,Savings,2026-05-04,25342.91,Inactive
ACC22301,CUST12819,Salary,2024-06-09,30065.74,Active
ACC22302,CUST11138,Salary,2023-08-22,171031.17,Active
ACC22303,CUST11274,Premium Savings,2025-01-22,3916.3,Active
ACC22304,CUST11884,Current,2023-06-05,31526.2,Active
ACC22305,CUST12369,Savings,2025-12-18,83115.47,Inactive
ACC22306,CUST10356,Savings,2024-01-30,12778.29,Active
ACC22307,CUST13085,Salary,2025-02-24,18061.14,Active
ACC22308,CUST13561,Savings,2022-01-03,193833.4,Active
ACC22309,CUST11919,Current,2024-10-24,102437.88,Active
ACC22310,CUST11495,Salary,2024-11-04,46449.08,Closed
ACC22311,CUST13805,Current,2022-04-29,70224.63,Active
ACC22312,CUST14665,Current,2021-03-14,2749.69,Active
ACC22313,CUST10698,Savings,2022-06-25,99366.87,Active
ACC22314,CUST13869,Savings,2022-06-16,34519.21,Active
ACC22315,CUST11815,Savings,2025-06-13,123954.81,Inactive
ACC22316,CUST12719,Savings,2021-10-28,39960.48,Active
ACC22317,CUST12477,Salary,2024-09-11,58804.02,Active
ACC22318,CUST13416,Premium Savings,2021-04-03,20228.72,Active
ACC22319,CUST10794,Savings,2025-10-03,29076.11,Active
ACC22320,CUST11752,Savings,2024-12-04,167883.97,Active
ACC22321,CUST13823,Savings,2024-08-12,38697.09,Active
ACC22322,CUST12306,Savings,2021-04-27,703750.68,Active
ACC22323,CUST11368,Savings,2022-11-13,9495.83,Dormant
ACC22324,CUST13266,Premium Savings,2022-04-27,63116.73,Active
ACC22325,CUST11421,Current,2026-03-17,26950.5,Active
ACC22326,CUST13169,Savings,2021-06-05,76668.1,Active
ACC22327,CUST12545,Current,2022-12-11,20706.84,Active
ACC22328,CUST12138,Savings,2021-09-17,145112.73,Active
ACC22329,CUST10312,Savings,2024-02-01,56830.57,Active
ACC22330,CUST11929,Savings,2023-12-29,6075.33,Active
ACC22331,CUST13722,Current,2022-06-27,47163.77,Active
ACC22332,CUST11222,Savings,2023-09-08,45163.98,Active
ACC22333,CUST14368,Current,2024-12-17,117907.25,Active
ACC22334,CUST13616,Premium Savings,2025-10-09,378760.26,Active
ACC22335,CUST13146,Savings,2023-08-04,52266.1,Dormant
ACC22336,CUST11064,Current,2023-08-22,38368.2,Active
ACC22337,CUST14695,Savings,2021-07-20,33038.02,Active
ACC22338,CUST12937,Salary,2025-05-17,45249.49,Active
ACC22339,CUST14045,Current,2026-07-23,107426.03,Dormant
ACC22340,CUST12804,Savings,2024-06-23,29170.84,Active
ACC22341,CUST10491,Salary,2025-11-14,54263.11,Active
ACC22342,CUST11324,Savings,2025-11-26,62373.66,Dormant
ACC22343,CUST13939,Current,2024-07-23,129789.83,Active
ACC22344,CUST10879,Savings,2025-01-19,22071.16,Dormant
ACC22345,CUST14399,Savings,2024-03-06,37465.82,Active
ACC22346,CUST12582,Savings,2025-12-21,53622.05,Active
ACC22347,CUST11662,Savings,2024-03-09,21669.74,Active
ACC22348,CUST11157,Premium Savings,2022-12-28,83232.69,Active
ACC22349,CUST10640,Savings,2023-11-30,2390.4,Dormant
ACC22350,CUST12399,Savings,2025-02-25,396025.08,Active
ACC22351,CUST11354,Salary,2026-03-03,6026.05,Active
ACC22352,CUST11438,Salary,2024-12-20,45190.65,Active
ACC22353,CUST13026,Savings,2023-06-25,18948.96,Closed
ACC22354,CUST11696,Salary,2025-12-17,58966.16,Active
ACC22355,CUST11822,Current,2022-02-22,32546.37,Inactive
ACC22356,CUST14174,Savings,2025-04-12,10989.22,Active
ACC22357,CUST13966,Salary,2024-06-17,10507.21,Active
ACC22358,CUST11874,Salary,2021-06-25,108513.22,Active
ACC22359,CUST11720,Salary,2024-01-21,47450.61,Active
ACC22360,CUST14044,Savings,2022-09-22,100194.83,Active
ACC22361,CUST11169,Savings,2025-09-06,11298.21,Dormant
ACC22362,CUST10774,Savings,2021-07-08,119029.39,Active
ACC22363,CUST14624,Savings,2025-10-31,20210.46,Active
ACC22364,CUST13586,Current,2021-09-25,551920.18,Active
ACC22365,CUST11275,Salary,2021-04-22,42440.32,Dormant
ACC22366,CUST12123,Premium Savings,2025-04-28,193250.93,Active
ACC22367,CUST11463,Savings,2026-01-04,29253.52,Active
ACC22368,CUST12885,Premium Savings,2021-02-11,31681.49,Active
ACC22369,CUST10237,Current,2023-04-15,97280.22,Active
ACC22370,CUST10473,Salary,2023-06-29,141210.24,Dormant
ACC22371,CUST13805,Savings,2022-10-19,53311.97,Active
ACC22372,CUST14615,Savings,2023-11-24,92788.17,Active
ACC22373,CUST10275,Savings,2026-04-18,17145.74,Active
ACC22374,CUST10284,Savings,2026-02-03,101739.6,Closed
ACC22375,CUST10214,Salary,2021-02-05,70079.7,Active
ACC22376,CUST14470,Savings,2025-04-09,289753.35,Inactive
ACC22377,CUST13793,Premium Savings,2025-11-21,35652.44,Active
ACC22378,CUST12930,Current,2024-07-31,30089.04,Active
ACC22379,CUST13626,Savings,2022-06-02,60438.34,Inactive
ACC22380,CUST12348,Savings,2025-09-18,63494.81,Active
ACC22381,CUST12404,Current,2021-08-11,28582.98,Active
ACC22382,CUST14984,Savings,2021-11-21,64063.29,Active
ACC22383,CUST12129,Savings,2021-10-24,18667.6,Active
ACC22384,CUST11099,Current,2021-10-18,241192.46,Active
ACC22385,CUST10031,Premium Savings,2023-11-03,18258.77,Active
ACC22386,CUST13135,Salary,2022-04-15,102039.86,Active
ACC22387,CUST10078,Current,2023-07-24,48489.85,Active
ACC22388,CUST14343,Current,2021-07-21,125709.08,Closed
ACC22389,CUST10619,Current,2024-03-29,35343.93,Dormant
ACC22390,CUST11408,Savings,2022-12-01,46155.54,Active
ACC22391,CUST14540,Savings,2026-04-21,82770.71,Active
ACC22392,CUST12212,Savings,2021-08-18,246960.82,Active
ACC22393,CUST10119,Savings,2021-06-08,56467.8,Active
ACC22394,CUST12412,Current,2024-11-09,70221.18,Inactive
ACC22395,CUST11673,Current,2023-10-02,18278.28,Active
ACC22396,CUST11449,Current,2026-03-12,70082.47,Active
ACC22397,CUST10281,Savings,2024-08-14,57221.82,Closed
ACC22398,CUST10571,Savings,2022-02-15,0.0,Active
ACC22399,CUST12709,Savings,2023-11-17,14015.91,Active
ACC22400,CUST11830,Savings,2026-01-30,50782.0,Dormant
ACC22401,CUST13864,Savings,2026-03-08,21909.69,Active
ACC22402,CUST10797,Premium Savings,2021-05-25,29338.14,Active
ACC22403,CUST10450,Salary,2021-09-04,3474.09,Active
ACC22404,CUST12104,Savings,2022-04-07,4762.73,Active
ACC22405,CUST14886,Premium Savings,2025-01-14,136552.95,Active
ACC22406,CUST13218,Current,2023-02-04,37870.32,Active
ACC22407,CUST12362,Savings,2022-07-01,48166.36,Active
ACC22408,CUST13873,Savings,2023-07-03,51936.13,Active
ACC22409,CUST13677,Salary,2026-06-07,45703.92,Active
ACC22410,CUST12037,Current,2021-08-24,96324.37,Dormant
ACC22411,CUST12188,Savings,2026-06-16,21469.48,Active
ACC22412,CUST11730,Savings,2023-09-27,80598.41,Active
ACC22413,CUST10102,Savings,2022-03-07,105226.11,Active
ACC22414,CUST10457,Premium Savings,2025-09-06,97459.52,Active
ACC22415,CUST10159,Savings,2025-03-17,132393.33,Active
ACC22416,CUST11334,Current,2022-01-13,58477.26,Active
ACC22417,CUST10325,Savings,2025-05-22,28607.88,Active
ACC22418,CUST14397,Salary,2024-07-24,82298.92,Active
ACC22419,CUST14850,Salary,2025-05-13,194985.15,Closed
ACC22420,CUST10064,Current,2025-05-10,71533.14,Active
ACC22421,CUST12063,Savings,2024-01-01,38832.7,Dormant
ACC22422,CUST12039,Salary,2023-05-07,54363.89,Active
ACC22423,CUST13068,Salary,2026-03-10,61015.13,Inactive
ACC22424,CUST12826,Salary,2022-01-20,32794.09,Active
ACC22425,CUST12708,Savings,2024-11-14,193892.99,Dormant
ACC22426,CUST11107,Savings,2025-02-06,17940.54,Active
ACC22427,CUST11007,Savings,2024-06-13,31750.06,Closed
ACC22428,CUST12335,Savings,2026-02-14,316839.12,Active
ACC22429,CUST12120,Savings,2026-05-04,20911.09,Active
ACC22430,CUST13309,Current,2022-02-17,47828.83,Dormant
ACC22431,CUST12780,Salary,2023-01-08,45249.49,Active
ACC22432,CUST14672,Savings,2022-10-17,78259.43,Inactive
ACC22433,CUST10690,Savings,2026-07-26,110503.77,Active
ACC22434,CUST14892,Salary,2021-09-05,27383.38,Active
ACC22435,CUST13869,Current,2025-08-16,65552.63,Active
ACC22436,CUST14590,Savings,2021-09-21,39554.28,Closed
ACC22437,CUST10249,Salary,2022-10-05,25053.4,Active
ACC22438,CUST12277,Savings,2024-08-27,102076.75,Active
ACC22439,CUST11514,Savings,2025-08-08,4346.46,Active
ACC22440,CUST14122,Savings,2025-02-24,31157.13,Active
ACC22441,CUST11322,Savings,2023-06-14,7992.09,Dormant
ACC22442,CUST10069,Current,2022-03-05,12410.38,Active
ACC22443,CUST11992,Savings,2024-11-19,45249.49,Dormant
ACC22444,CUST10170,Savings,2023-02-01,80383.13,Active
ACC22445,CUST14839,Savings,2025-01-11,7761.73,Dormant
ACC22446,CUST12284,Salary,2026-02-26,75840.37,Active
ACC22447,CUST10754,Current,2023-09-15,60023.07,Active
ACC22448,CUST13089,Savings,2025-09-13,55991.1,Dormant
ACC22449,CUST14071,Premium Savings,2026-06-25,19252.05,Active
ACC22450,CUST13097,Premium Savings,2022-02-07,45249.49,Active
ACC22451,CUST11868,Current,2022-02-21,66878.15,Active
ACC22452,CUST11881,Savings,2024-03-04,14731.43,Active
ACC22453,CUST14779,Current,2021-08-27,102621.6,Active
ACC22454,CUST14350,Savings,2022-06-25,450470.0,Dormant
ACC22455,CUST11952,Salary,2026-03-10,122768.15,Dormant
ACC22456,CUST10006,Current,2021-09-24,150718.7,Closed
ACC22457,CUST14601,Savings,2021-09-02,32387.74,Active
ACC22458,CUST10860,Salary,2021-04-02,37911.83,Active
ACC22459,CUST12733,Savings,2023-03-19,95369.37,Active
ACC22460,CUST12197,Savings,2024-05-02,14236.68,Active
ACC22461,CUST12094,Savings,2022-04-17,158839.42,Active
ACC22462,CUST10746,Savings,2021-05-08,42017.87,Inactive
ACC22463,CUST12722,Savings,2025-01-22,97420.29,Dormant
ACC22464,CUST13278,Savings,2026-02-27,11406.55,Dormant
ACC22465,CUST14027,Premium Savings,2022-05-13,38000.01,Active
ACC22466,CUST12771,Current,2024-10-16,7422.14,Active
ACC22467,CUST14044,Savings,2023-08-20,58066.98,Closed
ACC22468,CUST12740,Salary,2024-10-18,19709.34,Dormant
ACC22469,CUST11155,Salary,2025-10-03,231490.48,Active
ACC22470,CUST14864,Savings,2026-06-28,195470.48,Active
ACC22471,CUST14668,Current,2026-06-25,58584.39,Inactive
ACC22472,CUST12735,Salary,2023-10-28,52278.86,Active
ACC22473,CUST10717,Premium Savings,2023-01-31,136392.04,Active
ACC22474,CUST14212,Salary,2026-07-31,95499.83,Active
ACC22475,CUST10955,Savings,2022-10-28,9013.55,Active
ACC22476,CUST11049,Salary,2022-09-15,53753.35,Dormant
ACC22477,CUST13673,Salary,2023-01-21,45661.43,Active
ACC22478,CUST11446,Savings,2023-08-02,24338.67,Active
ACC22479,CUST13960,Savings,2024-05-04,58047.58,Active
ACC22480,CUST11034,Current,2024-06-05,19513.7,Active
ACC22481,CUST14683,Salary,2021-04-17,72536.03,Active
ACC22482,CUST14674,Current,2026-02-13,127079.43,Inactive
ACC22483,CUST13974,Premium Savings,2025-06-06,44719.94,Active
ACC22484,CUST10808,Savings,2023-03-10,148680.02,Active
ACC22485,CUST13626,Current,2024-04-28,43986.05,Active
ACC22486,CUST11510,Premium Savings,2022-04-13,290195.71,Active
ACC22487,CUST12810,Salary,2023-06-18,50416.71,Dormant
ACC22488,CUST12209,Savings,2023-12-29,29909.17,Active
ACC22489,CUST14142,Premium Savings,2022-07-01,91891.02,Dormant
ACC22490,CUST12729,Savings,2025-12-27,557461.58,Active
ACC22491,CUST11149,Savings,2026-01-29,44336.46,Active
ACC22492,CUST13409,Savings,2023-05-10,69638.55,Active
ACC22493,CUST14633,Salary,2021-09-15,16462.28,Active
ACC22494,CUST14777,Premium Savings,2021-03-13,15172.36,Active
ACC22495,CUST10439,Salary,2024-01-25,21476.61,Closed
ACC22496,CUST10471,Current,2026-07-27,16183.72,Active
ACC22497,CUST10897,Savings,2023-01-29,26900.88,Active
ACC22498,CUST13324,Salary,2023-11-24,21243.68,Inactive
ACC22499,CUST14329,Salary,2021-12-29,323971.06,Active
ACC22500,CUST12272,Savings,2021-01-27,59078.72,Active
ACC22501,CUST13243,Savings,2026-03-24,51199.12,Active
ACC22502,CUST12626,Salary,2026-06-25,318343.04,Active
ACC22503,CUST12725,Savings,2024-02-21,136479.52,Active
ACC22504,CUST10406,Savings,2024-04-17,22017.36,Dormant
ACC22505,CUST12374,Current,2026-07-08,56668.85,Active
ACC22506,CUST10047,Premium Savings,2025-03-17,176336.36,Active
ACC22507,CUST13379,Current,2022-10-18,68301.82,Active
ACC22508,CUST13102,Salary,2022-10-03,9636.69,Closed
ACC22509,CUST10114,Savings,2025-08-27,3984.54,Dormant
ACC22510,CUST13965,Savings,2025-07-14,93934.09,Closed
ACC22511,CUST13542,Salary,2024-03-10,39718.75,Dormant
ACC22512,CUST10255,Current,2022-11-27,101855.0,Active
ACC22513,CUST14978,Current,2021-09-28,11761.86,Inactive
ACC22514,CUST13439,Premium Savings,2026-06-02,31825.59,Active
ACC22515,CUST12185,Premium Savings,2025-07-19,15684.36,Active
ACC22516,CUST14660,Savings,2021-06-01,39656.99,Active
ACC22517,CUST10996,Salary,2025-02-28,460398.16,Active
ACC22518,CUST10005,Salary,2024-09-19,15824.9,Closed
ACC22519,CUST11173,Savings,2023-12-09,62746.03,Active
ACC22520,CUST14334,Salary,2024-03-01,188628.64,Active
ACC22521,CUST11491,Savings,2022-02-23,89189.79,Active
ACC22522,CUST12572,Current,2025-10-17,2391.27,Active
ACC22523,CUST11882,Savings,2022-03-13,27016.22,Active
ACC22524,CUST14895,Savings,2022-07-30,5806.2,Active
ACC22525,CUST10504,Savings,2023-07-26,19584.41,Active
ACC22526,CUST12787,Savings,2025-12-11,25377.01,Active
ACC22527,CUST11789,Salary,2022-11-25,87071.96,Active
ACC22528,CUST12633,Savings,2021-08-30,16971.44,Active
ACC22529,CUST11423,Savings,2024-04-29,19126.9,Active
ACC22530,CUST12694,Savings,2025-07-02,55542.66,Active
ACC22531,CUST10998,Salary,2025-10-10,108758.82,Active
ACC22532,CUST13858,Salary,2023-09-04,102226.86,Active
ACC22533,CUST11908,Savings,2025-08-27,14281.35,Inactive
ACC22534,CUST14851,Savings,2025-07-27,127667.65,Dormant
ACC22535,CUST10415,Premium Savings,2021-08-17,23300.97,Active
ACC22536,CUST13372,Savings,2022-12-29,19049.11,Closed
ACC22537,CUST11808,Savings,2024-04-23,24847.02,Active
ACC22538,CUST10645,Savings,2024-03-25,9673.96,Active
ACC22539,CUST10867,Savings,2023-12-24,48711.39,Dormant
ACC22540,CUST11202,Savings,2023-10-27,58172.44,Active
ACC22541,CUST10930,Current,2021-03-14,13137.35,Active
ACC22542,CUST13955,Premium Savings,2024-03-20,7319.23,Active
ACC22543,CUST12860,Savings,2023-03-01,5114.61,Closed
ACC22544,CUST11408,Salary,2021-12-18,27186.61,Active
ACC22545,CUST13280,Savings,2023-09-26,73536.61,Inactive
ACC22546,CUST14142,Savings,2024-09-10,30099.85,Active
ACC22547,CUST13492,Salary,2022-06-07,28295.02,Active
ACC22548,CUST12170,Current,2026-03-19,55875.81,Active
ACC22549,CUST14495,Premium Savings,2025-06-08,13322.61,Active
ACC22550,CUST10639,Salary,2024-03-10,348285.7,Active
ACC22551,CUST12255,Current,2024-09-03,0.0,Active
ACC22552,CUST14368,Salary,2021-01-27,50001.26,Active
ACC22553,CUST14410,Savings,2024-03-05,21084.83,Active
ACC22554,CUST10007,Savings,2023-04-16,45953.35,Dormant
ACC22555,CUST14801,Savings,2022-11-16,18665.33,Active
ACC22556,CUST14482,Premium Savings,2025-04-20,116116.54,Active
ACC22557,CUST13524,Savings,2025-06-30,17775.79,Active
ACC22558,CUST14419,Premium Savings,2021-11-12,30415.16,Active
ACC22559,CUST10448,Premium Savings,2024-06-30,118527.15,Active
ACC22560,CUST11921,Salary,2024-11-18,26938.18,Active
ACC22561,CUST14151,Savings,2022-05-06,31139.88,Active
ACC22562,CUST14774,Savings,2023-09-11,24232.56,Active
ACC22563,CUST10756,Savings,2022-01-22,56186.74,Active
ACC22564,CUST10127,Savings,2021-11-07,63851.52,Active
ACC22565,CUST12903,Premium Savings,2021-02-22,6387.93,Active
ACC22566,CUST12944,Savings,2025-09-15,14737.66,Closed
ACC22567,CUST12308,Savings,2022-10-26,22860.52,Closed
ACC22568,CUST10516,Savings,2023-04-21,47637.81,Active
ACC22570,CUST10109,Current,2022-08-01,12353.6,Dormant
ACC22571,CUST10059,Premium Savings,2022-11-13,60779.67,Active
ACC22572,CUST11737,Savings,2022-05-27,88042.22,Active
ACC22573,CUST12144,Savings,2022-03-06,54766.08,Active
ACC22574,CUST10383,Current,2023-04-04,157445.08,Inactive
ACC22575,CUST14738,Current,2026-01-01,21874.31,Active
ACC22576,CUST11848,Savings,2026-02-15,6650.26,Active
ACC22577,CUST12508,Savings,2024-11-07,28510.73,Active
ACC22578,CUST12925,Current,2025-01-15,2877.26,Active
ACC22579,CUST13017,Salary,2022-09-09,32806.57,Active
ACC22580,CUST10633,Premium Savings,2022-09-19,62076.22,Active
ACC22581,CUST14126,Savings,2025-02-04,17734.0,Active
ACC22582,CUST10662,Premium Savings,2021-10-03,30565.9,Active
ACC22583,CUST14129,Savings,2024-05-23,9528.01,Active
ACC22584,CUST13130,Savings,2026-06-19,53346.34,Inactive
ACC22585,CUST11649,Salary,2023-09-29,87405.79,Active
ACC22586,CUST14159,Salary,2022-10-04,0.0,Active
ACC22587,CUST12315,Salary,2026-03-23,86937.22,Active
ACC22588,CUST14210,Current,2023-06-19,6881.82,Active
ACC22589,CUST11827,Current,2022-09-28,27640.86,Active
ACC22590,CUST11737,Savings,2021-01-08,38493.01,Active
ACC22591,CUST13549,Premium Savings,2025-11-22,64427.27,Active
ACC22592,CUST14033,Current,2024-12-18,12002.81,Active
ACC22593,CUST14048,Current,2024-07-25,25349.59,Active
ACC22594,CUST14760,Salary,2021-05-19,22071.18,Closed
ACC22595,CUST12409,Current,2023-09-01,55183.92,Active
ACC22596,CUST11016,Savings,2026-04-22,24068.07,Active
ACC22597,CUST12573,Savings,2022-04-11,69117.73,Active
ACC22598,CUST12730,Salary,2025-03-09,396981.09,Active
ACC22599,CUST12719,Savings,2025-11-02,9599.96,Active
ACC22600,CUST12114,Premium Savings,2023-02-05,10676.68,Active
ACC22601,CUST14925,Savings,2025-09-11,51915.2,Active
ACC22602,CUST10110,Salary,2022-03-10,14496.51,Inactive
ACC22603,CUST10852,Salary,2025-01-18,9448.82,Active
ACC22604,CUST12751,Savings,2026-02-13,4168.21,Active
ACC22605,CUST14005,Current,2025-12-01,94600.06,Active
ACC22606,CUST10679,Savings,2023-06-24,44457.35,Active
ACC22607,CUST10189,Savings,2026-01-05,61447.11,Dormant
ACC22608,CUST13901,Savings,2022-11-13,113172.25,Dormant
ACC22609,CUST13738,Current,2021-07-25,15792.97,Inactive
ACC22610,CUST13288,Savings,2026-05-16,13020.79,Dormant
ACC22611,CUST13004,Current,2025-10-24,67285.09,Active
ACC22612,CUST11280,Savings,2022-05-07,144407.07,Active
ACC22613,CUST13279,Current,2023-11-11,17325.31,Active
ACC22614,CUST14490,Salary,2025-05-16,31946.85,Active
ACC22615,CUST10062,Premium Savings,2026-01-03,34679.16,Active
ACC22616,CUST11993,Savings,2024-03-03,368523.29,Inactive
ACC22617,CUST13251,Salary,2023-06-22,8903.52,Active
ACC22618,CUST14295,Savings,2025-07-29,4731.76,Active
ACC22619,CUST11233,Salary,2023-09-08,87799.72,Active
ACC22620,CUST12400,Savings,2021-06-26,74618.74,Active
ACC22621,CUST10606,Savings,2023-10-24,107545.64,Active
ACC22622,CUST14216,Savings,2024-06-18,72803.24,Closed
ACC22623,CUST11273,Salary,2022-08-16,27564.76,Active
ACC22624,CUST10393,Savings,2022-12-03,27037.23,Closed
ACC22625,CUST12775,Savings,2023-04-23,363458.42,Active
ACC22626,CUST10809,Savings,2022-09-02,100691.52,Active
ACC22627,CUST14207,Savings,2021-07-24,127036.23,Active
ACC22628,CUST11727,Savings,2024-11-12,24072.6,Dormant
ACC22629,CUST14165,Current,2022-10-29,9667.66,Inactive
ACC22630,CUST12146,Savings,2021-12-11,180715.68,Active
ACC22631,CUST14907,Savings,2026-07-05,8836.97,Active
ACC22632,CUST12070,Current,2024-09-08,54546.86,Active
ACC22633,CUST11427,Savings,2023-04-26,18843.75,Inactive
ACC22634,CUST10147,Salary,2024-04-02,29814.99,Active
ACC22635,CUST14511,Savings,2023-08-26,62829.98,Closed
ACC22636,CUST14565,Current,2021-05-10,41772.27,Active
ACC22637,CUST14103,Current,2022-03-30,10442.61,Active
ACC22638,CUST11038,Premium Savings,2023-05-17,19553.29,Active
ACC22639,CUST14442,Salary,2023-10-24,85886.7,Dormant
ACC22640,CUST12377,Salary,2026-02-25,33577.89,Active
ACC22641,CUST14194,Current,2026-07-25,97088.57,Active
ACC22642,CUST12030,Savings,2024-11-18,163635.93,Active
ACC22643,CUST11069,Salary,2023-03-08,76036.29,Active
ACC22644,CUST13180,Salary,2021-09-04,16921.07,Active
ACC22645,CUST13622,Current,2021-05-17,55782.23,Active
ACC22646,CUST14002,Premium Savings,2022-07-19,82543.21,Active
ACC22647,CUST13558,Savings,2024-06-05,70593.63,Inactive
ACC22648,CUST14182,Savings,2025-04-22,41937.03,Active
ACC22649,CUST13899,Savings,2026-08-11,27291.83,Active
ACC22650,CUST12313,Savings,2025-04-20,9392.62,Active
ACC22651,CUST12285,Premium Savings,2024-09-28,20109.19,Active
ACC22652,CUST10643,Savings,2021-05-27,19545.73,Dormant
ACC22653,CUST13115,Savings,2025-12-31,55797.54,Active
ACC22654,CUST13212,Savings,2021-08-22,153955.54,Active
ACC22655,CUST12306,Salary,2023-01-03,51478.23,Dormant
ACC22656,CUST10664,Savings,2026-06-06,66926.77,Active
ACC22657,CUST12368,Savings,2021-07-31,33269.85,Active
ACC22658,CUST13499,Salary,2022-01-02,177286.5,Active
ACC22659,CUST11604,Savings,2026-07-20,41600.3,Active
ACC22660,CUST12578,Savings,2023-05-29,34936.81,Active
ACC22661,CUST13365,Savings,2023-03-10,29899.85,Active
ACC22662,CUST14828,Savings,2026-06-16,37106.87,Active
ACC22663,CUST11698,Savings,2025-10-17,59968.54,Active
ACC22664,CUST11799,Savings,2022-09-12,245024.11,Active
ACC22665,CUST14229,Current,2024-09-25,72091.65,Closed
ACC22666,CUST12472,Savings,2024-02-23,6969.45,Active
ACC22667,CUST13804,Savings,2021-09-12,6465.71,Active
ACC22668,CUST14824,Savings,2021-04-08,33037.79,Active
ACC22669,CUST11077,Premium Savings,2026-04-23,110162.92,Inactive
ACC22670,CUST14571,Salary,2026-03-02,6654.02,Active
ACC22671,CUST11057,Savings,2022-12-11,166551.43,Active
ACC22672,CUST12224,Current,2021-11-08,87388.22,Active
ACC22673,CUST11298,Current,2021-10-03,26319.88,Active
ACC22674,CUST10074,Savings,2022-01-08,9318.52,Inactive
ACC22675,CUST10775,Salary,2025-01-20,179754.12,Dormant
ACC22676,CUST12670,Savings,2023-05-09,307233.96,Active
ACC22677,CUST13988,Savings,2023-07-02,32948.31,Active
ACC22678,CUST11459,Savings,2024-07-17,36940.03,Active
ACC22679,CUST11080,Current,2024-02-27,103757.96,Active
ACC22680,CUST11988,Savings,2022-12-22,62918.69,Active
ACC22681,CUST12475,Savings,2022-04-29,16033.78,Active
ACC22682,CUST12408,Savings,2023-10-09,32233.08,Active
ACC22683,CUST12549,Premium Savings,2026-03-03,54094.98,Active
ACC22684,CUST13694,Premium Savings,2024-01-06,8488.68,Active
ACC22685,CUST12072,Savings,2023-02-26,90127.66,Active
ACC22686,CUST12519,Current,2024-10-13,30952.31,Active
ACC22687,CUST14438,Savings,2024-01-17,46440.4,Active
ACC22688,CUST11192,Savings,2024-02-22,196729.53,Active
ACC22689,CUST14994,Savings,2024-03-15,22042.31,Active
ACC22690,CUST13437,Salary,2024-08-28,108094.4,Inactive
ACC22691,CUST14771,Savings,2022-10-07,62695.03,Active
ACC22692,CUST12164,Savings,2026-01-04,133644.36,Active
ACC22693,CUST10484,Savings,2026-03-14,8326.19,Active
ACC22694,CUST14318,Savings,2021-03-25,-500.0,Dormant
ACC22695,CUST11963,Savings,2026-04-03,52208.29,Active
ACC22696,CUST12226,Current,2021-09-05,37246.67,Active
ACC22697,CUST14228,Salary,2023-11-27,102759.07,Active
ACC22698,CUST10245,Premium Savings,2021-05-15,111307.63,Active
ACC22699,CUST13181,Savings,2023-05-30,4889.52,Active
ACC22700,CUST12315,Savings,2023-03-03,43113.24,Active
ACC22701,CUST11798,Premium Savings,2022-02-25,31186.1,Active
ACC22702,CUST10130,Savings,2026-04-03,31947.08,Inactive
ACC22703,CUST10544,Salary,2023-07-11,72817.22,Active
ACC22704,CUST12251,Current,2024-11-07,110596.48,Closed
ACC22705,CUST11163,Savings,2023-07-20,17928.57,Inactive
ACC22706,CUST12078,Salary,2023-12-10,6753.45,Dormant
ACC22707,CUST13606,Current,2021-01-03,65084.55,Active
ACC22708,CUST12317,Savings,2024-10-10,59601.46,Active
ACC22709,CUST14883,Salary,2025-01-30,72953.44,Active
ACC22710,CUST12650,Savings,2022-04-09,117408.23,Active
ACC22711,CUST11515,Savings,2022-10-03,71239.36,Active
ACC22712,CUST12454,Current,2022-11-24,27166.75,Active
ACC22713,CUST13265,Savings,2023-11-07,145416.99,Dormant
ACC22714,CUST13872,Current,2023-07-14,214243.65,Active
ACC22715,CUST13975,Savings,2026-08-11,116571.12,Closed
ACC22716,CUST10687,Salary,2024-01-03,122673.95,Active
ACC22717,CUST10815,Savings,2024-07-17,22151.54,Inactive
ACC22718,CUST14623,Savings,2026-07-26,21139.25,Active
ACC22719,CUST11342,Current,2022-05-08,209968.19,Inactive
ACC22720,CUST12552,Salary,2024-10-03,139312.19,Active
ACC22721,CUST13771,Savings,2026-01-04,5293.77,Active
ACC22722,CUST13192,Savings,2022-06-04,20524.39,Active
ACC22723,CUST10782,Current,2025-08-23,88442.58,Active
ACC22724,CUST12832,Current,2024-06-07,108606.41,Active
ACC22725,CUST12088,Savings,2021-04-16,23007.51,Active
ACC22726,CUST11586,Savings,2024-05-18,10310.63,Closed
ACC22727,CUST12640,Savings,2025-05-14,27568.33,Active
ACC22728,CUST14068,Salary,2024-10-10,17425.66,Closed
ACC22729,CUST13448,Savings,2024-05-07,335586.83,Active
ACC22730,CUST11609,Savings,2025-12-14,34507.41,Active
ACC22731,CUST14911,Savings,2022-06-25,15041.7,Active
ACC22732,CUST12372,Savings,2021-02-15,6646.37,Active
ACC22733,CUST12420,Savings,2026-04-07,57276.41,Active
ACC22734,CUST12244,Savings,2025-10-07,16454.99,Inactive
ACC22735,CUST13810,Current,2025-08-09,50808.34,Active
ACC22736,CUST10321,Current,2025-06-13,83113.63,Active
ACC22737,CUST12158,Current,2024-08-02,13845.92,Active
ACC22738,CUST11838,Premium Savings,2021-06-25,18161.26,Active
ACC22739,CUST14922,Salary,2025-10-03,18880.3,Active
ACC22740,CUST10844,Salary,2022-06-22,16330.0,Active
ACC22741,CUST10530,Savings,2025-10-17,187255.37,Active
ACC22742,CUST13556,Salary,2021-06-14,79665.52,Active
ACC22743,CUST13758,Savings,2021-05-26,22914.43,Active
ACC22744,CUST13587,Current,2025-10-29,23372.04,Active
ACC22745,CUST13897,Savings,2025-07-09,100462.97,Closed
ACC22746,CUST12385,Premium Savings,2023-05-06,286206.46,Active
ACC22747,CUST13023,Savings,2021-05-19,107284.15,Active
ACC22748,CUST13745,Salary,2022-04-28,8048.29,Dormant
ACC22749,CUST10771,Savings,2023-03-22,15081.92,Active
ACC22750,CUST14826,Savings,2024-04-17,14770.18,Active
ACC22751,CUST11879,Current,2023-06-08,14004.4,Active
ACC22752,CUST12612,Savings,2024-12-20,14095.69,Inactive
ACC22753,CUST14416,Savings,2024-05-10,103504.25,Active
ACC22754,CUST13206,Savings,2024-04-19,4936.55,Active
ACC22755,CUST13182,Savings,2024-10-22,3923.31,Active
ACC22756,CUST13676,Current,2025-10-11,28621.51,Active
ACC22757,CUST12905,Savings,2026-06-23,107273.33,Active
ACC22758,CUST12365,Salary,2022-11-09,166165.23,Active
ACC22759,CUST11361,Premium Savings,2025-08-04,183138.3,Active
ACC22760,CUST13221,Savings,2021-11-17,54311.83,Closed
ACC22761,CUST11386,Salary,2026-08-02,240301.77,Dormant
ACC22762,CUST10286,Savings,2021-08-24,35593.95,Dormant
ACC22763,CUST14822,Salary,2023-08-27,20729.56,Active
ACC22764,CUST11697,Current,2025-11-06,65123.11,Active
ACC22765,CUST14652,Savings,2025-10-04,3956.42,Active
ACC22766,CUST12692,Savings,2021-12-22,34402.28,Active
ACC22767,CUST10809,Salary,2023-01-28,163691.38,Active
ACC22768,CUST11656,Savings,2023-07-25,92394.8,Active
ACC22769,CUST10325,Current,2023-04-03,33718.38,Active
ACC22770,CUST13907,Savings,2022-04-19,85929.59,Active
ACC22771,CUST11127,Savings,2021-01-18,88098.67,Active
ACC22772,CUST13264,Savings,2025-05-09,28684.72,Active
ACC22773,CUST12689,Current,2023-10-25,338972.76,Active
ACC22774,CUST10973,Savings,2023-08-17,42748.07,Active
ACC22775,CUST13679,Savings,2022-01-11,6529.95,Inactive
ACC22776,CUST12270,Salary,2023-07-11,88484.76,Active
ACC22777,CUST13066,Current,2022-12-23,12234.5,Active
ACC22778,CUST14894,Salary,2023-02-11,23616.51,Active
ACC22779,CUST11827,Salary,2026-07-15,45249.49,Active
ACC22780,CUST10320,Savings,2021-05-05,11172.19,Active
ACC22781,CUST14190,Savings,2023-10-23,41332.53,Active
ACC22782,CUST10042,Current,2023-02-10,57876.62,Inactive
ACC22783,CUST12371,Premium Savings,2026-07-15,48530.19,Closed
ACC22784,CUST11169,Salary,2021-03-21,24523.38,Closed
ACC22785,CUST11050,Savings,2023-04-16,64092.7,Active
ACC22786,CUST13709,Current,2026-04-07,128341.69,Closed
ACC22787,CUST14220,Savings,2023-12-14,442102.56,Active
ACC22788,CUST12328,Savings,2025-10-16,24334.31,Dormant
ACC22789,CUST12747,Savings,2023-12-16,136828.12,Active
ACC22790,CUST13545,Premium Savings,2022-04-06,26216.75,Dormant
ACC22791,CUST12733,Savings,2024-12-18,77207.59,Active
ACC22792,CUST12432,Salary,2023-08-09,28333.19,Dormant
ACC22793,CUST12297,Salary,2021-11-25,9447.16,Active
ACC22794,CUST12512,Current,2021-03-13,75210.79,Closed
ACC22795,CUST11958,Savings,2025-10-11,433969.71,Active
ACC22796,CUST10897,Savings,2024-04-25,36830.57,Active
ACC22797,CUST11048,Savings,2024-05-22,324766.87,Dormant
ACC22798,CUST14857,Salary,2023-01-05,14331.76,Dormant
ACC22799,CUST10835,Savings,2025-01-12,9662.22,Active
ACC22800,CUST12741,Savings,2021-07-22,39890.22,Inactive
ACC22801,CUST11664,Premium Savings,2025-11-23,18321.86,Active
ACC22802,CUST13024,Current,2022-06-09,6749.44,Active
ACC22803,CUST13943,Savings,2025-12-10,136421.42,Active
ACC22804,CUST11026,Savings,2024-12-12,51040.77,Active
ACC22805,CUST10983,Savings,2022-10-12,89700.81,Active
ACC22806,CUST13346,Savings,2021-12-10,33557.03,Active
ACC22807,CUST10871,Current,2023-08-03,147397.71,Closed
ACC22808,CUST12603,Savings,2021-11-18,89415.66,Active
ACC22809,CUST10198,Salary,2021-04-29,90631.28,Active
ACC22810,CUST12116,Current,2021-08-15,35680.47,Active
ACC22811,CUST11437,Savings,2023-11-04,14366.28,Active
ACC22812,CUST10505,Savings,2025-06-24,41593.72,Dormant
ACC22813,CUST11210,Salary,2025-12-03,3548.58,Inactive
ACC22814,CUST11457,Savings,2026-03-18,93780.18,Active
ACC22815,CUST12168,Savings,2021-12-23,24604.82,Active
ACC22816,CUST10876,Salary,2021-07-06,20693.74,Active
ACC22817,CUST14929,Savings,2023-07-28,54776.05,Active
ACC22818,CUST13406,Current,2024-04-12,25080.37,Inactive
ACC22819,CUST10220,Premium Savings,2026-01-06,66207.3,Active
ACC22820,CUST13521,Salary,2025-05-15,47316.41,Active
ACC22821,CUST12005,Premium Savings,2021-11-06,13908.75,Dormant
ACC22822,CUST11640,Savings,2021-03-11,24127.98,Closed
ACC22823,CUST10077,Savings,2022-05-21,29030.15,Closed
ACC22824,CUST10155,Savings,2026-05-01,143885.74,Active
ACC22825,CUST13412,Current,2021-03-12,107125.81,Active
ACC22826,CUST13729,Current,2021-02-22,109212.03,Inactive
ACC22827,CUST14501,Premium Savings,2021-10-09,123781.13,Active
ACC22828,CUST14034,Savings,2023-10-17,41038.72,Inactive
ACC22829,CUST13574,Savings,2023-08-12,98138.22,Active
ACC22830,CUST13640,Savings,2023-03-05,32839.92,Active
ACC22831,CUST12302,Premium Savings,2021-10-20,49857.76,Active
ACC22832,CUST12332,Savings,2024-08-16,37332.46,Active
ACC22833,CUST14372,Savings,2025-11-18,136149.44,Active
ACC22834,CUST13101,Premium Savings,2023-05-06,17808.66,Active
ACC22835,CUST10172,Salary,2023-03-03,70040.27,Active
ACC22836,CUST14188,Salary,2022-09-22,76249.86,Active
ACC22837,CUST12004,Current,2025-03-10,540955.87,Dormant
ACC22838,CUST12259,Premium Savings,2021-02-03,20999.02,Active
ACC22839,CUST11940,Savings,2021-06-10,31309.28,Active
ACC22840,CUST12126,Savings,2021-09-20,320796.07,Dormant
ACC22841,CUST12005,Savings,2021-02-14,53079.47,Active
ACC22842,CUST12256,Savings,2021-01-22,29654.15,Active
ACC22843,CUST14281,Current,2022-08-15,63804.01,Active
ACC22844,CUST10559,Savings,2022-01-14,53725.15,Active
ACC22845,CUST13233,Savings,2023-09-24,44566.24,Closed
ACC22846,CUST12668,Savings,2024-02-27,5593.89,Active
ACC22847,CUST11390,Savings,2021-04-28,34670.19,Active
ACC22848,CUST12275,Premium Savings,2024-02-03,31405.86,Active
ACC22849,CUST11991,Premium Savings,2024-10-20,279882.1,Active
ACC22850,CUST10360,Savings,2023-10-13,161513.99,Active
ACC22851,CUST10124,Premium Savings,2024-02-13,29161.81,Inactive
ACC22852,CUST10331,Salary,2022-01-25,49778.01,Inactive
ACC22853,CUST10113,Current,2023-10-15,142123.09,Active
ACC22854,CUST11650,Savings,2021-06-11,27420.09,Dormant
ACC22855,CUST11741,Current,2023-12-01,39627.41,Active
ACC22856,CUST12536,Salary,2021-07-21,64046.6,Active
ACC22857,CUST14555,Premium Savings,2022-01-21,20600.35,Active
ACC22858,CUST10635,Premium Savings,2025-10-08,12416.46,Active
ACC22859,CUST14768,Savings,2024-02-11,6555.36,Active
ACC22860,CUST10102,Savings,2023-02-04,19295.26,Active
ACC22861,CUST10780,Savings,2023-04-16,32158.29,Active
ACC22862,CUST14886,Savings,2025-07-20,43026.29,Active
ACC22863,CUST12501,Salary,2024-01-29,168482.16,Active
ACC22865,CUST11092,Premium Savings,2023-09-29,155666.63,Closed
ACC22866,CUST11840,Salary,2026-01-27,8443.03,Active
ACC22867,CUST12577,Savings,2026-07-25,7526.19,Active
ACC22868,CUST14988,Salary,2025-06-16,158744.88,Dormant
ACC22869,CUST13052,Savings,2026-05-18,94007.78,Active
ACC22870,CUST12355,Savings,2025-03-21,29414.97,Active
ACC22871,CUST14785,Current,2024-05-21,37223.47,Active
ACC22872,CUST10947,Savings,2021-12-19,37435.9,Active
ACC22873,CUST14366,Salary,2022-11-05,83088.07,Active
ACC22874,CUST14740,Salary,2026-06-17,21163.07,Active
ACC22875,CUST14975,Savings,2021-03-06,197864.84,Inactive
ACC22876,CUST12967,Savings,2022-06-25,28818.0,Active
ACC22877,CUST11174,Current,2025-11-14,25538.83,Dormant
ACC22878,CUST13526,Salary,2022-08-17,40127.08,Active
ACC22879,CUST14851,Salary,2026-04-28,11491.23,Closed
ACC22880,CUST10226,Current,2025-05-22,41926.95,Active
ACC22881,CUST12866,Savings,2021-09-30,39128.97,Dormant
ACC22882,CUST12529,Savings,2022-01-10,107892.7,Active
ACC22883,CUST12857,Savings,2021-05-02,14547.71,Active
ACC22884,CUST13891,Savings,2024-05-29,15615.29,Active
ACC22885,CUST12948,Salary,2023-05-01,30336.32,Active
ACC22886,CUST10980,Savings,2024-12-25,11264.77,Active
ACC22887,CUST12699,Savings,2021-02-07,93728.7,Active
ACC22888,CUST10770,Savings,2026-05-19,99048.29,Active
ACC22889,CUST12957,Savings,2021-01-24,168018.66,Active
ACC22890,CUST13794,Salary,2024-06-13,197192.22,Active
ACC22891,CUST10952,Savings,2025-07-08,45996.22,Active
ACC22892,CUST10165,Savings,2023-02-17,16305.41,Active
ACC22893,CUST14692,Savings,2023-01-02,27614.59,Active
ACC22894,CUST10595,Savings,2022-03-16,41343.09,Active
ACC22895,CUST13600,Savings,2021-08-07,71504.12,Active
ACC22896,CUST14411,Savings,2023-12-05,51970.94,Active
ACC22897,CUST11630,Savings,2025-03-02,17867.05,Dormant
ACC22898,CUST14650,Salary,2023-11-29,32877.54,Inactive
ACC22899,CUST10370,Savings,2022-07-09,41529.55,Dormant
ACC22900,CUST10500,Savings,2024-01-31,52589.11,Active
ACC22901,CUST14109,Savings,2021-10-14,121569.61,Active
ACC22902,CUST10337,Savings,2023-07-12,25086.89,Active
ACC22903,CUST12307,Savings,2022-03-13,31248.06,Active
ACC22904,CUST14049,Premium Savings,2025-10-21,18877.55,Active
ACC22905,CUST10590,Savings,2024-05-11,15730.88,Active
ACC22906,CUST13023,Savings,2022-04-01,20192.86,Inactive
ACC22907,CUST10276,Premium Savings,2023-11-11,25779.9,Active
ACC22908,CUST11922,Salary,2021-01-04,48788.37,Active
ACC22909,CUST11765,Savings,2022-05-17,66789.87,Active
ACC22910,CUST12641,Savings,2022-03-25,45249.49,Active
ACC22911,CUST14345,Salary,2024-11-06,98231.97,Closed
ACC22912,CUST11907,Savings,2026-04-01,22994.53,Active
ACC22913,CUST13670,Current,2024-05-26,18723.83,Active
ACC22914,CUST11454,Salary,2024-02-20,24149.29,Active
ACC22915,CUST11220,Current,2021-02-01,28188.4,Active
ACC22916,CUST13438,Salary,2026-04-01,23283.03,Dormant
ACC22917,CUST12346,Savings,2025-08-23,135650.39,Active
ACC22918,CUST11083,Savings,2023-10-29,111941.06,Active
ACC22919,CUST11695,Premium Savings,2025-09-02,58899.95,Active
ACC22920,CUST10908,Savings,2025-05-27,7997.24,Active
ACC22921,CUST11216,Savings,2022-03-25,697296.41,Active
ACC22922,CUST13649,Premium Savings,2024-10-15,19113.53,Active
ACC22923,CUST10912,Savings,2022-11-06,226678.39,Active
ACC22924,CUST13316,Savings,2024-03-13,47117.67,Active
ACC22925,CUST12662,Current,2021-11-28,65530.49,Active
ACC22926,CUST14721,Savings,2026-07-04,16932.01,Active
ACC22927,CUST12746,Current,2024-05-09,0.0,Dormant
ACC22928,CUST13681,Salary,2025-08-29,40584.43,Active
ACC22929,CUST12404,Savings,2024-05-20,81199.45,Active
ACC22930,CUST12378,Savings,2023-02-25,11874.43,Active
ACC22931,CUST10890,Current,2021-11-22,68746.96,Active
ACC22932,CUST13224,Current,2025-01-03,45249.49,Active
ACC22933,CUST10496,Salary,2021-03-17,39389.62,Active
ACC22934,CUST10572,Current,2024-10-10,47296.76,Active
ACC22935,CUST12423,Savings,2026-06-03,22349.76,Active
ACC22936,CUST14757,Savings,2023-10-30,8993.99,Active
ACC22937,CUST11947,Savings,2025-07-01,35986.86,Closed
ACC22938,CUST12389,Salary,2026-07-24,35456.08,Closed
ACC22939,CUST11893,Current,2023-07-03,313977.8,Active
ACC22940,CUST11719,Current,2024-02-06,21221.06,Active
ACC22941,CUST12478,Savings,2022-09-18,51760.06,Active
ACC22942,CUST12468,Current,2023-04-17,20236.15,Closed
ACC22943,CUST10185,Savings,2026-08-01,147373.77,Active
ACC22944,CUST12211,Current,2022-12-21,67135.44,Inactive
ACC22945,CUST14624,Savings,2024-09-09,106179.12,Active
ACC22946,CUST10135,Savings,2021-12-21,27857.86,Active
ACC22947,CUST14038,Savings,2026-05-23,11401.97,Active
ACC22948,CUST13654,Savings,2022-05-13,81196.2,Dormant
ACC22949,CUST11555,Salary,2022-08-10,32552.92,Active
ACC22950,CUST14418,Savings,2026-03-05,34780.7,Active
ACC22951,CUST12170,Savings,2023-10-14,17316.74,Active
ACC22952,CUST11288,Savings,2021-09-06,79396.82,Active
ACC22953,CUST11397,Savings,2021-09-04,128544.27,Active
ACC22954,CUST11743,Savings,2025-06-17,49718.79,Active
ACC22955,CUST10956,Savings,2025-07-24,20523.49,Active
ACC22956,CUST11313,Savings,2022-08-29,55420.03,Inactive
ACC22957,CUST11139,Savings,2026-05-18,46151.0,Active
ACC22958,CUST11568,Savings,2021-08-12,47337.8,Closed
ACC22959,CUST10977,Savings,2021-07-08,76122.59,Active
ACC22960,CUST14158,Savings,2022-04-13,257193.31,Active
ACC22961,CUST14272,Premium Savings,2023-12-02,23685.4,Inactive
ACC22962,CUST13732,Salary,2024-03-24,59534.81,Active
ACC22963,CUST13433,Salary,2024-04-04,133318.16,Active
ACC22964,CUST12198,Premium Savings,2022-02-15,18707.05,Active
ACC22965,CUST14753,Salary,2022-12-19,23656.07,Active
ACC22966,CUST14675,Premium Savings,2021-12-26,72721.59,Active
ACC22967,CUST10905,Salary,2023-06-18,37338.55,Active
ACC22968,CUST10980,Premium Savings,2025-03-28,37260.9,Active
ACC22969,CUST10960,Premium Savings,2021-06-21,98891.0,Active
ACC22970,CUST12665,Savings,2026-05-18,37745.03,Active
ACC22971,CUST12493,Savings,2023-11-17,84474.83,Active
ACC22972,CUST14357,Savings,2026-06-01,18296.82,Active
ACC22973,CUST10120,Savings,2021-06-06,21066.34,Active
ACC22974,CUST14297,Premium Savings,2024-10-11,21216.93,Active
ACC22975,CUST12403,Savings,2026-05-20,180858.7,Active
ACC22976,CUST13535,Savings,2022-08-03,23235.37,Dormant
ACC22977,CUST12233,Salary,2022-06-19,61175.12,Active
ACC22978,CUST12794,Salary,2021-08-28,4270.69,Active
ACC22979,CUST13002,Savings,2026-07-01,108237.16,Active
ACC22980,CUST13515,Salary,2024-05-27,26754.7,Active
ACC22981,CUST12154,Savings,2024-01-30,119365.24,Active
ACC22982,CUST11466,Savings,2022-08-20,18267.06,Active
ACC22983,CUST12700,Current,2022-09-13,14408.96,Active
ACC22984,CUST12292,Savings,2022-07-15,13727.84,Active
ACC22985,CUST10377,Salary,2023-11-29,15452.57,Active
ACC22986,CUST10220,Savings,2021-05-20,36253.77,Active
ACC22987,CUST14598,Savings,2022-12-06,67959.64,Active
ACC22988,CUST14100,Savings,2021-09-27,138451.34,Active
ACC22989,CUST11211,Current,2023-01-25,21399.66,Closed
ACC22990,CUST12659,Salary,2024-04-22,52729.79,Active
ACC22991,CUST14318,Salary,2025-08-01,49514.51,Active
ACC22992,CUST14432,Savings,2022-03-03,6063.38,Active
ACC22993,CUST13571,Savings,2026-03-30,56985.09,Active
ACC22994,CUST12402,Savings,2023-11-01,444066.75,Closed
ACC22995,CUST11350,Savings,2024-12-28,45249.49,Dormant
ACC22996,CUST14276,Premium Savings,2022-03-05,602175.83,Active
ACC22997,CUST10912,Premium Savings,2025-07-22,26834.08,Active
ACC22998,CUST12683,Salary,2026-08-10,30881.12,Active
ACC22999,CUST14401,Savings,2024-09-08,61326.45,Active
ACC23000,CUST10898,Current,2023-09-25,10848.52,Closed
ACC23001,CUST14404,Savings,2026-07-08,212388.32,Active
ACC23002,CUST12479,Savings,2021-09-18,1888.75,Closed
ACC23003,CUST10202,Savings,2023-05-13,47541.89,Active
ACC23004,CUST10393,Savings,2025-06-24,65898.55,Dormant
ACC23005,CUST13555,Salary,2021-10-13,19510.6,Active
ACC23006,CUST14394,Current,2024-03-30,16321.13,Active
ACC23007,CUST13808,Savings,2022-07-06,203473.83,Active
ACC23008,CUST13067,Current,2023-01-10,34769.93,Active
ACC23009,CUST12237,Savings,2023-09-09,4028.33,Closed
ACC23010,CUST13081,Salary,2022-09-01,57912.76,Active
ACC23011,CUST10466,Savings,2023-05-02,16840.65,Active
ACC23012,CUST14061,Salary,2024-09-26,65818.45,Active
ACC23013,CUST13346,Premium Savings,2024-07-17,215326.78,Active
ACC23014,CUST10100,Salary,2021-10-13,39160.44,Inactive
ACC23015,CUST14255,Current,2021-10-26,152123.32,Active
ACC23016,CUST12979,Savings,2025-07-14,58806.54,Active
ACC23017,CUST14288,Savings,2023-09-20,177503.69,Active
ACC23018,CUST10956,Savings,2023-03-23,65634.24,Active
ACC23019,CUST14474,Salary,2026-01-29,153537.33,Active
ACC23020,CUST13710,Savings,2023-05-13,52316.92,Active
ACC23021,CUST12516,Salary,2021-12-10,69991.42,Active
ACC23022,CUST14749,Savings,2025-08-09,8030.92,Closed
ACC23023,CUST12330,Current,2023-05-06,267615.98,Active
ACC23024,CUST14146,Savings,2022-06-07,11750.36,Active
ACC23025,CUST10505,Savings,2025-09-13,5033.49,Active
ACC23026,CUST10149,Salary,2021-08-07,54039.87,Active
ACC23027,CUST11843,Savings,2022-05-23,86249.87,Active
ACC23028,CUST12500,Savings,2026-06-18,61262.47,Active
ACC23029,CUST12595,Savings,2022-08-30,15304.36,Inactive
ACC23030,CUST12338,Savings,2023-04-04,90510.14,Closed
ACC23031,CUST14983,Savings,2024-08-15,53445.17,Active
ACC23032,CUST12791,Savings,2024-11-27,18998.2,Active
ACC23033,CUST14294,Salary,2022-05-04,78134.94,Active
ACC23034,CUST12174,Savings,2023-11-30,9927.48,Dormant
ACC23035,CUST11615,Savings,2023-09-21,21280.1,Active
ACC23036,CUST12048,Current,2025-06-16,206055.8,Active
ACC23037,CUST13251,Savings,2025-04-22,149061.5,Active
ACC23038,CUST13890,Savings,2023-06-30,30696.35,Active
ACC23039,CUST11666,Savings,2022-12-19,178637.47,Active
ACC23040,CUST10796,Premium Savings,2025-05-03,24158.01,Active
ACC23041,CUST11064,Savings,2023-09-18,59105.26,Active
ACC23042,CUST12126,Premium Savings,2023-08-11,24208.41,Active
ACC23043,CUST14229,Salary,2026-01-16,22308.22,Active
ACC23044,CUST10666,Salary,2023-11-05,25820.41,Active
ACC23045,CUST13015,Savings,2026-02-26,486044.14,Active
ACC23046,CUST13557,Savings,2022-02-28,30552.78,Active
ACC23047,CUST12249,Savings,2022-12-06,145992.01,Dormant
ACC23048,CUST14916,Savings,2024-05-07,239630.79,Closed
ACC23049,CUST11562,Salary,2025-01-05,161902.93,Active
ACC23050,CUST14061,Savings,2022-10-05,77944.37,Inactive
ACC23051,CUST12640,Savings,2021-06-30,84557.02,Active
ACC23052,CUST11558,Savings,2026-08-09,37829.02,Active
ACC23053,CUST11224,Savings,2026-03-23,39717.79,Closed
ACC23054,CUST13234,Savings,2025-12-25,24405.02,Active
ACC23055,CUST13560,Current,2025-06-30,80962.87,Active
ACC23056,CUST12037,Premium Savings,2023-03-05,16272.57,Active
ACC23057,CUST10095,Savings,2023-04-15,203553.81,Active
ACC23058,CUST11023,Salary,2025-05-24,45249.49,Active
ACC23059,CUST12398,Savings,2023-03-21,7784.86,Active
ACC23060,CUST11762,Savings,2024-12-16,7176.96,Active
ACC23061,CUST13757,Savings,2026-03-07,45902.17,Active
ACC23062,CUST12947,Premium Savings,2021-05-01,5327.06,Active
ACC23063,CUST11838,Savings,2024-07-13,30426.43,Closed
ACC23064,CUST10065,Current,2026-07-08,40344.23,Active
ACC23065,CUST10869,Savings,2023-03-08,446042.26,Active
ACC23066,CUST12416,Current,2024-01-02,173943.67,Active
ACC23067,CUST11723,Savings,2022-04-07,108931.79,Active
ACC23068,CUST12099,Salary,2023-08-11,356403.06,Active
ACC23069,CUST11404,Savings,2023-06-20,53258.21,Dormant
ACC23070,CUST13430,Savings,2024-10-15,26518.75,Active
ACC23071,CUST11103,Salary,2024-04-16,78235.42,Closed
ACC23072,CUST12878,Current,2021-05-29,66807.15,Closed
ACC23073,CUST12687,Current,2022-06-07,50065.01,Dormant
ACC23074,CUST13968,Current,2025-04-06,76151.73,Active
ACC23075,CUST11662,Premium Savings,2024-09-17,35006.87,Active
ACC23076,CUST12927,Savings,2021-04-19,38237.4,Active
ACC23077,CUST13552,Savings,2024-11-19,49068.41,Active
ACC23078,CUST11115,Salary,2022-12-27,14853.85,Active
ACC23079,CUST11815,Premium Savings,2026-04-08,162552.24,Active
ACC23080,CUST10355,Savings,2025-05-13,11254.94,Active
ACC23081,CUST14964,Savings,2023-01-12,50937.22,Active
ACC23082,CUST11759,Savings,2024-11-18,67842.46,Active
ACC23083,CUST14313,Savings,2025-09-02,256456.46,Inactive
ACC23084,CUST11883,Salary,2021-10-26,14378.44,Active
ACC23085,CUST14136,Premium Savings,2026-02-26,122494.74,Active
ACC23086,CUST12490,Savings,2023-10-07,11202.58,Active
ACC23087,CUST11144,Savings,2024-05-16,48720.4,Active
ACC23088,CUST13469,Premium Savings,2024-07-28,116068.32,Closed
ACC23089,CUST12899,Savings,2021-05-28,243249.2,Active
ACC23090,CUST12415,Savings,2024-10-08,7050.68,Active
ACC23091,CUST10121,Current,2021-10-29,18705.12,Active
ACC23092,CUST14410,Current,2025-02-28,19345.33,Active
ACC23093,CUST14366,Savings,2024-06-20,30616.42,Dormant
ACC23094,CUST12673,Salary,2024-04-02,453712.82,Active
ACC23095,CUST13035,Salary,2024-06-01,99341.78,Active
ACC23096,CUST10550,Current,2021-01-30,17671.51,Closed
ACC23097,CUST14183,Current,2022-12-13,248650.51,Active
ACC23098,CUST11958,Salary,2021-04-09,41314.1,Active
ACC23099,CUST10886,Savings,2021-12-01,29926.41,Active
ACC23100,CUST13290,Savings,2022-08-14,223188.02,Dormant
ACC23101,CUST12054,Current,2025-06-23,28321.9,Closed
ACC23102,CUST14199,Salary,2022-01-16,23981.36,Active
ACC23103,CUST10013,Current,2021-11-08,81921.9,Active
ACC23104,CUST14528,Savings,2024-09-09,14198.5,Inactive
ACC23105,CUST13827,Savings,2023-04-17,111472.69,Inactive
ACC23106,CUST14983,Savings,2024-10-21,15190.88,Active
ACC23107,CUST14430,Premium Savings,2022-11-29,10339.23,Active
ACC23108,CUST13850,Savings,2024-11-16,19547.63,Inactive
ACC23109,CUST14956,Savings,2022-08-17,332581.07,Active
ACC23110,CUST13223,Savings,2022-11-18,45249.49,Closed
ACC23111,CUST11689,Current,2026-05-07,52552.4,Active
ACC23112,CUST11642,Premium Savings,2024-09-16,34815.8,Inactive
ACC23113,CUST13400,Premium Savings,2021-06-11,12428.51,Active
ACC23114,CUST10430,Current,2021-05-26,42372.54,Active
ACC23115,CUST14428,Savings,2023-01-12,13548.22,Dormant
ACC23116,CUST11602,Salary,2023-04-07,50634.67,Active
ACC23117,CUST14831,Salary,2025-08-22,35382.78,Active
ACC23118,CUST14843,Salary,2021-09-16,23405.99,Active
ACC23119,CUST14151,Premium Savings,2021-12-05,143983.64,Active
ACC23120,CUST13430,Savings,2023-10-10,28242.84,Active
ACC23121,CUST12031,Current,2025-02-24,57067.38,Dormant
ACC23122,CUST14609,Savings,2022-09-05,153302.09,Closed
ACC23123,CUST12657,Current,2023-09-19,59665.98,Active
ACC23124,CUST12580,Savings,2021-09-19,13242.42,Active
ACC23125,CUST13912,Current,2026-02-14,52025.66,Active
ACC23126,CUST13359,Savings,2021-06-10,6773.33,Active
ACC23127,CUST14188,Savings,2024-09-25,7466.21,Dormant
ACC23128,CUST12168,Savings,2023-03-18,165387.75,Active
ACC23129,CUST10700,Premium Savings,2025-10-23,535393.44,Active
ACC23130,CUST11854,Salary,2022-08-20,17136.17,Active
ACC23131,CUST13420,Savings,2023-03-23,61772.88,Active
ACC23132,CUST10615,Savings,2023-09-12,239103.61,Active
ACC23133,CUST12922,Savings,2026-05-13,44256.06,Active
ACC23134,CUST10647,Savings,2024-02-18,13450.64,Active
ACC23135,CUST14713,Premium Savings,2022-09-23,18010.86,Active
ACC23136,CUST12351,Savings,2024-07-19,20615.06,Active
ACC23137,CUST10901,Savings,2023-01-29,31953.64,Active
ACC23138,CUST12007,Savings,2021-05-20,141568.85,Active
ACC23139,CUST13349,Savings,2022-10-05,55885.53,Dormant
ACC23140,CUST10063,Savings,2022-02-23,26003.62,Active
ACC23141,CUST10039,Savings,2023-09-05,209929.3,Active
ACC23142,CUST12445,Savings,2025-05-14,43643.75,Active
ACC23143,CUST13752,Savings,2021-08-16,8459.43,Dormant
ACC23144,CUST10458,Savings,2026-03-22,10910.29,Active
ACC23145,CUST11545,Savings,2024-05-26,29672.82,Dormant
ACC23146,CUST10876,Savings,2021-06-16,34156.36,Inactive
ACC23147,CUST14317,Savings,2022-11-22,136275.3,Dormant
ACC23148,CUST11347,Premium Savings,2023-08-23,61473.67,Active
ACC23149,CUST13242,Current,2023-11-28,30464.34,Closed
ACC23150,CUST12576,Savings,2021-05-03,8469.46,Closed
ACC23151,CUST13636,Savings,2021-11-02,37473.49,Active
ACC23152,CUST10747,Current,2026-03-02,211599.42,Active
ACC23153,CUST11788,Premium Savings,2026-05-14,52041.18,Active
ACC23154,CUST10949,Salary,2021-07-13,11300.94,Active
ACC23155,CUST11136,Savings,2025-05-29,80035.54,Active
ACC23156,CUST14979,Savings,2025-07-21,135810.21,Inactive
ACC23157,CUST13838,Savings,2021-05-28,44620.71,Active
ACC23158,CUST10112,Savings,2024-09-08,72672.68,Active
ACC23159,CUST10180,Savings,2022-03-29,14026.72,Active
ACC23160,CUST10356,Salary,2022-08-01,14140.39,Active
ACC23161,CUST13545,Savings,2024-09-16,68566.37,Active
ACC23162,CUST14615,Savings,2022-12-24,22389.06,Active
ACC23163,CUST11515,Savings,2025-03-08,105590.27,Dormant
ACC23164,CUST14247,Savings,2025-06-22,5416.97,Active
ACC23165,CUST14186,Savings,2023-01-27,24177.28,Active
ACC23166,CUST12047,Premium Savings,2025-11-13,17461.61,Dormant
ACC23167,CUST10529,Salary,2022-11-05,20370.02,Dormant
ACC23168,CUST10281,Savings,2023-04-17,48981.12,Inactive
ACC23169,CUST12038,Savings,2023-11-01,43943.34,Active
ACC23170,CUST11753,Salary,2023-07-12,36134.5,Active
ACC23171,CUST11704,Savings,2023-04-07,17451.95,Active
ACC23172,CUST11320,Savings,2021-07-16,22480.6,Active
ACC23173,CUST13538,Savings,2026-06-08,14375.89,Active
ACC23174,CUST10431,Savings,2026-07-25,65165.35,Active
ACC23175,CUST13221,Savings,2023-09-23,36447.82,Active
ACC23176,CUST11139,Savings,2025-10-06,18050.66,Active
ACC23177,CUST13962,Premium Savings,2022-08-28,113850.53,Active
ACC23178,CUST12401,Savings,2025-01-02,51439.54,Active
ACC23179,CUST13943,Premium Savings,2021-02-16,28640.97,Dormant
ACC23180,CUST14597,Current,2022-03-19,43884.99,Active
ACC23181,CUST11109,Current,2023-11-01,54318.42,Active
ACC23182,CUST10209,Savings,2022-10-16,72359.42,Active
ACC23183,CUST11446,Savings,2025-08-09,20560.46,Active
ACC23184,CUST11489,Savings,2024-11-15,35254.92,Active
ACC23185,CUST12530,Salary,2026-03-23,57266.2,Active
ACC23186,CUST12976,Savings,2025-09-07,32790.06,Dormant
ACC23187,CUST12657,Salary,2023-04-19,45249.49,Active
ACC23188,CUST14421,Savings,2025-05-10,12838.6,Dormant
ACC23189,CUST13564,Current,2025-12-13,64744.47,Inactive
ACC23190,CUST14078,Current,2023-05-05,52803.37,Active
ACC23191,CUST12405,Current,2023-10-19,15158.1,Active
ACC23192,CUST13554,Savings,2021-10-22,343289.04,Active
ACC23193,CUST12310,Savings,2023-12-28,93427.56,Dormant
ACC23194,CUST12302,Savings,2023-06-09,33121.34,Active
ACC23195,CUST10955,Savings,2022-09-08,35296.44,Active
ACC23196,CUST10781,Current,2023-03-28,43715.41,Active
ACC23197,CUST14179,Premium Savings,2021-01-30,26634.78,Active
ACC23198,CUST11593,Savings,2023-07-31,128353.24,Active
ACC23199,CUST13330,Current,2026-08-03,78749.01,Active
ACC23200,CUST12552,Current,2025-08-04,39416.7,Active
ACC23201,CUST10152,Savings,2024-10-10,36949.26,Closed
ACC23202,CUST14735,Savings,2022-10-25,62179.16,Active
ACC23203,CUST14186,Savings,2024-05-07,15613.66,Active
ACC23204,CUST12834,Premium Savings,2025-09-26,42383.22,Active
ACC23205,CUST11680,Salary,2023-01-24,14678.37,Active
ACC23206,CUST10513,Salary,2022-09-07,13993.41,Active
ACC23207,CUST12975,Current,2022-03-07,153199.98,Active
ACC23208,CUST11271,Current,2024-03-22,195006.81,Active
ACC23209,CUST14990,Current,2025-03-10,22240.45,Active
ACC23210,CUST11541,Current,2021-02-25,85795.43,Active
ACC23211,CUST13264,Current,2021-12-14,30172.13,Active
ACC23212,CUST10009,Savings,2025-01-21,114831.36,Active
ACC23213,CUST12792,Salary,2023-02-16,179232.94,Active
ACC23214,CUST10239,Current,2021-01-04,83122.56,Active
ACC23215,CUST10155,Savings,2022-12-14,181213.3,Active
ACC23216,CUST13334,Savings,2025-03-26,17072.73,Closed
ACC23217,CUST12482,Savings,2021-04-23,72630.04,Active
ACC23218,CUST11447,Savings,2025-10-13,13276.96,Active
ACC23219,CUST13252,Salary,2025-09-02,-500.0,Active
ACC23220,CUST12136,Savings,2021-12-15,5335.85,Active
ACC23221,CUST10482,Salary,2022-10-10,100344.23,Active
ACC23222,CUST12220,Premium Savings,2021-09-01,82816.03,Active
ACC23223,CUST13561,Savings,2025-05-06,17731.34,Active
ACC23224,CUST13108,Salary,2023-05-01,99082.83,Active
ACC23225,CUST14259,Salary,2025-06-03,112670.14,Active
ACC23226,CUST14467,Savings,2025-03-30,40469.57,Dormant
ACC23227,CUST10396,Savings,2021-04-07,63313.09,Active
ACC23228,CUST13048,Premium Savings,2021-08-22,69830.48,Active
ACC23229,CUST14151,Premium Savings,2024-11-26,32620.51,Active
ACC23230,CUST14282,Savings,2024-11-22,32837.39,Active
ACC23231,CUST13844,Current,2024-10-06,55094.47,Active
ACC23232,CUST14283,Premium Savings,2021-08-08,66754.84,Active
ACC23233,CUST14714,Savings,2023-05-15,30452.05,Active
ACC23234,CUST13189,Savings,2022-09-08,19278.16,Active
ACC23235,CUST10192,Current,2021-01-28,68559.4,Active
ACC23236,CUST12458,Savings,2023-03-26,30237.28,Active
ACC23237,CUST12453,Savings,2024-07-26,57806.99,Active
ACC23238,CUST11105,Current,2021-10-17,151824.61,Active
ACC23239,CUST10419,Savings,2024-06-14,25314.04,Active
ACC23240,CUST14795,Savings,2022-11-03,19570.15,Active
ACC23241,CUST12431,Savings,2022-03-21,62449.15,Active
ACC23242,CUST10054,Savings,2025-09-01,90892.78,Active
ACC23243,CUST10008,Savings,2025-03-09,51315.95,Active
ACC23244,CUST11553,Savings,2026-06-13,23686.03,Active
ACC23245,CUST13228,Salary,2021-03-06,131037.02,Active
ACC23246,CUST14383,Savings,2024-03-13,182085.87,Dormant
ACC23247,CUST14588,Savings,2025-02-27,33279.63,Closed
ACC23248,CUST10631,Savings,2026-05-17,59144.58,Active
ACC23249,CUST13206,Salary,2023-09-22,39747.34,Active
ACC23250,CUST10455,Savings,2025-04-07,40374.51,Active
ACC23251,CUST14828,Savings,2021-12-28,127735.02,Active
ACC23252,CUST10126,Salary,2024-01-18,117786.62,Active
ACC23253,CUST13662,Savings,2023-09-09,9172.04,Active
ACC23254,CUST13258,Savings,2026-07-04,120038.8,Active
ACC23255,CUST11775,Savings,2025-08-05,45955.04,Active
ACC23256,CUST14583,Savings,2025-02-01,12791.11,Closed
ACC23257,CUST14311,Savings,2022-03-08,144515.67,Active
ACC23258,CUST11645,Savings,2025-02-18,13717.01,Active
ACC23259,CUST14596,Savings,2024-10-13,355017.71,Active
ACC23260,CUST12963,Savings,2022-03-22,239372.21,Active
ACC23261,CUST10607,Savings,2022-05-14,6562.2,Active
ACC23262,CUST11870,Savings,2021-01-25,38547.35,Closed
ACC23263,CUST10224,Salary,2022-03-19,50724.69,Inactive
ACC23264,CUST11530,Salary,2024-12-06,37865.28,Active
ACC23265,CUST11951,Savings,2024-05-21,87802.26,Active
ACC23266,CUST10763,Savings,2022-09-10,65070.17,Active
ACC23267,CUST10174,Savings,2021-11-13,49858.15,Active
ACC23268,CUST10253,Savings,2026-03-22,16743.25,Active
ACC23269,CUST10658,Savings,2024-04-17,163081.67,Active
ACC23270,CUST14149,Current,2023-08-02,46941.48,Active
ACC23272,CUST13591,Savings,2021-10-14,332421.28,Active
ACC23273,CUST12854,Premium Savings,2023-12-07,70148.65,Active
ACC23274,CUST13605,Salary,2021-07-03,165360.45,Active
ACC23275,CUST14659,Savings,2025-07-04,49647.72,Active
ACC23276,CUST11384,Savings,2024-10-30,46564.43,Active
ACC23277,CUST11144,Premium Savings,2025-02-03,25286.5,Dormant
ACC23278,CUST12723,Savings,2023-07-03,16647.13,Active
ACC23279,CUST11258,Salary,2026-01-21,214931.25,Active
ACC23280,CUST14942,Premium Savings,2021-08-11,34072.4,Dormant
ACC23281,CUST10554,Current,2026-01-13,140749.22,Active
ACC23282,CUST14464,Savings,2024-06-24,10702.19,Inactive
ACC23283,CUST11898,Current,2023-07-15,76672.83,Active
ACC23284,CUST14354,Savings,2022-04-01,35696.86,Active
ACC23285,CUST11899,Savings,2026-03-22,214620.76,Closed
ACC23286,CUST12604,Salary,2021-05-03,248911.76,Active
ACC23287,CUST10267,Savings,2023-01-23,59028.99,Active
ACC23288,CUST10379,Salary,2024-02-24,278281.24,Active
ACC23289,CUST13669,Salary,2025-08-04,37132.33,Active
ACC23290,CUST13684,Savings,2021-02-06,0.0,Inactive
ACC23291,CUST14860,Savings,2021-08-29,21976.13,Active
ACC23292,CUST13193,Premium Savings,2022-12-23,15959.17,Active
ACC23293,CUST13889,Savings,2025-06-10,99722.64,Active
ACC23294,CUST12748,Savings,2021-06-09,206200.75,Active
ACC23295,CUST11935,Current,2021-10-31,168246.0,Closed
ACC23296,CUST12496,Current,2024-06-20,4032.61,Inactive
ACC23297,CUST11273,Savings,2021-03-21,52559.39,Closed
ACC23298,CUST10440,Salary,2022-02-03,108480.15,Active
ACC23299,CUST14508,Savings,2021-09-13,87434.69,Dormant
ACC23300,CUST11885,Savings,2023-03-24,6628.37,Active
ACC23301,CUST13184,Savings,2021-06-23,45029.56,Active
ACC23302,CUST14285,Current,2022-12-01,57642.72,Active
ACC23303,CUST11640,Savings,2021-04-06,25498.65,Dormant
ACC23304,CUST10691,Savings,2024-11-26,136716.05,Active
ACC23305,CUST12766,Current,2021-11-16,394286.64,Inactive
ACC23306,CUST11115,Premium Savings,2024-08-31,431473.63,Active
ACC23307,CUST13147,Current,2025-01-20,62387.78,Dormant
ACC23308,CUST14233,Savings,2023-02-12,36283.41,Dormant
ACC23309,CUST10546,Savings,2024-03-10,11530.72,Active
ACC23310,CUST10872,Salary,2023-07-13,31385.03,Active
ACC23311,CUST12772,Current,2023-05-25,25060.56,Closed
ACC23312,CUST11431,Salary,2021-11-29,39961.02,Active
ACC23313,CUST13159,Premium Savings,2025-10-19,145649.41,Dormant
ACC23314,CUST11586,Savings,2022-02-23,80001.39,Closed
ACC23315,CUST14075,Savings,2025-09-29,79441.85,Active
ACC23316,CUST11622,Salary,2023-09-04,89120.78,Inactive
ACC23317,CUST11508,Savings,2023-10-28,28282.32,Active
ACC23318,CUST13563,Premium Savings,2021-11-14,37843.19,Active
ACC23319,CUST10843,Savings,2024-01-10,44969.94,Active
ACC23320,CUST14273,Savings,2025-05-19,71946.83,Active
ACC23321,CUST13459,Savings,2021-10-09,176557.37,Active
ACC23322,CUST13902,Salary,2022-04-12,188222.45,Active
ACC23323,CUST12117,Savings,2023-09-29,44121.89,Active
ACC23324,CUST10311,Savings,2021-03-02,28108.67,Active
ACC23325,CUST14174,Current,2024-05-30,112330.14,Active
ACC23326,CUST11105,Savings,2022-07-07,21553.32,Active
ACC23327,CUST14284,Savings,2021-12-10,83338.79,Active
ACC23328,CUST14371,Savings,2024-02-11,35900.57,Active
ACC23329,CUST12149,Salary,2023-12-13,28817.53,Active
ACC23330,CUST14893,Savings,2022-11-01,43710.78,Active
ACC23331,CUST11945,Premium Savings,2023-05-23,12626.02,Active
ACC23332,CUST11908,Savings,2025-09-29,26980.34,Active
ACC23333,CUST12651,Current,2021-04-13,30692.68,Active
ACC23334,CUST14810,Current,2021-04-05,18372.89,Active
ACC23335,CUST13554,Savings,2023-04-21,28674.66,Active
ACC23336,CUST13644,Savings,2022-03-01,33688.32,Inactive
ACC23337,CUST11370,Savings,2022-10-14,133294.7,Closed
ACC23338,CUST12891,Salary,2022-03-05,82694.52,Inactive
ACC23339,CUST11765,Savings,2022-05-03,133798.75,Closed
ACC23340,CUST14170,Current,2025-02-07,10954.16,Active
ACC23341,CUST10682,Savings,2025-10-07,135824.67,Active
ACC23342,CUST10568,Savings,2023-11-08,140712.77,Active
ACC23343,CUST11199,Savings,2023-03-01,12528.82,Active
ACC23344,CUST10807,Savings,2022-08-27,36033.62,Active
ACC23345,CUST13567,Savings,2022-12-01,46096.65,Active
ACC23346,CUST12473,Savings,2021-04-28,8804.3,Active
ACC23347,CUST12124,Salary,2023-06-20,755820.42,Active
ACC23348,CUST10790,Current,2023-12-13,231297.59,Active
ACC23349,CUST14080,Current,2022-09-27,176673.33,Active
ACC23350,CUST13979,Savings,2023-08-13,141540.0,Active
ACC23351,CUST10490,Salary,2024-10-08,22969.4,Active
ACC23352,CUST12530,Current,2026-04-03,497300.03,Active
ACC23353,CUST14011,Savings,2026-05-28,61768.83,Closed
ACC23354,CUST12727,Savings,2024-08-14,51650.15,Closed
ACC23355,CUST12535,Savings,2025-11-05,43069.95,Active
ACC23356,CUST10888,Salary,2026-02-26,113545.5,Inactive
ACC23357,CUST10502,Savings,2021-04-21,33258.2,Active
ACC23358,CUST14139,Salary,2023-11-26,278998.73,Active
ACC23359,CUST11140,Current,2026-05-07,30122.71,Active
ACC23360,CUST11563,Savings,2021-05-31,41197.19,Active
ACC23361,CUST11650,Savings,2022-04-08,93213.55,Closed
ACC23362,CUST11768,Savings,2025-07-06,130774.52,Inactive
ACC23363,CUST13587,Salary,2025-04-08,21537.3,Active
ACC23364,CUST12601,Current,2024-05-07,106692.91,Active
ACC23365,CUST14843,Savings,2021-12-18,20029.48,Active
ACC23366,CUST12736,Savings,2023-10-01,98854.97,Active
ACC23367,CUST11876,Savings,2026-04-27,50205.74,Active
ACC23368,CUST14902,Current,2025-03-14,90688.98,Dormant
ACC23369,CUST10701,Premium Savings,2025-09-05,260863.55,Active
ACC23370,CUST13077,Savings,2025-12-26,37847.13,Dormant
ACC23371,CUST14124,Savings,2024-09-28,9129.22,Active
ACC23372,CUST11289,Savings,2026-01-26,10036.25,Inactive
ACC23373,CUST12834,Current,2021-11-30,17433.47,Inactive
ACC23374,CUST11639,Salary,2025-07-19,197316.44,Active
ACC23375,CUST11241,Premium Savings,2021-12-13,19926.78,Active
ACC23376,CUST11051,Salary,2022-10-04,209735.79,Active
ACC23377,CUST12802,Savings,2021-07-06,52503.96,Active
ACC23378,CUST14965,Savings,2023-04-11,44592.61,Dormant
ACC23379,CUST12284,Premium Savings,2026-01-19,26715.84,Active
ACC23380,CUST10096,Savings,2021-06-29,81320.91,Closed
ACC23381,CUST13009,Savings,2026-02-17,90664.09,Active
ACC23382,CUST14555,Savings,2025-10-10,34821.19,Active
ACC23383,CUST14437,Savings,2024-01-30,40316.84,Dormant
ACC23384,CUST13698,Premium Savings,2023-03-08,47772.03,Active
ACC23385,CUST11969,Salary,2021-02-15,56048.04,Active
ACC23386,CUST12594,Savings,2024-12-03,43683.93,Dormant
ACC23387,CUST14653,Savings,2022-02-06,264048.98,Dormant
ACC23388,CUST12671,Savings,2024-11-19,20940.14,Active
ACC23389,CUST11911,Savings,2024-01-06,9618.09,Active
ACC23390,CUST12647,Salary,2022-10-12,7617.17,Active
ACC23391,CUST11841,Savings,2021-10-28,56183.36,Active
ACC23392,CUST14770,Current,2023-03-13,16634.34,Active
ACC23393,CUST10401,Savings,2022-09-20,17455.47,Active
ACC23394,CUST14956,Savings,2025-11-04,28663.51,Active
ACC23395,CUST11591,Savings,2022-03-29,8208.07,Active
ACC23396,CUST11263,Current,2022-04-26,92054.74,Dormant
ACC23397,CUST12152,Premium Savings,2026-06-03,95120.53,Dormant
ACC23398,CUST12530,Savings,2024-12-05,202185.29,Active
ACC23399,CUST12241,Savings,2024-01-07,52119.42,Closed
ACC23400,CUST13262,Salary,2021-11-24,5399.43,Active
ACC23401,CUST14253,Salary,2022-08-07,52438.22,Inactive
ACC23402,CUST14891,Salary,2022-01-07,32450.32,Active
ACC23403,CUST13543,Current,2023-08-26,157528.88,Active
ACC23404,CUST14161,Savings,2025-12-19,45792.25,Active
ACC23405,CUST14889,Savings,2025-02-09,12620.13,Active
ACC23406,CUST11254,Current,2023-06-08,32762.29,Active
ACC23407,CUST11229,Salary,2022-08-26,45488.61,Dormant
ACC23408,CUST11555,Premium Savings,2023-12-31,20203.07,Active
ACC23409,CUST14965,Savings,2024-05-28,226953.7,Dormant
ACC23410,CUST10968,Premium Savings,2026-03-09,1500000.0,Active
ACC23411,CUST11194,Savings,2024-04-14,13165.22,Active
ACC23412,CUST12041,Savings,2024-07-21,21435.83,Active
ACC23413,CUST12719,Salary,2024-09-29,37439.63,Active
ACC23414,CUST11644,Savings,2023-12-30,690265.47,Active
ACC23415,CUST11678,Salary,2022-11-20,71537.95,Active
ACC23416,CUST11975,Current,2025-05-25,22219.03,Active
ACC23417,CUST12190,Savings,2021-05-31,57558.41,Active
ACC23418,CUST14648,Savings,2026-02-22,14537.0,Active
ACC23419,CUST12385,Savings,2022-03-13,18044.67,Active
ACC23420,CUST10062,Premium Savings,2024-10-08,75192.05,Active
ACC23421,CUST10301,Premium Savings,2022-01-12,47644.61,Inactive
ACC23422,CUST11982,Savings,2024-08-07,7090.95,Active
ACC23423,CUST10925,Savings,2023-08-07,10491.14,Active
ACC23424,CUST11925,Savings,2022-12-21,17441.05,Active
ACC23425,CUST12084,Savings,2026-02-12,155760.92,Active
ACC23426,CUST14267,Salary,2025-10-11,12170.04,Active
ACC23427,CUST10078,Salary,2022-06-06,70557.4,Dormant
ACC23428,CUST13659,Salary,2021-06-04,20851.12,Active
ACC23429,CUST12702,Current,2024-06-27,98910.87,Active
ACC23430,CUST12165,Current,2026-03-05,84039.83,Active
ACC23431,CUST12366,Salary,2025-02-06,98534.55,Inactive
ACC23432,CUST13069,Savings,2023-07-11,13388.31,Inactive
ACC23433,CUST11334,Savings,2023-01-24,186204.11,Active
ACC23434,CUST10395,Current,2021-07-29,154213.17,Active
ACC23435,CUST11040,Savings,2024-10-01,168880.32,Active
ACC23436,CUST13381,Savings,2022-07-26,9651.69,Active
ACC23437,CUST14019,Current,2023-07-17,50261.06,Active
ACC23438,CUST11115,Savings,2026-04-01,57461.76,Active
ACC23439,CUST14567,Current,2022-01-24,6827.98,Dormant
ACC23440,CUST13383,Current,2025-06-17,9907.47,Active
ACC23441,CUST14362,Current,2021-02-21,85312.4,Active
ACC23442,CUST11573,Savings,2021-06-20,12491.28,Active
ACC23443,CUST10341,Salary,2023-10-26,24443.53,Closed
ACC23444,CUST14758,Savings,2025-11-20,22014.63,Active
ACC23445,CUST10585,Current,2022-10-15,40334.05,Active
ACC23446,CUST10107,Salary,2021-02-12,41644.45,Active
ACC23447,CUST12295,Salary,2021-01-02,153403.06,Active
ACC23448,CUST10299,Premium Savings,2021-04-27,201731.6,Active
ACC23449,CUST11367,Current,2023-05-18,47020.99,Active
ACC23450,CUST14048,Salary,2021-11-24,1198005.95,Active
ACC23451,CUST14561,Salary,2026-01-10,71009.94,Active
ACC23452,CUST12587,Savings,2026-07-19,52172.73,Dormant
ACC23453,CUST13056,Current,2025-07-19,86451.97,Active
ACC23454,CUST11598,Savings,2022-07-24,93185.58,Active
ACC23455,CUST13604,Savings,2023-09-28,173816.66,Dormant
ACC23456,CUST14384,Savings,2022-04-27,37886.54,Inactive
ACC23457,CUST13660,Savings,2021-12-28,39235.17,Dormant
ACC23458,CUST14047,Current,2024-09-10,78362.62,Active
ACC23459,CUST10247,Savings,2022-03-11,7291.52,Active
ACC23460,CUST14595,Savings,2023-01-04,23498.82,Active
ACC23461,CUST13152,Savings,2021-03-08,28510.16,Inactive
ACC23462,CUST11001,Savings,2026-05-04,42501.43,Active
ACC23463,CUST11739,Savings,2026-04-14,0.0,Active
ACC23464,CUST12343,Current,2021-09-07,64538.16,Active
ACC23465,CUST10197,Savings,2023-10-27,13469.88,Dormant
ACC23466,CUST11585,Savings,2024-01-26,15469.83,Inactive
ACC23467,CUST14551,Salary,2025-05-27,108247.91,Active
ACC23468,CUST11233,Savings,2025-10-28,41086.6,Active
ACC23469,CUST13178,Current,2024-01-15,77797.07,Active
ACC23470,CUST12046,Savings,2026-02-21,79798.91,Active
ACC23471,CUST10965,Savings,2021-02-27,11094.47,Active
ACC23472,CUST14449,Savings,2021-05-22,32205.73,Active
ACC23473,CUST14651,Savings,2024-05-31,57151.78,Active
ACC23474,CUST12771,Savings,2025-05-18,96528.07,Active
ACC23475,CUST12916,Savings,2022-10-15,68640.04,Active
ACC23476,CUST11991,Savings,2024-02-01,188868.92,Active
ACC23477,CUST11663,Savings,2021-01-27,17151.04,Active
ACC23478,CUST11470,Savings,2022-06-07,38197.05,Closed
ACC23479,CUST14486,Savings,2021-08-10,34168.62,Active
ACC23480,CUST11396,Savings,2026-02-06,16408.41,Active
ACC23481,CUST10616,Savings,2024-11-08,39527.05,Inactive
ACC23482,CUST12494,Current,2022-04-15,82905.85,Inactive
ACC23483,CUST14503,Savings,2024-11-01,83468.84,Active
ACC23484,CUST10229,Savings,2024-06-26,46041.62,Active
ACC23485,CUST10259,Savings,2021-04-04,25211.74,Active
ACC23486,CUST12114,Savings,2023-10-03,13108.46,Closed
ACC23487,CUST13764,Savings,2023-09-10,53842.9,Active
ACC23488,CUST10945,Current,2023-05-05,34194.71,Active
ACC23489,CUST13078,Savings,2025-01-19,50551.84,Active
ACC23490,CUST13790,Savings,2025-02-05,65384.16,Active
ACC23491,CUST14116,Savings,2026-01-03,11310.08,Active
ACC23492,CUST12197,Savings,2023-06-30,17471.79,Active
ACC23493,CUST13287,Savings,2025-06-26,80902.91,Active
ACC23494,CUST13376,Savings,2026-04-14,25822.45,Active
ACC23495,CUST11270,Savings,2022-05-26,141447.39,Active
ACC23496,CUST10176,Salary,2025-01-06,125190.31,Active
ACC23497,CUST14726,Savings,2023-05-12,36045.3,Active
ACC23498,CUST14017,Current,2021-12-16,72916.04,Active
ACC23499,CUST11706,Savings,2023-05-03,55947.56,Active
ACC23500,CUST11060,Premium Savings,2024-10-25,36850.17,Closed
ACC23501,CUST12758,Savings,2024-03-14,16645.45,Active
ACC23502,CUST11154,Current,2026-04-19,60027.13,Active
ACC23503,CUST14602,Savings,2023-07-20,9097.62,Inactive
ACC23504,CUST10578,savings,2026-01-24,57489.8,Active
ACC23505,CUST14681,Savings,2026-01-15,16129.2,Active
ACC23506,CUST14928,Savings,2025-03-11,28299.59,Active
ACC23507,CUST14065,Savings,2022-08-25,1136.71,Active
ACC23508,CUST13742,Savings,2025-05-19,23544.87,Active
ACC23510,CUST13166,Salary,2024-07-12,802826.64,Active
ACC23511,CUST14904,Salary,2022-10-25,16709.75,Active
ACC23512,CUST13065,Premium Savings,2025-04-05,14039.17,Active
ACC23513,CUST10694,Savings,2025-09-28,15258.41,Active
ACC23514,CUST11701,Savings,2025-09-02,11726.07,Active
ACC23515,CUST12055,Savings,2023-10-16,21706.16,Active
ACC23516,CUST11430,Current,2021-12-17,231214.83,Active
ACC23517,CUST13455,Salary,2022-07-27,8990.94,Active
ACC23518,CUST10598,Salary,2021-05-29,45249.49,Active
ACC23519,CUST12237,Salary,2023-01-01,77881.74,Active
ACC23520,CUST11741,Savings,2022-07-22,67829.69,Active
ACC23521,CUST13367,Savings,2021-07-16,19811.04,Active
ACC23522,CUST10995,Savings,2021-06-19,12618.65,Active
ACC23523,CUST11134,Savings,2022-07-25,32087.95,Active
ACC23524,CUST10846,Current,2025-06-09,54604.07,Active
ACC23525,CUST11320,Salary,2024-12-04,60429.6,Active
ACC23526,CUST14767,Savings,2024-01-12,61524.61,Active
ACC23527,CUST12411,Savings,2025-12-31,21974.13,Dormant
ACC23528,CUST14117,Savings,2022-01-01,44754.08,Active
ACC23529,CUST12232,Savings,2026-02-07,310802.04,Active
ACC23530,CUST14554,Current,2025-01-13,74740.38,Active
ACC23531,CUST10807,Premium Savings,2022-05-05,84674.62,Dormant
ACC23532,CUST12299,Current,2025-01-08,19707.25,Active
ACC23533,CUST10003,Savings,2025-07-15,121389.15,Active
ACC23534,CUST11464,Current,2024-02-14,11026.73,Active
ACC23535,CUST13161,Savings,2026-04-13,35350.42,Dormant
ACC23536,CUST10082,Savings,2022-06-29,34727.81,Active
ACC23537,CUST12034,Savings,2021-01-16,86760.38,Active
ACC23538,CUST13403,Savings,2023-01-11,60440.9,Dormant
ACC23539,CUST13918,Savings,2023-01-27,15983.52,Active
ACC23540,CUST13049,Savings,2024-01-31,36400.32,Inactive
ACC23541,CUST12435,Current,2024-11-22,80657.69,Inactive
ACC23542,CUST14187,Salary,2023-06-02,21257.37,Active
ACC23543,CUST13940,Savings,2022-09-21,128191.73,Active
ACC23544,CUST14435,Salary,2023-11-04,51595.58,Active
ACC23545,CUST11940,Savings,2024-05-09,22973.28,Dormant
ACC23546,CUST10976,Current,2021-08-12,22037.19,Active
ACC23547,CUST13974,Savings,2021-01-30,153712.32,Dormant
ACC23548,CUST14670,Savings,2022-12-18,84409.25,Dormant
ACC23549,CUST12376,Savings,2021-01-04,76678.78,Active
ACC23550,CUST10412,Salary,2025-04-04,106082.77,Active
ACC23551,CUST12778,Salary,2022-07-29,-500.0,Closed
ACC23552,CUST14591,Savings,2025-02-26,65273.33,Active
ACC23553,CUST11586,Salary,2022-01-07,22232.99,Dormant
ACC23554,CUST10276,Savings,2022-08-20,31994.01,Active
ACC23555,CUST11231,Savings,2024-11-25,111437.63,Active
ACC23556,CUST13835,Savings,2025-09-17,26479.63,Active
ACC23557,CUST13461,Savings,2026-07-20,104817.12,Dormant
ACC23559,CUST13060,Premium Savings,2024-10-01,130094.48,Closed
ACC23560,CUST14805,Salary,2021-10-30,71437.91,Active
ACC23561,CUST14536,Savings,2023-10-30,48142.24,Inactive
ACC23562,CUST14447,Savings,2024-12-20,75809.66,Active
ACC23563,CUST11818,Salary,2022-03-28,472266.61,Active
ACC23564,CUST10332,Savings,2024-08-31,11880.44,Dormant
ACC23565,CUST13727,Premium Savings,2022-02-17,45327.41,Active
ACC23566,CUST11039,Current,2022-05-28,5003.9,Active
ACC23567,CUST11401,Premium Savings,2025-01-31,62829.96,Active
ACC23568,CUST13570,Current,2023-08-12,43882.11,Active
ACC23569,CUST11547,Savings,2023-07-08,40879.28,Active
ACC23570,CUST10679,Current,2021-07-12,95225.07,Active
ACC23571,CUST11793,Current,2023-10-25,40348.38,Active
ACC23572,CUST10908,Premium Savings,2024-08-22,20174.77,Active
ACC23573,CUST14574,Savings,2021-09-15,296018.12,Active
ACC23574,CUST11182,Salary,2024-12-14,30707.82,Active
ACC23575,CUST13774,Savings,2021-05-02,34015.25,Active
ACC23576,CUST14941,Salary,2026-03-29,165971.79,Closed
ACC23577,CUST13912,Current,2021-03-14,60212.73,Active
ACC23578,CUST12103,Salary,2026-06-11,20229.38,Active
ACC23579,CUST10163,Salary,2026-01-25,10647.76,Active
ACC23580,CUST12296,Savings,2021-11-23,28581.36,Active
ACC23581,CUST10209,Current,2024-02-23,94654.38,Active
ACC23582,CUST10274,Savings,2021-02-02,91261.7,Active
ACC23583,CUST12326,Current,2022-12-05,91265.9,Active
ACC23584,CUST12256,Savings,2021-01-20,29168.57,Active
ACC23585,CUST13231,Savings,2023-03-06,490366.46,Active
ACC23586,CUST14307,Savings,2022-04-14,125989.78,Active
ACC23587,CUST11152,Savings,2022-02-04,39121.32,Active
ACC23588,CUST10936,Savings,2024-10-06,48603.33,Active
ACC23589,CUST10902,Savings,2023-05-30,95053.2,Active
ACC23590,CUST14949,Savings,2025-01-16,19101.85,Active
ACC23591,CUST14245,Savings,2021-07-09,50968.38,Active
ACC23592,CUST11767,Savings,2022-04-08,347107.21,Dormant
ACC23593,CUST13553,Current,2025-09-04,54865.01,Active
ACC23594,CUST14048,Savings,2023-04-16,19232.38,Active
ACC23595,CUST12654,Savings,2024-03-10,44946.47,Active
ACC23596,CUST12114,Savings,2023-08-01,54022.56,Active
ACC23597,CUST13463,Savings,2022-09-30,45249.49,Active
ACC23598,CUST10682,Savings,2021-08-05,16449.51,Dormant
ACC23599,CUST13245,Salary,2025-09-24,19623.71,Active
ACC23600,CUST12343,Savings,2023-08-23,28291.06,Active
ACC23601,CUST10912,Savings,2025-06-01,269232.6,Active
ACC23602,CUST12220,Current,2023-04-21,7573.01,Closed
ACC23603,CUST10559,Premium Savings,2024-09-21,223696.77,Inactive
ACC23604,CUST12498,Savings,2026-05-14,102490.04,Active
ACC23605,CUST10836,Current,2021-01-29,68417.28,Active
ACC23606,CUST12652,Current,2026-02-08,13236.7,Active
ACC23607,CUST12467,Current,2025-08-22,66707.37,Active
ACC23608,CUST11051,Salary,2026-03-02,259668.55,Active
ACC23609,CUST14779,Savings,2023-03-24,46025.54,Active
ACC23610,CUST12138,Savings,2025-10-06,23439.03,Dormant
ACC23611,CUST13281,Salary,2026-03-17,288982.5,Active
ACC23612,CUST11634,Savings,2025-05-01,5977.77,Active
ACC23613,CUST14578,Savings,2025-06-19,21821.24,Active
ACC23614,CUST13752,Current,2023-05-08,48855.24,Active
ACC23615,CUST13563,Savings,2023-05-04,51869.54,Active
ACC23616,CUST12461,Salary,2023-12-07,159664.22,Active
ACC23617,CUST13678,Savings,2021-12-04,31231.24,Active
ACC23618,CUST10560,Savings,2023-10-30,64251.53,Active
ACC23619,CUST14201,Savings,2023-05-18,22119.11,Active
ACC23620,CUST13394,Savings,2022-06-23,56291.42,Active
ACC23621,CUST13778,Savings,2023-10-30,56503.51,Active
ACC23622,CUST14191,Salary,2022-08-01,257274.21,Active
ACC23623,CUST14539,Savings,2021-08-07,30971.32,Active
ACC23624,CUST12329,Salary,2022-11-01,75451.92,Dormant
ACC23625,CUST12826,Current,2025-11-28,66667.39,Active
ACC23626,CUST11848,Current,2023-11-15,12348.24,Active
ACC23627,CUST14102,Savings,2025-10-18,10078.09,Active
ACC23628,CUST13619,Savings,2024-10-20,74104.08,Active
ACC23629,CUST13742,Salary,2022-09-19,114801.49,Active
ACC23630,CUST13625,Current,2024-08-02,35343.1,Dormant
ACC23631,CUST10585,Savings,2023-01-29,30225.17,Active
ACC23632,CUST10185,Savings,2021-08-22,41261.71,Active
ACC23633,CUST13602,Current,2024-01-17,29913.24,Dormant
ACC23634,CUST14244,Current,2024-04-11,54280.27,Active
ACC23635,CUST10662,Premium Savings,2021-11-23,27383.45,Active
ACC23636,CUST12917,Current,2021-04-11,17766.1,Active
ACC23637,CUST12268,Salary,2021-04-29,27503.67,Active
ACC23638,CUST11904,Current,2023-03-15,25198.7,Active
ACC23639,CUST14532,Savings,2023-11-09,20982.29,Active
ACC23640,CUST10727,Current,2021-01-05,41739.82,Active
ACC23641,CUST14210,Current,2024-07-12,13823.83,Dormant
ACC23642,CUST12778,Savings,2023-11-15,93676.96,Active
ACC23643,CUST14383,Savings,2023-12-08,16961.83,Active
ACC23644,CUST10992,Savings,2021-07-20,32139.81,Active
ACC23645,CUST12175,Savings,2023-07-09,48822.14,Active
ACC23646,CUST13222,Savings,2025-12-13,40243.5,Dormant
ACC23647,CUST13838,Salary,2022-04-22,97606.9,Inactive
ACC23648,CUST12733,Savings,2025-05-22,20578.77,Dormant
ACC23649,CUST10347,Savings,2023-04-05,223686.13,Active
ACC23650,CUST14243,Premium Savings,2024-05-26,62496.61,Active
ACC23651,CUST12230,Premium Savings,2021-09-05,46219.78,Active
ACC23652,CUST11395,Savings,2024-09-13,8303.16,Active
ACC23653,CUST11505,Savings,2021-09-12,25448.2,Active
ACC23654,CUST10793,Premium Savings,2026-03-05,40600.71,Active
ACC23655,CUST10033,Salary,2021-01-31,7776.22,Active
ACC23656,CUST13637,Savings,2022-12-16,9063.76,Active
ACC23657,CUST12551,Premium Savings,2022-07-25,29506.55,Active
ACC23658,CUST11859,Premium Savings,2021-11-22,79450.71,Active
ACC23659,CUST12027,Savings,2025-01-25,379250.55,Active
ACC23660,CUST12049,Salary,2025-09-21,99875.81,Active
ACC23661,CUST12983,Current,2023-09-23,112823.89,Active
ACC23662,CUST14767,Savings,2022-02-27,30037.24,Closed
ACC23663,CUST12276,Current,2025-06-14,191573.5,Active
ACC23664,CUST14128,Premium Savings,2022-05-03,29222.6,Inactive
ACC23665,CUST11748,Savings,2026-06-24,38496.55,Active
ACC23666,CUST12832,Savings,2024-04-26,121511.06,Active
ACC23667,CUST14569,Savings,2025-04-08,80275.15,Active
ACC23668,CUST13744,Current,2023-01-22,26879.62,Dormant
ACC23669,CUST14093,Premium Savings,2024-02-11,9506.78,Active
ACC23670,CUST11026,Current,2025-04-27,45393.52,Active
ACC23671,CUST13268,Savings,2024-01-30,71384.48,Dormant
ACC23672,CUST10039,Salary,2024-05-25,30792.44,Active
ACC23673,CUST12103,Premium Savings,2023-09-22,130538.31,Active
ACC23674,CUST12327,Premium Savings,2026-01-08,212084.05,Active
ACC23675,CUST10447,Salary,2023-04-03,28631.05,Dormant
ACC23676,CUST11587,Savings,2024-04-12,45249.49,Inactive
ACC23677,CUST11019,Premium Savings,2022-12-28,51839.64,Closed
ACC23678,CUST14717,Current,2024-11-08,78705.57,Active
ACC23679,CUST12088,Savings,2025-09-21,24466.58,Active
ACC23680,CUST13286,Current,2021-03-16,7890.12,Active
ACC23681,CUST10356,Savings,2022-03-15,8131.18,Active
ACC23682,CUST11531,Savings,2022-09-09,16978.28,Active
ACC23683,CUST12280,Savings,2023-10-14,26807.1,Active
ACC23685,CUST14397,Savings,2022-03-28,193510.86,Active
ACC23686,CUST11670,Savings,2026-08-03,39443.1,Active
ACC23687,CUST10192,Savings,2022-04-16,23290.61,Active
ACC23688,CUST10009,Savings,2023-11-26,78859.39,Active
ACC23689,CUST11433,Premium Savings,2021-03-27,26427.66,Active
ACC23690,CUST10601,Current,2022-03-08,33266.32,Active
ACC23691,CUST13998,Savings,2025-08-06,22109.6,Active
ACC23692,CUST14755,Savings,2025-10-03,56277.22,Active
ACC23693,CUST14289,Savings,2025-09-25,20770.52,Active
ACC23694,CUST11895,Premium Savings,2022-01-11,12017.42,Active
ACC23695,CUST12984,Savings,2025-07-24,14542.67,Active
ACC23696,CUST12946,Salary,2025-12-24,176724.75,Dormant
ACC23697,CUST13610,Salary,2024-06-04,27310.12,Active
ACC23698,CUST14527,Salary,2023-01-06,139886.61,Active
ACC23699,CUST12794,Savings,2023-11-23,16807.75,Active
ACC23700,CUST10273,Current,2022-02-18,332222.69,Active
ACC23701,CUST10509,Salary,2023-02-06,0.0,Active
ACC23702,CUST10945,Savings,2023-04-28,57142.11,Active
ACC23703,CUST10386,Savings,2021-06-14,13243.17,Active
ACC23704,CUST10529,Savings,2022-05-21,83711.48,Active
ACC23705,CUST11956,Savings,2022-03-24,14175.83,Active
ACC23706,CUST10586,Current,2021-02-05,51760.6,Closed
ACC23707,CUST12692,Savings,2023-05-15,90994.1,Active
ACC23708,CUST13360,Savings,2023-11-01,11803.26,Active
ACC23709,CUST12031,Savings,2025-02-17,356692.55,Active
ACC23710,CUST10416,Savings,2023-08-03,97560.39,Active
ACC23711,CUST14772,Savings,2021-03-11,22641.16,Closed
ACC23712,CUST12544,Savings,2026-04-22,515672.98,Active
ACC23713,CUST11708,Current,2023-10-25,51574.59,Dormant
ACC23714,CUST11383,Savings,2025-08-07,11666.4,Active
ACC23715,CUST12072,Savings,2024-02-13,18826.17,Dormant
ACC23716,CUST14811,Current,2022-01-13,7334.54,Active
ACC23717,CUST14107,Savings,2022-03-22,233254.46,Active
ACC23718,CUST11601,Salary,2024-01-29,33972.34,Active
ACC23719,CUST13685,Salary,2023-07-27,322868.46,Active
ACC23720,CUST12709,Savings,2022-08-19,51555.77,Active
ACC23721,CUST11684,Savings,2023-12-07,33073.49,Active
ACC23722,CUST11279,Salary,2023-04-19,18718.48,Dormant
ACC23723,CUST11718,Salary,2021-06-01,20622.53,Active
ACC23724,CUST10254,Savings,2022-12-19,47135.24,Active
ACC23725,CUST13257,Savings,2023-05-05,88575.7,Inactive
ACC23726,CUST11229,Savings,2021-09-03,44434.75,Active
ACC23727,CUST13079,Savings,2022-05-23,13314.1,Active
ACC23728,CUST10894,Current,2026-08-04,48178.67,Closed
ACC23729,CUST10901,Savings,2022-12-09,13817.2,Active
ACC23730,CUST12226,Savings,2021-04-03,45249.49,Active
ACC23731,CUST10868,Salary,2026-08-08,20394.97,Active
ACC23732,CUST14320,Premium Savings,2022-12-20,44883.39,Dormant
ACC23733,CUST11832,Savings,2023-04-27,135514.48,Active
ACC23734,CUST11241,Savings,2022-04-07,40093.98,Active
ACC23735,CUST13391,Savings,2025-09-11,70798.79,Active
ACC23736,CUST12878,Savings,2022-12-16,81177.29,Inactive
ACC23737,CUST11662,Salary,2026-05-23,16688.81,Inactive
ACC23738,CUST13330,Savings,2022-07-07,44085.17,Active
ACC23739,CUST13981,Savings,2024-04-12,24548.82,Active
ACC23740,CUST11604,Current,2026-01-04,14275.19,Closed
ACC23741,CUST13462,Current,2024-12-17,94384.25,Active
ACC23742,CUST12392,Savings,2022-03-11,51357.11,Active
ACC23743,CUST13260,Salary,2023-02-12,88845.6,Dormant
ACC23744,CUST13981,Salary,2021-06-16,30553.66,Active
ACC23745,CUST11194,Savings,2024-11-05,390202.33,Active
ACC23746,CUST10856,Savings,2023-06-17,51382.75,Active
ACC23747,CUST14264,Salary,2024-04-28,345475.34,Active
ACC23748,CUST12726,Current,2025-11-16,10578.43,Dormant
ACC23749,CUST10601,Savings,2026-08-12,28228.01,Active
ACC23750,CUST14449,Savings,2023-04-05,45249.49,Closed
ACC23751,CUST13437,Savings,2023-03-25,50184.04,Active
ACC23752,CUST14763,Savings,2021-03-31,37044.28,Closed
ACC23753,CUST12449,Savings,2024-01-21,9766.24,Active
ACC23754,CUST13224,Savings,2022-09-19,9134.47,Dormant
ACC23755,CUST11263,Current,2025-04-03,108958.94,Active
ACC23756,CUST12900,Savings,2025-11-20,29757.31,Active
ACC23757,CUST14671,Premium Savings,2025-04-12,6407.12,Active
ACC23758,CUST10437,Savings,2023-08-20,26542.87,Closed
ACC23759,CUST11506,Savings,2024-09-23,69657.0,Active
ACC23760,CUST10286,Savings,2021-11-19,45249.49,Active
ACC23761,CUST11021,Current,2023-08-11,19539.21,Active
ACC23762,CUST10320,Salary,2023-06-18,94903.52,Active
ACC23763,CUST10403,Savings,2025-05-18,8911.62,Active
ACC23764,CUST14874,Savings,2022-11-11,29756.8,Active
ACC23765,CUST13104,Current,2022-04-06,24999.91,Dormant
ACC23766,CUST12931,Salary,2025-08-25,64750.64,Active
ACC23767,CUST13267,Premium Savings,2022-07-03,81921.62,Dormant
ACC23768,CUST11843,Current,2026-04-07,68537.4,Active
ACC23769,CUST13515,Savings,2025-09-23,68482.44,Active
ACC23770,CUST14394,Savings,2023-07-11,171393.09,Active
ACC23771,CUST12855,Savings,2026-06-17,16065.03,Active
ACC23772,CUST12210,Savings,2026-05-08,40439.15,Dormant
ACC23773,CUST11397,Savings,2024-12-21,13461.64,Active
ACC23774,CUST14677,Savings,2026-06-30,40290.95,Active
ACC23775,CUST12083,Premium Savings,2024-12-27,28866.45,Active
ACC23776,CUST13930,Salary,2024-06-25,86946.1,Inactive
ACC23777,CUST12678,Current,2024-08-25,32558.14,Active
ACC23778,CUST13977,Premium Savings,2021-09-11,18831.68,Inactive
ACC23779,CUST11150,Savings,2024-07-28,430659.84,Dormant
ACC23780,CUST10384,Savings,2025-03-13,12998.27,Active
ACC23781,CUST13400,Savings,2025-10-27,50440.86,Active
ACC23782,CUST10223,Savings,2021-08-12,24811.11,Active
ACC23783,CUST14334,Current,2024-01-25,91915.94,Active
ACC23784,CUST10790,Salary,2023-05-04,29485.31,Active
ACC23785,CUST12198,Premium Savings,2022-07-02,70589.86,Active
ACC23786,CUST14037,Savings,2024-10-15,61919.23,Active
ACC23787,CUST14195,Premium Savings,2021-11-17,46661.84,Active
ACC23788,CUST13220,Salary,2025-09-02,96168.14,Active
ACC23789,CUST10496,Premium Savings,2023-05-09,20205.76,Active
ACC23790,CUST11414,Current,2022-04-14,135408.98,Dormant
ACC23791,CUST11880,Savings,2025-04-18,7485.01,Active
ACC23792,CUST10676,Current,2023-11-27,343775.62,Active
ACC23793,CUST14433,Savings,2022-03-18,18893.64,Active
ACC23794,CUST13980,Savings,2023-12-22,200966.85,Inactive
ACC23795,CUST12952,Current,2024-09-12,60245.44,Dormant
ACC23796,CUST10740,Current,2024-12-25,51323.01,Active
ACC23797,CUST11632,Salary,2024-12-15,390912.89,Inactive
ACC23798,CUST12889,Savings,2026-01-16,104151.69,Active
ACC23799,CUST14818,Savings,2021-08-10,30613.28,Active
ACC23800,CUST14272,Salary,2023-03-15,26544.17,Active
ACC23801,CUST10983,Salary,2025-03-02,45249.49,Dormant
ACC23802,CUST12757,Savings,2025-05-25,128757.07,Active
ACC23803,CUST10874,Salary,2024-02-11,6820.51,Active
ACC23804,CUST11000,Savings,2026-05-18,273090.72,Inactive
ACC23805,CUST13765,Salary,2026-08-10,89092.22,Active
ACC23806,CUST13119,Current,2026-03-02,-500.0,Active
ACC23807,CUST12218,Savings,2024-05-22,74389.5,Active
ACC23808,CUST13153,Savings,2021-11-14,83502.08,Active
ACC23809,CUST11123,Savings,2021-08-15,169213.94,Closed
ACC23810,CUST10711,Savings,2023-03-05,9038.47,Active
ACC23811,CUST13005,Savings,2025-12-22,77188.72,Active
ACC23812,CUST12673,Salary,2022-09-22,3866.43,Active
ACC23813,CUST14821,Savings,2022-06-06,4702.23,Active
ACC23814,CUST10943,Savings,2022-07-29,10106.36,Active
ACC23815,CUST10033,Savings,2021-10-16,153663.09,Active
ACC23816,CUST11400,Salary,2023-10-17,25283.15,Active
ACC23817,CUST13485,Savings,2023-12-06,39154.79,Active
ACC23818,CUST13078,Salary,2025-06-13,95244.0,Dormant
ACC23819,CUST13465,Premium Savings,2022-03-04,21999.66,Dormant
ACC23820,CUST10987,Current,2025-01-12,72338.98,Inactive
ACC23821,CUST13301,Savings,2022-11-20,234050.25,Active
ACC23822,CUST13907,Savings,2024-02-15,113079.5,Active
ACC23823,CUST11694,Savings,2022-09-20,32186.34,Inactive
ACC23824,CUST11959,Savings,2023-07-04,23942.12,Active
ACC23825,CUST13058,Savings,2023-05-09,150366.33,Active
ACC23826,CUST14093,Savings,2024-01-26,93464.37,Active
ACC23827,CUST14438,Savings,2021-10-20,67530.79,Active
ACC23828,CUST12496,Savings,2021-07-02,58212.68,Active
ACC23829,CUST14212,Savings,2022-08-15,29578.59,Inactive
ACC23830,CUST10576,Savings,2021-08-03,14907.66,Active
ACC23831,CUST12885,Premium Savings,2024-06-30,73350.03,Active
ACC23832,CUST13803,Current,2022-12-10,30342.42,Active
ACC23833,CUST14309,Current,2021-03-18,19942.9,Active
ACC23834,CUST12181,Salary,2021-12-12,16090.38,Inactive
ACC23835,CUST13036,Savings,2023-07-30,72493.33,Inactive
ACC23836,CUST13472,Salary,2026-03-27,65196.81,Active
ACC23837,CUST14442,Savings,2023-08-22,4399.76,Active
ACC23838,CUST13698,Salary,2021-05-14,6726.82,Active
ACC23839,CUST12175,Premium Savings,2024-05-01,36572.09,Active
ACC23840,CUST13507,Savings,2025-05-13,385976.79,Active
ACC23841,CUST14732,Salary,2026-01-25,92323.35,Active
ACC23842,CUST10323,Salary,2022-11-25,15883.46,Active
ACC23843,CUST13141,Premium Savings,2021-06-10,26431.41,Active
ACC23844,CUST12839,Savings,2025-01-25,39020.52,Active
ACC23845,CUST13005,Savings,2025-08-06,127657.46,Dormant
ACC23846,CUST11700,Current,2021-01-09,27627.11,Active
ACC23847,CUST13713,Premium Savings,2021-05-05,69069.82,Active
ACC23848,CUST11659,Savings,2025-08-23,182234.75,Active
ACC23849,CUST14990,Savings,2022-12-23,19407.22,Active
ACC23850,CUST13949,Salary,2021-10-18,31875.34,Inactive
ACC23851,CUST12119,Savings,2022-06-10,38210.55,Dormant
ACC23852,CUST10598,Current,2026-06-17,27934.58,Active
ACC23853,CUST14209,Savings,2023-01-21,67052.73,Closed
ACC23854,CUST12930,Savings,2024-12-09,113833.48,Active
ACC23855,CUST11967,Savings,2025-03-24,12938.09,Inactive
ACC23856,CUST12652,Current,2024-06-05,36870.15,Active
ACC23857,CUST12925,Savings,2025-01-19,10269.4,Active
ACC23858,CUST11723,Salary,2023-11-18,524072.55,Active
ACC23859,CUST11699,Premium Savings,2023-06-09,6767.51,Active
ACC23860,CUST13058,Savings,2021-03-09,14652.9,Active
ACC23861,CUST10411,Current,2022-11-08,20714.59,Active
ACC23862,CUST12756,Savings,2022-03-17,36962.59,Dormant
ACC23863,CUST11024,Salary,2022-08-11,12956.2,Active
ACC23864,CUST12127,Savings,2025-11-28,60763.67,Active
ACC23865,CUST13372,Savings,2021-05-13,77501.94,Active
ACC23866,CUST11876,Salary,2024-09-20,152732.6,Active
ACC23867,CUST14695,Premium Savings,2021-04-15,43152.75,Dormant
ACC23868,CUST12420,Savings,2026-05-05,184324.77,Inactive
ACC23869,CUST12203,Savings,2024-07-17,352584.16,Active
ACC23870,CUST11958,Salary,2025-11-12,124237.87,Active
ACC23871,CUST10862,Savings,2023-05-18,126748.87,Active
ACC23872,CUST10697,Savings,2023-06-06,26042.71,Closed
ACC23873,CUST13348,Savings,2023-03-28,638483.22,Inactive
ACC23874,CUST14023,Salary,2023-03-31,16543.68,Active
ACC23875,CUST10222,Savings,2024-06-27,410099.52,Active
ACC23876,CUST12925,Salary,2021-10-08,20567.63,Active
ACC23877,CUST13438,Savings,2023-04-02,70813.86,Active
ACC23878,CUST14289,Premium Savings,2021-03-29,55702.66,Dormant
ACC23879,CUST11718,Current,2021-01-10,48849.33,Active
ACC23881,CUST10153,Savings,2024-10-12,51562.43,Active
ACC23882,CUST14885,Savings,2026-02-08,52619.98,Active
ACC23883,CUST11655,Savings,2024-07-20,61623.82,Active
ACC23884,CUST11510,Savings,2021-10-26,332974.72,Active
ACC23885,CUST11175,Savings,2025-01-17,34766.66,Active
ACC23886,CUST11113,Savings,2024-08-16,24167.59,Active
ACC23887,CUST10477,Savings,2025-11-03,28024.61,Active
ACC23888,CUST13399,Premium Savings,2026-05-01,38944.55,Inactive
ACC23890,CUST14945,Salary,2021-10-22,76275.99,Dormant
ACC23891,CUST10066,Savings,2025-02-25,14589.85,Active
ACC23892,CUST12644,Savings,2022-05-15,85370.04,Active
ACC23893,CUST10172,Savings,2025-06-14,18826.08,Active
ACC23894,CUST11975,Savings,2021-08-10,52863.47,Active
ACC23895,CUST10262,Salary,2024-03-02,44059.57,Active
ACC23896,CUST13971,Savings,2022-01-01,26433.89,Active
ACC23897,CUST10417,Salary,2026-04-08,8302.26,Active
ACC23898,CUST12188,Premium Savings,2025-05-09,30077.28,Active
ACC23899,CUST13557,Current,2024-10-27,17944.28,Active
ACC23900,CUST11524,Savings,2023-05-26,19578.14,Active
ACC23901,CUST13597,Salary,2021-08-19,65458.12,Active
ACC23902,CUST11208,Savings,2025-06-24,37505.25,Inactive
ACC23903,CUST14057,Current,2024-01-31,3368.37,Dormant
ACC23904,CUST10009,Savings,2023-06-14,47505.35,Inactive
ACC23905,CUST10063,Salary,2024-08-12,106977.75,Inactive
ACC23906,CUST14251,Salary,2025-11-12,43565.12,Closed
ACC23907,CUST10689,Salary,2023-05-05,79041.44,Active
ACC23908,CUST11816,Salary,2024-01-09,31649.64,Active
ACC23909,CUST10854,Salary,2023-12-16,72436.25,Active
ACC23910,CUST12770,Savings,2025-05-20,11505.92,Active
ACC23911,CUST13408,Current,2023-06-11,47513.79,Active
ACC23912,CUST10138,Savings,2021-01-13,99289.35,Dormant
ACC23913,CUST11986,Savings,2021-09-01,112887.78,Active
ACC23914,CUST14301,Premium Savings,2024-11-14,42624.22,Active
ACC23915,CUST11003,Savings,2022-10-05,43755.99,Active
ACC23916,CUST13367,Salary,2025-09-06,113415.37,Active
ACC23917,CUST13428,Salary,2023-02-21,86598.1,Active
ACC23918,CUST12816,Savings,2022-04-04,57375.82,Active
ACC23919,CUST12487,Savings,2026-02-06,11361.59,Active
ACC23920,CUST13520,Savings,2023-01-13,-500.0,Closed
ACC23921,CUST12417,Savings,2026-08-09,25328.05,Active
ACC23922,CUST11317,Premium Savings,2023-05-26,120907.92,Active
ACC23923,CUST11906,Salary,2022-10-26,36196.79,Active
ACC23924,CUST13755,Savings,2021-09-27,13986.77,Active
ACC23925,CUST13124,Savings,2026-04-28,53905.7,Active
ACC23926,CUST10329,Savings,2025-06-26,258177.47,Active
ACC23927,CUST13553,Savings,2025-02-11,17263.43,Active
ACC23928,CUST14540,Savings,2025-12-30,23192.4,Dormant
ACC23929,CUST13117,Savings,2025-10-17,4325.04,Active
ACC23930,CUST10034,Savings,2025-07-30,-500.0,Active
ACC23931,CUST12885,Savings,2025-11-02,89054.92,Active
ACC23932,CUST14285,Savings,2022-04-05,14700.8,Active
ACC23933,CUST10142,Current,2023-01-13,28084.45,Closed
ACC23934,CUST13498,Savings,2024-04-04,22814.48,Active
ACC23935,CUST13723,Current,2022-01-01,105266.79,Active
ACC23936,CUST13084,Savings,2024-05-14,95361.91,Active
ACC23937,CUST10295,Savings,2023-06-28,25473.81,Inactive
ACC23938,CUST14483,Savings,2024-09-04,25458.14,Active
ACC23939,CUST12456,Salary,2024-01-24,37942.62,Active
ACC23940,CUST14919,Current,2022-11-12,61453.79,Inactive
ACC23941,CUST12979,Savings,2023-01-05,19176.93,Active
ACC23942,CUST14552,Current,2021-10-08,30037.73,Active
ACC23943,CUST13034,Savings,2025-07-07,34254.38,Dormant
ACC23944,CUST13031,Savings,2023-01-18,113551.76,Dormant
ACC23945,CUST13087,Current,2021-11-05,21579.1,Active
ACC23946,CUST12065,Savings,2026-01-07,17282.83,Active
ACC23947,CUST10067,Savings,2021-07-26,28461.34,Active
ACC23948,CUST10124,Salary,2021-08-12,140719.21,Active
ACC23949,CUST11348,Savings,2026-02-11,96423.63,Active
ACC23950,CUST14489,Salary,2021-07-10,191410.03,Active
ACC23951,CUST12938,Current,2025-09-23,8168.41,Active
ACC23952,CUST12791,Salary,2023-01-07,13506.58,Active
ACC23953,CUST12982,Savings,2025-08-03,308895.31,Dormant
ACC23954,CUST10709,Salary,2025-04-22,113800.14,Active
ACC23955,CUST12664,Savings,2026-04-23,91083.81,Active
ACC23956,CUST12764,Savings,2024-11-12,68396.86,Active
ACC23957,CUST13896,Savings,2021-03-13,80229.58,Active
ACC23958,CUST10844,Current,2023-08-06,40100.42,Inactive
ACC23959,CUST10418,Savings,2026-02-27,9811.68,Active
ACC23960,CUST13642,Savings,2025-08-26,141887.11,Closed
ACC23961,CUST12999,Current,2023-05-12,58172.24,Active
ACC23962,CUST12781,Savings,2021-01-28,9911.29,Dormant
ACC23963,CUST11760,Savings,2024-05-02,195823.05,Inactive
ACC23964,CUST13603,Salary,2021-07-02,181915.09,Active
ACC23965,CUST12492,Savings,2021-10-13,25914.55,Active
ACC23966,CUST14144,Savings,2026-06-18,61536.99,Active
ACC23967,CUST14527,Premium Savings,2021-08-23,33236.87,Dormant
ACC23968,CUST14527,Savings,2022-12-18,13081.46,Active
ACC23969,CUST14831,Savings,2021-11-03,11993.23,Active
ACC23970,CUST13054,Savings,2023-02-18,213829.72,Active
ACC23971,CUST12922,Savings,2024-01-19,29492.59,Closed
ACC23972,CUST10352,Premium Savings,2023-06-10,80505.41,Active
ACC23973,CUST11794,Savings,2023-02-13,117442.31,Active
ACC23974,CUST12950,Savings,2024-07-10,37991.1,Active
ACC23975,CUST13865,Current,2021-03-26,81020.66,Active
ACC23976,CUST14663,Savings,2024-04-16,64234.62,Active
ACC23977,CUST14530,Savings,2023-04-24,10685.27,Active
ACC23978,CUST11827,Salary,2024-04-16,137806.9,Active
ACC23979,CUST10193,Salary,2023-10-20,177984.26,Closed
ACC23980,CUST14900,Savings,2026-05-27,70512.32,Inactive
ACC23981,CUST11264,Savings,2026-07-18,178727.61,Active
ACC23982,CUST14521,Savings,2022-05-14,42294.33,Active
ACC23983,CUST14401,Savings,2023-02-28,34040.61,Active
ACC23984,CUST11488,Current,2021-04-20,40509.35,Active
ACC23985,CUST10094,Savings,2026-03-09,12514.78,Active
ACC23986,CUST10004,Savings,2021-06-21,181354.92,Active
ACC23987,CUST13042,Savings,2023-10-12,16101.4,Active
ACC23988,CUST11149,Savings,2024-10-06,96718.4,Active
ACC23989,CUST12079,Savings,2024-06-14,55986.72,Dormant
ACC23990,CUST14669,Current,2025-05-13,23420.62,Active
ACC23991,CUST13978,Savings,2023-08-01,26977.57,Active
ACC23992,CUST13991,Salary,2024-03-02,45249.49,Active
ACC23993,CUST14253,Savings,2024-09-30,6289.12,Active
ACC23994,CUST11541,Savings,2023-11-21,3959.89,Inactive
ACC23995,CUST11004,Premium Savings,2021-05-03,127905.22,Active
ACC23996,CUST12256,Savings,2021-07-13,42514.63,Active
ACC23997,CUST11484,Savings,2021-03-23,65092.07,Closed
ACC23998,CUST14966,Savings,2026-07-28,10065.61,Closed
ACC23999,CUST11861,Savings,2022-08-24,135200.19,Active
ACC24000,CUST11374,Savings,2022-12-03,53316.15,Active
ACC24001,CUST10920,Savings,2022-02-28,29125.48,Inactive
ACC24002,CUST12069,Savings,2026-04-14,22492.88,Active
ACC24003,CUST12905,Savings,2023-06-22,43536.22,Active
ACC24004,CUST13019,Savings,2024-10-18,27542.59,Active
ACC24005,CUST11766,Savings,2023-10-05,6697.22,Active
ACC24006,CUST12956,Savings,2021-02-04,11371.22,Active
ACC24007,CUST14017,Premium Savings,2021-06-17,12105.86,Dormant
ACC24008,CUST11039,Savings,2023-04-25,79091.36,Active
ACC24009,CUST12463,Premium Savings,2023-02-18,28210.47,Active
ACC24010,CUST11928,Current,2022-08-05,72090.31,Inactive
ACC24011,CUST13904,Current,2022-11-20,101938.09,Active
ACC24012,CUST14286,Savings,2026-05-25,37365.77,Active
ACC24013,CUST14391,Salary,2024-02-15,53287.92,Inactive
ACC24014,CUST13561,Savings,2022-08-27,91705.23,Active
ACC24015,CUST11360,Salary,2023-09-22,39230.4,Inactive
ACC24016,CUST14436,Savings,2024-10-26,66117.18,Active
ACC24017,CUST10106,Salary,2025-03-19,100066.05,Active
ACC24018,CUST10497,Savings,2024-09-02,299314.98,Active
ACC24019,CUST10117,Savings,2023-03-10,27188.39,Active
ACC24020,CUST12184,Salary,2021-01-25,32689.16,Active
ACC24021,CUST14951,Savings,2025-12-28,41159.51,Active
ACC24022,CUST13405,Savings,2021-10-02,111038.64,Active
ACC24023,CUST11759,Salary,2023-02-16,11981.17,Active
ACC24024,CUST14899,Current,2021-02-06,56053.89,Active
ACC24025,CUST14936,Current,2022-05-03,20289.09,Active
ACC24026,CUST10698,Current,2025-05-18,31478.0,Active
ACC24027,CUST11028,Savings,2021-05-20,248236.17,Active
ACC24028,CUST10196,Current,2025-08-31,25540.41,Dormant
ACC24029,CUST10800,Savings,2021-03-14,136066.67,Active
ACC24030,CUST13513,Salary,2022-12-16,140529.49,Active
ACC24031,CUST11754,Savings,2022-08-27,42417.84,Inactive
ACC24032,CUST12022,Savings,2021-01-05,162884.65,Inactive
ACC24033,CUST11508,Savings,2026-02-16,53078.55,Active
ACC24034,CUST12486,Savings,2025-09-19,28027.46,Active
ACC24035,CUST10426,Savings,2023-05-19,497289.78,Closed
ACC24036,CUST13929,Salary,2022-12-17,189908.34,Active
ACC24037,CUST14420,Current,2022-01-07,25692.61,Dormant
ACC24038,CUST10351,Savings,2022-09-19,23786.54,Active
ACC24039,CUST12685,Premium Savings,2025-12-10,27091.46,Active
ACC24040,CUST14551,Savings,2021-03-12,200864.02,Active
ACC24041,CUST13100,Savings,2022-07-17,24699.01,Closed
ACC24042,CUST10247,Savings,2021-04-26,66926.24,Active
ACC24043,CUST13114,Current,2021-03-15,54163.63,Active
ACC24044,CUST11975,Savings,2021-05-07,22666.63,Active
ACC24045,CUST10142,Savings,2023-04-18,40762.42,Closed
ACC24046,CUST13240,Premium Savings,2026-04-29,90994.83,Active
ACC24047,CUST13864,Current,2024-11-11,429700.09,Active
ACC24048,CUST10323,Salary,2022-05-14,48624.86,Active
ACC24049,CUST10795,Premium Savings,2025-08-24,35951.33,Active
ACC24050,CUST14906,Salary,2026-06-27,33024.13,Active
ACC24051,CUST14173,Savings,2022-04-27,31367.2,Active
ACC24052,CUST13481,Savings,2025-04-05,48220.11,Inactive
ACC24053,CUST12751,Savings,2022-09-06,8635.28,Inactive
ACC24054,CUST13813,Savings,2024-03-11,8040.48,Active
ACC24055,CUST13239,Savings,2022-12-08,53787.94,Active
ACC24056,CUST11559,Current,2026-04-05,40669.96,Closed
ACC24057,CUST13964,Savings,2024-07-15,19181.44,Active
ACC24058,CUST13332,Savings,2026-05-09,38873.01,Active
ACC24059,CUST12052,Current,2021-02-27,46066.07,Active
ACC24060,CUST14049,Savings,2026-02-16,32800.62,Active
ACC24061,CUST11833,Premium Savings,2023-01-10,113665.8,Active
ACC24062,CUST14855,Savings,2022-03-28,23562.23,Closed
ACC24063,CUST11509,Savings,2021-12-08,26752.75,Active
ACC24064,CUST14554,Salary,2024-10-14,41244.77,Inactive
ACC24065,CUST14271,Salary,2026-06-20,31062.44,Active
ACC24066,CUST11718,Current,2022-04-16,12509.53,Active
ACC24067,CUST10139,Savings,2025-10-19,52094.16,Active
ACC24068,CUST12615,Savings,2022-10-08,76040.74,Active
ACC24069,CUST12480,Savings,2025-04-12,32948.62,Active
ACC24070,CUST14003,Savings,2025-11-25,251323.59,Active
ACC24071,CUST14093,Savings,2024-07-01,45099.6,Active
ACC24072,CUST10345,Savings,2022-03-09,105891.94,Active
ACC24073,CUST11913,Savings,2022-09-14,114550.8,Active
ACC24074,CUST13149,Savings,2025-01-13,42099.44,Active
ACC24075,CUST13643,Salary,2022-09-20,4333.36,Active
ACC24076,CUST13957,Savings,2023-08-01,78606.02,Inactive
ACC24077,CUST14777,Savings,2023-09-18,4663.76,Active
ACC24078,CUST13481,Savings,2021-08-02,54267.48,Dormant
ACC24079,CUST10318,Current,2022-01-11,70952.84,Inactive
ACC24080,CUST13042,Savings,2021-05-24,42699.07,Active
ACC24081,CUST12465,Salary,2023-09-21,61628.99,Closed
ACC24082,CUST11435,Savings,2025-05-09,49466.46,Active
ACC24083,CUST10495,Salary,2022-02-13,92942.46,Inactive
ACC24084,CUST13153,Savings,2026-06-21,33853.12,Dormant
ACC24085,CUST11713,Savings,2023-06-07,35232.7,Active
ACC24086,CUST13097,Savings,2023-04-27,120189.89,Active
ACC24087,CUST14706,Current,2025-01-26,23708.74,Active
ACC24088,CUST10331,Premium Savings,2022-08-19,15656.65,Active
ACC24089,CUST10383,Salary,2026-04-17,67119.07,Active
ACC24090,CUST13759,Savings,2021-05-27,41707.61,Active
ACC24091,CUST13935,Salary,2021-03-18,90555.35,Active
ACC24092,CUST13498,Premium Savings,2022-09-10,24009.04,Active
ACC24093,CUST13431,Savings,2024-11-30,6563.83,Active
ACC24094,CUST12442,Premium Savings,2026-01-18,280658.67,Active
ACC24095,CUST12461,Savings,2025-02-23,14925.05,Active
ACC24096,CUST13624,Savings,2022-02-28,54652.34,Active
ACC24097,CUST13572,Current,2021-12-08,34166.73,Active
ACC24098,CUST10062,Savings,2025-01-01,171509.18,Active
ACC24099,CUST13373,Salary,2025-06-18,46914.02,Active
ACC24100,CUST14686,Savings,2022-05-07,44060.51,Active
ACC24101,CUST14489,Savings,2023-10-27,61892.97,Active
ACC24102,CUST14334,Savings,2021-04-15,17779.62,Dormant
ACC24103,CUST10640,Savings,2021-09-08,16819.76,Active
ACC24104,CUST13714,Savings,2022-03-08,40262.63,Closed
ACC24105,CUST11661,Premium Savings,2023-10-20,54314.86,Active
ACC24106,CUST10908,Savings,2026-02-25,19695.63,Active
ACC24107,CUST14060,Savings,2023-01-02,21063.96,Active
ACC24108,CUST11931,Salary,2023-09-18,30109.29,Active
ACC24109,CUST12966,Current,2024-03-03,34585.74,Active
ACC24110,CUST10932,Savings,2023-10-19,96594.25,Dormant
ACC24111,CUST14616,Salary,2024-11-04,322285.5,Active
ACC24112,CUST11497,Current,2021-08-15,105638.01,Active
ACC24113,CUST12846,Savings,2022-08-02,21239.67,Active
ACC24114,CUST12746,Savings,2023-05-21,109848.99,Active
ACC24115,CUST13932,Salary,2022-09-09,42820.42,Active
ACC24116,CUST12215,Savings,2022-10-19,195680.67,Active
ACC24117,CUST12958,Savings,2022-03-06,104503.53,Active
ACC24118,CUST12833,Savings,2026-02-11,18505.34,Inactive
ACC24119,CUST14704,Savings,2026-07-27,135924.57,Active
ACC24120,CUST11679,Salary,2023-06-16,101908.76,Active
ACC24121,CUST11530,Salary,2022-09-20,31069.11,Inactive
ACC24122,CUST14258,Savings,2023-04-17,9874.38,Active
ACC24123,CUST10526,Salary,2021-08-02,22798.11,Inactive
ACC24124,CUST12724,Savings,2025-11-24,56208.31,Closed
ACC24125,CUST13698,Savings,2026-07-03,187250.75,Active
ACC24126,CUST14401,Savings,2024-08-23,21021.39,Closed
ACC24127,CUST10379,Savings,2024-08-16,8207.48,Inactive
ACC24128,CUST12322,Premium Savings,2024-10-15,23467.55,Active
ACC24129,CUST12024,Savings,2022-11-26,32472.07,Active
ACC24130,CUST10412,Savings,2023-04-17,18291.47,Active
ACC24131,CUST12902,Salary,2026-07-14,70342.34,Active
ACC24132,CUST13377,Salary,2023-06-13,161731.42,Active
ACC24133,CUST13970,Salary,2025-02-11,45249.49,Active
ACC24134,CUST14885,Savings,2024-05-08,196851.57,Inactive
ACC24135,CUST11208,Salary,2026-07-12,105483.81,Active
ACC24136,CUST13955,Current,2024-10-24,45599.07,Active
ACC24137,CUST14260,Savings,2024-05-08,56235.32,Active
ACC24138,CUST14761,Current,2025-11-06,129859.85,Active
ACC24139,CUST11061,Savings,2025-07-22,56885.96,Active
ACC24140,CUST11089,Savings,2023-09-04,10151.82,Dormant
ACC24141,CUST12959,Current,2025-05-16,102247.75,Closed
ACC24143,CUST10365,Savings,2025-01-04,54092.12,Active
ACC24144,CUST13617,Savings,2023-12-19,25022.2,Active
ACC24145,CUST13711,Savings,2026-01-22,103575.41,Dormant
ACC24146,CUST10648,Current,2022-06-16,221347.42,Active
ACC24147,CUST12262,Salary,2022-01-03,77020.74,Dormant
ACC24148,CUST11617,Savings,2021-04-18,282004.16,Active
ACC24149,CUST14959,Savings,2022-06-29,14047.9,Active
ACC24150,CUST12950,Salary,2022-11-26,2814.33,Active
ACC24151,CUST12096,Premium Savings,2021-01-27,84034.27,Active
ACC24152,CUST11537,Savings,2021-03-04,9292.54,Active
ACC24153,CUST14097,Salary,2023-11-22,104735.14,Active
ACC24154,CUST10551,Salary,2026-07-27,21421.17,Dormant
ACC24155,CUST11147,Savings,2023-09-30,81590.9,Closed
ACC24156,CUST12072,Premium Savings,2023-03-03,25321.97,Dormant
ACC24157,CUST14902,Savings,2026-01-08,34084.31,Active
ACC24158,CUST14576,Current,2023-03-26,53154.65,Closed
ACC24159,CUST11445,Savings,2025-05-13,26456.25,Active
ACC24160,CUST11958,Savings,2026-01-16,149580.95,Active
ACC24161,CUST11796,Current,2024-11-09,23829.93,Inactive
ACC24162,CUST12363,Salary,2025-06-10,90059.81,Inactive
ACC24163,CUST12727,Salary,2021-06-23,47786.15,Active
ACC24164,CUST12188,Premium Savings,2025-03-30,290061.71,Inactive
ACC24165,CUST14623,Savings,2022-04-28,4799.54,Active
ACC24166,CUST12204,Premium Savings,2021-08-19,62762.75,Active
ACC24167,CUST13145,Savings,2025-05-29,13615.14,Active
ACC24168,CUST13729,Savings,2024-08-01,27381.82,Active
ACC24169,CUST14723,Current,2023-04-04,66308.0,Active
ACC24170,CUST13701,Savings,2022-05-18,12790.33,Closed
ACC24171,CUST10334,Savings,2021-08-19,56583.88,Active
ACC24172,CUST12945,Savings,2025-06-08,174469.03,Active
ACC24173,CUST13553,Savings,2024-08-21,26286.62,Inactive
ACC24174,CUST10676,Savings,2021-12-21,14618.27,Active
ACC24175,CUST11948,Savings,2022-01-09,49416.57,Active
ACC24177,CUST12339,Salary,2023-04-30,75469.09,Active
ACC24178,CUST12324,Current,2021-07-15,117376.84,Active
ACC24179,CUST13543,Current,2026-03-21,100246.29,Active
ACC24180,CUST12406,Savings,2022-04-17,54823.51,Dormant
ACC24181,CUST10228,Savings,2024-07-06,227691.76,Active
ACC24182,CUST13656,Savings,2021-09-06,38303.03,Active
ACC24183,CUST12224,Savings,2024-08-16,75589.11,Active
ACC24184,CUST11039,Salary,2024-03-29,50149.72,Active
ACC24185,CUST11048,Current,2026-06-02,52964.94,Active
ACC24186,CUST12689,Savings,2026-03-30,38454.1,Active
ACC24187,CUST14332,Current,2025-09-13,57485.03,Active
ACC24188,CUST11739,Salary,2023-09-25,85765.61,Active
ACC24189,CUST11553,Premium Savings,2023-09-29,82516.88,Active
ACC24190,CUST14738,Savings,2022-03-07,136230.43,Active
ACC24191,CUST14325,Savings,2025-08-15,77111.6,Active
ACC24192,CUST11347,Savings,2022-02-03,0.0,Active
ACC24193,CUST12978,Savings,2023-03-03,42928.32,Active
ACC24194,CUST14999,Savings,2025-01-05,54915.7,Dormant
ACC24195,CUST10515,Premium Savings,2022-09-10,283699.12,Active
ACC24196,CUST11895,Salary,2025-06-24,14828.53,Active
ACC24197,CUST12578,Premium Savings,2023-06-08,8356.45,Active
ACC24198,CUST14566,Savings,2023-09-19,48199.97,Active
ACC24199,CUST12527,Savings,2024-02-13,105842.53,Active
ACC24200,CUST12144,Savings,2024-10-31,31946.55,Dormant
ACC24201,CUST14499,Savings,2023-02-08,10527.43,Active
ACC24202,CUST14220,Savings,2022-11-23,81076.56,Dormant
ACC24203,CUST10516,Savings,2022-10-23,26101.15,Active
ACC24204,CUST13359,Savings,2026-08-04,16907.15,Active
ACC24205,CUST14913,Savings,2023-03-29,204000.81,Active
ACC24206,CUST12120,Current,2024-03-16,58552.84,Active
ACC24207,CUST12990,Savings,2023-09-12,71118.38,Active
ACC24208,CUST13408,Savings,2026-04-21,17702.35,Active
ACC24209,CUST13853,Current,2024-12-29,8776.54,Active
ACC24210,CUST11840,Savings,2023-09-30,20288.07,Inactive
ACC24211,CUST11540,Savings,2024-12-25,34339.66,Active
ACC24212,CUST10305,Savings,2024-02-01,13724.58,Closed
ACC24213,CUST13463,Savings,2024-05-25,32050.86,Active
ACC24214,CUST14455,Savings,2024-08-01,349217.81,Active
ACC24215,CUST11070,Savings,2022-07-11,49445.13,Active
ACC24216,CUST11072,Current,2025-09-26,3530.87,Active
ACC24217,CUST10911,Savings,2026-05-20,83533.52,Active
ACC24218,CUST10501,Salary,2024-05-24,69951.4,Active
ACC24219,CUST13331,Salary,2024-11-28,47854.27,Active
ACC24220,CUST10559,Savings,2022-04-29,41269.37,Active
ACC24221,CUST13519,Savings,2026-04-16,12345.0,Active
ACC24222,CUST12027,Savings,2026-01-03,153654.02,Inactive
ACC24223,CUST13085,Savings,2024-11-04,18680.63,Active
ACC24224,CUST14753,Current,2022-08-16,65795.51,Active
ACC24226,CUST13223,Savings,2025-03-16,67212.7,Active
ACC24227,CUST14886,Savings,2024-06-09,157447.61,Dormant
ACC24228,CUST12722,Savings,2024-06-24,51738.49,Active
ACC24229,CUST12393,Salary,2022-04-21,43748.58,Active
ACC24230,CUST14069,Salary,2022-04-29,51421.51,Active
ACC24231,CUST10128,Premium Savings,2021-09-26,212392.29,Dormant
ACC24232,CUST10297,Savings,2024-06-05,19771.99,Active
ACC24233,CUST10081,Savings,2022-08-21,79094.89,Active
ACC24234,CUST11210,Savings,2024-05-18,46704.74,Dormant
ACC24235,CUST10704,Salary,2025-05-29,39402.35,Active
ACC24236,CUST14099,Savings,2026-06-18,21966.6,Active
ACC24237,CUST10265,Current,2023-07-04,124208.11,Active
ACC24238,CUST12421,Current,2025-03-29,41198.44,Active
ACC24239,CUST11749,Salary,2024-07-31,26695.36,Closed
ACC24240,CUST10233,Premium Savings,2021-01-26,61459.36,Active
ACC24241,CUST13232,Salary,2023-07-29,106623.38,Active
ACC24242,CUST13026,Current,2023-10-19,342337.1,Active
ACC24243,CUST11683,Savings,2022-06-24,42878.29,Active
ACC24244,CUST13980,Savings,2025-10-16,37852.5,Active
ACC24245,CUST13599,Savings,2022-08-31,119775.75,Active
ACC24246,CUST10828,Savings,2025-07-08,38156.84,Active
ACC24247,CUST11497,Premium Savings,2025-11-08,327266.91,Closed
ACC24248,CUST11891,Savings,2021-01-09,84020.16,Active
ACC24249,CUST10794,Savings,2021-07-16,28195.68,Active
ACC24250,CUST13778,Current,2023-06-29,38055.83,Active
ACC24251,CUST12708,Savings,2025-08-10,45395.58,Active
ACC24252,CUST10458,Savings,2023-03-04,20758.84,Active
ACC24253,CUST12669,Salary,2021-12-25,42611.75,Active
ACC24254,CUST14458,Current,2021-11-15,24693.57,Active
ACC24255,CUST11609,Current,2022-07-19,12504.92,Active
ACC24256,CUST13157,Salary,2025-01-26,168208.06,Active
ACC24257,CUST14441,Premium Savings,2026-04-13,65577.16,Active
ACC24258,CUST13151,Salary,2022-09-15,23328.43,Active
ACC24259,CUST12306,Salary,2023-10-13,107019.91,Active
ACC24260,CUST10986,Salary,2023-04-06,181423.54,Active
ACC24261,CUST13807,Salary,2025-07-22,7057.05,Active
ACC24262,CUST12279,Savings,2024-01-20,0.0,Active
ACC24263,CUST12804,Savings,2022-02-10,88455.45,Inactive
ACC24264,CUST13789,Salary,2023-07-08,187455.22,Active
ACC24265,CUST12533,Savings,2021-05-19,15905.55,Dormant
ACC24266,CUST12552,Savings,2023-05-02,45034.54,Active
ACC24267,CUST12291,Premium Savings,2021-11-01,9613.19,Active
ACC24268,CUST13216,Savings,2021-09-01,18332.38,Active
ACC24269,CUST14772,Savings,2021-08-16,19966.37,Closed
ACC24270,CUST11135,Savings,2024-06-02,353844.13,Dormant
ACC24271,CUST13617,Savings,2025-08-04,76598.85,Dormant
ACC24272,CUST10255,Current,2023-03-26,45249.49,Active
ACC24273,CUST10678,Savings,2021-12-26,33854.99,Dormant
ACC24274,CUST14818,Savings,2021-10-22,18301.52,Active
ACC24275,CUST14024,Salary,2023-01-18,162964.03,Active
ACC24276,CUST11608,Premium Savings,2022-09-16,50687.13,Inactive
ACC24277,CUST14513,Current,2022-08-04,9688.57,Inactive
ACC24278,CUST13361,Savings,2025-06-28,17090.81,Active
ACC24279,CUST12797,Savings,2025-03-31,55532.55,Dormant
ACC24280,CUST12595,savings,2022-03-01,62095.16,Active
ACC24281,CUST13798,Savings,2026-01-13,21164.78,Active
ACC24282,CUST11202,Savings,2023-08-29,96107.12,Active
ACC24283,CUST12843,Savings,2023-12-27,40673.1,Active
ACC24284,CUST11942,Savings,2024-08-06,48200.86,Closed
ACC24285,CUST12451,Savings,2025-12-15,23186.13,Active
ACC24286,CUST10378,Salary,2021-02-12,62023.17,Active
ACC24287,CUST14324,Savings,2023-05-20,48959.87,Active
ACC24288,CUST10995,Savings,2025-03-06,149702.01,Active
ACC24289,CUST10715,Savings,2023-04-17,47769.28,Active
ACC24290,CUST12875,Salary,2025-04-03,145554.04,Inactive
ACC24291,CUST12716,Savings,2026-02-06,34395.32,Active
ACC24292,CUST11656,Savings,2023-12-06,276250.66,Active
ACC24293,CUST13109,Salary,2023-08-29,35369.37,Active
ACC24294,CUST13129,Savings,2021-02-22,174428.67,Active
ACC24295,CUST12073,Savings,2023-03-06,4845.08,Active
ACC24296,CUST14633,Current,2023-11-30,125826.41,Active
ACC24297,CUST14632,Savings,2022-09-28,185730.71,Inactive
ACC24298,CUST13234,Savings,2024-10-25,18146.33,Active
ACC24299,CUST11354,Savings,2022-06-29,19073.88,Active
ACC24300,CUST10037,Savings,2022-09-10,13662.26,Active
ACC24301,CUST14379,Premium Savings,2022-12-08,16447.67,Active
ACC24302,CUST14924,Savings,2023-03-16,71742.54,Active
ACC24303,CUST11316,Savings,2022-05-27,96157.56,Active
ACC24304,CUST12043,Savings,2023-04-18,36335.07,Active
ACC24305,CUST10977,Savings,2026-07-06,34924.89,Active
ACC24306,CUST10537,Premium Savings,2022-02-16,19080.52,Active
ACC24307,CUST13134,Savings,2021-11-11,32497.97,Closed
ACC24308,CUST10855,Premium Savings,2023-04-19,37570.77,Active
ACC24309,CUST10692,Savings,2026-02-24,20962.12,Active
ACC24310,CUST14586,Savings,2023-03-04,6137.6,Active
ACC24311,CUST11308,Savings,2025-11-10,14249.0,Active
ACC24312,CUST13889,Savings,2021-11-02,34239.06,Active
ACC24313,CUST14116,Savings,2026-07-15,64872.13,Active
ACC24314,CUST12090,Savings,2024-07-31,45249.49,Inactive
ACC24315,CUST11000,Savings,2024-12-13,71772.57,Active
ACC24316,CUST14522,Savings,2022-04-18,34674.62,Inactive
ACC24317,CUST14613,Savings,2021-11-28,52904.46,Active
ACC24318,CUST10749,Savings,2021-04-05,28744.08,Inactive
ACC24319,CUST12835,Salary,2022-07-26,67192.83,Active
ACC24320,CUST12147,Current,2025-05-24,121503.26,Active
ACC24321,CUST11480,Premium Savings,2021-10-01,50894.26,Active
ACC24322,CUST12722,Current,2023-07-12,34783.31,Dormant
ACC24323,CUST12493,Savings,2023-01-19,52718.63,Active
ACC24324,CUST12751,Current,2022-05-02,21678.51,Active
ACC24325,CUST10252,Savings,2023-03-07,217432.14,Active
ACC24326,CUST12054,Salary,2024-07-13,30466.32,Active
ACC24327,CUST14913,Salary,2024-01-13,23394.51,Active
ACC24328,CUST13833,Savings,2023-07-21,24208.82,Active
ACC24329,CUST10504,Savings,2026-06-07,166718.94,Active
ACC24330,CUST10033,Savings,2023-01-30,90504.51,Active
ACC24331,CUST11367,Savings,2024-12-13,40155.87,Active
ACC24332,CUST13704,Premium Savings,2021-07-29,7264.09,Active
ACC24333,CUST14539,Salary,2021-05-19,34689.72,Dormant
ACC24334,CUST10721,Savings,2022-01-27,21535.78,Active
ACC24335,CUST10073,Savings,2021-04-28,90335.63,Inactive
ACC24336,CUST11256,Savings,2024-10-23,66554.41,Active
ACC24337,CUST10606,Salary,2025-09-28,108345.43,Active
ACC24338,CUST14206,Savings,2022-07-03,24614.46,Dormant
ACC24339,CUST11852,Savings,2025-10-21,213306.82,Active
ACC24340,CUST11110,Salary,2024-04-29,121035.9,Active
ACC24341,CUST14505,Current,2023-04-22,45249.49,Active
ACC24342,CUST13906,Savings,2026-02-10,25504.2,Active
ACC24343,CUST11607,Savings,2024-12-08,52311.64,Active
ACC24344,CUST13978,Premium Savings,2025-05-04,10222.35,Active
ACC24345,CUST13988,Savings,2023-02-15,136658.33,Active
ACC24346,CUST13086,Savings,2025-10-06,183449.17,Active
ACC24347,CUST13335,Savings,2025-06-12,38335.85,Dormant
ACC24348,CUST13594,Savings,2025-02-08,32270.51,Active
ACC24349,CUST12668,Current,2025-09-06,76220.96,Active
ACC24350,CUST13335,Savings,2025-03-20,161010.14,Active
ACC24351,CUST14429,Savings,2024-05-26,10910.45,Active
ACC24352,CUST14378,Savings,2023-01-20,8821.04,Active
ACC24353,CUST10430,Salary,2025-02-25,37932.59,Active
ACC24354,CUST14014,Savings,2025-04-30,35623.48,Active
ACC24355,CUST11317,Salary,2025-05-20,66069.19,Active
ACC24356,CUST14443,Savings,2024-07-11,60605.52,Closed
ACC24357,CUST10018,Salary,2024-07-14,655059.63,Inactive
ACC24358,CUST10887,Premium Savings,2025-06-17,58490.24,Active
ACC24359,CUST10292,Salary,2021-05-10,332278.63,Active
ACC24360,CUST14383,Savings,2021-10-15,154250.78,Active
ACC24361,CUST13005,Savings,2024-01-29,28392.08,Active
ACC24362,CUST14855,Savings,2024-02-20,54610.12,Active
ACC24363,CUST14227,Current,2025-02-26,69002.64,Dormant
ACC24364,CUST12839,Salary,2021-04-25,279281.57,Active
ACC24365,CUST13075,Current,2026-01-19,10279.17,Active
ACC24366,CUST10013,Premium Savings,2026-03-06,49929.91,Active
ACC24367,CUST10741,Current,2021-05-03,178649.7,Active
ACC24368,CUST12163,Current,2022-08-08,46027.8,Active
ACC24369,CUST14421,Premium Savings,2024-07-01,23194.72,Closed
ACC24370,CUST12480,Savings,2023-04-18,127598.01,Active
ACC24371,CUST11827,Savings,2025-09-01,18176.68,Active
ACC24372,CUST10394,Savings,2024-10-31,159856.17,Active
ACC24373,CUST10203,Savings,2021-12-12,43036.63,Active
ACC24374,CUST14089,Savings,2025-12-30,20946.4,Active
ACC24375,CUST11121,Savings,2026-07-31,17757.86,Active
ACC24376,CUST13548,Current,2025-08-13,26871.94,Active
ACC24377,CUST11272,Savings,2026-06-14,94421.94,Closed
ACC24378,CUST12102,Savings,2021-06-14,17216.37,Inactive
ACC24379,CUST12437,Premium Savings,2021-03-16,15987.84,Inactive
ACC24380,CUST12345,Savings,2026-07-10,63231.51,Active
ACC24381,CUST14970,Salary,2021-09-08,198264.66,Inactive
ACC24382,CUST13786,Savings,2021-01-02,165572.24,Active
ACC24383,CUST13650,Premium Savings,2025-12-19,335667.65,Inactive
ACC24384,CUST10757,Current,2026-07-02,64706.26,Active
ACC24385,CUST11248,Premium Savings,2024-02-14,147960.16,Active
ACC24386,CUST14174,Savings,2023-04-16,98297.74,Active
ACC24387,CUST10529,Current,2023-04-18,15884.77,Dormant
ACC24388,CUST12465,Current,2025-09-08,32191.16,Active
ACC24389,CUST12251,Salary,2021-05-24,151262.06,Active
ACC24390,CUST12388,Savings,2022-04-26,20364.83,Closed
ACC24391,CUST12523,Savings,2023-01-24,99352.94,Active
ACC24392,CUST14110,Current,2021-08-14,83138.28,Inactive
ACC24393,CUST12628,Savings,2022-12-05,14448.68,Active
ACC24394,CUST13222,Current,2022-07-14,22122.08,Active
ACC24395,CUST12837,Savings,2024-08-05,26381.88,Active
ACC24396,CUST13947,Savings,2023-05-10,12858.37,Inactive
ACC24397,CUST14279,Premium Savings,2022-03-06,66635.39,Closed
ACC24398,CUST11810,Current,2022-12-27,23127.92,Active
ACC24399,CUST13395,Current,2022-10-23,215865.83,Active
ACC24400,CUST14636,Savings,2021-02-13,132243.77,Active
ACC24401,CUST10868,Salary,2025-12-24,224181.37,Active
ACC24402,CUST14380,Salary,2024-11-10,30533.63,Active
ACC24403,CUST13970,Salary,2023-12-02,30266.71,Active
ACC24404,CUST11572,Savings,2025-04-16,9755.98,Inactive
ACC24405,CUST14933,Salary,2023-08-21,125300.75,Active
ACC24406,CUST12088,Savings,2021-02-20,10497.27,Active
ACC24407,CUST10262,Salary,2023-12-24,53918.31,Active
ACC24408,CUST13513,Salary,2025-07-05,412321.64,Active
ACC24409,CUST11688,Current,2026-07-31,20942.96,Active
ACC24410,CUST12881,Current,2021-06-17,184211.86,Active
ACC24411,CUST12988,Premium Savings,2023-07-04,207466.83,Active
ACC24412,CUST14108,Savings,2025-08-25,54441.1,Dormant
ACC24413,CUST14068,Savings,2024-05-20,79567.71,Dormant
ACC24414,CUST10966,Savings,2023-12-13,26899.02,Dormant
ACC24415,CUST14195,Savings,2022-12-09,4673.28,Active
ACC24416,CUST12687,Savings,2025-09-13,221569.78,Inactive
ACC24417,CUST10358,Premium Savings,2025-04-21,45249.49,Active
ACC24418,CUST13483,Savings,2026-02-28,9547.02,Active
ACC24419,CUST12956,Savings,2026-02-07,371333.49,Active
ACC24420,CUST10462,Premium Savings,2024-05-26,39651.12,Active
ACC24421,CUST11847,Savings,2023-07-11,12660.11,Active
ACC24422,CUST12267,Savings,2022-08-27,55897.66,Active
ACC24423,CUST14808,Savings,2026-07-28,17220.37,Active
ACC24424,CUST14410,Savings,2023-06-22,98447.75,Active
ACC24425,CUST13619,Salary,2025-10-26,87995.19,Active
ACC24426,CUST11636,Savings,2026-06-14,21387.45,Active
ACC24427,CUST14525,Premium Savings,2025-10-29,32659.15,Active
ACC24428,CUST10265,Savings,2024-09-01,60714.33,Active
ACC24429,CUST12931,Savings,2021-12-15,22461.24,Active
ACC24430,CUST12947,Premium Savings,2023-12-22,13114.81,Closed
ACC24431,CUST10251,Savings,2024-04-25,44296.95,Active
ACC24432,CUST12597,Premium Savings,2025-08-02,33641.12,Active
ACC24433,CUST14973,Current,2026-03-15,15124.11,Active
ACC24434,CUST12105,Savings,2021-03-13,43482.52,Active
ACC24435,CUST11513,Premium Savings,2022-06-27,44338.05,Active
ACC24436,CUST11089,Premium Savings,2024-11-30,23075.05,Active
ACC24437,CUST14007,Savings,2023-11-04,24684.71,Active
ACC24438,CUST14221,Current,2026-04-11,43263.23,Active
ACC24439,CUST10276,Savings,2023-10-01,10784.14,Active
ACC24440,CUST10910,Savings,2024-08-28,27575.51,Active
ACC24441,CUST13782,Premium Savings,2023-12-29,56758.07,Active
ACC24442,CUST11130,Premium Savings,2021-08-30,13989.78,Closed
ACC24443,CUST11843,Savings,2025-06-24,131232.05,Active
ACC24444,CUST11030,Savings,2024-07-31,33763.93,Dormant
ACC24445,CUST12112,Current,2022-02-28,45249.49,Inactive
ACC24446,CUST14746,Premium Savings,2023-09-10,59161.72,Inactive
ACC24447,CUST10613,Savings,2026-01-13,24897.37,Closed
ACC24448,CUST12205,Current,2025-02-09,74013.71,Active
ACC24449,CUST13302,Savings,2022-08-22,49227.55,Inactive
ACC24450,CUST13322,Premium Savings,2021-07-08,110714.41,Active
ACC24451,CUST12180,Savings,2022-01-14,105994.33,Active
ACC24452,CUST13932,Salary,2023-08-04,8814.28,Active
ACC24453,CUST13437,Premium Savings,2025-11-22,257675.83,Active
ACC24454,CUST13006,Savings,2022-06-28,77317.37,Active
ACC24455,CUST12631,Savings,2025-08-06,16710.66,Active
ACC24456,CUST14559,Premium Savings,2022-07-07,28887.35,Active
ACC24457,CUST11112,Savings,2025-03-03,42403.74,Inactive
ACC24458,CUST14138,Savings,2025-10-24,29618.19,Dormant
ACC24459,CUST11657,Savings,2021-01-07,162573.0,Active
ACC24460,CUST12443,Premium Savings,2021-04-12,102588.15,Active
ACC24461,CUST10175,Savings,2024-09-16,241466.79,Dormant
ACC24462,CUST13258,Savings,2026-05-23,109702.29,Active
ACC24463,CUST10539,Savings,2023-12-02,80046.6,Active
ACC24464,CUST13260,Savings,2021-11-28,9702.6,Active
ACC24465,CUST12807,Savings,2025-11-03,16881.35,Inactive
ACC24466,CUST11814,Savings,2024-04-04,38593.73,Active
ACC24467,CUST10972,Savings,2022-06-04,340469.57,Active
ACC24468,CUST11901,Current,2023-11-24,10602.73,Active
ACC24469,CUST10509,Salary,2026-07-31,17569.46,Active
ACC24470,CUST14978,Savings,2022-12-09,57336.31,Active
ACC24471,CUST10574,Savings,2023-12-17,79622.5,Active
ACC24472,CUST11701,Current,2023-01-03,786378.18,Active
ACC24473,CUST12269,Savings,2025-06-22,35318.15,Active
ACC24474,CUST12586,Savings,2022-08-26,58482.84,Dormant
ACC24475,CUST13482,Savings,2024-11-22,140394.27,Closed
ACC24476,CUST13519,Salary,2023-08-07,124360.25,Active
ACC24477,CUST14734,Current,2026-03-19,25513.48,Active
ACC24478,CUST14428,Premium Savings,2022-05-21,60309.37,Active
ACC24479,CUST14583,Savings,2021-02-15,20398.41,Active
ACC24480,CUST12748,Savings,2021-07-11,94996.31,Active
ACC24481,CUST14630,Premium Savings,2025-02-13,81347.15,Active
ACC24482,CUST10004,Savings,2023-02-09,8479.04,Active
ACC24483,CUST13851,Premium Savings,2025-09-16,53188.74,Closed
ACC24484,CUST14796,Current,2026-02-28,19080.66,Active
ACC24485,CUST11356,Savings,2022-07-17,38866.24,Dormant
ACC24486,CUST12947,Current,2024-03-01,34468.89,Active
ACC24487,CUST14168,Premium Savings,2025-11-29,230060.27,Active
ACC24488,CUST11233,Savings,2026-01-05,22953.68,Active
ACC24489,CUST14197,Savings,2023-07-06,50692.06,Active
ACC24490,CUST14780,Savings,2023-06-28,13172.94,Inactive
ACC24491,CUST12058,Savings,2021-12-15,182435.61,Active
ACC24492,CUST10166,Premium Savings,2025-08-13,49852.46,Active
ACC24493,CUST13664,Current,2023-03-09,270674.14,Active
ACC24494,CUST13350,Savings,2024-06-28,35335.6,Active
ACC24495,CUST12343,Savings,2021-09-15,18920.71,Active
ACC24496,CUST12108,Savings,2024-05-08,402432.08,Active
ACC24497,CUST13160,Savings,2023-01-02,6228.62,Active
ACC24498,CUST13341,Savings,2024-12-23,10982.94,Active
ACC24499,CUST13002,Premium Savings,2023-09-28,16454.48,Active
ACC24500,CUST14994,Current,2021-10-02,19400.59,Active
ACC24501,CUST11133,Savings,2023-12-24,162537.21,Active
ACC24502,CUST11648,Premium Savings,2023-10-24,55934.61,Active
ACC24503,CUST13895,Savings,2021-01-23,174974.73,Active
ACC24505,CUST14303,Savings,2021-11-01,26421.06,Dormant
ACC24506,CUST13441,Current,2022-10-10,29173.27,Inactive
ACC24507,CUST11988,Current,2026-02-17,18886.48,Active
ACC24508,CUST14728,Savings,2023-04-11,107489.12,Active
ACC24509,CUST12837,Current,2022-08-10,41711.59,Active
ACC24510,CUST11349,Current,2024-01-14,146253.91,Active
ACC24511,CUST12284,Salary,2026-08-13,27044.78,Active
ACC24512,CUST12714,Salary,2025-03-02,42415.37,Active
ACC24513,CUST10517,Savings,2024-11-14,95644.38,Active
ACC24514,CUST10600,Premium Savings,2025-09-21,197631.52,Active
ACC24515,CUST11853,Savings,2022-03-20,75641.57,Closed
ACC24516,CUST14336,Premium Savings,2023-02-24,12910.61,Active
ACC24517,CUST11092,Current,2026-03-18,11378.91,Active
ACC24518,CUST14865,Current,2024-01-24,12721.03,Active
ACC24519,CUST13689,Savings,2025-07-05,14444.85,Inactive
ACC24520,CUST11458,Premium Savings,2025-09-07,38306.91,Active
ACC24521,CUST11543,Savings,2023-09-18,26036.01,Active
ACC24522,CUST11085,Savings,2022-07-11,22719.52,Active
ACC24523,CUST12736,Premium Savings,2022-05-09,116751.09,Dormant
ACC24524,CUST10772,Salary,2026-05-29,30558.58,Inactive
ACC24525,CUST11736,Savings,2022-11-23,12332.91,Active
ACC24526,CUST10815,Salary,2025-07-26,211144.3,Active
ACC24527,CUST10036,Savings,2023-04-23,12927.87,Active
ACC24528,CUST11697,Premium Savings,2025-10-29,42742.02,Active
ACC24529,CUST12817,Savings,2026-02-06,79237.08,Active
ACC24530,CUST11728,Savings,2024-08-16,24837.89,Active
ACC24531,CUST12647,Savings,2022-06-09,64585.22,Active
ACC24532,CUST14250,Savings,2024-05-20,35574.47,Active
ACC24533,CUST11552,Savings,2025-08-12,20084.0,Active
ACC24534,CUST14560,Savings,2025-05-11,43812.89,Active
ACC24535,CUST12595,Savings,2025-12-10,13475.42,Dormant
ACC24536,CUST10429,Savings,2025-02-05,81554.06,Active
ACC24537,CUST10508,Savings,2023-03-10,37322.11,Closed
ACC24538,CUST14391,Salary,2023-05-01,106305.08,Active
ACC24539,CUST12962,Savings,2024-07-01,27202.5,Active
ACC24540,CUST14207,Premium Savings,2025-10-02,28180.49,Active
ACC24541,CUST11164,Savings,2025-12-13,85632.12,Active
ACC24542,CUST11955,Current,2021-03-18,947294.67,Active
ACC24543,CUST13068,Savings,2021-10-14,12283.58,Active
ACC24544,CUST14494,Current,2023-12-27,23694.12,Inactive
ACC24545,CUST13271,Salary,2025-09-07,21509.17,Closed
ACC24546,CUST12558,Salary,2023-04-17,60905.77,Dormant
ACC24547,CUST11141,Savings,2025-07-24,31490.52,Dormant
ACC24548,CUST13615,Savings,2026-04-14,141241.81,Active
ACC24549,CUST13132,Salary,2021-05-15,3778.01,Dormant
ACC24550,CUST10167,Savings,2021-05-21,22274.73,Active
ACC24551,CUST10471,Current,2023-10-14,78826.81,Active
ACC24552,CUST11432,Premium Savings,2024-11-18,48100.77,Closed
ACC24553,CUST11753,Savings,2022-04-23,28634.79,Active
ACC24554,CUST10088,Savings,2026-01-25,45920.36,Active
ACC24555,CUST11563,Current,2025-01-16,48094.98,Closed
ACC24556,CUST10350,Current,2024-01-25,57775.03,Active
ACC24557,CUST12190,Savings,2022-08-07,76922.39,Active
ACC24558,CUST12454,Salary,2025-11-16,18721.93,Active
ACC24559,CUST12316,Savings,2024-07-08,15725.81,Active
ACC24560,CUST13778,Savings,2025-02-06,54092.61,Active
ACC24561,CUST12287,Savings,2023-09-03,57927.73,Dormant
ACC24562,CUST10605,Savings,2026-04-05,58972.16,Active
ACC24563,CUST14046,Savings,2022-07-27,53224.87,Active
ACC24564,CUST14174,Savings,2021-03-11,37684.49,Active
ACC24565,CUST11149,Savings,2022-07-01,52613.17,Active
ACC24566,CUST11050,Savings,2022-05-18,33187.75,Dormant
ACC24567,CUST12534,Premium Savings,2026-08-10,9504.22,Active
ACC24568,CUST12295,Current,2023-08-11,51583.97,Active
ACC24569,CUST12604,Savings,2026-04-21,41753.51,Active
ACC24570,CUST10897,Savings,2025-05-27,45571.93,Active
ACC24571,CUST11321,Current,2026-03-05,12476.45,Active
ACC24572,CUST12650,Savings,2023-03-19,11679.38,Inactive
ACC24573,CUST12983,Savings,2025-05-30,19689.88,Active
ACC24574,CUST13578,Savings,2023-12-03,25250.76,Active
ACC24575,CUST14078,Salary,2025-10-28,30227.89,Active
ACC24576,CUST12664,Savings,2021-12-27,105432.57,Active
ACC24577,CUST10044,Current,2021-02-08,83433.26,Active
ACC24578,CUST14733,Salary,2024-01-15,1480828.24,Active
ACC24579,CUST12412,Savings,2022-09-21,18554.1,Active
ACC24580,CUST14651,Savings,2022-03-28,74237.94,Active
ACC24581,CUST10782,Savings,2023-08-03,73552.43,Inactive
ACC24582,CUST14293,Salary,2022-09-25,40701.92,Active
ACC24583,CUST10070,Savings,2022-05-17,61286.41,Active
ACC24584,CUST12892,Savings,2025-08-15,32065.88,Active
ACC24585,CUST11649,Savings,2023-02-13,184236.85,Active
ACC24586,CUST13562,Current,2025-06-11,17051.18,Active
ACC24587,CUST14740,Savings,2021-06-12,34435.15,Active
ACC24588,CUST14156,Current,2021-04-21,167045.37,Active
ACC24589,CUST11083,Salary,2021-11-22,36159.07,Active
ACC24590,CUST12015,Savings,2025-06-27,30090.51,Active
ACC24591,CUST11902,Current,2021-12-14,194259.53,Active
ACC24592,CUST12051,Savings,2024-01-22,18920.43,Dormant
ACC24593,CUST14483,Salary,2024-04-02,59783.54,Dormant
ACC24594,CUST14882,Savings,2024-10-15,45753.18,Active
ACC24595,CUST10313,Savings,2025-01-25,152753.22,Active
ACC24596,CUST11172,Savings,2024-08-04,118496.46,Active
ACC24597,CUST10171,Savings,2022-03-04,74219.9,Active
ACC24598,CUST10694,Savings,2021-01-10,162332.77,Active
ACC24599,CUST11139,Savings,2021-09-08,84754.28,Closed
ACC24600,CUST14394,Salary,2023-06-01,16989.14,Active
ACC24601,CUST11993,Savings,2023-05-27,76032.06,Active
ACC24602,CUST13290,Savings,2024-05-25,97285.96,Active
ACC24603,CUST12788,Current,2023-04-01,191608.65,Active
ACC24604,CUST10700,Savings,2024-05-21,131381.98,Active
ACC24605,CUST11567,Savings,2021-01-16,106024.37,Active
ACC24606,CUST12257,Savings,2026-05-07,84760.73,Closed
ACC24607,CUST11799,Salary,2021-12-31,28039.68,Active
ACC24608,CUST12734,Savings,2023-07-04,178671.43,Active
ACC24609,CUST10030,Savings,2021-10-03,54061.04,Active
ACC24610,CUST11194,Savings,2024-03-04,65264.68,Dormant
ACC24611,CUST10187,Savings,2021-08-05,30757.77,Active
ACC24612,CUST14270,Savings,2021-11-07,150288.76,Active
ACC24613,CUST12070,Savings,2023-10-18,23058.3,Active
ACC24614,CUST11839,Savings,2025-05-22,17985.17,Active
ACC24615,CUST12135,Savings,2022-01-19,45088.59,Dormant
ACC24616,CUST11288,Current,2026-05-26,38452.27,Active
ACC24617,CUST14242,Current,2024-01-29,51365.5,Inactive
ACC24618,CUST12374,Savings,2021-07-23,74238.07,Active
ACC24619,CUST10318,Premium Savings,2023-06-13,86184.02,Active
ACC24620,CUST11680,Salary,2024-05-26,15463.85,Active
ACC24621,CUST14446,Savings,2026-07-01,60774.79,Active
ACC24622,CUST14649,Savings,2025-03-10,41922.73,Active
ACC24623,CUST10881,Savings,2023-10-07,33232.2,Active
ACC24624,CUST13181,Savings,2024-06-17,145163.54,Closed
ACC24625,CUST14848,Savings,2022-05-16,119449.8,Inactive
ACC24626,CUST11836,Savings,2023-04-30,241081.67,Active
ACC24627,CUST12464,Savings,2026-05-18,35282.5,Active
ACC24628,CUST11420,Current,2026-04-22,49454.47,Active
ACC24629,CUST10247,Savings,2026-04-22,24710.31,Active
ACC24630,CUST14648,Savings,2024-04-18,41970.92,Active
ACC24631,CUST10229,Salary,2022-06-02,27629.19,Active
ACC24632,CUST13362,Savings,2023-12-24,95915.06,Closed
ACC24633,CUST14152,Savings,2022-11-06,453244.65,Active
ACC24634,CUST14372,Salary,2025-05-24,371452.68,Active
ACC24635,CUST14975,Savings,2022-10-18,20990.86,Active
ACC24636,CUST11429,Salary,2024-01-14,78750.52,Active
ACC24637,CUST11736,Salary,2024-03-19,41478.77,Active
ACC24638,CUST13371,Savings,2026-05-07,35461.89,Active
ACC24639,CUST11591,Current,2025-10-19,11689.17,Active
ACC24640,CUST12842,Premium Savings,2023-04-18,65703.11,Active
ACC24641,CUST11265,Salary,2023-01-22,169009.45,Active
ACC24642,CUST12271,Premium Savings,2021-07-04,97001.05,Active
ACC24643,CUST13572,Current,2023-02-10,58973.85,Active
ACC24644,CUST13097,Current,2022-09-05,18976.14,Active
ACC24645,CUST10469,Salary,2023-04-10,51279.06,Active
ACC24646,CUST14630,Savings,2024-05-04,180351.45,Active
ACC24647,CUST12996,Premium Savings,2024-11-23,159297.88,Active
ACC24648,CUST11581,Savings,2024-05-14,116373.63,Active
ACC24649,CUST12588,Savings,2024-08-18,229235.17,Active
ACC24650,CUST12315,Savings,2026-03-01,19548.32,Active
ACC24651,CUST13433,Salary,2026-01-09,37044.95,Active
ACC24652,CUST10851,Savings,2025-02-14,18844.21,Active
ACC24653,CUST12469,Premium Savings,2022-08-20,14265.4,Active
ACC24654,CUST11499,Savings,2024-03-15,67528.1,Active
ACC24655,CUST13773,Savings,2025-10-18,31961.71,Active
ACC24656,CUST11393,Premium Savings,2022-12-07,155050.37,Active
ACC24657,CUST10486,Current,2022-07-29,1599.2,Active
ACC24658,CUST11335,Savings,2022-02-06,90897.87,Active
ACC24659,CUST14563,Savings,2024-09-23,138476.68,Active
ACC24660,CUST13654,Savings,2024-12-18,34433.33,Active
ACC24661,CUST12966,Savings,2024-08-01,62684.71,Active
ACC24662,CUST10700,Savings,2021-02-03,63368.01,Active
ACC24663,CUST10054,Savings,2025-04-10,44046.35,Active
ACC24664,CUST14957,Savings,2024-01-07,154528.27,Active
ACC24665,CUST14978,Premium Savings,2024-12-29,82988.88,Active
ACC24666,CUST14895,Salary,2023-03-24,126856.18,Dormant
ACC24667,CUST14704,Savings,2022-04-16,31193.12,Active
ACC24668,CUST13778,Savings,2023-11-19,529095.41,Inactive
ACC24669,CUST12810,Salary,2022-12-04,143670.77,Active
ACC24670,CUST11815,Salary,2021-02-28,42185.51,Active
ACC24671,CUST14886,Savings,2022-05-13,27568.76,Dormant
ACC24672,CUST14185,Savings,2023-07-03,55250.76,Active
ACC24673,CUST10598,Savings,2024-05-10,93233.18,Active
ACC24674,CUST10438,Salary,2026-01-11,17368.1,Active
ACC24675,CUST11950,Savings,2025-08-10,47440.53,Active
ACC24676,CUST12612,Premium Savings,2025-10-12,18327.39,Active
ACC24677,CUST10483,Premium Savings,2021-09-06,203078.48,Active
ACC24678,CUST12827,Premium Savings,2021-06-23,18345.2,Active
ACC24679,CUST10433,Savings,2026-07-14,929662.76,Active
ACC24680,CUST12343,Savings,2023-04-03,26598.81,Inactive
ACC24681,CUST11232,Savings,2023-05-17,280713.42,Active
ACC24682,CUST10646,Salary,2023-12-31,24965.03,Active
ACC24683,CUST14057,Savings,2024-07-17,43573.67,Active
ACC24684,CUST13403,Savings,2022-07-27,32129.83,Active
ACC24685,CUST11214,Current,2026-08-10,43771.91,Active
ACC24686,CUST13736,Savings,2024-04-23,97191.28,Active
ACC24687,CUST13717,Savings,2025-03-21,19523.45,Active
ACC24688,CUST12773,Premium Savings,2021-11-19,50099.89,Active
ACC24689,CUST12288,Savings,2025-09-14,9009.67,Dormant
ACC24690,CUST14771,Premium Savings,2021-06-25,44423.85,Inactive
ACC24691,CUST10296,Salary,2024-06-11,21160.36,Active
ACC24692,CUST13512,Salary,2022-05-11,25156.61,Active
ACC24693,CUST14448,Current,2026-02-06,78613.45,Active
ACC24694,CUST12843,Savings,2022-02-19,40792.42,Dormant
ACC24695,CUST13088,Savings,2021-08-13,78509.16,Active
ACC24696,CUST11913,Savings,2023-08-24,25654.88,Active
ACC24697,CUST12161,Current,2025-09-06,72591.33,Active
ACC24698,CUST12233,Savings,2023-03-21,43780.56,Dormant
ACC24699,CUST10549,Savings,2025-02-03,19332.26,Inactive
ACC24700,CUST13755,Savings,2021-12-03,857780.73,Dormant
ACC24701,CUST13629,Salary,2026-07-22,51645.54,Active
ACC24702,CUST10052,Salary,2021-12-08,34595.68,Active
ACC24703,CUST10957,Savings,2021-11-23,9193.78,Active
ACC24704,CUST13167,Salary,2022-11-19,16079.21,Active
ACC24705,CUST12190,Savings,2025-12-27,41394.44,Active
ACC24706,CUST11148,Salary,2021-03-19,315330.25,Active
ACC24707,CUST10333,Premium Savings,2022-07-01,103056.65,Active
ACC24708,CUST12012,Salary,2025-04-21,49412.59,Active
ACC24709,CUST11599,Current,2022-09-08,230280.94,Active
ACC24710,CUST14794,Current,2026-05-05,13806.6,Active
ACC24711,CUST11059,Premium Savings,2024-08-12,16426.31,Active
ACC24712,CUST10197,Savings,2023-12-22,380666.17,Active
ACC24713,CUST13722,Savings,2025-08-02,31868.05,Active
ACC24714,CUST10963,Savings,2021-11-06,84767.05,Active
ACC24715,CUST14892,Savings,2024-05-14,123313.35,Inactive
ACC24716,CUST14583,Savings,2021-06-24,50183.13,Active
ACC24717,CUST12709,Current,2022-11-23,9662.87,Active
ACC24718,CUST14583,Salary,2022-07-14,50529.9,Active
ACC24719,CUST12622,Salary,2021-12-12,30281.85,Dormant
ACC24721,CUST13519,Premium Savings,2024-04-26,11350.7,Dormant
ACC24722,CUST10502,Savings,2024-12-01,331691.63,Active
ACC24723,CUST10963,Savings,2023-04-29,244777.66,Active
ACC24724,CUST10660,Savings,2022-08-31,50230.1,Active
ACC24725,CUST11145,Savings,2023-11-13,48971.95,Closed
ACC24726,CUST12010,Savings,2023-01-05,5749.04,Active
ACC24727,CUST13188,Salary,2022-06-24,202695.76,Active
ACC24728,CUST11620,Savings,2022-01-05,174113.8,Dormant
ACC24729,CUST13363,Salary,2024-11-30,52024.05,Active
ACC24730,CUST11288,Current,2023-02-28,178093.56,Active
ACC24731,CUST10034,Salary,2023-06-04,51988.08,Active
ACC24732,CUST12312,Premium Savings,2024-08-25,27052.82,Active
ACC24733,CUST10431,Premium Savings,2021-10-13,76616.59,Active
ACC24734,CUST11871,Savings,2024-10-14,347259.74,Active
ACC24735,CUST10515,Savings,2025-05-17,19258.59,Active
ACC24736,CUST12393,Savings,2022-05-12,15317.43,Active
ACC24737,CUST14742,Current,2022-06-02,35709.14,Active
ACC24738,CUST13762,Savings,2021-04-26,126921.4,Active
ACC24739,CUST13032,Current,2024-02-03,66841.89,Dormant
ACC24740,CUST14119,Savings,2021-03-03,20750.41,Active
ACC24741,CUST13490,Salary,2021-11-21,40961.47,Active
ACC24742,CUST12149,Savings,2023-01-26,39503.34,Active
ACC24743,CUST11540,Savings,2023-12-20,134020.77,Active
ACC24744,CUST10384,Savings,2024-04-04,108216.12,Active
ACC24745,CUST14530,Current,2021-10-25,74600.69,Active
ACC24746,CUST10712,Savings,2026-04-20,33850.85,Dormant
ACC24747,CUST13183,Savings,2024-06-03,44381.23,Active
ACC24748,CUST13302,Savings,2022-08-22,21595.05,Active
ACC24749,CUST10104,Premium Savings,2021-08-05,53265.27,Active
ACC24750,CUST14351,Current,2025-07-30,12166.24,Active
ACC24751,CUST10034,Salary,2021-09-24,341126.21,Active
ACC24752,CUST13237,Current,2025-11-18,24221.67,Active
ACC24753,CUST11799,Savings,2023-08-04,45019.28,Dormant
ACC24754,CUST14786,Premium Savings,2024-02-11,58024.04,Active
ACC24755,CUST14289,savings,2024-05-15,62517.18,Active
ACC24756,CUST10188,Savings,2024-11-07,52077.98,Active
ACC24757,CUST10972,Savings,2024-04-09,147725.99,Active
ACC24758,CUST10563,Savings,2021-01-27,9872.61,Active
ACC24759,CUST13329,Savings,2025-08-22,54906.54,Active
ACC24760,CUST12473,Current,2023-01-04,18337.97,Dormant
ACC24761,CUST12545,Savings,2021-04-27,29711.42,Active
ACC24762,CUST10361,Salary,2022-08-22,68846.77,Active
ACC24763,CUST10208,Savings,2023-10-15,159821.54,Closed
ACC24764,CUST13601,Current,2022-04-27,139706.8,Active
ACC24765,CUST10767,Salary,2024-07-26,122441.85,Active
ACC24766,CUST14055,Salary,2021-09-22,238155.69,Active
ACC24767,CUST14965,Savings,2023-04-16,64726.98,Active
ACC24768,CUST12380,Savings,2022-07-31,17818.35,Active
ACC24769,CUST12406,Savings,2023-12-13,22668.5,Dormant
ACC24770,CUST13463,Current,2025-12-12,3568.86,Active
ACC24771,CUST10895,Current,2022-01-20,81378.33,Active
ACC24772,CUST11678,Savings,2021-02-02,47502.3,Active
ACC24773,CUST14903,Salary,2022-06-02,4908.49,Active
ACC24774,CUST10323,Savings,2024-09-02,86576.43,Dormant
ACC24775,CUST14374,Current,2021-09-27,45584.07,Dormant
ACC24776,CUST12343,Savings,2022-11-29,77588.17,Active
ACC24777,CUST10891,Savings,2024-01-18,45249.49,Dormant
ACC24778,CUST14445,Current,2026-04-20,59602.72,Dormant
ACC24779,CUST11719,Current,2021-08-19,81807.26,Active
ACC24780,CUST14090,Savings,2022-12-07,20767.37,Dormant
ACC24781,CUST14470,Savings,2021-04-03,38012.89,Inactive
ACC24782,CUST14334,Premium Savings,2022-03-07,124191.47,Active
ACC24783,CUST10480,Savings,2025-12-17,91562.56,Active
ACC24784,CUST13380,Current,2025-04-25,17691.73,Inactive
ACC24785,CUST12028,Current,2022-08-07,41721.74,Active
ACC24786,CUST10489,Savings,2023-02-03,18205.58,Active
ACC24787,CUST14054,Current,2024-12-21,37503.34,Active
ACC24788,CUST11471,Premium Savings,2021-06-28,16034.8,Active
ACC24789,CUST11414,Savings,2022-09-18,28845.39,Active
ACC24790,CUST12640,Salary,2026-02-27,27853.5,Active
ACC24791,CUST10896,Current,2024-11-29,27912.18,Dormant
ACC24792,CUST13293,Salary,2022-09-20,45249.49,Active
ACC24793,CUST10707,Savings,2026-02-28,30033.5,Active
ACC24794,CUST13940,Premium Savings,2022-03-15,127768.41,Active
ACC24795,CUST11400,Savings,2023-08-17,39009.49,Active
ACC24796,CUST12248,Current,2026-02-02,67575.26,Active
ACC24797,CUST10850,Savings,2023-11-19,35225.22,Closed
ACC24798,CUST11289,Savings,2022-07-15,301212.32,Active
ACC24799,CUST14601,Premium Savings,2021-11-07,25978.19,Active
ACC24800,CUST14971,Savings,2022-06-12,28913.13,Active
ACC24801,CUST13572,Savings,2024-01-23,52592.71,Active
ACC24802,CUST10480,Savings,2022-12-12,28831.88,Closed
ACC24803,CUST12623,Premium Savings,2026-01-13,26909.74,Active
ACC24804,CUST14670,Savings,2023-08-09,24241.1,Active
ACC24805,CUST13271,Savings,2025-06-29,13835.68,Active
ACC24806,CUST13503,Savings,2023-05-25,80508.49,Active
ACC24807,CUST13726,Savings,2023-06-19,11581.28,Active
ACC24808,CUST12340,Salary,2024-07-09,29616.53,Active
ACC24809,CUST11189,Savings,2021-01-03,7635.32,Inactive
ACC24810,CUST10779,Salary,2025-05-30,117336.92,Inactive
ACC24811,CUST11353,Savings,2025-03-01,17962.4,Active
ACC24812,CUST11644,Current,2023-10-19,32406.95,Active
ACC24813,CUST13765,Savings,2021-07-12,38101.17,Active
ACC24814,CUST10328,Current,2022-05-26,71889.23,Inactive
ACC24815,CUST12586,Premium Savings,2023-07-21,117747.23,Active
ACC24816,CUST12841,Salary,2026-04-21,46055.55,Active
ACC24817,CUST10073,Savings,2025-01-17,7803.56,Active
ACC24818,CUST10720,Current,2022-11-11,24212.66,Active
ACC24819,CUST11805,Savings,2026-01-20,117490.99,Active
ACC24820,CUST12466,Salary,2022-05-09,36072.33,Active
ACC24821,CUST12329,Savings,2024-12-21,26960.76,Active
ACC24822,CUST12842,Salary,2023-01-07,23875.26,Active
ACC24823,CUST10421,Savings,2025-09-05,24608.33,Active
ACC24824,CUST14046,Savings,2023-10-20,72334.12,Inactive
ACC24825,CUST12421,Savings,2024-04-12,61400.14,Active
ACC24826,CUST12543,Savings,2022-07-15,77126.74,Inactive
ACC24827,CUST14981,Premium Savings,2026-01-10,95645.04,Dormant
ACC24828,CUST12286,Current,2023-04-07,30049.81,Active
ACC24829,CUST13371,Premium Savings,2023-11-17,127577.37,Active
ACC24830,CUST13998,Salary,2026-04-24,32667.12,Active
ACC24831,CUST13039,Savings,2021-06-29,114788.33,Active
ACC24832,CUST12942,Current,2024-06-03,95243.54,Active
ACC24833,CUST14011,Savings,2023-10-30,85309.43,Active
ACC24834,CUST10571,Savings,2025-09-19,26574.92,Active
ACC24835,CUST10479,Current,2021-12-27,96431.01,Dormant
ACC24836,CUST11884,Savings,2026-03-03,26619.75,Active
ACC24837,CUST13011,Salary,2026-04-19,128393.2,Active
ACC24838,CUST13054,Salary,2021-10-09,31882.16,Active
ACC24839,CUST13163,Salary,2024-04-19,14999.28,Active
ACC24840,CUST13615,Current,2025-01-13,32546.98,Active
ACC24841,CUST11110,Salary,2024-03-27,75615.05,Dormant
ACC24842,CUST12205,Savings,2023-12-18,59863.8,Active
ACC24843,CUST12099,Savings,2025-09-18,27342.16,Closed
ACC24844,CUST12016,Premium Savings,2026-04-12,67239.64,Active
ACC24845,CUST12207,Current,2023-03-28,30620.02,Active
ACC24846,CUST14786,Savings,2023-04-20,49276.76,Active
ACC24847,CUST13137,Premium Savings,2026-01-11,16332.59,Active
ACC24848,CUST14417,Salary,2025-08-31,269503.22,Active
ACC24849,CUST10803,Savings,2025-05-21,10169.24,Active
ACC24850,CUST10677,Savings,2022-01-25,26289.72,Active
ACC24851,CUST10800,Premium Savings,2024-02-21,37556.97,Active
ACC24852,CUST10520,Salary,2023-01-29,53052.5,Active
ACC24853,CUST12560,Savings,2022-12-23,19706.17,Active
ACC24854,CUST10043,Savings,2024-05-03,6577.33,Active
ACC24855,CUST14525,Savings,2024-06-12,101788.1,Active
ACC24856,CUST14000,Premium Savings,2024-07-30,30633.83,Inactive
ACC24857,CUST13913,Savings,2025-11-07,253069.84,Active
ACC24858,CUST12343,Current,2025-04-08,25803.44,Active
ACC24859,CUST14432,Savings,2025-02-21,19886.82,Dormant
ACC24860,CUST10418,Savings,2021-10-05,72894.77,Active
ACC24861,CUST14635,Current,2024-07-11,24642.81,Active
ACC24862,CUST14737,Salary,2024-11-10,14127.39,Active
ACC24863,CUST11203,Current,2022-12-06,4697.24,Active
ACC24864,CUST13860,Savings,2024-11-18,119274.5,Active
ACC24865,CUST13727,Savings,2025-07-10,30424.22,Active
ACC24866,CUST10610,Savings,2023-10-14,49104.72,Active
ACC24867,CUST10238,Savings,2024-10-25,136351.57,Active
ACC24868,CUST13409,Salary,2023-10-18,4818.62,Dormant
ACC24869,CUST14377,Current,2021-11-30,198259.69,Active
ACC24870,CUST12139,Current,2023-03-24,133886.32,Active
ACC24871,CUST10213,Premium Savings,2024-10-22,46014.35,Inactive
ACC24872,CUST14171,Savings,2024-02-22,126702.47,Active
ACC24873,CUST13619,Current,2026-04-14,106994.16,Active
ACC24874,CUST10040,Savings,2025-07-02,17324.78,Active
ACC24875,CUST10167,Savings,2023-10-10,6730.63,Inactive
ACC24876,CUST13778,Savings,2024-12-14,47260.78,Active
ACC24877,CUST12294,Salary,2025-05-23,42673.76,Active
ACC24879,CUST12594,Current,2026-03-10,23285.71,Active
ACC24880,CUST11144,Salary,2026-04-23,90753.95,Active
ACC24881,CUST10484,Premium Savings,2025-10-16,129841.85,Inactive
ACC24882,CUST14828,Premium Savings,2023-11-08,174481.02,Active
ACC24883,CUST13593,Savings,2024-09-16,48142.88,Active
ACC24884,CUST13000,Salary,2021-07-04,38273.07,Closed
ACC24885,CUST11997,Premium Savings,2023-04-02,113984.38,Active
ACC24886,CUST11131,Current,2023-02-05,156065.66,Active
ACC24887,CUST14966,Salary,2023-03-17,16127.28,Active
ACC24888,CUST13989,Savings,2025-04-01,49544.46,Active
ACC24889,CUST13891,Current,2025-10-27,86973.25,Active
ACC24890,CUST10558,Premium Savings,2021-06-26,115963.14,Inactive
ACC24891,CUST13735,Savings,2022-08-06,66474.06,Active
ACC24892,CUST12697,Savings,2025-11-15,17203.31,Active
ACC24893,CUST14169,Savings,2025-08-29,75554.61,Active
ACC24894,CUST10755,Savings,2023-02-25,76859.68,Active
ACC24895,CUST12207,Savings,2026-07-24,457552.22,Active
ACC24896,CUST11072,Savings,2024-05-05,87309.04,Active
ACC24897,CUST13875,Savings,2021-10-30,17288.7,Active
ACC24898,CUST12623,Salary,2024-10-31,53473.71,Active
ACC24899,CUST13257,Savings,2025-01-26,14659.95,Active
ACC24900,CUST10588,Savings,2023-07-05,603892.06,Active
ACC24901,CUST11904,Salary,2024-10-31,243088.44,Active
ACC24902,CUST14449,Savings,2025-04-30,28154.04,Active
ACC24903,CUST10473,Savings,2024-08-07,24803.9,Active
ACC24904,CUST14959,Savings,2022-11-02,48484.4,Inactive
ACC24905,CUST12132,Savings,2024-10-17,83639.14,Active
ACC24906,CUST14910,Savings,2025-02-05,57313.2,Inactive
ACC24907,CUST13620,Premium Savings,2025-11-03,93384.9,Active
ACC24908,CUST12511,Savings,2024-06-11,119291.94,Active
ACC24909,CUST10761,Savings,2025-09-22,50343.39,Active
ACC24910,CUST10323,Savings,2025-02-15,129745.85,Dormant
ACC24911,CUST12587,Savings,2026-08-10,13600.51,Inactive
ACC24912,CUST10886,Savings,2026-01-19,44637.56,Active
ACC24913,CUST10045,Savings,2021-09-30,36166.53,Active
ACC24914,CUST13350,Savings,2023-01-31,24180.68,Active
ACC24915,CUST12401,Salary,2021-05-12,20446.74,Active
ACC24916,CUST10097,Premium Savings,2022-11-27,27875.45,Active
ACC24917,CUST13199,Current,2025-09-12,168355.66,Inactive
ACC24918,CUST11722,Savings,2021-10-08,4206.25,Active
ACC24919,CUST13490,Savings,2022-01-27,14155.94,Active
ACC24920,CUST12074,Salary,2025-03-02,55871.58,Dormant
ACC24921,CUST11136,Savings,2023-06-21,66765.98,Active
ACC24922,CUST12281,Savings,2024-09-19,50464.79,Closed
ACC24923,CUST12258,Savings,2021-08-02,31530.15,Active
ACC24924,CUST10312,Savings,2023-10-24,53787.31,Active
ACC24925,CUST12190,Salary,2024-05-18,136245.26,Inactive
ACC24926,CUST10936,Savings,2025-03-03,81775.17,Dormant
ACC24927,CUST13727,Savings,2022-01-15,5870.59,Active
ACC24928,CUST14049,Current,2022-10-16,29707.07,Active
ACC24929,CUST13892,Savings,2025-11-14,79756.53,Active
ACC24930,CUST11657,Savings,2022-05-13,157733.16,Active
ACC24931,CUST12646,Savings,2024-04-15,8698.25,Active
ACC24932,CUST14551,Savings,2024-03-24,19534.64,Active
ACC24933,CUST13265,Current,2024-01-04,91820.91,Active
ACC24934,CUST10091,Current,2023-03-20,41216.43,Active
ACC24935,CUST10344,Savings,2021-08-16,5549.74,Dormant
ACC24936,CUST13655,Savings,2021-11-11,25416.99,Active
ACC24937,CUST11719,Savings,2023-07-05,66421.27,Active
ACC24938,CUST14160,Savings,2025-05-18,171709.04,Active
ACC24939,CUST11240,Current,2021-12-28,45485.37,Active
ACC24940,CUST13786,Current,2023-08-12,38869.62,Active
ACC24941,CUST14272,Savings,2022-09-12,57974.71,Active
ACC24942,CUST13318,Savings,2023-12-13,24203.21,Active
ACC24943,CUST13142,Salary,2022-04-08,11914.76,Active
ACC24944,CUST14937,Salary,2022-03-01,56181.41,Dormant
ACC24945,CUST10546,Premium Savings,2025-10-25,30668.68,Active
ACC24946,CUST11317,Savings,2024-05-05,132584.71,Active
ACC24947,CUST14050,Savings,2022-05-11,52545.49,Closed
ACC24948,CUST11580,Salary,2025-11-23,39070.85,Active
ACC24949,CUST11333,Savings,2021-07-08,14018.82,Active
ACC24950,CUST10220,Current,2024-08-25,6806.6,Active
ACC24951,CUST10673,Savings,2023-10-15,34275.62,Active
ACC24952,CUST14046,Premium Savings,2026-04-06,15625.27,Active
ACC24954,CUST11321,Savings,2023-11-09,88457.79,Active
ACC24955,CUST14512,Savings,2026-06-06,24307.78,Active
ACC24956,CUST10440,Savings,2026-06-02,78342.97,Active
ACC24957,CUST14529,Savings,2025-03-08,69361.01,Dormant
ACC24958,CUST14037,Current,2024-10-25,15503.52,Active
ACC24959,CUST11106,Salary,2024-09-16,43389.74,Dormant
ACC24960,CUST11069,Savings,2021-04-02,138583.67,Active
ACC24961,CUST13542,Premium Savings,2024-06-30,115679.95,Active
ACC24962,CUST14764,Current,2022-07-31,162919.29,Active
ACC24963,CUST14295,Savings,2023-11-26,73590.42,Inactive
ACC24964,CUST11381,Savings,2022-10-11,71272.06,Active
ACC24965,CUST10963,Salary,2026-01-27,89345.13,Active
ACC24966,CUST12396,Savings,2021-08-30,135450.57,Active
ACC24967,CUST13189,Salary,2025-01-15,255146.15,Active
ACC24968,CUST10049,Savings,2025-11-03,147684.61,Active
ACC24969,CUST10071,Savings,2024-07-22,21306.8,Closed
ACC24970,CUST14804,Savings,2023-08-03,6626.74,Active
ACC24971,CUST10958,Savings,2022-02-01,35906.23,Active
ACC24972,CUST12653,Current,2025-08-10,11761.01,Inactive
ACC24973,CUST13972,Salary,2021-01-29,84639.85,Closed
ACC24974,CUST11998,Savings,2023-07-07,15470.06,Active
ACC24975,CUST12070,Savings,2023-06-21,139169.67,Active
ACC24976,CUST10745,Savings,2021-01-26,11076.72,Active
ACC24977,CUST10360,Savings,2024-06-05,262175.64,Active
ACC24978,CUST13479,Current,2021-08-26,57311.27,Active
ACC24979,CUST10325,Current,2025-03-29,26587.58,Inactive
ACC24980,CUST14030,Savings,2024-04-03,99061.52,Dormant
ACC24981,CUST11597,Current,2023-02-19,19335.82,Active
ACC24982,CUST11482,Premium Savings,2021-06-06,35974.24,Active
ACC24983,CUST10771,Premium Savings,2023-04-04,57182.93,Active
ACC24984,CUST10349,Current,2026-05-27,42939.02,Active
ACC24985,CUST12929,Savings,2021-06-08,132649.84,Active
ACC24986,CUST10629,Current,2023-03-25,234824.43,Active
ACC24987,CUST11035,Savings,2023-09-07,55638.54,Active
ACC24988,CUST10037,Savings,2024-05-05,15829.16,Active
ACC24989,CUST13956,Savings,2021-12-11,187226.26,Active
ACC24990,CUST12196,Savings,2022-09-01,15503.37,Active
ACC24991,CUST12937,Savings,2023-08-13,14272.02,Active
ACC24992,CUST13879,Current,2021-04-29,16120.25,Active
ACC24993,CUST13691,Savings,2025-02-06,161043.08,Active
ACC24994,CUST12186,Current,2021-01-20,1704.86,Inactive
ACC24995,CUST11086,Premium Savings,2023-07-01,78591.91,Active
ACC24996,CUST14599,Salary,2025-07-16,157454.41,Active
ACC24997,CUST12446,Savings,2022-09-19,33055.15,Active
ACC24998,CUST14467,Savings,2022-01-24,95132.15,Dormant
ACC24999,CUST10584,Current,2022-07-19,77545.1,Active
ACC25000,CUST12065,Savings,2022-03-20,9400.26,Active
ACC25001,CUST14892,Current,2025-03-18,67058.52,Active
ACC25002,CUST10071,Savings,2024-12-09,107584.8,Inactive
ACC25003,CUST11468,Savings,2022-01-11,313033.59,Active
ACC25004,CUST12986,Savings,2025-05-17,25744.62,Active
ACC25005,CUST11761,Savings,2022-09-14,48389.63,Dormant
ACC25006,CUST10858,Savings,2023-10-21,12686.3,Active
ACC25007,CUST11686,Savings,2025-08-14,9912.56,Active
ACC25008,CUST13314,Savings,2024-12-26,86279.57,Active
ACC25009,CUST12454,Savings,2023-12-24,42573.55,Active
ACC25010,CUST14530,Savings,2025-04-14,306458.84,Active
ACC25011,CUST10041,Savings,2021-07-16,153587.89,Active
ACC25012,CUST12596,Premium Savings,2023-07-31,27420.32,Active
ACC25013,CUST12229,Savings,2025-10-13,87584.69,Active
ACC25014,CUST14457,Savings,2021-05-27,7722.87,Dormant
ACC25015,CUST12521,Savings,2023-10-28,48322.45,Active
ACC25016,CUST12246,Savings,2023-11-06,50707.13,Active
ACC25017,CUST12161,Savings,2023-05-11,6313.74,Inactive
ACC25018,CUST11072,Current,2023-02-24,40379.14,Active
ACC25019,CUST12565,Savings,2026-08-05,15216.08,Dormant
ACC25020,CUST10255,Savings,2025-03-27,49401.55,Active
ACC25021,CUST10186,Current,2025-11-24,53540.11,Active
ACC25022,CUST11174,Salary,2024-06-18,60488.73,Active
ACC25023,CUST14030,Savings,2026-05-30,202495.46,Active
ACC25024,CUST12916,Premium Savings,2024-12-05,21433.03,Active
ACC25025,CUST13553,Savings,2024-09-28,25905.04,Active
ACC25026,CUST14095,Salary,2023-10-07,38211.63,Active
ACC25027,CUST10420,Premium Savings,2022-09-08,79224.31,Dormant
ACC25028,CUST10873,Savings,2022-08-09,27669.87,Active
ACC25029,CUST13247,Salary,2025-09-16,7417.72,Active
ACC25030,CUST10610,Savings,2023-05-12,62941.31,Active
ACC25031,CUST14228,Salary,2024-11-18,34078.46,Active
ACC25032,CUST13502,Savings,2026-01-05,178723.92,Inactive
ACC25033,CUST14036,Salary,2026-07-20,41712.03,Dormant
ACC25034,CUST11990,Current,2022-09-21,148757.69,Active
ACC25035,CUST13140,Salary,2021-07-11,17669.4,Active
ACC25036,CUST12220,Savings,2024-10-13,46008.52,Active
ACC25037,CUST10103,Savings,2022-03-05,196846.66,Active
ACC25038,CUST13288,Savings,2022-04-25,21163.08,Active
ACC25039,CUST12428,Salary,2023-03-17,33248.44,Active
ACC25040,CUST13186,Savings,2025-07-04,17017.52,Active
ACC25041,CUST13094,Savings,2023-04-22,61463.22,Active
ACC25042,CUST10407,Salary,2021-12-18,12710.9,Active
ACC25043,CUST11683,Current,2023-03-01,517434.05,Active
ACC25044,CUST14074,Savings,2022-07-06,74447.42,Active
ACC25045,CUST12966,Savings,2024-02-02,90132.55,Closed
ACC25046,CUST14102,Savings,2025-09-16,62541.01,Active
ACC25047,CUST13230,Savings,2024-03-16,102335.89,Closed
ACC25048,CUST13151,Savings,2026-07-06,30898.74,Active
ACC25049,CUST12250,Savings,2025-01-07,172490.38,Closed
ACC25050,CUST14648,Current,2021-01-28,18995.55,Inactive
ACC25051,CUST11991,Savings,2021-02-20,8530.45,Active
ACC25052,CUST10383,Salary,2022-04-22,597695.96,Active
ACC25053,CUST12231,Salary,2023-12-26,30569.69,Active
ACC25054,CUST14695,Savings,2026-04-14,77403.89,Active
ACC25055,CUST12070,Salary,2021-09-08,52190.67,Active
ACC25056,CUST12080,Savings,2023-12-22,223681.24,Inactive
ACC25057,CUST10149,Savings,2023-05-31,43207.29,Active
ACC25058,CUST11927,Salary,2023-09-10,5370.1,Closed
ACC25059,CUST14270,Savings,2024-10-19,19660.59,Active
ACC25060,CUST13141,Savings,2024-04-25,27352.61,Active
ACC25061,CUST14708,Savings,2024-07-10,99399.9,Active
ACC25062,CUST11229,Savings,2023-11-16,42794.84,Active
ACC25063,CUST13593,Savings,2024-11-30,69196.81,Dormant
ACC25064,CUST12656,Savings,2026-08-04,47592.69,Active
ACC25065,CUST13269,Savings,2024-06-19,51134.72,Active
ACC25066,CUST11823,Savings,2025-11-16,128644.95,Dormant
ACC25067,CUST14559,Premium Savings,2025-11-30,49506.35,Active
ACC25068,CUST13210,Premium Savings,2025-01-09,555205.06,Inactive
ACC25069,CUST14503,Salary,2024-03-10,484071.16,Active
ACC25070,CUST13308,Savings,2023-12-03,30370.36,Active
ACC25071,CUST13790,Savings,2023-10-08,8142.55,Active
ACC25072,CUST13457,Savings,2023-12-29,28572.66,Active
ACC25073,CUST11211,Salary,2021-06-21,41023.82,Active
ACC25074,CUST14046,Salary,2025-06-10,35997.11,Active
ACC25075,CUST13019,Savings,2021-01-03,18817.51,Closed
ACC25076,CUST11575,Savings,2025-08-21,35947.26,Active
ACC25077,CUST11803,Savings,2026-05-08,16008.44,Active
ACC25078,CUST14166,Savings,2024-01-31,48193.43,Active
ACC25079,CUST12984,Current,2022-04-10,32029.28,Active
ACC25080,CUST11507,Savings,2025-08-14,26365.86,Active
ACC25081,CUST11289,Salary,2026-07-25,49137.49,Active
ACC25082,CUST12684,Salary,2024-01-17,84357.57,Active
ACC25083,CUST14508,Savings,2025-07-11,67647.22,Active
ACC25084,CUST10489,Savings,2025-08-23,105861.41,Active
ACC25085,CUST11554,Current,2021-12-05,44395.46,Dormant
ACC25086,CUST13487,Current,2023-04-25,186671.96,Active
ACC25087,CUST13936,Savings,2024-12-02,487229.96,Active
ACC25088,CUST11894,Savings,2021-08-17,51128.26,Active
ACC25089,CUST12644,Salary,2023-03-28,73586.79,Dormant
ACC25090,CUST11137,Salary,2026-01-16,222639.72,Active
ACC25091,CUST11663,Salary,2022-06-08,197082.7,Inactive
ACC25092,CUST10107,Salary,2022-08-13,5809.25,Closed
ACC25093,CUST14894,Current,2021-04-26,48622.95,Active
ACC25094,CUST14797,Savings,2026-07-31,21885.7,Active
ACC25095,CUST14915,Savings,2022-10-07,60025.22,Closed
ACC25096,CUST11311,Savings,2023-12-11,56930.53,Active
ACC25097,CUST14300,Savings,2023-11-23,20289.56,Inactive
ACC25098,CUST11953,Savings,2023-04-12,60459.73,Active
ACC25099,CUST12469,Savings,2022-06-28,37674.24,Active
ACC25100,CUST13123,Savings,2024-01-25,14470.58,Active
ACC25101,CUST12733,Salary,2023-10-19,24879.2,Active
ACC25102,CUST12909,Current,2025-07-12,80866.54,Active
ACC25103,CUST14877,Salary,2025-04-29,91423.82,Dormant
ACC25104,CUST11498,Savings,2021-02-14,26246.29,Active
ACC25105,CUST14352,Savings,2022-12-02,37231.53,Active
ACC25106,CUST12230,Salary,2022-06-06,59647.46,Active
ACC25107,CUST13005,Premium Savings,2021-02-01,48818.29,Active
ACC25108,CUST14837,Savings,2023-05-14,25436.66,Active
ACC25109,CUST12820,Premium Savings,2026-04-15,8084.84,Active
ACC25110,CUST13089,Savings,2021-11-10,29832.6,Active
ACC25111,CUST11999,Salary,2022-02-24,19154.55,Active
ACC25112,CUST10419,Savings,2025-05-07,102963.66,Closed
ACC25113,CUST13824,Current,2021-09-06,14486.88,Active
ACC25114,CUST14070,Savings,2026-04-06,121639.47,Active
ACC25115,CUST12495,Savings,2025-01-30,107205.1,Active
ACC25116,CUST10301,Current,2025-09-01,73989.78,Active
ACC25117,CUST11781,Salary,2024-07-11,67628.29,Active
ACC25118,CUST14038,Current,2024-10-18,131963.73,Active
ACC25119,CUST14046,Savings,2024-08-07,49085.47,Active
ACC25120,CUST13489,Current,2022-07-22,12232.74,Active
ACC25121,CUST11655,Savings,2025-05-22,10283.13,Active
ACC25122,CUST10435,Current,2024-06-20,21348.99,Inactive
ACC25123,CUST12463,Current,2022-04-07,94275.05,Dormant
ACC25124,CUST12635,Savings,2024-08-27,42668.66,Active
ACC25125,CUST12374,Savings,2024-10-09,52414.45,Active
ACC25126,CUST13063,Premium Savings,2026-04-29,17749.18,Active
ACC25127,CUST10386,Savings,2024-06-13,189462.0,Active
ACC25128,CUST13017,Savings,2024-09-23,20841.72,Active
ACC25129,CUST12168,Savings,2024-06-16,35886.7,Dormant
ACC25130,CUST12732,Savings,2026-05-17,84311.96,Active
ACC25131,CUST10387,Savings,2026-06-20,73082.17,Active
ACC25132,CUST12990,Savings,2022-12-24,82154.3,Active
ACC25133,CUST14269,Current,2023-03-25,44024.84,Active
ACC25134,CUST12386,Current,2023-11-11,33860.89,Active
ACC25135,CUST14460,Savings,2023-01-16,70302.49,Active
ACC25136,CUST10638,Current,2023-08-03,400304.92,Active
ACC25137,CUST14519,Premium Savings,2023-06-23,45147.07,Inactive
ACC25138,CUST14430,Savings,2021-01-03,21826.86,Active
ACC25139,CUST10227,Premium Savings,2024-01-09,10927.24,Active
ACC25140,CUST10804,Savings,2023-08-03,43849.86,Dormant
ACC25141,CUST14107,Savings,2022-05-08,37405.08,Active
ACC25142,CUST11506,Current,2026-03-18,17986.67,Active
ACC25143,CUST14637,Salary,2021-11-26,31541.07,Active
ACC25144,CUST13593,Current,2024-12-13,5184.64,Dormant
ACC25145,CUST14399,Current,2022-12-18,46140.26,Active
ACC25146,CUST13302,Savings,2024-10-19,17138.59,Inactive
ACC25147,CUST14845,Savings,2024-03-17,59774.82,Active
ACC25148,CUST13713,Savings,2022-01-03,122564.49,Active
ACC25149,CUST10950,Savings,2025-02-22,18773.36,Inactive
ACC25150,CUST14936,Savings,2023-12-07,38810.08,Active
ACC25151,CUST14913,Current,2023-02-19,34219.03,Active
ACC25152,CUST13477,Premium Savings,2022-12-08,108784.6,Active
ACC25153,CUST12495,Premium Savings,2025-08-04,79354.64,Active
ACC25154,CUST12138,Current,2021-11-03,212210.11,Active
ACC25155,CUST13790,Savings,2024-03-07,11671.07,Active
ACC25156,CUST11617,Premium Savings,2023-12-02,38689.05,Active
ACC25157,CUST11725,Savings,2025-02-02,78060.99,Closed
ACC25158,CUST12123,Salary,2021-03-12,57342.13,Closed
ACC25159,CUST12343,Salary,2023-07-06,75853.15,Active
ACC25160,CUST14351,Salary,2023-02-07,56835.51,Active
ACC25161,CUST11402,Savings,2025-09-26,72486.86,Active
ACC25162,CUST11392,Salary,2023-08-20,161559.91,Active
ACC25163,CUST14360,Savings,2022-08-20,57519.81,Inactive
ACC25164,CUST10602,Savings,2023-11-08,41264.44,Active
ACC25165,CUST14640,Salary,2025-03-27,18624.93,Inactive
ACC25166,CUST10534,Current,2023-09-18,6833.91,Closed
ACC25167,CUST11689,Current,2023-08-19,552576.14,Dormant
ACC25168,CUST13324,Salary,2021-11-28,232797.22,Active
ACC25169,CUST12454,Current,2025-05-03,48169.53,Active
ACC25170,CUST13748,Savings,2023-03-14,45457.14,Active
ACC25171,CUST14210,Savings,2024-05-21,25997.17,Active
ACC25172,CUST11234,Savings,2023-05-27,106144.49,Active
ACC25173,CUST14148,Salary,2023-07-06,34526.62,Closed
ACC25174,CUST11742,Savings,2023-07-08,131432.86,Closed
ACC25175,CUST14765,Current,2023-06-06,6358.11,Active
ACC25176,CUST10915,Current,2023-10-14,213671.15,Active
ACC25177,CUST10651,Savings,2024-07-28,17735.36,Active
ACC25178,CUST11680,Salary,2025-12-11,64783.11,Closed
ACC25179,CUST14890,Savings,2026-06-02,51923.78,Active
ACC25180,CUST13791,Savings,2021-11-17,13731.66,Active
ACC25181,CUST13392,Premium Savings,2022-10-16,38786.87,Active
ACC25182,CUST14286,Premium Savings,2024-06-11,27448.22,Active
ACC25183,CUST11801,Savings,2024-11-30,69918.04,Active
ACC25184,CUST13273,Savings,2023-01-16,24021.27,Active
ACC25185,CUST11394,Savings,2022-02-25,74274.2,Active
ACC25186,CUST11465,Salary,2022-05-19,92628.45,Active
ACC25187,CUST12534,Salary,2024-02-21,59931.63,Active
ACC25188,CUST10723,Savings,2026-03-28,159197.81,Active
ACC25189,CUST14360,Premium Savings,2025-12-09,7460.32,Active
ACC25190,CUST11602,Savings,2023-06-18,12199.18,Active
ACC25191,CUST11003,Current,2021-10-15,26255.03,Active
ACC25192,CUST11825,Current,2023-09-05,8507.63,Active
ACC25193,CUST13203,Current,2025-09-16,102673.91,Active
ACC25194,CUST14098,Savings,2025-02-16,56711.0,Active
ACC25195,CUST11702,Savings,2024-10-21,42531.02,Inactive
ACC25196,CUST13057,Salary,2022-05-06,136658.18,Inactive
ACC25197,CUST12321,Savings,2022-02-28,37840.29,Active
ACC25198,CUST13399,Savings,2021-06-14,90682.99,Active
ACC25199,CUST12222,Savings,2025-07-06,111805.81,Inactive
ACC25200,CUST12596,Savings,2021-01-12,50016.36,Inactive
ACC25201,CUST12027,Savings,2026-03-09,172848.57,Active
ACC25202,CUST14933,Savings,2023-04-22,55376.7,Active
ACC25203,CUST10141,Premium Savings,2021-10-31,478441.85,Active
ACC25204,CUST10238,Current,2024-06-29,4680.64,Inactive
ACC25205,CUST12835,Savings,2026-06-19,33434.44,Active
ACC25206,CUST11390,Savings,2024-01-21,10170.68,Dormant
ACC25207,CUST13097,Current,2021-12-26,19711.22,Active
ACC25208,CUST14750,Salary,2021-08-10,215617.72,Dormant
ACC25209,CUST12033,Savings,2023-06-18,96076.43,Inactive
ACC25210,CUST12898,Savings,2021-09-26,54196.78,Active
ACC25211,CUST13358,Salary,2021-03-01,21226.88,Active
ACC25212,CUST13105,Premium Savings,2024-04-11,38406.09,Active
ACC25213,CUST13714,Premium Savings,2024-04-25,51955.86,Dormant
ACC25214,CUST13797,Salary,2022-07-01,107822.91,Active
ACC25215,CUST11888,Current,2025-12-27,90798.53,Dormant
ACC25216,CUST11036,Current,2023-03-09,135156.21,Active
ACC25217,CUST13837,Savings,2024-01-16,30880.68,Inactive
ACC25218,CUST12703,Savings,2024-12-28,135991.43,Active
ACC25219,CUST13981,Salary,2023-10-15,301434.6,Active
ACC25220,CUST13138,Savings,2023-01-15,21307.73,Active
ACC25221,CUST14051,Savings,2025-12-17,48280.19,Active
ACC25222,CUST13451,Savings,2024-01-17,72255.83,Active
ACC25223,CUST12154,Savings,2024-06-04,85231.6,Active
ACC25224,CUST13968,Savings,2021-02-10,249716.41,Active
ACC25225,CUST14961,Savings,2025-10-02,20420.17,Active
ACC25226,CUST12096,Savings,2021-11-28,104098.25,Closed
ACC25227,CUST13766,Salary,2022-09-14,272008.96,Active
ACC25228,CUST12102,Salary,2021-11-09,58788.06,Active
ACC25229,CUST12559,Savings,2024-12-20,24129.01,Dormant
ACC25230,CUST13172,Salary,2024-07-22,35512.36,Active
ACC25231,CUST13472,Salary,2024-10-02,70743.95,Active
ACC25232,CUST11271,Savings,2024-07-13,50440.15,Active
ACC25233,CUST10090,Savings,2024-09-03,213037.53,Active
ACC25234,CUST11783,Savings,2026-06-11,50226.57,Active
ACC25235,CUST11895,Savings,2023-04-13,36497.99,Active
ACC25236,CUST13562,Savings,2025-10-22,191374.46,Active
ACC25237,CUST11342,Savings,2025-01-21,30526.37,Active
ACC25238,CUST11094,Salary,2022-12-22,162664.54,Active
ACC25239,CUST14091,Premium Savings,2025-08-13,165812.01,Active
ACC25240,CUST13155,Current,2024-06-18,643750.08,Active
ACC25241,CUST13719,Savings,2024-01-08,62151.93,Active
ACC25242,CUST14840,Savings,2025-10-08,77541.21,Inactive
ACC25243,CUST11270,Savings,2024-06-21,57705.49,Active
ACC25244,CUST10459,Savings,2022-05-01,45895.07,Active
ACC25245,CUST10481,Current,2021-08-25,8385.89,Dormant
ACC25246,CUST12377,Savings,2025-12-20,219974.02,Active
ACC25247,CUST14968,Savings,2025-06-26,220768.64,Active
ACC25248,CUST11833,Premium Savings,2024-12-09,95642.63,Closed
ACC25249,CUST12332,Savings,2026-05-23,37438.92,Active
ACC25250,CUST13708,Premium Savings,2026-01-14,42265.61,Dormant
ACC25251,CUST12282,Savings,2025-09-23,53064.87,Active
ACC25252,CUST14236,Current,2025-12-27,26285.35,Active
ACC25253,CUST14646,Salary,2025-07-03,78218.08,Active
ACC25254,CUST14123,Premium Savings,2023-09-24,17911.83,Active
ACC25255,CUST12771,Salary,2022-12-25,60862.93,Active
ACC25256,CUST13187,Savings,2022-01-15,18328.09,Active
ACC25257,CUST10096,Premium Savings,2022-02-24,22063.75,Inactive
ACC25258,CUST11914,Salary,2024-03-28,76064.67,Inactive
ACC25259,CUST13544,Premium Savings,2024-09-03,22637.35,Active
ACC25260,CUST10806,Current,2022-07-21,29310.13,Closed
ACC25261,CUST14262,Salary,2025-05-10,48801.54,Active
ACC25262,CUST14622,Current,2022-10-25,249222.07,Active
ACC25263,CUST11046,Savings,2021-01-02,14394.86,Active
ACC25264,CUST13485,Savings,2022-06-25,70819.65,Active
ACC25265,CUST10877,Savings,2022-08-30,38776.96,Active
ACC25266,CUST12260,Premium Savings,2023-12-13,116241.92,Active
ACC25267,CUST14551,Savings,2022-02-12,30414.19,Active
ACC25268,CUST12406,Savings,2024-07-27,138744.76,Active
ACC25269,CUST12746,Savings,2021-12-08,53441.41,Inactive
ACC25270,CUST13799,Salary,2022-12-10,75096.41,Active
ACC25271,CUST11503,Salary,2023-04-09,32149.33,Active
ACC25272,CUST12534,Current,2022-03-29,56961.62,Inactive
ACC25273,CUST13036,Premium Savings,2022-02-15,44995.01,Inactive
ACC25274,CUST11237,Premium Savings,2025-07-17,89305.03,Active
ACC25275,CUST11697,Salary,2022-03-10,45805.7,Active
ACC25276,CUST11692,Current,2022-09-23,103026.48,Active
ACC25277,CUST14357,Premium Savings,2026-06-02,15032.0,Active
ACC25278,CUST13910,Salary,2021-08-06,37411.39,Closed
ACC25279,CUST14838,Savings,2024-07-16,8533.86,Dormant
ACC25280,CUST13350,Savings,2026-01-17,45249.49,Active
ACC25281,CUST11817,Savings,2024-01-17,14582.3,Active
ACC25282,CUST11734,Salary,2021-05-14,25807.88,Active
ACC25283,CUST13340,Savings,2024-10-24,17467.95,Active
ACC25284,CUST14935,Savings,2025-03-08,24433.38,Active
ACC25285,CUST10146,Current,2021-11-08,43164.11,Active
ACC25286,CUST10897,Premium Savings,2024-04-27,326592.98,Active
ACC25287,CUST13822,Premium Savings,2023-05-07,1931.5,Active
ACC25288,CUST10434,Savings,2024-04-09,27539.46,Active
ACC25289,CUST11644,Savings,2026-01-13,10717.22,Active
ACC25290,CUST10398,Savings,2025-07-04,104587.05,Active
ACC25291,CUST13565,Savings,2022-11-29,270287.2,Active
ACC25292,CUST11717,Salary,2026-06-17,454519.04,Active
ACC25293,CUST11225,Current,2023-12-08,114495.85,Active
ACC25294,CUST14005,Savings,2026-05-28,38629.53,Active
ACC25295,CUST14713,Savings,2023-01-14,48151.24,Active
ACC25296,CUST12353,Current,2022-08-22,23530.23,Active
ACC25297,CUST11934,Savings,2022-03-24,13598.5,Active
ACC25298,CUST13298,Premium Savings,2024-10-11,38668.95,Dormant
ACC25299,CUST12293,Salary,2024-02-22,50894.29,Dormant
ACC25300,CUST14209,Savings,2023-08-13,26086.34,Dormant
ACC25301,CUST11297,Salary,2022-03-10,44848.28,Active
ACC25302,CUST14612,Salary,2024-09-14,87594.86,Active
ACC25303,CUST13112,Current,2025-10-03,36695.79,Closed
ACC25304,CUST14262,Savings,2022-10-20,30599.78,Active
ACC25305,CUST12101,Savings,2024-05-23,42702.03,Dormant
ACC25306,CUST13034,Salary,2021-08-11,82867.39,Active
ACC25307,CUST13482,Current,2021-05-24,14176.63,Active
ACC25308,CUST10906,Savings,2021-06-04,42673.51,Active
ACC25309,CUST13375,Current,2022-02-20,171538.74,Dormant
ACC25310,CUST11071,Savings,2026-01-08,17865.34,Active
ACC25311,CUST11930,Premium Savings,2025-04-22,112852.63,Active
ACC25312,CUST13156,Current,2021-03-06,18397.88,Closed
ACC25313,CUST12503,Savings,2025-03-31,25100.45,Active
ACC25314,CUST13696,Current,2023-06-17,29043.57,Closed
ACC25315,CUST14674,Premium Savings,2022-11-11,13711.39,Dormant
ACC25316,CUST11634,Savings,2023-12-26,13576.51,Active
ACC25317,CUST12838,Premium Savings,2026-03-27,39561.89,Active
ACC25318,CUST11847,Savings,2021-01-25,21001.77,Dormant
ACC25319,CUST10550,Current,2026-07-24,42838.38,Active
ACC25320,CUST14871,Savings,2025-05-23,70651.98,Active
ACC25321,CUST11186,Salary,2021-01-16,956311.65,Active
ACC25322,CUST11991,Premium Savings,2026-04-25,29276.13,Active
ACC25323,CUST12907,Salary,2025-10-29,36417.23,Active
ACC25324,CUST14406,Savings,2021-03-30,90113.15,Dormant
ACC25325,CUST12917,Savings,2022-10-05,49612.45,Active
ACC25326,CUST11078,Salary,2025-07-29,45249.6,Active
ACC25327,CUST11762,Savings,2022-03-28,160039.52,Active
ACC25328,CUST13940,Salary,2023-07-14,15743.61,Active
ACC25329,CUST10696,Current,2026-02-20,23280.15,Active
ACC25330,CUST13059,Savings,2025-01-29,42277.76,Closed
ACC25331,CUST10078,Savings,2021-02-03,102997.04,Dormant
ACC25332,CUST10077,Savings,2022-11-05,41154.26,Inactive
ACC25333,CUST11221,Premium Savings,2026-05-11,30868.04,Active
ACC25334,CUST13691,Current,2022-08-09,173135.33,Active
ACC25335,CUST13179,Savings,2022-05-24,30340.26,Active
ACC25336,CUST14177,Current,2025-04-12,110496.35,Active
ACC25337,CUST14932,Salary,2025-05-01,66096.77,Active
ACC25338,CUST13555,Savings,2023-11-09,93064.71,Active
ACC25339,CUST10680,Savings,2022-06-17,433828.77,Inactive
ACC25340,CUST10001,Premium Savings,2026-06-02,125229.87,Active
ACC25341,CUST14235,Savings,2023-11-07,57393.93,Active
ACC25342,CUST11176,Salary,2024-06-25,76008.3,Active
ACC25343,CUST13884,Savings,2022-07-16,20996.85,Active
ACC25344,CUST13147,Salary,2021-09-30,85682.64,Active
ACC25345,CUST12117,Salary,2025-03-30,20115.42,Active
ACC25346,CUST13150,Current,2025-07-23,45249.49,Active
ACC25347,CUST11594,Savings,2021-01-11,64788.7,Active
ACC25348,CUST11387,Savings,2023-09-04,86468.98,Active
ACC25349,CUST13950,Current,2025-03-11,226232.91,Active
ACC25350,CUST12460,Premium Savings,2024-11-23,31983.9,Active
ACC25351,CUST11107,Savings,2023-02-03,6591.12,Active
ACC25352,CUST10344,Savings,2021-03-05,18087.44,Active
ACC25353,CUST14900,Salary,2026-05-30,14347.53,Active
ACC25354,CUST11026,Savings,2022-08-17,94615.56,Active
ACC25356,CUST13907,Current,2022-04-08,47841.61,Active
ACC25357,CUST12830,Premium Savings,2023-12-18,56923.13,Dormant
ACC25358,CUST11380,Savings,2023-06-22,850266.71,Active
ACC25359,CUST10054,Salary,2023-06-14,30387.05,Active
ACC25360,CUST12544,Savings,2026-01-01,22158.65,Active
ACC25361,CUST10584,Savings,2023-06-15,118526.73,Active
ACC25362,CUST11874,Savings,2023-11-25,18523.23,Dormant
ACC25363,CUST11712,Current,2024-08-03,117173.9,Active
ACC25364,CUST13671,Premium Savings,2024-02-27,45249.49,Active
ACC25365,CUST11789,Savings,2026-06-26,29939.62,Active
ACC25366,CUST13391,Savings,2021-11-12,23881.28,Active
ACC25367,CUST10868,Savings,2026-04-12,32702.29,Active
ACC25368,CUST13161,Savings,2021-06-13,91771.49,Active
ACC25369,CUST13709,Current,2026-03-19,47001.74,Active
ACC25370,CUST11387,Savings,2026-01-18,106920.85,Active
ACC25371,CUST10477,Savings,2021-05-13,26647.06,Active
ACC25372,CUST14543,Savings,2023-05-13,172625.41,Active
ACC25373,CUST10825,Savings,2024-01-18,172299.92,Inactive
ACC25374,CUST13821,Savings,2024-11-25,13781.05,Active
ACC25375,CUST12040,Savings,2021-10-30,25401.74,Active
ACC25376,CUST12708,Salary,2023-11-24,50695.5,Active
ACC25377,CUST11059,Savings,2026-05-31,358778.56,Dormant
ACC25378,CUST13132,Savings,2021-04-02,25990.29,Active
ACC25379,CUST13797,Current,2022-09-17,141812.18,Active
ACC25380,CUST14933,Savings,2024-02-09,47748.78,Dormant
ACC25381,CUST10652,Current,2022-12-17,37314.34,Inactive
ACC25382,CUST11264,Savings,2024-01-16,41067.11,Inactive
ACC25383,CUST14598,Savings,2023-07-21,95404.46,Inactive
ACC25384,CUST10426,Premium Savings,2026-05-03,97050.67,Active
ACC25386,CUST10619,Savings,2026-01-09,36017.32,Active
ACC25387,CUST11783,Salary,2024-04-05,58665.51,Active
ACC25388,CUST10358,Premium Savings,2026-06-12,22766.66,Active
ACC25389,CUST13797,Current,2022-05-06,7257.98,Active
ACC25390,CUST12332,Salary,2024-10-29,60864.85,Dormant
ACC25391,CUST11782,Premium Savings,2024-11-28,36105.03,Active
ACC25392,CUST12255,Savings,2023-01-21,15990.72,Active
ACC25393,CUST14247,Salary,2021-04-27,48006.98,Active
ACC25394,CUST13092,Salary,2024-03-28,139871.42,Dormant
ACC25395,CUST11041,Salary,2025-01-13,62660.22,Active
ACC25396,CUST10817,Savings,2022-02-26,7588.7,Active
ACC25397,CUST12389,Savings,2022-07-22,7367.64,Active
ACC25398,CUST14323,Savings,2024-10-06,22332.22,Active
ACC25399,CUST11246,Salary,2022-03-08,78178.18,Inactive
ACC25400,CUST12940,Salary,2026-04-18,21888.39,Active
ACC25401,CUST14438,Savings,2022-04-11,25690.36,Active
ACC25402,CUST10068,Premium Savings,2024-06-03,26962.0,Active
ACC25403,CUST10420,Salary,2021-09-08,22153.99,Active
ACC25404,CUST10130,Current,2024-06-03,56702.12,Inactive
ACC25405,CUST14398,Premium Savings,2023-08-09,46271.74,Inactive
ACC25406,CUST13170,Savings,2025-10-13,41954.24,Active
ACC25407,CUST13935,Savings,2025-12-19,15641.93,Dormant
ACC25408,CUST12221,Savings,2021-06-24,25235.01,Active
ACC25409,CUST11918,Current,2026-08-13,15114.04,Active
ACC25410,CUST12587,Savings,2024-07-21,47950.28,Active
ACC25411,CUST13832,Current,2023-12-02,72898.36,Active
ACC25412,CUST12258,Savings,2025-02-25,51837.77,Active
ACC25413,CUST12141,Current,2023-03-18,400173.58,Dormant
ACC25414,CUST10900,Savings,2024-11-04,76236.97,Active
ACC25415,CUST13488,Premium Savings,2022-10-31,45249.49,Active
ACC25416,CUST14224,Premium Savings,2022-05-19,49290.37,Active
ACC25417,CUST14079,Current,2022-03-07,68788.65,Active
ACC25418,CUST11595,Savings,2021-10-16,36033.2,Active
ACC25419,CUST12704,Savings,2023-03-03,30946.34,Active
ACC25420,CUST12035,Savings,2022-04-04,6938.08,Active
ACC25421,CUST13912,Savings,2023-04-20,17618.63,Inactive
ACC25422,CUST10887,Salary,2024-12-14,16710.79,Active
ACC25423,CUST10830,Savings,2025-03-28,170780.18,Active
ACC25424,CUST13093,Current,2021-11-10,92971.39,Active
ACC25425,CUST11135,Savings,2026-02-01,117392.55,Active
ACC25426,CUST13742,Current,2023-05-08,168713.47,Active
ACC25427,CUST14253,Savings,2024-06-10,32620.62,Active
ACC25428,CUST12356,Current,2025-08-28,64949.15,Active
ACC25429,CUST10911,Premium Savings,2026-06-10,53534.21,Active
ACC25430,CUST10071,Savings,2025-01-22,44895.57,Active
ACC25431,CUST14120,Current,2022-02-22,5420.43,Active
ACC25432,CUST13083,Savings,2026-07-13,55741.31,Dormant
ACC25433,CUST13872,Salary,2026-05-06,21357.2,Active
ACC25434,CUST12983,Salary,2021-04-06,65789.83,Active
ACC25435,CUST12648,Current,2024-10-12,68130.25,Inactive
ACC25436,CUST10652,Savings,2026-07-16,12651.24,Active
ACC25437,CUST14539,Savings,2021-02-22,214535.67,Dormant
ACC25438,CUST14111,Current,2022-11-09,91381.79,Closed
ACC25439,CUST11830,Current,2022-07-18,36563.38,Dormant
ACC25440,CUST14394,Savings,2021-11-15,28649.94,Active
ACC25441,CUST10257,Savings,2025-06-12,41872.74,Active
ACC25442,CUST12519,Current,2025-06-01,43225.88,Active
ACC25443,CUST11400,Premium Savings,2022-07-29,25924.49,Active
ACC25444,CUST13443,Savings,2021-09-12,374620.47,Active
ACC25445,CUST13804,Salary,2023-08-22,44092.11,Active
ACC25446,CUST14584,Savings,2022-11-01,50648.5,Active
ACC25447,CUST12913,Salary,2026-07-07,7478.35,Active
ACC25448,CUST14061,Current,2023-10-11,3365.37,Active
ACC25449,CUST10859,Savings,2024-12-29,34042.86,Active
ACC25450,CUST14304,Savings,2024-07-22,20940.96,Inactive
ACC25451,CUST11396,Savings,2022-05-30,38042.99,Active
ACC25452,CUST11945,Savings,2023-12-03,109037.42,Closed
ACC25453,CUST14530,Salary,2024-11-29,7358.35,Active
ACC25454,CUST11312,Savings,2021-01-17,105743.81,Dormant
ACC25455,CUST13170,Savings,2022-06-08,21743.8,Active
ACC25456,CUST10882,Salary,2022-11-05,45249.49,Inactive
ACC25457,CUST10749,Premium Savings,2021-09-07,19794.49,Active
ACC25458,CUST13426,Savings,2026-01-20,36115.4,Inactive
ACC25459,CUST13815,Savings,2025-08-15,178620.53,Dormant
ACC25460,CUST11019,Savings,2022-04-27,76272.69,Active
ACC25461,CUST10775,Premium Savings,2024-05-13,37132.7,Active
ACC25462,CUST10162,Current,2023-03-08,80015.06,Active
ACC25463,CUST12016,Savings,2025-08-12,19813.98,Active
ACC25464,CUST11747,Savings,2024-09-30,14338.21,Closed
ACC25465,CUST11263,Savings,2021-03-07,77618.26,Inactive
ACC25466,CUST10767,Savings,2025-10-22,59468.55,Active
ACC25467,CUST11247,Savings,2025-02-12,21811.29,Dormant
ACC25468,CUST14881,Savings,2022-07-19,39302.97,Inactive
ACC25469,CUST14713,Salary,2023-12-20,44044.89,Active
ACC25470,CUST14080,Salary,2023-09-04,22310.84,Active
ACC25471,CUST13056,Savings,2022-03-28,152852.84,Active
ACC25472,CUST14672,Savings,2024-05-02,101849.08,Active
ACC25473,CUST12996,Premium Savings,2023-03-02,62173.59,Active
ACC25474,CUST11358,Premium Savings,2025-12-15,69596.25,Active
ACC25475,CUST13447,Salary,2024-03-21,528152.59,Active
ACC25476,CUST11122,Salary,2022-06-30,34824.38,Active
ACC25477,CUST14691,Salary,2021-08-25,29641.75,Active
ACC25478,CUST11978,Savings,2025-08-07,39074.93,Active
ACC25479,CUST13032,Salary,2025-12-06,46194.1,Active
ACC25480,CUST11301,Savings,2021-06-10,53688.94,Active
ACC25481,CUST11124,Salary,2023-12-20,88963.49,Active
ACC25482,CUST14215,Savings,2024-08-30,77171.66,Active
ACC25483,CUST10880,Savings,2026-07-30,13348.08,Dormant
ACC25484,CUST10192,Premium Savings,2025-05-03,372594.31,Active
ACC25485,CUST11792,Salary,2026-01-23,16437.26,Dormant
ACC25486,CUST14192,Savings,2024-04-13,167082.68,Active
ACC25487,CUST13518,Premium Savings,2022-01-21,95679.7,Active
ACC25488,CUST10755,Salary,2022-04-30,18995.47,Active
ACC25489,CUST12068,Savings,2022-02-25,331164.7,Active
ACC25490,CUST13990,Current,2022-05-17,58567.01,Active
ACC25491,CUST12253,Savings,2024-05-10,86955.85,Inactive
ACC25492,CUST11859,Savings,2025-01-06,22813.84,Dormant
ACC25493,CUST12320,Salary,2021-02-03,51069.62,Active
ACC25494,CUST14615,Savings,2025-05-04,95165.53,Active
ACC25495,CUST13455,Savings,2024-11-09,4698.6,Active
ACC25496,CUST13997,Savings,2025-04-22,61975.3,Active
ACC25497,CUST12970,Savings,2021-05-24,67991.13,Active
ACC25498,CUST14734,Savings,2023-08-21,67650.64,Active
ACC25499,CUST13282,Current,2022-10-10,27790.49,Active
ACC25500,CUST10855,Current,2025-02-16,128722.66,Active
ACC25501,CUST13310,Savings,2023-01-22,19143.51,Active
ACC25502,CUST12223,Savings,2021-12-10,30977.21,Dormant
ACC25503,CUST11304,Current,2025-02-16,20553.85,Dormant
ACC25504,CUST13345,Current,2022-08-29,47568.18,Active
ACC25505,CUST12984,Current,2023-12-18,26876.32,Active
ACC25506,CUST11013,Savings,2024-10-24,79061.58,Active
ACC25507,CUST14281,Savings,2022-12-12,14891.78,Active
ACC25508,CUST14452,Savings,2021-07-10,25352.46,Active
ACC25509,CUST11684,Salary,2024-08-11,77744.43,Active
ACC25510,CUST11238,Savings,2023-03-27,37300.82,Active
ACC25511,CUST13889,Savings,2023-08-14,225190.55,Inactive
ACC25512,CUST11578,Salary,2021-01-30,409598.51,Dormant
ACC25513,CUST13191,Current,2025-12-03,11772.51,Active
ACC25514,CUST14404,Current,2022-05-23,10781.04,Active
ACC25515,CUST14908,Salary,2023-11-26,32245.43,Inactive
ACC25516,CUST14246,Savings,2023-10-06,9134.53,Active
ACC25517,CUST10633,Savings,2023-12-26,46527.97,Active
ACC25518,CUST10212,Savings,2021-07-06,152949.19,Active
ACC25519,CUST12161,Current,2021-03-15,200365.99,Dormant
ACC25520,CUST10729,Savings,2023-02-26,273868.1,Dormant
ACC25521,CUST12337,Premium Savings,2024-11-10,25499.95,Active
ACC25522,CUST13616,Savings,2023-07-23,27433.53,Closed
ACC25523,CUST10890,Savings,2022-07-22,86433.12,Active
ACC25524,CUST12972,Current,2024-08-29,54324.16,Active
ACC25525,CUST11504,Current,2023-11-25,86331.29,Inactive
ACC25526,CUST11766,Salary,2022-07-26,45249.49,Active
ACC25527,CUST14792,Current,2022-07-25,85597.66,Active
ACC25528,CUST12376,Current,2025-03-11,61557.05,Active
ACC25529,CUST11628,Salary,2024-07-02,23979.65,Active
ACC25530,CUST12059,Premium Savings,2021-03-15,67086.49,Active
ACC25531,CUST13457,Salary,2022-06-30,44703.69,Active
ACC25532,CUST10975,Salary,2023-06-12,74595.79,Active
ACC25533,CUST13697,Premium Savings,2024-04-23,149127.35,Active
ACC25534,CUST12274,Savings,2024-12-22,16020.54,Active
ACC25535,CUST12847,Current,2022-12-11,47912.43,Closed
ACC25536,CUST11006,Salary,2023-04-11,23098.34,Active
ACC25537,CUST10781,Premium Savings,2026-05-01,50464.72,Active
ACC25538,CUST10756,Premium Savings,2024-10-25,52239.7,Active
ACC25539,CUST13522,Salary,2021-03-14,46726.72,Active
ACC25540,CUST12361,Salary,2025-08-12,35084.52,Dormant
ACC25541,CUST12740,Savings,2025-07-06,124803.23,Active
ACC25542,CUST10609,Savings,2025-04-29,113729.55,Active
ACC25543,CUST12401,Salary,2025-12-26,53487.49,Active
ACC25544,CUST12518,Salary,2024-04-03,52063.74,Active
ACC25545,CUST10248,Current,2022-02-27,21274.97,Active
ACC25546,CUST14948,Savings,2025-06-27,92980.01,Active
ACC25547,CUST11898,Savings,2026-03-05,151849.41,Active
ACC25548,CUST11381,Savings,2023-11-27,60882.89,Dormant
ACC25549,CUST13534,Premium Savings,2025-11-28,63381.87,Active
ACC25550,CUST12195,Savings,2023-05-23,37860.41,Active
ACC25551,CUST10759,Savings,2024-06-05,119738.74,Active
ACC25552,CUST11996,Savings,2024-05-11,97493.72,Closed
ACC25553,CUST11258,Savings,2022-12-06,62005.03,Active
ACC25554,CUST11905,Current,2023-08-15,34336.01,Active
ACC25555,CUST12431,Savings,2022-01-06,42637.36,Active
ACC25556,CUST10055,Savings,2021-09-15,13185.04,Active
ACC25557,CUST14242,Savings,2024-09-10,11370.52,Active
ACC25558,CUST11861,Savings,2021-05-06,0.0,Active
ACC25559,CUST14199,Salary,2023-08-15,395777.31,Active
ACC25560,CUST11346,Savings,2025-07-05,278380.88,Active
ACC25561,CUST10293,Savings,2022-05-23,47325.38,Inactive
ACC25562,CUST11754,Savings,2022-09-19,147410.4,Dormant
ACC25563,CUST10516,Salary,2026-01-14,13632.61,Active
ACC25564,CUST14753,Current,2022-07-18,26703.82,Dormant
ACC25565,CUST12345,Savings,2025-09-21,25751.65,Dormant
ACC25566,CUST10598,Savings,2023-08-16,23331.24,Active
ACC25567,CUST12545,Current,2022-01-10,32326.59,Active
ACC25568,CUST11313,Current,2025-09-14,7313.43,Closed
ACC25569,CUST12176,Salary,2026-06-20,56572.91,Active
ACC25570,CUST13556,Salary,2021-12-04,65426.4,Active
ACC25571,CUST12558,Premium Savings,2026-03-04,67369.64,Active
ACC25572,CUST13329,Savings,2023-09-27,32010.79,Active
ACC25573,CUST11822,Current,2021-12-15,12064.46,Inactive
ACC25575,CUST11891,Salary,2025-10-23,11868.89,Active
ACC25576,CUST12008,Premium Savings,2021-09-04,29270.21,Active
ACC25577,CUST10462,Savings,2022-03-03,40779.26,Active
ACC25578,CUST14954,Savings,2022-10-21,124619.13,Active
ACC25579,CUST10219,Savings,2021-11-10,294109.93,Active
ACC25580,CUST10896,Salary,2024-04-30,91662.04,Active
ACC25581,CUST12715,Current,2023-08-08,4351.72,Active
ACC25582,CUST14772,Savings,2024-10-13,16777.93,Active
ACC25583,CUST14765,Salary,2021-05-14,79096.72,Active
ACC25584,CUST12577,Savings,2023-04-27,163064.74,Active
ACC25585,CUST12686,Savings,2023-02-14,259904.92,Active
ACC25586,CUST11927,Current,2026-07-13,8697.72,Active
ACC25587,CUST13159,Current,2024-03-28,14534.4,Active
ACC25588,CUST13269,Salary,2024-06-17,7435.89,Active
ACC25589,CUST11152,Salary,2024-04-19,91570.37,Active
ACC25590,CUST13355,Salary,2025-12-19,8754.65,Active
ACC25591,CUST10866,Savings,2024-07-10,26078.09,Active
ACC25592,CUST13718,Savings,2024-10-05,160886.38,Active
ACC25593,CUST10948,Savings,2025-01-07,27862.19,Closed
ACC25594,CUST11856,Savings,2023-03-26,66680.09,Inactive
ACC25595,CUST13676,Salary,2024-09-08,47772.2,Dormant
ACC25596,CUST14290,Savings,2025-09-30,192530.13,Active
ACC25597,CUST13963,Savings,2024-11-12,45249.49,Inactive
ACC25598,CUST10440,Savings,2025-03-03,17442.27,Active
ACC25599,CUST13607,Savings,2024-07-05,52555.7,Active
ACC25600,CUST13632,Salary,2023-02-08,265944.8,Active
ACC25601,CUST11474,Salary,2021-02-10,318693.45,Active
ACC25602,CUST12319,Premium Savings,2022-07-26,173283.87,Active
ACC25603,CUST14716,Savings,2026-08-03,116660.64,Active
ACC25604,CUST11695,Salary,2024-09-26,16064.55,Active
ACC25605,CUST12845,Savings,2021-12-07,10140.6,Active
ACC25606,CUST14831,Current,2021-03-01,97007.47,Active
ACC25607,CUST12885,Salary,2026-06-24,9594.09,Active
ACC25608,CUST11324,Savings,2022-09-28,78771.58,Inactive
ACC25609,CUST10691,Savings,2025-11-21,13674.93,Active
ACC25610,CUST13663,Savings,2023-04-05,34730.24,Inactive
ACC25611,CUST14473,Savings,2025-07-19,53728.33,Inactive
ACC25612,CUST14823,Salary,2025-01-27,137198.41,Active
ACC25613,CUST11208,Salary,2025-11-09,26863.74,Active
ACC25614,CUST10869,Savings,2021-06-06,58849.89,Active
ACC25615,CUST11875,Savings,2026-04-28,203738.88,Active
ACC25616,CUST10561,Savings,2024-10-29,104565.14,Active
ACC25617,CUST14181,Savings,2021-01-27,52373.52,Active
ACC25618,CUST13862,Premium Savings,2024-09-07,8576.38,Active
ACC25619,CUST13450,Salary,2022-01-07,60557.15,Active
ACC25620,CUST11295,Savings,2025-04-25,327867.19,Active
ACC25621,CUST13451,Premium Savings,2022-06-02,23828.51,Active
ACC25622,CUST14827,Savings,2025-07-02,61458.71,Active
ACC25623,CUST12594,Current,2024-06-12,18909.86,Active
ACC25624,CUST14425,Premium Savings,2022-11-20,65406.78,Active
ACC25625,CUST11894,Savings,2022-10-23,89131.53,Dormant
ACC25626,CUST10413,Savings,2023-04-30,18364.8,Inactive
ACC25627,CUST14899,Savings,2021-06-25,38613.48,Active
ACC25628,CUST10589,Savings,2025-10-23,18910.04,Active
ACC25629,CUST14147,Current,2026-02-10,5538.36,Active
ACC25630,CUST11330,Savings,2021-07-21,69424.43,Closed
ACC25631,CUST14776,Savings,2025-06-11,52396.83,Active
ACC25632,CUST12972,Savings,2025-01-02,21648.97,Inactive
ACC25633,CUST14762,Savings,2025-05-31,22545.81,Active
ACC25634,CUST14625,Savings,2021-12-10,15305.64,Active
ACC25635,CUST14129,Savings,2026-03-24,90036.36,Active
ACC25636,CUST11705,Savings,2025-01-03,45146.28,Dormant
ACC25637,CUST14659,Salary,2025-09-10,46448.35,Active
ACC25638,CUST13018,Savings,2022-07-15,1500000.0,Active
ACC25639,CUST13067,Savings,2022-01-15,15373.63,Active
ACC25640,CUST10162,Savings,2024-07-31,7747.34,Active
ACC25641,CUST14763,Savings,2022-03-25,49623.05,Active
ACC25642,CUST10941,Salary,2021-10-04,236528.71,Active
ACC25643,CUST12955,Savings,2021-11-04,148611.97,Active
ACC25644,CUST12899,Savings,2025-07-08,52216.87,Active
ACC25645,CUST14826,Savings,2022-07-31,46929.65,Inactive
ACC25646,CUST11719,Savings,2023-05-24,77753.03,Active
ACC25647,CUST11294,Current,2021-07-12,37642.26,Active
ACC25648,CUST11674,Savings,2025-05-05,62615.69,Active
ACC25649,CUST12305,Savings,2023-03-02,29587.69,Active
ACC25650,CUST10740,Salary,2023-07-16,47773.41,Active
ACC25651,CUST12249,Current,2022-12-26,78485.74,Active
ACC25652,CUST10985,Savings,2023-10-15,32270.65,Dormant
ACC25653,CUST11711,Savings,2026-02-14,25674.67,Inactive
ACC25654,CUST13348,Savings,2026-07-05,92523.57,Active
ACC25655,CUST12284,Salary,2022-02-21,50687.86,Inactive
ACC25656,CUST10454,Salary,2025-07-06,199873.96,Active
ACC25657,CUST10045,Salary,2025-04-07,-500.0,Active
ACC25658,CUST12914,Savings,2024-07-22,27478.51,Active
ACC25659,CUST12513,Salary,2021-05-19,17020.85,Active
ACC25660,CUST14195,Savings,2021-10-03,125762.18,Active
ACC25662,CUST10912,Salary,2023-03-08,49133.79,Active
ACC25663,CUST11677,Savings,2025-05-20,30935.21,Active
ACC25664,CUST13216,Savings,2023-09-21,154349.89,Active
ACC25665,CUST11787,Savings,2024-10-28,45300.82,Active
ACC25666,CUST12569,Current,2026-01-18,26554.05,Active
ACC25667,CUST12263,Savings,2026-06-27,117020.69,Active
ACC25668,CUST11953,Savings,2024-04-23,359478.37,Active
ACC25669,CUST14650,Salary,2025-10-11,34046.52,Active
ACC25670,CUST13767,Savings,2022-02-10,23928.29,Active
ACC25671,CUST13823,Savings,2024-11-10,43742.89,Active
ACC25672,CUST11198,Savings,2025-08-04,3328.45,Active
ACC25673,CUST11994,Current,2024-01-14,34812.62,Active
ACC25674,CUST14817,Premium Savings,2024-09-13,18990.44,Inactive
ACC25675,CUST13304,Savings,2023-04-28,112039.97,Active
ACC25676,CUST13447,Savings,2025-03-02,28749.74,Active
ACC25677,CUST12305,Salary,2022-10-03,78783.59,Active
ACC25678,CUST13367,Savings,2025-12-20,33905.6,Active
ACC25679,CUST13529,Savings,2024-03-08,59667.17,Active
ACC25680,CUST14600,Savings,2023-03-28,118621.09,Active
ACC25681,CUST10947,Savings,2021-11-29,45249.49,Active
ACC25682,CUST13536,Savings,2025-09-25,15563.3,Dormant
ACC25683,CUST11497,Current,2025-08-23,35297.02,Inactive
ACC25684,CUST13409,Savings,2024-04-20,35980.15,Inactive
ACC25685,CUST12558,Savings,2025-07-07,205026.56,Active
ACC25686,CUST11616,Savings,2022-04-20,135798.73,Active
ACC25687,CUST14584,Savings,2026-07-01,126182.81,Active
ACC25688,CUST13911,Salary,2023-04-16,19281.0,Dormant
ACC25689,CUST14970,Savings,2023-07-10,49845.25,Active
ACC25690,CUST11992,Savings,2025-03-30,33960.01,Active
ACC25691,CUST10728,Salary,2021-02-25,63868.62,Active
ACC25692,CUST11619,Savings,2023-10-13,30032.48,Active
ACC25693,CUST10132,Savings,2021-03-11,18897.3,Active
ACC25694,CUST14725,Savings,2022-12-15,328025.81,Active
ACC25695,CUST11201,Savings,2025-02-02,45249.49,Dormant
ACC25696,CUST10310,Savings,2023-03-25,14366.77,Active
ACC25697,CUST14329,Savings,2021-09-14,56650.92,Closed
ACC25698,CUST12630,Current,2025-02-18,208031.68,Active
ACC25699,CUST14113,Current,2022-10-25,38304.83,Inactive
ACC25700,CUST14315,Premium Savings,2022-03-30,54995.38,Active
ACC25701,CUST11479,Savings,2025-05-19,160766.12,Active
ACC25702,CUST11377,Premium Savings,2023-10-27,164516.44,Active
ACC25703,CUST10980,Current,2023-11-19,21213.84,Active
ACC25704,CUST10776,Savings,2023-03-06,56396.79,Active
ACC25705,CUST11016,Savings,2021-04-28,50464.34,Active
ACC25706,CUST14372,Savings,2022-12-15,45249.49,Active
ACC25707,CUST14502,Savings,2023-04-19,48839.27,Active
ACC25708,CUST13322,Savings,2025-07-10,73933.36,Closed
ACC25709,CUST13235,Savings,2025-05-20,20029.22,Active
ACC25710,CUST10516,Savings,2023-04-03,51642.35,Dormant
ACC25711,CUST13727,Savings,2023-08-08,38679.92,Inactive
ACC25712,CUST13739,Savings,2026-04-12,193113.57,Dormant
ACC25713,CUST14875,Savings,2025-10-29,220500.64,Active
ACC25715,CUST13134,Premium Savings,2022-12-06,81203.55,Active
ACC25716,CUST10416,Savings,2023-06-30,45894.91,Closed
ACC25717,CUST13574,Savings,2026-02-07,22700.55,Active
ACC25718,CUST14955,Savings,2026-03-11,24822.89,Closed
ACC25719,CUST12323,Current,2026-04-02,59529.12,Inactive
ACC25720,CUST13452,Savings,2026-02-12,18522.25,Closed
ACC25721,CUST13068,Savings,2023-09-14,67884.11,Active
ACC25722,CUST14540,Savings,2024-11-08,5474.85,Dormant
ACC25723,CUST11297,Savings,2023-04-19,28143.68,Active
ACC25724,CUST13811,Savings,2021-05-20,26088.63,Active
ACC25725,CUST12744,Savings,2023-09-18,33868.22,Active
ACC25726,CUST12643,Savings,2023-07-24,23214.09,Dormant
ACC25727,CUST12058,Savings,2025-03-11,44416.28,Active
ACC25728,CUST13926,Salary,2021-07-30,42915.28,Active
ACC25729,CUST13695,Savings,2022-01-27,92147.29,Active
ACC25731,CUST13260,Salary,2021-08-21,82773.36,Active
ACC25732,CUST13037,Current,2024-05-25,537303.9,Active
ACC25733,CUST13348,Current,2022-12-06,42646.81,Inactive
ACC25734,CUST13522,Savings,2022-06-09,10778.57,Inactive
ACC25735,CUST11746,Savings,2024-11-12,2815.56,Active
ACC25736,CUST14963,Current,2021-05-28,141862.99,Active
ACC25737,CUST13596,Savings,2026-07-11,114249.56,Active
ACC25738,CUST13156,Savings,2025-12-07,41829.14,Active
ACC25739,CUST12955,Savings,2022-10-27,53801.1,Inactive
ACC25740,CUST13420,Savings,2026-03-12,13694.14,Active
ACC25741,CUST13237,Savings,2021-11-01,54222.71,Active
ACC25742,CUST11668,Savings,2024-04-03,41493.15,Active
ACC25743,CUST10516,Savings,2021-02-12,134943.28,Active
ACC25744,CUST11560,Savings,2021-02-16,21617.66,Active
ACC25745,CUST14745,Savings,2025-10-24,43415.95,Active
ACC25746,CUST14981,Savings,2024-01-04,2290.02,Active
ACC25747,CUST14129,Salary,2024-09-16,12295.3,Active
ACC25748,CUST14767,Savings,2021-06-25,48902.98,Inactive
ACC25749,CUST12064,Savings,2025-12-09,175849.5,Active
ACC25750,CUST13576,Salary,2024-01-29,35802.92,Active
ACC25751,CUST10656,Savings,2025-03-27,12619.99,Active
ACC25752,CUST13847,Savings,2022-08-25,19968.04,Active
ACC25753,CUST14776,Savings,2021-11-18,28099.66,Active
ACC25754,CUST13986,Savings,2026-05-12,68385.83,Active
ACC25755,CUST14979,Current,2023-06-01,24094.61,Active
ACC25756,CUST13335,Salary,2023-04-01,42753.31,Dormant
ACC25757,CUST10305,Salary,2025-01-02,102874.52,Active
ACC25758,CUST14584,Savings,2024-06-10,33361.79,Active
ACC25759,CUST13490,Current,2026-01-04,22449.59,Active
ACC25760,CUST13122,Current,2021-06-18,189999.16,Dormant
ACC25761,CUST12945,Savings,2025-03-11,40345.54,Dormant
ACC25762,CUST10940,Current,2023-08-06,30888.86,Active
ACC25763,CUST10351,Premium Savings,2023-03-21,67049.86,Active
ACC25764,CUST13878,Savings,2022-02-22,28342.51,Active
ACC25765,CUST14403,Salary,2024-10-14,29128.07,Active
ACC25766,CUST11094,Savings,2024-12-07,92628.08,Active
ACC25767,CUST14649,Savings,2025-10-16,151915.88,Active
ACC25768,CUST10722,Current,2021-09-23,76516.33,Dormant
ACC25769,CUST13692,Premium Savings,2025-12-19,52729.13,Active
ACC25770,CUST10838,Premium Savings,2026-05-08,54276.6,Active
ACC25771,CUST11492,Savings,2025-05-14,135293.77,Dormant
ACC25772,CUST13298,Savings,2023-11-07,18411.1,Active
ACC25773,CUST10837,Premium Savings,2023-07-05,44440.2,Inactive
ACC25774,CUST13257,Savings,2022-08-07,39549.86,Active
ACC25775,CUST11935,Savings,2022-07-27,18135.27,Active
ACC25776,CUST14343,Salary,2023-01-05,15705.92,Active
ACC25777,CUST13696,Current,2025-05-25,70276.27,Inactive
ACC25778,CUST14535,Savings,2023-03-13,42783.97,Active
ACC25779,CUST13195,Savings,2022-08-01,26323.06,Dormant
ACC25780,CUST14191,Current,2026-02-28,7283.06,Active
ACC25781,CUST14120,Savings,2022-02-19,36548.11,Active
ACC25782,CUST10582,Savings,2025-06-20,44870.57,Active
ACC25783,CUST11555,Savings,2024-09-19,22334.17,Active
ACC25784,CUST10822,Current,2024-02-17,48721.52,Active
ACC25785,CUST12231,Savings,2023-05-01,17165.9,Active
ACC25786,CUST12896,Premium Savings,2024-02-23,216745.25,Closed
ACC25787,CUST12610,Savings,2026-07-25,78818.0,Active
ACC25788,CUST10899,Savings,2024-09-21,80749.81,Active
ACC25789,CUST10517,Savings,2024-04-17,152417.99,Active
ACC25790,CUST14451,Savings,2022-12-18,11189.62,Active
ACC25791,CUST11067,Savings,2023-03-22,129176.06,Closed
ACC25792,CUST12436,Savings,2023-04-11,128372.39,Inactive
ACC25793,CUST14596,Salary,2025-09-16,62046.26,Active
ACC25794,CUST11258,Savings,2025-10-01,187701.07,Active
ACC25795,CUST14212,Salary,2026-01-19,64758.98,Active
ACC25796,CUST12979,Premium Savings,2021-03-01,173365.27,Dormant
ACC25797,CUST11389,Savings,2025-12-14,40380.02,Active
ACC25798,CUST14480,Savings,2025-06-10,134578.94,Active
ACC25799,CUST13647,Salary,2026-02-16,37821.62,Active
ACC25800,CUST14569,Savings,2023-04-10,83383.47,Active
ACC25801,CUST14876,Premium Savings,2026-05-31,17250.99,Dormant
ACC25802,CUST13925,Savings,2022-06-21,20088.05,Active
ACC25803,CUST14531,Salary,2023-12-29,17911.46,Active
ACC25804,CUST13655,Current,2025-08-23,111625.34,Dormant
ACC25805,CUST10380,Premium Savings,2021-06-02,171131.7,Active
ACC25806,CUST13427,Current,2023-12-12,31690.57,Active
ACC25807,CUST14598,Savings,2024-12-08,57618.59,Active
ACC25808,CUST11817,Salary,2024-03-17,83148.17,Active
ACC25809,CUST13197,Premium Savings,2023-05-06,122896.05,Active
ACC25810,CUST14218,Savings,2026-07-06,37715.02,Closed
ACC25811,CUST10105,Savings,2022-12-26,14401.72,Active
ACC25812,CUST11978,Savings,2024-12-16,47522.74,Inactive
ACC25813,CUST14907,Savings,2026-02-11,101795.37,Dormant
ACC25814,CUST12657,Current,2024-05-21,30601.07,Dormant
ACC25815,CUST14167,Salary,2023-12-21,97304.02,Inactive
ACC25816,CUST14276,Savings,2022-12-15,57699.4,Active
ACC25817,CUST11649,Savings,2021-12-28,34524.6,Active
ACC25818,CUST11900,savings,2025-10-27,91499.82,Active
ACC25819,CUST14340,Savings,2021-12-05,17497.27,Closed
ACC25820,CUST10887,Savings,2022-03-20,69829.61,Inactive
ACC25821,CUST10757,Savings,2024-05-31,101696.35,Active
ACC25822,CUST13194,Savings,2025-06-02,27510.04,Active
ACC25823,CUST11644,Savings,2021-12-08,62246.94,Inactive
ACC25824,CUST12502,Salary,2023-03-27,40276.72,Dormant
ACC25825,CUST14028,Savings,2023-11-11,14030.32,Active
ACC25826,CUST12407,Savings,2024-08-24,30826.37,Active
ACC25827,CUST10727,Savings,2024-12-08,269874.29,Active
ACC25828,CUST10908,Salary,2021-01-19,21567.19,Active
ACC25829,CUST12261,Savings,2023-02-08,29715.41,Inactive
ACC25830,CUST10359,Savings,2024-05-15,23810.88,Inactive
ACC25831,CUST12562,Savings,2025-03-23,38545.29,Inactive
ACC25832,CUST10925,Savings,2023-02-04,54359.23,Active
ACC25833,CUST13201,Savings,2025-12-03,11859.3,Dormant
ACC25834,CUST11156,Savings,2021-09-11,35615.35,Active
ACC25835,CUST14316,Premium Savings,2024-02-12,36284.19,Active
ACC25836,CUST12860,Savings,2026-06-05,65734.67,Active
ACC25837,CUST10767,Savings,2024-04-16,13787.07,Active
ACC25838,CUST12438,Current,2025-09-08,127279.42,Active
ACC25839,CUST11575,Salary,2022-10-09,17297.56,Active
ACC25840,CUST11954,Premium Savings,2026-06-26,36237.93,Active
ACC25841,CUST13688,Savings,2021-05-20,92920.19,Active
ACC25842,CUST12799,Current,2022-09-25,8189.18,Closed
ACC25843,CUST11645,Current,2021-09-10,52695.01,Closed
ACC25844,CUST13921,Current,2023-05-15,227281.22,Active
ACC25845,CUST12798,Premium Savings,2023-01-21,179210.45,Active
ACC25846,CUST11778,Salary,2023-04-09,45249.49,Active
ACC25847,CUST10026,Current,2026-07-19,37498.27,Active
ACC25848,CUST11941,Savings,2025-02-20,17246.72,Inactive
ACC25849,CUST12509,Savings,2021-05-05,12231.66,Active
ACC25850,CUST13440,Premium Savings,2025-03-29,469873.16,Active
ACC25851,CUST11812,Salary,2025-09-25,31853.27,Inactive
ACC25852,CUST10186,Salary,2022-09-17,71471.08,Active
ACC25853,CUST10601,Current,2025-06-06,147979.87,Active
ACC25854,CUST10499,Savings,2025-09-03,7807.67,Active
ACC25855,CUST11239,Current,2023-01-09,13364.16,Active
ACC25856,CUST12709,Savings,2022-11-06,10688.24,Inactive
ACC25857,CUST11374,Savings,2022-11-20,56687.28,Active
ACC25858,CUST10333,Savings,2023-02-01,5249.01,Active
ACC25859,CUST12474,Salary,2023-02-27,67120.6,Inactive
ACC25860,CUST11633,Premium Savings,2024-07-20,45249.49,Active
ACC25861,CUST13642,Savings,2021-04-04,21025.44,Dormant
ACC25862,CUST13724,Savings,2025-07-28,26036.16,Active
ACC25863,CUST11752,Savings,2021-02-07,62059.47,Active
ACC25864,CUST11446,Savings,2025-11-25,8725.48,Active
ACC25865,CUST12646,Current,2024-04-22,19510.35,Dormant
ACC25866,CUST12749,Savings,2022-11-09,125844.41,Active
ACC25867,CUST10566,Savings,2025-01-14,124776.13,Dormant
ACC25868,CUST11675,Premium Savings,2022-09-04,7338.14,Active
ACC25869,CUST11315,Savings,2024-12-14,72814.35,Active
ACC25870,CUST10504,Savings,2022-08-07,266638.14,Dormant
ACC25871,CUST12567,Savings,2021-08-18,32817.3,Active
ACC25872,CUST14052,Savings,2026-05-20,31623.8,Active
ACC25873,CUST11209,Savings,2021-01-10,16978.27,Dormant
ACC25874,CUST12918,Savings,2026-05-17,140579.6,Active
ACC25875,CUST12728,Premium Savings,2022-06-22,7211.02,Active
ACC25876,CUST14955,Salary,2025-07-29,72868.89,Dormant
ACC25877,CUST12647,Savings,2022-10-22,179686.15,Active
ACC25878,CUST14894,Savings,2024-02-21,63410.91,Active
ACC25879,CUST13912,Current,2022-05-09,94905.1,Active
ACC25880,CUST14973,Savings,2025-11-14,30160.16,Active
ACC25881,CUST11637,Current,2021-09-21,11084.56,Active
ACC25882,CUST14428,Savings,2025-02-11,45025.49,Dormant
ACC25883,CUST11523,Salary,2022-03-21,126787.47,Active
ACC25884,CUST13974,Current,2022-10-18,50005.3,Active
ACC25885,CUST12995,Salary,2025-04-19,57566.46,Active
ACC25886,CUST10578,Current,2021-04-12,42914.0,Closed
ACC25887,CUST14855,Savings,2022-01-27,33595.65,Dormant
ACC25888,CUST12609,Premium Savings,2021-11-20,45497.62,Active
ACC25889,CUST11811,Savings,2023-04-03,35089.75,Active
ACC25890,CUST12120,Savings,2025-02-02,87923.3,Active
ACC25892,CUST11811,Savings,2024-01-07,58638.24,Inactive
ACC25893,CUST12981,Savings,2026-06-22,18159.31,Active
ACC25894,CUST10611,Savings,2023-08-13,32105.21,Dormant
ACC25895,CUST12824,Current,2021-03-19,40774.22,Active
ACC25896,CUST12367,Current,2024-07-31,45905.44,Inactive
ACC25897,CUST10830,Salary,2021-06-08,28895.03,Inactive
ACC25898,CUST14134,Salary,2021-10-18,21169.72,Active
ACC25899,CUST11086,Savings,2024-02-09,30460.02,Dormant
ACC25901,CUST13891,Current,2025-06-02,258377.01,Active
ACC25902,CUST12832,Premium Savings,2025-12-22,7039.74,Active
ACC25903,CUST13210,Savings,2021-06-10,66443.41,Active
ACC25904,CUST10605,Current,2025-09-30,63255.35,Active
ACC25905,CUST11793,Savings,2025-12-12,42160.06,Active
ACC25906,CUST14945,Salary,2025-11-10,28043.53,Active
ACC25907,CUST14462,Savings,2025-09-24,34943.65,Active
ACC25908,CUST10395,Savings,2021-11-04,42127.24,Active
ACC25909,CUST12445,Savings,2023-09-09,13457.92,Active
ACC25910,CUST14441,Current,2025-07-12,41003.93,Closed
ACC25911,CUST12862,Premium Savings,2022-09-23,122139.97,Active
ACC25912,CUST13974,Savings,2025-09-08,71277.0,Active
ACC25913,CUST12064,Savings,2022-01-31,539040.28,Active
ACC25914,CUST14995,Savings,2022-02-18,47682.59,Active
ACC25915,CUST11004,Salary,2023-10-17,22430.57,Active
ACC25916,CUST10366,Current,2021-02-08,45249.49,Active
ACC25917,CUST12375,Savings,2022-11-17,75823.09,Active
ACC25918,CUST10812,Savings,2025-10-23,8443.15,Dormant
ACC25919,CUST14703,Savings,2025-05-23,13949.14,Dormant
ACC25920,CUST11887,Savings,2026-08-02,13876.9,Active
ACC25921,CUST13245,Savings,2021-04-23,151380.21,Active
ACC25922,CUST14240,Savings,2025-08-28,28043.48,Active
ACC25923,CUST13700,Savings,2021-04-26,9651.11,Active
ACC25924,CUST13818,Savings,2021-01-21,530416.02,Closed
ACC25925,CUST13732,Savings,2021-07-30,71165.99,Active
ACC25926,CUST11594,Savings,2022-05-07,44005.42,Active
ACC25927,CUST12629,Savings,2025-05-14,44972.79,Inactive
ACC25928,CUST10448,Savings,2024-10-03,106634.59,Active
ACC25929,CUST12066,Salary,2021-05-06,20371.96,Active
ACC25930,CUST10581,Savings,2024-10-20,18868.47,Active
ACC25931,CUST14346,Salary,2024-02-15,20220.4,Active
ACC25932,CUST12364,Savings,2024-01-25,124763.66,Active
ACC25933,CUST10705,Savings,2022-03-07,9813.52,Active
ACC25934,CUST12715,Premium Savings,2025-06-24,354302.59,Dormant
ACC25935,CUST10754,Salary,2025-02-18,172105.59,Inactive
ACC25936,CUST11391,Savings,2025-09-02,7199.61,Active
ACC25937,CUST13615,Premium Savings,2024-07-12,31624.25,Active
ACC25938,CUST12797,Salary,2024-11-26,90508.42,Active
ACC25939,CUST12806,Savings,2022-12-30,56379.12,Active
ACC25940,CUST12522,Salary,2021-05-24,119386.98,Active
ACC25941,CUST12120,Savings,2024-07-22,11006.63,Active
ACC25942,CUST11284,Current,2022-05-22,34454.17,Active
ACC25943,CUST11335,Savings,2024-01-21,63025.26,Active
ACC25944,CUST13713,Savings,2023-09-11,54804.12,Active
ACC25945,CUST12217,Salary,2023-01-20,55302.84,Active
ACC25946,CUST11709,Savings,2024-05-14,52337.03,Active
ACC25947,CUST10112,Savings,2026-04-28,17795.51,Active
ACC25948,CUST10702,Savings,2023-04-19,7956.99,Active
ACC25949,CUST12820,Savings,2025-12-07,53403.26,Dormant
ACC25950,CUST13141,Savings,2022-04-14,124278.54,Dormant
ACC25951,CUST13324,Savings,2025-12-25,23164.92,Active
ACC25952,CUST13785,Salary,2022-02-11,25115.69,Active
ACC25953,CUST12372,Savings,2022-03-02,26250.55,Dormant
ACC25954,CUST12509,Savings,2021-08-08,18359.05,Active
ACC25955,CUST11621,Salary,2024-08-14,83575.05,Active
ACC25956,CUST10182,Savings,2023-10-06,46052.04,Active
ACC25957,CUST12568,Premium Savings,2023-11-05,121585.79,Active
ACC25958,CUST14535,Savings,2026-01-12,12363.43,Active
ACC25959,CUST14498,Savings,2024-08-31,13628.56,Active
ACC25960,CUST14637,Savings,2025-10-28,26472.31,Closed
ACC25961,CUST12743,Salary,2023-06-20,115075.55,Active
ACC25962,CUST13532,Current,2022-11-27,27890.3,Active
ACC25963,CUST11945,Savings,2025-07-12,9710.87,Dormant
ACC25964,CUST13815,Savings,2024-12-12,30161.67,Active
ACC25965,CUST14761,Savings,2021-11-20,34179.04,Active
ACC25966,CUST10007,Current,2023-04-05,59818.7,Inactive
ACC25967,CUST12920,Savings,2022-06-09,48664.39,Active
ACC25968,CUST12131,Savings,2024-03-11,216531.24,Closed
ACC25969,CUST13612,Savings,2021-01-16,24275.79,Active
ACC25970,CUST10116,Savings,2025-06-06,13950.51,Active
ACC25971,CUST13223,Premium Savings,2024-03-17,28272.44,Active
ACC25972,CUST11017,Savings,2026-05-14,13542.92,Active
ACC25973,CUST12994,Savings,2021-07-11,72331.03,Active
ACC25974,CUST12379,Savings,2024-08-29,18556.05,Active
ACC25975,CUST10244,Salary,2026-03-28,87061.32,Active
ACC25976,CUST13200,Savings,2022-05-08,48070.12,Active
ACC25977,CUST11131,Savings,2022-10-24,79133.43,Inactive
ACC25978,CUST11910,Savings,2023-09-29,42672.91,Active
ACC25979,CUST10158,Savings,2021-10-14,59100.43,Active
ACC25980,CUST10576,Savings,2025-01-10,53613.1,Active
ACC25981,CUST11979,Savings,2026-03-10,63439.02,Active
ACC25982,CUST12151,Savings,2022-06-04,35793.12,Dormant
ACC25983,CUST11278,Premium Savings,2026-08-07,58116.03,Active
ACC25984,CUST12268,Savings,2025-11-15,81483.1,Dormant
ACC25985,CUST10970,Current,2022-09-28,109174.55,Active
ACC25986,CUST11166,Salary,2024-07-17,11841.41,Active
ACC25987,CUST12939,Current,2023-11-28,143788.97,Active
ACC25988,CUST13102,Savings,2022-04-05,78691.56,Active
ACC25989,CUST13414,Premium Savings,2022-01-26,47389.42,Active
ACC25990,CUST10892,Savings,2022-11-22,34363.25,Dormant
ACC25991,CUST13977,Salary,2023-07-18,15662.58,Active
ACC25992,CUST14832,Salary,2025-05-09,220494.79,Closed
ACC25993,CUST12736,Savings,2024-01-26,107044.26,Active
ACC25994,CUST11726,Savings,2022-04-30,45243.1,Active
ACC25995,CUST13897,Savings,2026-06-23,65246.19,Active
ACC25996,CUST13058,Savings,2021-09-18,503688.81,Active
ACC25997,CUST14278,Savings,2025-11-13,7970.81,Dormant
ACC25998,CUST12737,Salary,2025-06-26,14027.42,Active
ACC25999,CUST12440,Salary,2023-10-21,36407.15,Active
ACC26000,CUST14537,Savings,2022-07-07,31211.13,Active
