card_id,customer_id,card_type,issue_date,credit_limit,card_status,annual_fee
CARD90001,CUST14556,Debit,2025-04-05,,Active,0
CARD90002,CUST13413,Debit,2023-05-22,,Active,0
CARD90003,CUST11987,Credit,2025-01-05,114600.0,Closed,999
CARD90004,CUST13004,Credit,2022-07-19,69400.0,Active,999
CARD90005,CUST10584,Credit,2022-02-11,401100.0,Closed,1499
CARD90006,CUST12791,Credit,2022-11-19,232700.0,Active,499
CARD90007,CUST11255,Debit,2025-02-02,,Active,0
CARD90008,CUST11044,Credit,2023-06-20,274000.0,Closed,499
CARD90009,CUST11403,Credit,2024-05-24,194700.0,Active,0
CARD90010,CUST13763,Debit,2023-11-02,,Active,0
CARD90011,CUST10871,Debit,2022-01-14,,Active,0
CARD90012,CUST11008,Credit,2022-11-05,465000.0,Active,0
CARD90013,CUST11947,Credit,2025-01-13,103500.0,Active,0
CARD90014,CUST12756,Debit,2023-01-15,,Expired,0
CARD90015,CUST10813,Debit,2025-12-16,,Active,0
CARD90016,CUST12207,Credit,2022-02-17,127100.0,Active,999
CARD90017,CUST10754,Credit,2025-06-02,314000.0,Active,999
CARD90018,CUST14235,Debit,2024-11-26,,Expired,0
CARD90019,CUST11119,Credit,2023-10-21,121400.0,Active,499
CARD90020,CUST11660,Debit,2022-11-28,,Blocked,0
CARD90021,CUST12375,Debit,2023-10-23,,Active,0
CARD90022,CUST14567,Credit,2023-10-11,101800.0,Closed,1499
CARD90023,CUST13443,Credit,2022-10-05,130700.0,Expired,499
CARD90024,CUST14011,Debit,2024-01-14,,Active,0
CARD90025,CUST13059,Debit,2023-10-14,,Active,0
CARD90026,CUST10998,Credit,2024-06-16,329400.0,Active,1499
CARD90027,CUST12208,Debit,2022-11-10,,Active,0
CARD90028,CUST10671,Debit,2022-04-04,,Active,0
CARD90029,CUST11192,Debit,2024-08-28,,Active,0
CARD90030,CUST12126,Debit,2022-02-03,,Active,0
CARD90031,CUST11861,Debit,2023-05-21,,Active,0
CARD90032,CUST10234,Debit,2024-12-03,,Active,0
CARD90033,CUST11843,Debit,2024-01-03,,Active,0
CARD90034,CUST13318,Debit,2025-01-23,,Active,0
CARD90035,CUST11486,Credit,2025-08-16,144400.0,Active,999
CARD90036,CUST11564,Debit,2024-01-19,,Active,0
CARD90037,CUST14685,Debit,2023-08-02,,Active,0
CARD90038,CUST11676,Credit,2022-05-22,60000.0,Active,0
CARD90039,CUST11754,Credit,2024-04-15,108000.0,Expired,0
CARD90040,CUST12691,Debit,2025-12-24,,Active,0
CARD90041,CUST13548,Debit,2025-08-12,,Active,0
CARD90042,CUST11944,Debit,2025-01-16,,Active,0
CARD90043,CUST13283,Debit,2022-05-30,,Active,0
CARD90044,CUST11691,Debit,2024-10-15,,Active,0
CARD90045,CUST13231,Debit,2022-05-09,,Active,0
CARD90046,CUST13178,Debit,2022-09-26,,Active,0
CARD90047,CUST10134,Debit,2024-09-08,,Closed,0
CARD90048,CUST14784,Debit,2024-02-26,,Active,0
CARD90049,CUST11085,Debit,2024-12-30,,Active,0
CARD90050,CUST10910,Credit,2025-02-24,226100.0,Active,1499
CARD90051,CUST12742,Debit,2025-07-19,,Active,0
CARD90052,CUST13763,Credit,2023-12-13,213200.0,Active,499
CARD90053,CUST10059,Debit,2025-01-01,,Blocked,0
CARD90054,CUST14035,Debit,2022-05-22,,Expired,0
CARD90055,CUST12124,Debit,2024-08-06,,Active,0
CARD90056,CUST12753,Debit,2024-02-20,,Active,0
CARD90057,CUST11632,Debit,2023-08-06,,Active,0
CARD90058,CUST14663,Debit,2022-05-12,,Active,0
CARD90059,CUST11985,Debit,2024-10-31,,Active,0
CARD90060,CUST13487,Credit,2023-03-08,199600.0,Active,999
CARD90061,CUST14901,Debit,2023-12-21,,Active,0
CARD90062,CUST10469,Debit,2025-05-13,,Active,0
CARD90063,CUST12076,Credit,2024-01-05,108400.0,Active,1499
CARD90064,CUST11074,Debit,2024-06-08,,Active,0
CARD90065,CUST14608,Debit,2025-05-20,,Active,0
CARD90066,CUST10981,Debit,2024-02-24,,Active,0
CARD90067,CUST14712,Debit,2023-03-21,,Active,0
CARD90068,CUST11561,Debit,2022-06-30,,Active,0
CARD90069,CUST13980,Credit,2022-09-21,113200.0,Closed,1499
CARD90070,CUST12567,Debit,2023-04-18,,Active,0
CARD90071,CUST13234,Debit,2024-07-03,,Active,0
CARD90072,CUST13484,Credit,2024-12-26,140900.0,Active,0
CARD90073,CUST11625,Debit,2022-09-24,,Active,0
CARD90074,CUST13028,Credit,2023-03-26,101200.0,Active,499
CARD90075,CUST10027,Credit,2024-05-14,53500.0,Active,0
CARD90076,CUST10957,Debit,2023-08-12,,Blocked,0
CARD90077,CUST12540,Credit,2023-10-22,90700.0,Active,0
CARD90078,CUST12919,Credit,2024-05-28,72000.0,Closed,999
CARD90079,CUST10681,Debit,2025-12-30,,Active,0
CARD90080,CUST14638,Credit,2026-01-21,248200.0,Active,1499
CARD90081,CUST14565,Debit,2022-08-25,,Active,0
CARD90082,CUST14546,Debit,2025-01-02,,Blocked,0
CARD90083,CUST13166,Credit,2022-04-23,83600.0,Expired,0
CARD90084,CUST14223,Debit,2025-01-11,,Blocked,0
CARD90085,CUST11376,Credit,2022-06-28,65900.0,Active,499
CARD90086,CUST12971,Credit,2022-02-05,350000.0,Active,1499
CARD90087,CUST14330,Debit,2024-08-31,,Active,0
CARD90088,CUST12931,Debit,2025-07-20,,Active,0
CARD90089,CUST13702,Credit,2025-01-04,150200.0,Active,1499
CARD90090,CUST12166,Credit,2025-02-08,392900.0,Active,499
CARD90091,CUST10251,Debit,2023-02-16,,Closed,0
CARD90092,CUST10014,Debit,2023-02-12,,Expired,0
CARD90093,CUST10910,Credit,2023-11-12,131900.0,Active,1499
CARD90094,CUST14051,Debit,2024-10-06,,Active,0
CARD90095,CUST10100,Debit,2022-09-19,,Active,0
CARD90096,CUST11395,Debit,2025-09-10,,Active,0
CARD90097,CUST11421,Credit,2025-12-04,297700.0,Active,499
CARD90098,CUST14826,Debit,2023-07-01,,Active,0
CARD90099,CUST13685,Debit,2023-09-04,,Closed,0
CARD90100,CUST13547,Debit,2023-03-21,,Expired,0
CARD90101,CUST10233,Credit,2024-03-19,86200.0,Active,0
CARD90102,CUST11342,Debit,2025-02-13,,Closed,0
CARD90103,CUST11144,Credit,2023-09-25,48600.0,Active,0
CARD90104,CUST12109,Debit,2026-01-26,,Active,0
CARD90105,CUST11468,Credit,2022-08-30,146200.0,Active,999
CARD90106,CUST13048,Debit,2025-10-27,,Active,0
CARD90107,CUST13351,Debit,2022-06-30,,Active,0
CARD90108,CUST10257,Debit,2023-02-25,,Blocked,0
CARD90109,CUST13149,Debit,2022-09-06,,Active,0
CARD90110,CUST11771,Debit,2025-10-08,,Active,0
CARD90111,CUST10786,Debit,2023-11-25,,Active,0
CARD90112,CUST10487,Debit,2025-11-10,,Active,0
CARD90113,CUST14648,Debit,2025-07-19,,Blocked,0
CARD90114,CUST13997,Debit,2023-12-12,,Active,0
CARD90115,CUST12291,Credit,2023-10-11,185400.0,Active,1499
CARD90116,CUST12306,Credit,2023-02-23,303400.0,Expired,999
CARD90117,CUST12030,Credit,2025-10-15,125200.0,Blocked,1499
CARD90118,CUST11550,Credit,2022-07-07,137300.0,Active,0
CARD90119,CUST11277,Debit,2025-06-01,,Active,0
CARD90120,CUST10995,Debit,2025-09-02,,Active,0
CARD90121,CUST12972,Debit,2022-02-14,,Blocked,0
CARD90122,CUST14446,Debit,2022-03-01,,Expired,0
CARD90123,CUST14134,Debit,2022-01-16,,Active,0
CARD90124,CUST13560,Credit,2022-01-24,73800.0,Active,499
CARD90125,CUST11832,Credit,2022-01-24,228500.0,Active,1499
CARD90126,CUST13270,Debit,2023-11-27,,Active,0
CARD90127,CUST11857,Debit,2023-10-25,,Active,0
CARD90128,CUST12901,Debit,2022-04-22,,Active,0
CARD90129,CUST13404,Debit,2025-06-26,,Blocked,0
CARD90130,CUST13864,Credit,2023-12-09,98500.0,Active,0
CARD90131,CUST12910,Credit,2023-07-04,109200.0,Active,1499
CARD90132,CUST12535,Debit,2022-11-20,,Active,0
CARD90133,CUST13544,Debit,2025-04-30,,Active,0
CARD90134,CUST14195,Debit,2024-01-13,,Active,0
CARD90135,CUST10728,Credit,2022-08-22,173600.0,Active,0
CARD90136,CUST10860,Credit,2023-07-04,80300.0,Blocked,1499
CARD90137,CUST10603,Debit,2023-12-09,,Active,0
CARD90138,CUST12054,Debit,2024-08-27,,Active,0
CARD90139,CUST14340,Credit,2022-09-29,67600.0,Active,999
CARD90140,CUST13184,Credit,2024-10-10,159300.0,Active,0
CARD90141,CUST11203,Debit,2023-03-11,,Active,0
CARD90142,CUST10105,Debit,2025-04-28,,Active,0
CARD90143,CUST12505,Debit,2024-02-11,,Active,0
CARD90144,CUST12010,Debit,2024-03-08,,Closed,0
CARD90145,CUST13009,Debit,2024-12-10,,Active,0
CARD90146,CUST12489,Debit,2022-08-27,,Active,0
CARD90147,CUST10410,Credit,2025-11-06,202700.0,Active,499
CARD90148,CUST12798,Debit,2023-04-12,,Active,0
CARD90149,CUST14873,Credit,2023-08-08,417900.0,Active,499
CARD90150,CUST14391,Debit,2022-08-11,,Active,0
CARD90151,CUST12726,Debit,2025-07-03,,Active,0
CARD90152,CUST10636,Debit,2022-05-15,,Expired,0
CARD90153,CUST12508,Debit,2023-06-01,,Active,0
CARD90154,CUST13566,Credit,2024-05-17,250400.0,Active,1499
CARD90155,CUST11201,Debit,2025-12-02,,Active,0
CARD90156,CUST11743,Debit,2022-12-19,,Active,0
CARD90157,CUST10920,Debit,2025-12-19,,Active,0
CARD90158,CUST10009,Credit,2022-12-28,83200.0,Closed,0
CARD90159,CUST12584,Debit,2023-11-16,,Active,0
CARD90160,CUST11228,Credit,2023-03-15,132900.0,Active,0
CARD90161,CUST10583,Credit,2024-11-29,139000.0,Expired,1499
CARD90162,CUST14113,Debit,2022-09-08,,Active,0
CARD90163,CUST14222,Credit,2024-04-19,71000.0,Expired,499
CARD90164,CUST13923,Credit,2024-11-28,98500.0,Blocked,999
CARD90165,CUST13596,Credit,2025-05-12,232900.0,Blocked,499
CARD90166,CUST12640,Credit,2023-11-19,206200.0,Active,499
CARD90167,CUST12445,Debit,2025-05-23,,Closed,0
CARD90168,CUST12721,Credit,2024-07-16,228300.0,Active,0
CARD90169,CUST10392,Debit,2024-01-13,,Active,0
CARD90170,CUST10095,Credit,2023-01-26,168300.0,Active,0
CARD90171,CUST14899,Debit,2024-09-09,,Active,0
CARD90172,CUST10188,Debit,2023-03-11,,Active,0
CARD90173,CUST12617,Credit,2023-03-30,209800.0,Blocked,499
CARD90174,CUST13709,Debit,2023-11-11,,Active,0
CARD90175,CUST12566,Debit,2024-03-10,,Active,0
CARD90176,CUST13082,Debit,2024-05-08,,Active,0
CARD90177,CUST11715,Debit,2022-04-19,,Active,0
CARD90178,CUST12125,Debit,2026-01-11,,Active,0
CARD90179,CUST13977,Debit,2022-01-12,,Active,0
CARD90180,CUST14004,Credit,2022-04-30,110400.0,Active,499
CARD90181,CUST12137,Debit,2024-10-28,,Blocked,0
CARD90182,CUST11268,Credit,2025-03-06,281800.0,Active,0
CARD90183,CUST12667,Debit,2024-01-04,,Active,0
CARD90184,CUST11482,Credit,2024-04-28,140100.0,Active,999
CARD90185,CUST12948,Debit,2022-03-09,,Expired,0
CARD90186,CUST13878,Credit,2024-02-02,103900.0,Active,499
CARD90187,CUST12312,Debit,2026-01-30,,Active,0
CARD90188,CUST13635,Debit,2023-06-03,,Active,0
CARD90189,CUST14806,Debit,2026-01-01,,Active,0
CARD90190,CUST13694,Debit,2024-05-01,,Active,0
CARD90191,CUST12214,Debit,2024-07-29,,Closed,0
CARD90192,CUST13011,Debit,2024-05-14,,Active,0
CARD90193,CUST12230,Credit,2023-01-10,173300.0,Active,1499
CARD90194,CUST13622,Debit,2024-01-26,,Closed,0
CARD90195,CUST13331,Debit,2025-02-02,,Closed,0
CARD90196,CUST12551,Debit,2025-04-10,,Active,0
CARD90197,CUST10058,Debit,2023-06-02,,Expired,0
CARD90198,CUST11302,Debit,2024-09-27,,Active,0
CARD90199,CUST12598,Credit,2024-01-24,547400.0,Blocked,999
CARD90200,CUST14276,Debit,2024-03-08,,Blocked,0
CARD90201,CUST11203,Debit,2025-12-05,,Active,0
CARD90202,CUST11903,Debit,2023-03-28,,Closed,0
CARD90203,CUST12135,Debit,2025-10-06,,Active,0
CARD90204,CUST13449,Debit,2025-02-24,,Active,0
CARD90205,CUST14201,Debit,2022-05-13,,Active,0
CARD90206,CUST12749,Debit,2024-01-13,,Active,0
CARD90207,CUST10847,Debit,2024-01-13,,Active,0
CARD90208,CUST13843,Debit,2022-05-21,,Active,0
CARD90209,CUST11318,Debit,2023-07-08,,Active,0
CARD90210,CUST11271,Credit,2023-10-29,212900.0,Active,999
CARD90211,CUST12907,Credit,2023-02-13,284500.0,Active,499
CARD90212,CUST10938,Credit,2024-05-13,160600.0,Active,499
CARD90213,CUST10561,Debit,2023-09-02,,Expired,0
CARD90214,CUST12835,Debit,2025-07-12,,Active,0
CARD90215,CUST13845,Credit,2022-10-17,361800.0,Blocked,499
CARD90216,CUST11643,Debit,2025-01-21,,Active,0
CARD90217,CUST13994,Credit,2022-02-24,174400.0,Active,1499
CARD90218,CUST11263,Debit,2025-10-23,,Active,0
CARD90219,CUST10564,Credit,2022-11-23,119600.0,Active,1499
CARD90220,CUST13645,Debit,2022-05-01,,Closed,0
CARD90221,CUST12804,Credit,2025-01-18,130200.0,Expired,999
CARD90222,CUST10631,Credit,2023-04-05,289900.0,Active,0
CARD90223,CUST12013,Credit,2026-01-09,241900.0,Active,499
CARD90224,CUST12818,Debit,2023-05-10,,Closed,0
CARD90225,CUST12625,Debit,2022-05-12,,Active,0
CARD90226,CUST10790,Debit,2025-07-28,,Active,0
CARD90227,CUST14809,Debit,2022-05-12,,Closed,0
CARD90228,CUST13126,Debit,2022-08-23,,Active,0
CARD90229,CUST10368,Credit,2023-04-10,126200.0,Active,0
CARD90230,CUST10381,Debit,2025-07-14,,Active,0
CARD90231,CUST14151,Debit,2024-01-04,,Closed,0
CARD90232,CUST10746,Credit,2022-09-13,110100.0,Closed,999
CARD90233,CUST11936,Debit,2023-05-05,,Active,0
CARD90234,CUST11402,Debit,2025-06-27,,Active,0
CARD90235,CUST13377,Debit,2022-05-27,,Active,0
CARD90236,CUST14110,Debit,2025-07-21,,Active,0
CARD90237,CUST12821,Credit,2023-09-05,64700.0,Blocked,499
CARD90238,CUST14239,Debit,2023-06-29,,Expired,0
CARD90239,CUST13764,Debit,2024-11-06,,Active,0
CARD90240,CUST10434,Credit,2024-08-13,176900.0,Active,1499
CARD90241,CUST13327,Debit,2025-08-18,,Expired,0
CARD90242,CUST13291,Debit,2025-11-06,,Active,0
CARD90243,CUST10136,Debit,2025-07-17,,Active,0
CARD90244,CUST14757,Credit,2023-01-28,238000.0,Active,0
CARD90245,CUST13167,Debit,2026-01-28,,Expired,0
CARD90246,CUST11520,Debit,2022-03-05,,Expired,0
CARD90247,CUST10661,Debit,2025-04-20,,Active,0
CARD90248,CUST11208,Credit,2023-05-03,158600.0,Blocked,999
CARD90249,CUST10388,Credit,2025-04-19,334500.0,Closed,0
CARD90250,CUST11030,Debit,2022-08-03,,Active,0
CARD90251,CUST13637,Debit,2025-10-30,,Active,0
CARD90252,CUST11167,Debit,2023-02-15,,Active,0
CARD90253,CUST12051,Debit,2023-07-11,,Active,0
CARD90254,CUST11849,Credit,2024-03-04,176900.0,Closed,1499
CARD90255,CUST12987,Credit,2024-10-29,264200.0,Active,999
CARD90256,CUST14967,Debit,2023-10-19,,Active,0
CARD90257,CUST10148,Debit,2023-11-18,,Closed,0
CARD90258,CUST12631,Debit,2023-02-02,,Blocked,0
CARD90259,CUST10737,Debit,2024-03-13,,Active,0
CARD90260,CUST14752,Credit,2025-05-30,210100.0,Active,1499
CARD90261,CUST11233,Credit,2023-12-24,161400.0,Active,1499
CARD90262,CUST12695,Debit,2024-09-13,,Active,0
CARD90263,CUST13081,Debit,2022-04-11,,Active,0
CARD90264,CUST12417,Debit,2022-02-18,,Active,0
CARD90265,CUST13846,Debit,2023-01-29,,Active,0
CARD90266,CUST12916,Debit,2023-05-01,,Active,0
CARD90267,CUST11276,Debit,2025-05-27,,Active,0
CARD90268,CUST12055,Credit,2024-09-20,196400.0,Expired,499
CARD90269,CUST13881,Debit,2023-01-13,,Expired,0
CARD90270,CUST12225,Credit,2025-12-28,42900.0,Active,999
CARD90271,CUST14637,Debit,2024-01-28,,Expired,0
CARD90272,CUST14797,Credit,2022-11-25,195200.0,Active,999
CARD90273,CUST14313,Debit,2025-04-28,,Active,0
CARD90274,CUST14781,Debit,2024-11-29,,Active,0
CARD90275,CUST11544,Credit,2022-02-15,105700.0,Blocked,499
CARD90276,CUST11206,Credit,2022-11-18,35000.0,Active,1499
CARD90277,CUST12417,Debit,2023-09-01,,Active,0
CARD90278,CUST12769,Debit,2024-02-19,,Active,0
CARD90279,CUST10889,Credit,2022-05-12,160500.0,Active,1499
CARD90280,CUST12936,Credit,2023-02-03,147900.0,Active,0
CARD90281,CUST13508,Debit,2022-03-06,,Active,0
CARD90282,CUST11424,Debit,2025-08-05,,Active,0
CARD90283,CUST13542,Debit,2025-10-18,,Active,0
CARD90284,CUST11586,Debit,2022-06-14,,Active,0
CARD90286,CUST14921,Debit,2023-04-20,,Active,0
CARD90287,CUST12841,Credit,2024-04-26,254300.0,Active,1499
CARD90288,CUST10523,Debit,2022-12-13,,Active,0
CARD90289,CUST10936,Debit,2026-01-01,,Closed,0
CARD90290,CUST14022,Debit,2022-09-13,,Active,0
CARD90291,CUST14839,Debit,2023-09-12,,Active,0
CARD90292,CUST13598,Credit,2025-04-07,189500.0,Active,1499
CARD90293,CUST12938,Debit,2022-01-28,,Active,0
CARD90294,CUST11705,Credit,2023-11-23,124100.0,Closed,0
CARD90295,CUST10416,Debit,2024-10-07,,Active,0
CARD90296,CUST13643,Debit,2022-12-05,,Active,0
CARD90297,CUST12038,Debit,2025-11-21,,Expired,0
CARD90298,CUST12558,Debit,2022-06-22,,Active,0
CARD90299,CUST10136,Debit,2022-07-26,,Active,0
CARD90300,CUST10125,Debit,2023-02-15,,Closed,0
CARD90301,CUST10097,Credit,2022-10-19,143400.0,Active,0
CARD90302,CUST12901,Debit,2022-03-08,,Active,0
CARD90303,CUST14612,Credit,2025-02-22,67200.0,Active,999
CARD90304,CUST14570,Debit,2025-04-14,,Closed,0
CARD90305,CUST10906,Credit,2023-03-02,137500.0,Active,999
CARD90306,CUST11019,Debit,2022-06-10,,Active,0
CARD90307,CUST11641,Debit,2023-03-28,,Active,0
CARD90308,CUST13914,Credit,2024-04-12,227800.0,Active,499
CARD90309,CUST10695,Credit,2022-08-15,82300.0,Active,1499
CARD90310,CUST10115,Credit,2022-09-04,150400.0,Active,0
CARD90311,CUST12154,Credit,2022-09-03,369400.0,Active,0
CARD90312,CUST14286,Debit,2024-03-28,,Closed,0
CARD90313,CUST13157,Debit,2025-12-22,,Active,0
CARD90314,CUST12134,Credit,2022-03-18,120300.0,Active,0
CARD90315,CUST14649,Debit,2022-02-26,,Active,0
CARD90316,CUST10431,Debit,2026-01-22,,Active,0
CARD90317,CUST10771,Debit,2023-05-12,,Active,0
CARD90318,CUST14821,Debit,2023-04-13,,Active,0
CARD90319,CUST11350,Debit,2025-12-24,,Expired,0
CARD90320,CUST13980,Debit,2025-06-09,,Active,0
CARD90321,CUST12591,Debit,2024-01-24,,Active,0
CARD90322,CUST14887,Debit,2023-02-17,,Active,0
CARD90323,CUST10371,Debit,2022-08-11,,Expired,0
CARD90324,CUST13627,Debit,2022-09-16,,Expired,0
CARD90325,CUST10272,Debit,2024-03-03,,Active,0
CARD90326,CUST10103,Credit,2025-12-27,105600.0,Active,1499
CARD90327,CUST12506,Debit,2023-04-30,,Active,0
CARD90328,CUST11532,Debit,2023-07-13,,Active,0
CARD90329,CUST14325,Credit,2022-12-01,129300.0,Active,1499
CARD90330,CUST10931,Debit,2023-03-05,,Active,0
CARD90331,CUST11381,Credit,2024-09-10,100900.0,Active,1499
CARD90332,CUST11852,Debit,2025-08-06,,Active,0
CARD90333,CUST11285,Credit,2023-05-31,176300.0,Active,499
CARD90334,CUST13291,Debit,2023-06-08,,Active,0
CARD90335,CUST10341,Credit,2024-04-12,336700.0,Active,1499
CARD90336,CUST14470,Credit,2022-03-06,147000.0,Active,999
CARD90337,CUST10343,Credit,2023-01-19,66600.0,Active,999
CARD90338,CUST10822,Debit,2022-03-24,,Active,0
CARD90339,CUST11757,Credit,2025-01-16,153100.0,Active,499
CARD90340,CUST12592,Debit,2023-05-05,,Active,0
CARD90341,CUST11736,Credit,2023-05-19,259900.0,Active,1499
CARD90342,CUST12997,Credit,2024-04-19,148400.0,Active,999
CARD90343,CUST10164,Credit,2024-09-06,94400.0,Active,0
CARD90344,CUST11493,Debit,2022-08-15,,Active,0
CARD90345,CUST11644,Debit,2025-07-19,,Active,0
CARD90346,CUST10751,Credit,2022-12-18,82600.0,Active,499
CARD90347,CUST13056,Debit,2025-04-05,,Closed,0
CARD90348,CUST13064,Credit,2023-01-07,260600.0,Active,0
CARD90349,CUST12337,Debit,2025-04-03,,Active,0
CARD90350,CUST11221,Credit,2024-02-13,232700.0,Active,999
CARD90351,CUST11975,Credit,2024-09-19,474800.0,Active,1499
CARD90352,CUST13941,Debit,2025-07-20,,Active,0
CARD90353,CUST11328,Credit,2023-02-03,188700.0,Blocked,499
CARD90354,CUST10566,Debit,2026-01-06,,Active,0
CARD90355,CUST11243,Debit,2024-09-12,,Active,0
CARD90356,CUST12361,Debit,2022-10-30,,Closed,0
CARD90357,CUST14329,Debit,2022-04-04,,Active,0
CARD90358,CUST14197,Debit,2023-10-12,,Active,0
CARD90359,CUST12571,Debit,2023-09-01,,Closed,0
CARD90360,CUST14997,Debit,2026-01-14,,Expired,0
CARD90361,CUST14890,Debit,2025-11-03,,Active,0
CARD90362,CUST10115,Debit,2023-10-06,,Active,0
CARD90363,CUST12911,Credit,2022-06-16,507600.0,Active,999
CARD90364,CUST10760,Credit,2025-01-22,57200.0,Active,999
CARD90365,CUST10746,Debit,2024-11-10,,Active,0
CARD90366,CUST11439,Credit,2022-09-05,158900.0,Active,499
CARD90367,CUST12308,Credit,2023-01-19,525200.0,Active,499
CARD90368,CUST12076,Credit,2023-04-20,173000.0,Active,499
CARD90369,CUST11185,Debit,2024-11-15,,Active,0
CARD90370,CUST13905,Credit,2025-03-13,147300.0,Active,499
CARD90371,CUST14962,Debit,2022-02-14,,Active,0
CARD90372,CUST14619,Debit,2024-12-25,,Active,0
CARD90373,CUST11511,Credit,2024-10-14,85100.0,Closed,0
CARD90374,CUST10671,Debit,2022-02-16,,Expired,0
CARD90375,CUST10233,Credit,2025-03-16,190800.0,Active,1499
CARD90376,CUST12107,Credit,2023-03-05,82500.0,Active,1499
CARD90377,CUST11109,Debit,2023-11-30,,Active,0
CARD90378,CUST13543,Debit,2022-04-15,,Active,0
CARD90379,CUST14319,Debit,2025-07-08,,Expired,0
CARD90380,CUST10038,Credit,2025-02-03,89400.0,Active,999
CARD90381,CUST12145,Credit,2023-03-10,135900.0,Blocked,0
CARD90382,CUST12330,Credit,2023-06-06,298100.0,Closed,0
CARD90383,CUST10322,Credit,2022-04-30,273900.0,Active,499
CARD90384,CUST12555,Credit,2022-04-22,83200.0,Active,1499
CARD90385,CUST11030,Credit,2025-03-30,226200.0,Active,499
CARD90386,CUST10157,Debit,2022-07-21,,Active,0
CARD90387,CUST14360,Debit,2024-08-15,,Active,0
CARD90388,CUST13047,Credit,2024-01-29,223600.0,Expired,0
CARD90389,CUST11510,Credit,2022-08-04,238500.0,Active,1499
CARD90390,CUST12192,Debit,2023-02-11,,Expired,0
CARD90391,CUST11647,Debit,2022-09-22,,Expired,0
CARD90392,CUST12194,Debit,2023-02-09,,Active,0
CARD90393,CUST11044,Debit,2022-10-04,,Active,0
CARD90394,CUST10677,Debit,2022-05-31,,Active,0
CARD90395,CUST14103,Credit,2022-10-03,206000.0,Active,999
CARD90396,CUST11178,Debit,2025-02-08,,Expired,0
CARD90397,CUST11168,Credit,2023-12-10,326200.0,Active,499
CARD90398,CUST11907,Credit,2025-06-10,282400.0,Blocked,0
CARD90399,CUST12279,Debit,2023-06-07,,Active,0
CARD90400,CUST13992,Debit,2024-05-10,,Active,0
CARD90401,CUST14055,Debit,2025-10-19,,Active,0
CARD90402,CUST11425,Credit,2026-01-26,224600.0,Closed,999
CARD90403,CUST14458,Credit,2025-01-09,273000.0,Closed,0
CARD90404,CUST11091,Debit,2024-01-01,,Active,0
CARD90405,CUST13544,Credit,2024-05-22,53700.0,Active,1499
CARD90406,CUST13652,Credit,2022-09-25,209400.0,Active,499
CARD90407,CUST14039,Debit,2025-10-28,,Active,0
CARD90408,CUST13505,Credit,2022-04-23,129700.0,Active,0
CARD90409,CUST12795,Debit,2025-03-12,,Active,0
CARD90410,CUST11465,Credit,2025-06-29,127200.0,Active,1499
CARD90411,CUST13011,Debit,2025-01-22,,Active,0
CARD90412,CUST10256,Credit,2022-08-22,45800.0,Active,0
CARD90413,CUST12399,Credit,2025-04-16,343600.0,Active,0
CARD90414,CUST12836,Debit,2022-05-11,,Active,0
CARD90415,CUST11176,Debit,2022-02-22,,Active,0
CARD90416,CUST14927,Credit,2024-12-07,92100.0,Active,999
CARD90417,CUST13931,Debit,2025-08-10,,Active,0
CARD90418,CUST14021,Debit,2025-06-25,,Active,0
CARD90419,CUST12336,Debit,2022-12-12,,Active,0
CARD90420,CUST14374,Debit,2023-03-04,,Active,0
CARD90421,CUST11700,Credit,2026-01-30,201900.0,Active,1499
CARD90422,CUST13475,Credit,2022-10-08,307500.0,Closed,1499
CARD90423,CUST14891,Debit,2022-04-11,,Active,0
CARD90424,CUST11893,Debit,2024-07-05,,Closed,0
CARD90425,CUST12426,Credit,2025-10-03,174900.0,Active,999
CARD90426,CUST12129,Debit,2022-10-26,,Active,0
CARD90427,CUST11576,Debit,2024-10-12,,Expired,0
CARD90428,CUST10546,Debit,2023-02-24,,Active,0
CARD90429,CUST12643,Debit,2024-03-22,,Active,0
CARD90430,CUST11931,Credit,2025-11-04,185000.0,Active,0
CARD90431,CUST10990,Credit,2025-10-01,78800.0,Active,999
CARD90432,CUST10975,Debit,2022-06-28,,Active,0
CARD90433,CUST13907,Debit,2024-07-31,,Active,0
CARD90434,CUST12179,Credit,2025-11-07,124700.0,Active,999
CARD90435,CUST14602,Debit,2023-12-30,,Active,0
CARD90436,CUST13344,Credit,2022-12-26,261600.0,Active,999
CARD90437,CUST12220,Credit,2026-01-21,88400.0,Active,999
CARD90438,CUST12740,Credit,2024-10-14,44100.0,Closed,0
CARD90439,CUST11299,Credit,2022-09-17,112800.0,Active,999
CARD90440,CUST11525,Credit,2023-08-08,150400.0,Active,499
CARD90441,CUST12852,Credit,2022-10-06,190600.0,Active,1499
CARD90442,CUST10237,Debit,2022-07-11,,Active,0
CARD90443,CUST12764,Credit,2022-04-21,100000.0,Active,499
CARD90444,CUST13814,Debit,2023-11-30,,Active,0
CARD90445,CUST14607,Credit,2024-12-14,207900.0,Active,499
CARD90446,CUST13038,Credit,2022-12-20,135200.0,Active,499
CARD90447,CUST13610,Credit,2025-11-25,125900.0,Active,999
CARD90448,CUST12887,Credit,2022-04-05,163500.0,Expired,1499
CARD90449,CUST13629,Debit,2023-12-23,,Active,0
CARD90450,CUST10559,Debit,2025-01-07,,Active,0
CARD90451,CUST12472,Debit,2024-06-08,,Active,0
CARD90452,CUST12757,Credit,2023-08-07,231400.0,Active,499
CARD90453,CUST14570,Debit,2025-11-15,,Active,0
CARD90454,CUST14085,Debit,2023-07-05,,Active,0
CARD90455,CUST14647,Debit,2023-10-23,,Closed,0
CARD90456,CUST13612,Debit,2023-12-25,,Active,0
CARD90457,CUST13581,Debit,2023-08-09,,Active,0
CARD90458,CUST11135,Debit,2023-09-21,,Active,0
CARD90459,CUST14499,Credit,2023-06-14,146300.0,Closed,999
CARD90460,CUST10662,Debit,2022-08-21,,Active,0
CARD90461,CUST11648,Credit,2025-06-21,42700.0,Active,0
CARD90462,CUST10671,Debit,2022-12-10,,Active,0
CARD90463,CUST11698,Debit,2024-08-24,,Active,0
CARD90464,CUST12393,Credit,2024-08-28,180300.0,Active,499
CARD90465,CUST14890,Credit,2024-03-18,182300.0,Active,499
CARD90466,CUST12310,Credit,2022-12-22,300500.0,Active,0
CARD90467,CUST14244,Credit,2025-08-23,100500.0,Active,999
CARD90468,CUST12836,Debit,2025-10-19,,Active,0
CARD90469,CUST13239,Debit,2024-01-13,,Active,0
CARD90470,CUST13860,Debit,2026-01-25,,Active,0
CARD90471,CUST11033,Credit,2023-09-17,86800.0,Expired,0
CARD90472,CUST12663,Debit,2022-07-11,,Active,0
CARD90473,CUST10948,Credit,2024-07-30,831800.0,Expired,0
CARD90474,CUST11650,Debit,2025-03-31,,Active,0
CARD90475,CUST14468,Debit,2024-10-20,,Expired,0
CARD90476,CUST12327,Debit,2026-01-10,,Active,0
CARD90477,CUST12568,Credit,2022-12-06,167200.0,Active,1499
CARD90478,CUST13494,Debit,2024-10-14,,Active,0
CARD90479,CUST10275,Debit,2023-05-26,,Active,0
CARD90480,CUST11450,Credit,2025-09-07,395000.0,Expired,0
CARD90481,CUST14517,Debit,2023-01-28,,Active,0
CARD90482,CUST12295,Debit,2024-08-17,,Active,0
CARD90483,CUST10492,Credit,2024-02-11,324800.0,Expired,1499
CARD90484,CUST13020,Debit,2024-08-18,,Active,0
CARD90485,CUST12013,Debit,2022-11-30,,Active,0
CARD90486,CUST13914,Debit,2022-03-05,,Active,0
CARD90487,CUST12504,Debit,2025-07-14,,Active,0
CARD90488,CUST11643,Debit,2024-12-02,,Active,0
CARD90489,CUST13580,Credit,2023-01-21,106000.0,Blocked,999
CARD90490,CUST10568,Credit,2025-09-06,195900.0,Active,1499
CARD90491,CUST11385,Credit,2022-08-15,108500.0,Active,1499
CARD90492,CUST13709,Debit,2022-03-09,,Expired,0
CARD90493,CUST10351,Debit,2023-06-16,,Closed,0
CARD90494,CUST13853,Credit,2025-03-05,100600.0,Active,1499
CARD90495,CUST10578,Debit,2022-09-02,,Active,0
CARD90496,CUST11427,Credit,2022-06-01,148100.0,Expired,0
CARD90497,CUST12447,Credit,2025-07-18,152100.0,Active,999
CARD90498,CUST13781,Credit,2025-06-09,135600.0,Active,999
CARD90499,CUST12235,Debit,2024-03-15,,Blocked,0
CARD90500,CUST14323,Credit,2022-06-16,292500.0,Active,0
CARD90501,CUST10861,Debit,2025-05-31,,Expired,0
CARD90502,CUST14498,Credit,2025-01-09,437600.0,Blocked,1499
CARD90503,CUST10757,Credit,2023-02-20,227700.0,Active,499
CARD90504,CUST13107,Credit,2022-02-01,157200.0,Blocked,0
CARD90505,CUST14500,Debit,2025-11-25,,Active,0
CARD90506,CUST11136,Credit,2022-11-06,208600.0,Active,499
CARD90507,CUST12253,Credit,2024-11-02,191900.0,Active,499
CARD90508,CUST13758,Credit,2023-03-28,112200.0,Active,0
CARD90509,CUST10268,Credit,2022-02-03,81200.0,Blocked,1499
CARD90510,CUST11785,Debit,2024-01-13,,Active,0
CARD90511,CUST11283,Credit,2022-05-01,108400.0,Active,499
CARD90512,CUST13276,Debit,2023-04-14,,Active,0
CARD90513,CUST14790,Debit,2023-08-06,,Active,0
CARD90514,CUST13407,Credit,2026-01-18,176600.0,Active,1499
CARD90515,CUST14906,Debit,2023-09-16,,Closed,0
CARD90516,CUST12055,Credit,2023-07-27,158500.0,Active,1499
CARD90517,CUST14716,Debit,2022-10-14,,Active,0
CARD90518,CUST13544,Debit,2022-11-19,,Active,0
CARD90519,CUST11839,Debit,2023-03-17,,Active,0
CARD90520,CUST10412,Debit,2022-09-18,,Active,0
CARD90521,CUST13609,Credit,2025-12-15,277700.0,Active,1499
CARD90522,CUST10146,Debit,2023-06-10,,Active,0
CARD90523,CUST13240,Debit,2022-11-25,,Active,0
CARD90524,CUST14678,Debit,2026-01-27,,Closed,0
CARD90525,CUST13127,Debit,2024-02-13,,Active,0
CARD90526,CUST10114,Debit,2023-01-31,,Active,0
CARD90527,CUST10772,Debit,2023-12-03,,Expired,0
CARD90528,CUST13110,Debit,2023-10-05,,Active,0
CARD90529,CUST14334,Credit,2022-07-26,215200.0,Closed,499
CARD90530,CUST12805,Debit,2024-02-09,,Active,0
CARD90531,CUST11652,Debit,2022-03-01,,Closed,0
CARD90532,CUST14897,Credit,2023-10-31,368600.0,Active,0
CARD90533,CUST13575,Debit,2024-01-11,,Active,0
CARD90534,CUST12232,Debit,2025-12-08,,Active,0
CARD90535,CUST10917,Debit,2025-08-21,,Active,0
CARD90536,CUST10497,Credit,2023-03-15,77800.0,Active,0
CARD90537,CUST13067,Credit,2024-01-08,237900.0,Active,999
CARD90538,CUST13768,Debit,2024-03-17,,Active,0
CARD90539,CUST14801,Debit,2022-09-29,,Closed,0
CARD90540,CUST14613,Debit,2023-02-12,,Active,0
CARD90541,CUST11702,Debit,2022-05-28,,Closed,0
CARD90542,CUST12020,Debit,2025-10-25,,Active,0
CARD90543,CUST11285,Debit,2023-02-23,,Active,0
CARD90544,CUST13194,Credit,2024-03-06,223400.0,Active,1499
CARD90545,CUST13481,Debit,2023-02-05,,Closed,0
CARD90546,CUST13962,Debit,2025-01-17,,Active,0
CARD90547,CUST12262,Debit,2024-08-18,,Active,0
CARD90548,CUST14953,Debit,2022-11-16,,Active,0
CARD90549,CUST11054,Debit,2024-03-14,,Active,0
CARD90550,CUST11198,Debit,2022-05-17,,Active,0
CARD90551,CUST10005,Credit,2022-02-25,94600.0,Active,1499
CARD90552,CUST11048,Credit,2022-09-07,125100.0,Active,999
CARD90553,CUST13989,Credit,2024-08-01,241200.0,Active,999
CARD90554,CUST11258,Debit,2022-08-03,,Active,0
CARD90555,CUST13853,Credit,2023-09-14,57400.0,Active,1499
CARD90556,CUST11516,Debit,2022-10-12,,Active,0
CARD90557,CUST12799,Debit,2024-05-25,,Active,0
CARD90558,CUST14095,Credit,2024-07-22,143500.0,Active,499
CARD90559,CUST10477,Debit,2023-08-15,,Active,0
CARD90560,CUST12591,Debit,2024-02-02,,Active,0
CARD90561,CUST14100,Credit,2023-05-18,116800.0,Active,999
CARD90562,CUST12316,Debit,2023-04-21,,Active,0
CARD90563,CUST12645,Credit,2024-01-18,96200.0,Active,1499
CARD90564,CUST13358,Debit,2026-01-28,,Active,0
CARD90565,CUST10295,Debit,2023-05-02,,Active,0
CARD90566,CUST13178,Debit,2023-07-31,,Active,0
CARD90567,CUST13375,Debit,2025-06-19,,Active,0
CARD90568,CUST10791,Credit,2023-10-01,148400.0,Active,0
CARD90569,CUST10888,Credit,2022-02-26,153500.0,Active,1499
CARD90570,CUST12715,Credit,2023-11-30,296000.0,Closed,0
CARD90571,CUST12726,Debit,2023-06-14,,Active,0
CARD90572,CUST13580,Debit,2025-06-17,,Active,0
CARD90573,CUST10253,Credit,2022-05-17,250400.0,Active,1499
CARD90574,CUST11500,Debit,2024-08-11,,Active,0
CARD90575,CUST12263,Debit,2024-06-03,,Active,0
CARD90576,CUST10985,Debit,2025-03-21,,Active,0
CARD90577,CUST12118,Credit,2022-12-09,217900.0,Closed,1499
CARD90578,CUST12255,Debit,2024-06-05,,Active,0
CARD90579,CUST11257,Credit,2025-06-11,163400.0,Active,0
CARD90580,CUST14573,Debit,2022-11-14,,Active,0
CARD90581,CUST10559,Credit,2024-10-01,174800.0,Active,1499
CARD90582,CUST14362,Debit,2022-10-03,,Active,0
CARD90583,CUST13997,Debit,2025-07-27,,Active,0
CARD90584,CUST12486,Credit,2023-04-27,161500.0,Closed,0
CARD90585,CUST11743,Debit,2022-06-30,,Active,0
CARD90586,CUST12286,Debit,2022-03-22,,Blocked,0
CARD90587,CUST10961,Debit,2024-04-03,,Active,0
CARD90588,CUST12699,Debit,2024-08-09,,Active,0
CARD90589,CUST11677,Credit,2026-01-10,423200.0,Active,0
CARD90590,CUST13964,Debit,2022-06-19,,Active,0
CARD90591,CUST12540,Debit,2024-10-27,,Expired,0
CARD90592,CUST11028,Credit,2022-02-05,223300.0,Active,1499
CARD90593,CUST11832,Debit,2026-02-02,,Active,0
CARD90594,CUST12988,Credit,2025-05-19,86700.0,Active,0
CARD90595,CUST10277,Debit,2022-02-16,,Active,0
CARD90596,CUST10320,Credit,2025-11-16,75600.0,Active,499
CARD90597,CUST10284,Debit,2025-07-16,,Active,0
CARD90598,CUST13199,Debit,2022-02-12,,Active,0
CARD90599,CUST14924,Credit,2024-02-13,261700.0,Active,0
CARD90600,CUST13101,Debit,2022-05-15,,Expired,0
CARD90601,CUST13241,Credit,2023-03-19,195600.0,Active,499
CARD90602,CUST14787,Credit,2025-03-02,191500.0,Active,1499
CARD90603,CUST11190,Debit,2024-09-14,,Active,0
CARD90604,CUST12748,Credit,2023-04-19,248900.0,Blocked,999
CARD90605,CUST12098,Debit,2024-10-19,,Active,0
CARD90606,CUST12275,Debit,2025-02-13,,Active,0
CARD90607,CUST13572,Debit,2025-02-05,,Active,0
CARD90608,CUST13298,Debit,2024-03-19,,Active,0
CARD90609,CUST10108,Credit,2023-10-02,93300.0,Active,1499
CARD90610,CUST14416,Debit,2024-05-23,,Active,0
CARD90611,CUST12006,Credit,2023-06-09,273300.0,Active,0
CARD90612,CUST14790,Debit,2022-09-28,,Expired,0
CARD90613,CUST12268,Credit,2024-03-04,82300.0,Active,1499
CARD90614,CUST11632,Debit,2024-05-07,,Expired,0
CARD90615,CUST12676,Credit,2022-06-05,236600.0,Active,0
CARD90616,CUST11472,Debit,2025-06-08,,Active,0
CARD90617,CUST11690,Debit,2025-09-22,,Expired,0
CARD90618,CUST13930,Debit,2025-08-04,,Active,0
CARD90619,CUST13408,Credit,2025-03-18,94100.0,Active,499
CARD90620,CUST14884,Credit,2025-02-15,331800.0,Active,0
CARD90621,CUST14875,Credit,2022-06-05,351000.0,Active,499
CARD90622,CUST12173,Credit,2023-10-29,93100.0,Active,0
CARD90623,CUST12705,Credit,2022-12-19,93100.0,Closed,1499
CARD90624,CUST14930,Debit,2025-04-19,,Active,0
CARD90625,CUST13588,Credit,2022-03-10,220200.0,Active,1499
CARD90626,CUST12448,Debit,2022-07-17,,Active,0
CARD90627,CUST12960,Debit,2022-02-22,,Expired,0
CARD90628,CUST14080,Credit,2022-08-11,45200.0,Closed,1499
CARD90629,CUST12189,Credit,2023-09-25,159100.0,Active,999
CARD90630,CUST12810,Debit,2024-06-29,,Active,0
CARD90631,CUST14053,Credit,2025-06-21,198600.0,Active,999
CARD90632,CUST12030,Credit,2023-09-30,134500.0,Active,0
CARD90633,CUST12738,Debit,2024-02-06,,Expired,0
CARD90634,CUST11498,Credit,2023-03-16,172900.0,Active,999
CARD90635,CUST14383,Debit,2022-10-28,,Active,0
CARD90636,CUST13585,Debit,2025-02-07,,Active,0
CARD90637,CUST12484,Credit,2022-03-31,107400.0,Expired,999
CARD90638,CUST12954,Credit,2022-05-29,90600.0,Active,1499
CARD90639,CUST10337,Credit,2023-09-15,128400.0,Active,499
CARD90640,CUST12087,Debit,2023-10-24,,Active,0
CARD90641,CUST11295,Debit,2024-06-13,,Expired,0
CARD90642,CUST11587,Debit,2022-06-10,,Active,0
CARD90643,CUST14621,Debit,2023-06-19,,Active,0
CARD90644,CUST12376,Credit,2023-12-04,105100.0,Blocked,1499
CARD90645,CUST11072,Debit,2025-07-23,,Active,0
CARD90646,CUST10938,Debit,2023-06-06,,Active,0
CARD90647,CUST10982,Debit,2023-06-19,,Closed,0
CARD90648,CUST11183,Credit,2024-03-01,198500.0,Active,1499
CARD90649,CUST14562,Credit,2025-12-13,114700.0,Active,499
CARD90650,CUST10585,Credit,2024-01-08,95700.0,Active,1499
CARD90651,CUST11218,Debit,2025-04-10,,Blocked,0
CARD90652,CUST12704,Debit,2023-08-17,,Blocked,0
CARD90653,CUST12253,Debit,2022-12-22,,Active,0
CARD90654,CUST10399,Debit,2025-12-31,,Active,0
CARD90655,CUST13273,Debit,2022-02-24,,Active,0
CARD90656,CUST10158,Credit,2022-05-29,227100.0,Active,1499
CARD90657,CUST11277,Debit,2024-03-16,,Active,0
CARD90658,CUST12245,Credit,2024-12-03,183800.0,Active,999
CARD90659,CUST11628,Debit,2025-11-21,,Active,0
CARD90660,CUST10237,Debit,2022-09-28,,Active,0
CARD90661,CUST10646,Debit,2023-10-28,,Active,0
CARD90662,CUST10894,Debit,2024-05-13,,Active,0
CARD90663,CUST11185,Credit,2023-01-20,218300.0,Active,1499
CARD90664,CUST14163,Debit,2022-03-18,,Active,0
CARD90665,CUST12287,Credit,2024-07-18,43800.0,Closed,1499
CARD90666,CUST11890,Debit,2022-05-08,,Expired,0
CARD90667,CUST11822,Credit,2025-11-08,209100.0,Active,499
CARD90668,CUST14047,Debit,2023-04-11,,Closed,0
CARD90669,CUST14062,Debit,2022-03-19,,Active,0
CARD90670,CUST13539,Credit,2022-04-17,171400.0,Closed,999
CARD90671,CUST12028,Debit,2025-03-14,,Closed,0
CARD90672,CUST12940,Debit,2022-07-11,,Active,0
CARD90673,CUST14391,Debit,2025-11-05,,Active,0
CARD90674,CUST13925,Credit,2025-12-20,157700.0,Expired,999
CARD90675,CUST12797,Debit,2025-05-02,,Expired,0
CARD90676,CUST13486,Credit,2023-01-05,250100.0,Active,1499
CARD90677,CUST10096,Debit,2024-07-27,,Active,0
CARD90678,CUST12399,Debit,2025-10-03,,Expired,0
CARD90679,CUST13946,Credit,2022-09-15,241900.0,Expired,999
CARD90680,CUST11975,Credit,2025-07-17,205700.0,Active,499
CARD90681,CUST11631,Debit,2022-05-20,,Active,0
CARD90682,CUST14930,Credit,2024-08-10,219600.0,Closed,0
CARD90683,CUST11274,Credit,2023-06-08,137300.0,Active,999
CARD90684,CUST12197,Credit,2022-03-23,128500.0,Active,999
CARD90685,CUST13400,Debit,2023-10-21,,Active,0
CARD90686,CUST12097,Credit,2023-12-11,256500.0,Active,999
CARD90687,CUST12960,Debit,2024-10-02,,Active,0
CARD90688,CUST12518,Credit,2024-06-24,109400.0,Active,499
CARD90689,CUST11619,Debit,2025-03-19,,Closed,0
CARD90690,CUST11882,Debit,2022-03-18,,Expired,0
CARD90691,CUST13571,Debit,2022-08-24,,Active,0
CARD90692,CUST14597,Debit,2025-04-20,,Blocked,0
CARD90693,CUST12991,Debit,2025-02-03,,Active,0
CARD90694,CUST11501,Debit,2023-01-19,,Expired,0
CARD90695,CUST14870,Debit,2025-12-24,,Active,0
CARD90696,CUST10949,Debit,2022-06-08,,Active,0
CARD90697,CUST11538,Credit,2024-01-03,199100.0,Active,999
CARD90698,CUST12648,Debit,2025-11-22,,Active,0
CARD90699,CUST11106,Debit,2025-10-26,,Active,0
CARD90700,CUST10437,Credit,2023-09-16,75100.0,Active,999
CARD90701,CUST11895,Debit,2025-05-17,,Closed,0
CARD90702,CUST13946,Credit,2023-08-19,196500.0,Active,1499
CARD90703,CUST14566,Credit,2022-10-09,227800.0,Active,0
CARD90704,CUST13743,Debit,2025-01-11,,Active,0
CARD90705,CUST11777,Debit,2023-03-23,,Active,0
CARD90706,CUST14408,Debit,2025-05-23,,Active,0
CARD90707,CUST13879,Debit,2023-12-18,,Active,0
CARD90708,CUST13978,Debit,2024-09-23,,Active,0
CARD90709,CUST13214,Credit,2022-07-04,365300.0,Active,0
CARD90710,CUST14227,Credit,2023-02-12,86400.0,Active,499
CARD90711,CUST11133,Credit,2026-01-27,175100.0,Active,999
CARD90712,CUST13858,Debit,2025-04-14,,Active,0
CARD90713,CUST12610,Credit,2026-02-09,232800.0,Active,999
CARD90714,CUST13003,Debit,2023-05-22,,Active,0
CARD90715,CUST11386,Debit,2024-11-20,,Active,0
CARD90716,CUST11620,Debit,2024-05-29,,Active,0
CARD90717,CUST14750,Credit,2025-02-18,304000.0,Blocked,0
CARD90718,CUST13708,Credit,2024-01-30,149300.0,Active,999
CARD90719,CUST13025,Credit,2025-09-05,168100.0,Active,1499
CARD90720,CUST10995,Credit,2022-11-20,120500.0,Active,999
CARD90721,CUST13479,Debit,2023-04-04,,Active,0
CARD90722,CUST13494,Debit,2024-01-13,,Active,0
CARD90723,CUST11431,Debit,2023-11-06,,Expired,0
CARD90724,CUST11593,Debit,2023-04-09,,Expired,0
CARD90725,CUST13240,Debit,2025-03-27,,Active,0
CARD90726,CUST14794,Debit,2024-10-14,,Active,0
CARD90727,CUST13274,Debit,2022-12-31,,Active,0
CARD90728,CUST13157,Debit,2022-01-13,,Blocked,0
CARD90729,CUST11153,Debit,2024-11-17,,Active,0
CARD90730,CUST12281,Debit,2023-05-05,,Active,0
CARD90731,CUST12573,Credit,2024-10-27,301600.0,Active,1499
CARD90732,CUST11293,Credit,2022-05-26,239300.0,Active,999
CARD90733,CUST11570,Debit,2025-05-31,,Active,0
CARD90734,CUST14229,Debit,2023-04-03,,Active,0
CARD90735,CUST11514,Debit,2025-01-04,,Expired,0
CARD90736,CUST12747,Debit,2022-04-29,,Active,0
CARD90737,CUST11444,Debit,2025-04-14,,Active,0
CARD90738,CUST12879,Credit,2024-04-27,70600.0,Active,999
CARD90739,CUST14283,Credit,2024-02-19,82800.0,Active,1499
CARD90740,CUST12296,Credit,2023-05-31,81100.0,Active,0
CARD90741,CUST10507,Credit,2023-04-26,60400.0,Active,0
CARD90742,CUST14268,Debit,2022-08-27,,Closed,0
CARD90743,CUST14005,Credit,2022-03-30,188100.0,Active,1499
CARD90744,CUST13103,Debit,2022-04-12,,Active,0
CARD90745,CUST14632,Debit,2023-01-28,,Expired,0
CARD90746,CUST10597,Debit,2022-10-13,,Expired,0
CARD90747,CUST14938,Debit,2025-08-06,,Expired,0
CARD90748,CUST13698,Debit,2023-03-23,,Expired,0
CARD90749,CUST14965,Credit,2024-02-22,168300.0,Active,0
CARD90750,CUST12670,Debit,2022-04-06,,Active,0
CARD90751,CUST12815,Debit,2025-04-02,,Active,0
CARD90752,CUST11761,Credit,2022-04-17,146400.0,Active,1499
CARD90753,CUST10094,Credit,2025-04-13,180000.0,Active,999
CARD90754,CUST13530,Debit,2024-06-15,,Active,0
CARD90755,CUST10594,Credit,2025-01-24,69400.0,Active,499
CARD90756,CUST10476,Debit,2022-05-08,,Active,0
CARD90757,CUST11218,Credit,2025-08-19,83100.0,Active,1499
CARD90758,CUST13831,Debit,2023-01-20,,Active,0
CARD90759,CUST13686,Debit,2022-01-05,,Active,0
CARD90760,CUST14619,Debit,2022-10-06,,Active,0
CARD90761,CUST12178,Credit,2022-04-30,218200.0,Active,499
CARD90762,CUST11633,Debit,2023-11-05,,Active,0
CARD90763,CUST12449,Debit,2024-09-10,,Active,0
CARD90764,CUST13152,Debit,2023-03-13,,Active,0
CARD90765,CUST10407,Debit,2023-03-28,,Active,0
CARD90766,CUST12723,Debit,2025-12-07,,Active,0
CARD90767,CUST10932,Credit,2024-01-14,256500.0,Blocked,999
CARD90768,CUST11789,Debit,2023-10-17,,Expired,0
CARD90769,CUST12214,Debit,2022-01-22,,Active,0
CARD90770,CUST11609,Credit,2024-04-15,326000.0,Active,1499
CARD90771,CUST14691,Credit,2022-03-04,83500.0,Active,0
CARD90772,CUST10664,Debit,2025-01-04,,Active,0
CARD90773,CUST12596,Debit,2025-07-13,,Active,0
CARD90774,CUST12344,Debit,2023-02-24,,Active,0
CARD90775,CUST10357,Credit,2025-06-20,309000.0,Active,999
CARD90776,CUST13085,Debit,2023-10-02,,Active,0
CARD90777,CUST14858,Debit,2024-07-02,,Closed,0
CARD90778,CUST14938,Debit,2026-01-26,,Active,0
CARD90779,CUST11625,Debit,2023-09-18,,Blocked,0
CARD90780,CUST11842,Credit,2025-09-19,92900.0,Active,1499
CARD90781,CUST11028,Credit,2025-03-13,101200.0,Active,499
CARD90782,CUST14519,Credit,2023-08-16,253300.0,Active,499
CARD90783,CUST13687,Debit,2024-02-27,,Active,0
CARD90784,CUST13695,Credit,2024-08-10,353000.0,Active,499
CARD90785,CUST11575,Credit,2025-08-24,245800.0,Active,1499
CARD90786,CUST14457,Debit,2023-07-06,,Active,0
CARD90787,CUST14530,Debit,2024-04-01,,Active,0
CARD90788,CUST14842,Debit,2026-01-25,,Closed,0
CARD90789,CUST13465,Debit,2023-03-28,,Active,0
CARD90790,CUST13969,Debit,2024-08-27,,Active,0
CARD90791,CUST10223,Debit,2024-01-21,,Active,0
CARD90792,CUST11828,Debit,2024-02-27,,Active,0
CARD90793,CUST12141,Credit,2023-05-03,218800.0,Closed,499
CARD90794,CUST11075,Credit,2024-06-17,66800.0,Active,0
CARD90795,CUST13351,Credit,2024-10-24,53700.0,Closed,499
CARD90796,CUST10120,Credit,2023-10-07,223300.0,Active,999
CARD90797,CUST13818,Debit,2022-01-04,,Active,0
CARD90798,CUST12300,Debit,2022-08-16,,Active,0
CARD90799,CUST11501,Debit,2024-01-04,,Active,0
CARD90800,CUST10773,Debit,2024-04-21,,Expired,0
CARD90801,CUST11037,Debit,2022-07-14,,Active,0
CARD90802,CUST11108,Debit,2022-05-16,,Active,0
CARD90803,CUST11316,Debit,2025-12-31,,Active,0
CARD90804,CUST14678,Debit,2024-12-29,,Active,0
CARD90805,CUST12706,Credit,2023-01-24,115400.0,Active,499
CARD90806,CUST11709,Debit,2023-08-22,,Active,0
CARD90807,CUST14663,Debit,2023-08-13,,Active,0
CARD90808,CUST12746,Debit,2024-02-02,,Active,0
CARD90809,CUST12824,Debit,2023-12-03,,Active,0
CARD90810,CUST11945,Debit,2023-03-18,,Active,0
CARD90811,CUST13246,Debit,2024-01-02,,Active,0
CARD90812,CUST12259,Debit,2024-09-06,,Active,0
CARD90813,CUST10969,Debit,2022-05-14,,Active,0
CARD90814,CUST10327,Debit,2025-12-19,,Active,0
CARD90815,CUST12027,Credit,2022-03-16,220000.0,Closed,499
CARD90816,CUST12660,Credit,2024-07-10,410500.0,Active,999
CARD90817,CUST13069,Debit,2025-03-21,,Active,0
CARD90818,CUST13698,Debit,2025-11-25,,Active,0
CARD90819,CUST11008,Debit,2023-05-16,,Active,0
CARD90820,CUST13814,Debit,2023-04-15,,Closed,0
CARD90821,CUST12069,Debit,2023-05-07,,Active,0
CARD90822,CUST12293,Credit,2022-03-05,107400.0,Active,0
CARD90823,CUST13165,Debit,2026-01-11,,Active,0
CARD90824,CUST14175,Debit,2022-03-14,,Expired,0
CARD90825,CUST14997,Credit,2024-12-24,222800.0,Active,0
CARD90826,CUST12931,Debit,2023-04-25,,Active,0
CARD90827,CUST10247,Debit,2023-05-27,,Expired,0
CARD90828,CUST10642,Debit,2023-03-30,,Active,0
CARD90829,CUST10495,Debit,2022-03-06,,Active,0
CARD90830,CUST13073,Credit,2025-01-30,249800.0,Active,999
CARD90831,CUST11209,Credit,2022-02-09,97800.0,Active,1499
CARD90832,CUST13022,Credit,2023-12-24,128400.0,Active,1499
CARD90833,CUST10457,Credit,2025-11-21,121700.0,Active,0
CARD90834,CUST13533,Debit,2024-04-13,,Active,0
CARD90835,CUST14829,Debit,2023-12-19,,Closed,0
CARD90836,CUST13068,Debit,2023-06-21,,Active,0
CARD90837,CUST11079,Credit,2025-11-01,99100.0,Active,499
CARD90838,CUST11661,Debit,2023-09-17,,Active,0
CARD90839,CUST12247,Debit,2025-04-04,,Active,0
CARD90840,CUST14339,Credit,2024-04-05,85900.0,Active,499
CARD90841,CUST14915,Debit,2023-09-20,,Active,0
CARD90842,CUST13499,Debit,2022-07-12,,Active,0
CARD90843,CUST11986,Credit,2026-02-03,151800.0,Active,999
CARD90844,CUST10812,Credit,2025-03-07,66000.0,Expired,0
CARD90845,CUST11479,Credit,2024-11-28,192900.0,Active,0
CARD90846,CUST12436,Credit,2024-08-06,179500.0,Active,1499
CARD90847,CUST14982,Debit,2024-01-12,,Active,0
CARD90848,CUST13323,Credit,2024-03-26,156600.0,Active,1499
CARD90849,CUST10182,Debit,2023-07-28,,Active,0
CARD90850,CUST14393,Credit,2023-12-23,210500.0,Active,0
CARD90851,CUST12569,Debit,2025-06-28,,Active,0
CARD90852,CUST12973,Credit,2023-08-01,236000.0,Expired,499
CARD90853,CUST14631,Debit,2025-05-16,,Active,0
CARD90854,CUST13718,Debit,2022-07-21,,Active,0
CARD90855,CUST12928,Credit,2023-07-04,101500.0,Active,1499
CARD90856,CUST11594,Credit,2023-06-29,207700.0,Active,0
CARD90857,CUST13594,Debit,2024-11-22,,Active,0
CARD90858,CUST14374,Debit,2022-08-28,,Active,0
CARD90859,CUST13815,Debit,2025-07-22,,Active,0
CARD90860,CUST10559,Debit,2022-10-16,,Active,0
CARD90861,CUST12184,Credit,2025-05-25,170700.0,Active,1499
CARD90862,CUST10239,Debit,2025-06-10,,Blocked,0
CARD90863,CUST10028,Debit,2024-10-28,,Blocked,0
CARD90864,CUST13029,Credit,2022-04-22,275400.0,Closed,0
CARD90865,CUST10157,Credit,2022-06-08,90800.0,Active,999
CARD90866,CUST10833,Credit,2022-10-18,183100.0,Active,499
CARD90867,CUST14506,Debit,2023-08-01,,Active,0
CARD90868,CUST12524,Debit,2025-12-06,,Expired,0
CARD90869,CUST13771,Credit,2023-08-26,196500.0,Active,1499
CARD90870,CUST13389,Debit,2025-03-16,,Closed,0
CARD90871,CUST14909,Credit,2025-03-17,299300.0,Active,499
CARD90872,CUST14239,Debit,2024-09-27,,Expired,0
CARD90873,CUST13011,Debit,2025-02-25,,Active,0
CARD90874,CUST12126,Credit,2024-02-09,183300.0,Active,1499
CARD90875,CUST10938,Debit,2025-07-20,,Active,0
CARD90876,CUST14360,Credit,2023-04-28,123400.0,Closed,1499
CARD90877,CUST13596,Credit,2025-04-09,149700.0,Closed,0
CARD90878,CUST12353,Credit,2024-06-23,98200.0,Active,499
CARD90879,CUST13359,Debit,2023-08-31,,Active,0
CARD90880,CUST12628,Credit,2022-08-28,185500.0,Active,499
CARD90881,CUST12717,Debit,2023-04-27,,Active,0
CARD90882,CUST10349,Debit,2024-05-21,,Active,0
CARD90883,CUST10746,Debit,2024-08-22,,Active,0
CARD90884,CUST10057,Credit,2023-06-17,360400.0,Active,0
CARD90885,CUST12834,Debit,2025-01-05,,Active,0
CARD90886,CUST13823,Credit,2023-11-07,147800.0,Active,0
CARD90887,CUST10252,Debit,2022-08-19,,Active,0
CARD90888,CUST14799,Debit,2025-10-01,,Closed,0
CARD90889,CUST14081,Debit,2022-12-03,,Active,0
CARD90890,CUST12388,Debit,2022-02-03,,Expired,0
CARD90891,CUST11455,Debit,2022-05-08,,Active,0
CARD90892,CUST10337,Credit,2022-07-04,351900.0,Active,0
CARD90893,CUST12063,Debit,2025-08-05,,Active,0
CARD90894,CUST12234,Credit,2025-12-23,95900.0,Active,999
CARD90895,CUST13367,Credit,2024-09-04,225600.0,Active,999
CARD90896,CUST10808,Debit,2024-02-03,,Active,0
CARD90897,CUST13606,Debit,2024-12-23,,Closed,0
CARD90898,CUST12785,Debit,2023-05-05,,Active,0
CARD90899,CUST14081,Credit,2023-07-12,100000.0,Active,499
CARD90900,CUST14931,Debit,2025-08-13,,Active,0
CARD90901,CUST13040,Debit,2023-01-29,,Active,0
CARD90902,CUST12074,Debit,2025-05-04,,Active,0
CARD90903,CUST13448,Debit,2023-10-14,,Active,0
CARD90904,CUST11712,Debit,2024-02-03,,Active,0
CARD90905,CUST11692,Debit,2024-02-06,,Active,0
CARD90906,CUST12617,Credit,2024-03-27,138400.0,Active,499
CARD90907,CUST11413,Debit,2024-12-05,,Active,0
CARD90908,CUST10625,Debit,2023-05-25,,Active,0
CARD90909,CUST13709,Credit,2025-06-06,58900.0,Closed,1499
CARD90910,CUST10705,Debit,2022-11-08,,Active,0
CARD90911,CUST11135,Debit,2022-05-23,,Active,0
CARD90912,CUST10853,Debit,2023-10-28,,Expired,0
CARD90913,CUST13331,Credit,2022-11-12,189800.0,Expired,0
CARD90914,CUST11434,Debit,2024-03-25,,Active,0
CARD90915,CUST13169,Debit,2023-06-08,,Active,0
CARD90916,CUST11156,Debit,2022-02-14,,Active,0
CARD90917,CUST12241,Debit,2025-06-12,,Active,0
CARD90918,CUST10816,Debit,2024-01-27,,Closed,0
CARD90919,CUST13204,Debit,2024-04-17,,Active,0
CARD90920,CUST12473,Debit,2024-11-12,,Active,0
CARD90921,CUST10897,Debit,2022-01-09,,Active,0
CARD90922,CUST11212,Credit,2024-02-27,38000.0,Active,499
CARD90923,CUST12542,Debit,2024-08-03,,Active,0
CARD90924,CUST11441,Credit,2023-04-15,97800.0,Active,499
CARD90925,CUST12669,Debit,2024-12-01,,Expired,0
CARD90926,CUST11372,Credit,2022-09-01,245500.0,Expired,499
CARD90927,CUST12937,Debit,2024-06-10,,Active,0
CARD90928,CUST13831,Debit,2023-01-10,,Active,0
CARD90929,CUST13286,Credit,2025-07-03,163700.0,Blocked,499
CARD90930,CUST13069,Debit,2023-07-14,,Active,0
CARD90931,CUST12043,Debit,2025-08-10,,Closed,0
CARD90932,CUST12536,Debit,2025-12-17,,Active,0
CARD90933,CUST10692,Debit,2024-01-10,,Active,0
CARD90934,CUST12214,Debit,2025-12-09,,Active,0
CARD90935,CUST11402,Debit,2023-02-28,,Active,0
CARD90936,CUST12021,Debit,2022-10-02,,Active,0
CARD90937,CUST10689,Credit,2024-02-26,161000.0,Blocked,1499
CARD90938,CUST10612,Debit,2025-10-09,,Expired,0
CARD90939,CUST14387,Debit,2022-09-06,,Active,0
CARD90940,CUST10397,Debit,2022-06-09,,Active,0
CARD90941,CUST13668,Debit,2023-01-18,,Active,0
CARD90942,CUST11968,Debit,2023-08-24,,Active,0
CARD90943,CUST12427,Credit,2022-10-27,162600.0,Active,999
CARD90944,CUST11507,Credit,2025-03-04,126000.0,Active,1499
CARD90945,CUST12676,Debit,2024-03-26,,Active,0
CARD90946,CUST10411,Credit,2023-07-20,109300.0,Active,0
CARD90947,CUST11775,Credit,2022-10-23,144200.0,Active,1499
CARD90948,CUST10265,Debit,2022-04-16,,Active,0
CARD90949,CUST14793,Debit,2024-05-31,,Active,0
CARD90950,CUST12843,Credit,2024-05-24,196000.0,Expired,1499
CARD90951,CUST13813,Credit,2022-10-02,102700.0,Active,0
CARD90952,CUST10207,Credit,2025-08-28,105600.0,Active,0
CARD90953,CUST13417,Credit,2025-12-18,94300.0,Expired,999
CARD90954,CUST14336,Debit,2024-01-30,,Expired,0
CARD90955,CUST13009,Credit,2022-02-28,118600.0,Active,1499
CARD90956,CUST11460,Credit,2024-02-05,329600.0,Active,1499
CARD90957,CUST12834,Debit,2023-01-08,,Blocked,0
CARD90958,CUST12657,Debit,2024-08-01,,Active,0
CARD90959,CUST10350,Credit,2024-03-24,124800.0,Active,1499
CARD90960,CUST10048,Debit,2023-04-13,,Active,0
CARD90961,CUST12952,Debit,2024-08-30,,Blocked,0
CARD90962,CUST14747,Debit,2022-05-24,,Blocked,0
CARD90963,CUST14801,Debit,2022-07-30,,Active,0
CARD90964,CUST10049,Debit,2023-05-27,,Active,0
CARD90965,CUST12416,Debit,2026-01-23,,Active,0
CARD90966,CUST14991,Debit,2025-12-29,,Active,0
CARD90967,CUST10558,Debit,2023-11-01,,Active,0
CARD90968,CUST10755,Debit,2024-08-16,,Active,0
CARD90969,CUST12438,Debit,2025-01-15,,Active,0
CARD90970,CUST14497,Credit,2026-01-27,250400.0,Active,499
CARD90971,CUST11564,Credit,2024-01-10,353300.0,Active,999
CARD90972,CUST10747,Debit,2024-01-05,,Active,0
CARD90973,CUST12882,Debit,2025-10-08,,Active,0
CARD90974,CUST11604,Debit,2026-01-24,,Closed,0
CARD90975,CUST10333,Credit,2024-01-31,221100.0,Active,999
CARD90976,CUST11924,Credit,2023-10-17,68800.0,Active,1499
CARD90977,CUST12103,Debit,2026-01-05,,Active,0
CARD90978,CUST10151,Credit,2023-12-25,47600.0,Active,499
CARD90979,CUST13608,Debit,2025-10-27,,Closed,0
CARD90980,CUST11495,Credit,2023-04-28,71800.0,Expired,1499
CARD90981,CUST10332,Debit,2024-03-05,,Blocked,0
CARD90982,CUST14315,Credit,2024-05-02,157400.0,Expired,0
CARD90983,CUST14264,Debit,2022-08-23,,Active,0
CARD90984,CUST11622,Debit,2025-08-23,,Closed,0
CARD90985,CUST13671,Debit,2023-02-25,,Active,0
CARD90986,CUST10294,Credit,2023-10-05,69400.0,Active,0
CARD90987,CUST12116,Debit,2025-10-07,,Closed,0
CARD90988,CUST12996,Credit,2025-09-06,207200.0,Active,999
CARD90989,CUST12013,Credit,2026-02-04,143500.0,Active,0
CARD90990,CUST13949,Debit,2024-11-04,,Active,0
CARD90991,CUST13424,Debit,2026-02-02,,Active,0
CARD90992,CUST13740,Credit,2023-04-20,368100.0,Active,999
CARD90993,CUST10482,Credit,2022-02-20,127800.0,Active,499
CARD90994,CUST10393,Debit,2025-03-01,,Active,0
CARD90995,CUST14797,Debit,2024-09-13,,Active,0
CARD90996,CUST14563,Credit,2022-09-02,102300.0,Active,499
CARD90997,CUST12647,Debit,2023-01-18,,Active,0
CARD90998,CUST10214,Credit,2023-04-21,209900.0,Active,999
CARD90999,CUST13055,Credit,2024-09-09,185900.0,Active,0
CARD91000,CUST12338,Debit,2023-08-17,,Active,0
CARD91001,CUST11934,Debit,2022-07-09,,Active,0
CARD91002,CUST10879,Credit,2023-12-05,69400.0,Active,499
CARD91003,CUST10827,Debit,2025-05-13,,Active,0
CARD91004,CUST11075,Debit,2026-02-07,,Active,0
CARD91005,CUST11742,Debit,2024-08-03,,Closed,0
CARD91006,CUST13683,Debit,2022-10-28,,Active,0
CARD91007,CUST11823,Credit,2022-10-15,186700.0,Active,499
CARD91008,CUST13336,Debit,2025-06-14,,Active,0
CARD91009,CUST13113,Debit,2025-02-03,,Active,0
CARD91010,CUST12956,Credit,2022-07-17,80900.0,Active,999
CARD91011,CUST14469,Debit,2024-05-26,,Active,0
CARD91012,CUST13916,Debit,2023-10-05,,Active,0
CARD91013,CUST12782,Debit,2024-03-21,,Active,0
CARD91014,CUST10833,Debit,2024-07-27,,Active,0
CARD91015,CUST10450,Debit,2025-06-17,,Active,0
CARD91016,CUST13153,Credit,2024-11-15,112100.0,Active,499
CARD91017,CUST14184,Credit,2023-01-06,185500.0,Active,999
CARD91018,CUST10820,Debit,2025-04-17,,Closed,0
CARD91019,CUST14771,Credit,2024-07-15,349900.0,Active,999
CARD91020,CUST13496,Debit,2024-11-13,,Active,0
CARD91021,CUST11877,Credit,2025-11-25,145200.0,Active,0
CARD91022,CUST13392,Debit,2025-05-17,,Closed,0
CARD91023,CUST10756,Debit,2024-09-09,,Active,0
CARD91024,CUST11539,Debit,2023-03-08,,Blocked,0
CARD91025,CUST12022,Credit,2024-09-02,199400.0,Blocked,499
CARD91026,CUST14600,Debit,2024-08-03,,Active,0
CARD91027,CUST11897,Debit,2024-04-23,,Expired,0
CARD91028,CUST11758,Debit,2023-08-30,,Active,0
CARD91029,CUST13139,Debit,2022-08-04,,Active,0
CARD91030,CUST14832,Credit,2022-01-21,108600.0,Active,499
CARD91031,CUST12395,Debit,2023-02-18,,Active,0
CARD91032,CUST13811,Credit,2022-10-20,212000.0,Active,1499
CARD91033,CUST10578,Credit,2024-09-14,129300.0,Active,0
CARD91034,CUST10885,Debit,2025-02-23,,Active,0
CARD91035,CUST12913,Credit,2025-09-20,81000.0,Active,499
CARD91036,CUST11205,Debit,2025-04-12,,Closed,0
CARD91037,CUST14975,Debit,2024-07-17,,Active,0
CARD91038,CUST10761,Credit,2025-09-12,80100.0,Active,499
CARD91039,CUST13018,Credit,2023-04-26,154600.0,Active,499
CARD91040,CUST14573,Credit,2025-01-11,122000.0,Closed,999
CARD91041,CUST13396,Debit,2023-12-03,,Active,0
CARD91042,CUST10960,Debit,2022-03-07,,Closed,0
CARD91043,CUST12551,Debit,2024-08-04,,Active,0
CARD91044,CUST14817,Debit,2023-04-01,,Active,0
CARD91045,CUST14561,Credit,2025-03-15,95800.0,Active,499
CARD91046,CUST11327,Debit,2023-12-24,,Closed,0
CARD91047,CUST12259,Credit,2023-01-21,114400.0,Active,0
CARD91048,CUST14326,Credit,2022-09-03,77500.0,Active,0
CARD91049,CUST12027,Debit,2025-06-17,,Active,0
CARD91050,CUST13758,Credit,2022-10-27,90300.0,Active,999
CARD91051,CUST14380,Debit,2024-01-11,,Active,0
CARD91052,CUST11627,Credit,2023-11-25,235800.0,Active,1499
CARD91053,CUST13547,Debit,2024-08-01,,Closed,0
CARD91054,CUST12152,Debit,2025-11-30,,Blocked,0
CARD91055,CUST13148,Credit,2024-09-30,138800.0,Active,0
CARD91056,CUST13597,Debit,2024-02-12,,Active,0
CARD91057,CUST13984,Debit,2025-02-27,,Active,0
CARD91058,CUST14102,Credit,2025-08-21,163300.0,Active,0
CARD91059,CUST13273,Debit,2023-05-08,,Active,0
CARD91060,CUST10063,Credit,2023-09-08,190900.0,Active,1499
CARD91061,CUST11178,Debit,2025-05-08,,Active,0
CARD91062,CUST12962,Debit,2025-07-25,,Active,0
CARD91063,CUST12197,Debit,2024-01-13,,Blocked,0
CARD91064,CUST10375,Debit,2024-10-17,,Active,0
CARD91065,CUST12984,Debit,2023-06-08,,Blocked,0
CARD91066,CUST11596,Credit,2023-06-16,91600.0,Active,1499
CARD91067,CUST12515,Debit,2025-02-27,,Active,0
CARD91068,CUST13281,Credit,2024-02-05,134400.0,Blocked,0
CARD91069,CUST14295,Credit,2025-05-14,326900.0,Expired,999
CARD91070,CUST11918,Debit,2024-04-16,,Active,0
CARD91071,CUST14133,Debit,2026-01-27,,Active,0
CARD91072,CUST14999,Credit,2025-04-26,202800.0,Closed,0
CARD91073,CUST12655,Debit,2024-05-27,,Active,0
CARD91074,CUST10174,Credit,2024-07-06,233700.0,Blocked,1499
CARD91075,CUST14265,Debit,2022-04-13,,Closed,0
CARD91076,CUST10580,Debit,2023-07-10,,Active,0
CARD91077,CUST11155,Credit,2025-01-23,82400.0,Expired,999
CARD91078,CUST14125,Debit,2022-08-25,,Active,0
CARD91079,CUST11892,Credit,2022-04-23,104100.0,Active,499
CARD91080,CUST10790,Debit,2025-12-24,,Active,0
CARD91081,CUST14206,Debit,2025-04-13,,Active,0
CARD91082,CUST10288,Credit,2023-11-21,93500.0,Active,499
CARD91083,CUST10157,Credit,2022-06-11,153900.0,Active,1499
CARD91084,CUST14134,Debit,2023-09-19,,Active,0
CARD91085,CUST11134,Debit,2025-12-13,,Active,0
CARD91086,CUST14934,Debit,2024-10-01,,Blocked,0
CARD91087,CUST10371,Credit,2022-10-15,213400.0,Active,999
CARD91088,CUST11029,Debit,2023-01-01,,Active,0
CARD91089,CUST14517,Debit,2023-03-12,,Expired,0
CARD91090,CUST12682,Credit,2024-07-28,318100.0,Blocked,0
CARD91091,CUST13839,Debit,2022-05-12,,Active,0
CARD91092,CUST14532,Debit,2026-01-03,,Active,0
CARD91093,CUST13541,Debit,2025-12-03,,Active,0
CARD91094,CUST11091,Credit,2025-02-19,193700.0,Active,1499
CARD91095,CUST13358,Credit,2022-05-22,173800.0,Active,0
CARD91096,CUST11743,Debit,2022-04-21,,Active,0
CARD91097,CUST11855,Debit,2022-02-02,,Active,0
CARD91098,CUST10399,Debit,2025-11-20,,Active,0
CARD91099,CUST14310,Credit,2025-06-01,69900.0,Closed,1499
CARD91100,CUST11834,Debit,2024-03-28,,Blocked,0
CARD91101,CUST14994,Debit,2025-12-08,,Blocked,0
CARD91102,CUST14795,Credit,2023-02-16,179500.0,Active,999
CARD91103,CUST10421,Debit,2024-01-01,,Active,0
CARD91104,CUST13369,Debit,2024-09-09,,Active,0
CARD91105,CUST13034,Debit,2025-04-12,,Active,0
CARD91106,CUST11805,Debit,2026-01-01,,Active,0
CARD91107,CUST10475,Credit,2025-09-23,113700.0,Active,499
CARD91108,CUST12996,Debit,2022-06-17,,Active,0
CARD91109,CUST10637,Credit,2023-12-10,62300.0,Active,1499
CARD91110,CUST13940,Debit,2025-08-21,,Active,0
CARD91111,CUST12564,Debit,2022-05-26,,Active,0
CARD91112,CUST13150,Credit,2023-07-16,157800.0,Active,999
CARD91113,CUST11739,Credit,2026-01-30,125400.0,Expired,1499
CARD91114,CUST11798,Credit,2024-09-12,147600.0,Active,1499
CARD91115,CUST12493,Credit,2024-02-27,458800.0,Active,999
CARD91116,CUST14359,Debit,2025-07-08,,Active,0
CARD91117,CUST14335,Credit,2024-10-15,187800.0,Expired,999
CARD91118,CUST12719,Debit,2024-01-22,,Active,0
CARD91119,CUST13190,Debit,2022-07-28,,Active,0
CARD91120,CUST10413,Credit,2025-03-06,209100.0,Active,999
CARD91121,CUST13069,Debit,2023-03-30,,Active,0
CARD91122,CUST10900,Credit,2024-08-22,129500.0,Blocked,499
CARD91123,CUST13210,Debit,2022-04-23,,Closed,0
CARD91124,CUST10149,Credit,2024-03-23,223700.0,Active,499
CARD91125,CUST13701,Debit,2022-02-07,,Active,0
CARD91126,CUST14986,Debit,2022-12-26,,Blocked,0
CARD91127,CUST12964,Credit,2022-02-25,145400.0,Active,1499
CARD91128,CUST10756,Credit,2023-07-07,261600.0,Active,0
CARD91129,CUST10439,Debit,2022-01-17,,Active,0
CARD91130,CUST10290,Debit,2022-08-17,,Active,0
CARD91131,CUST10328,Credit,2025-04-25,342100.0,Active,499
CARD91132,CUST13131,Debit,2022-04-18,,Active,0
CARD91133,CUST14595,Credit,2022-10-26,408000.0,Active,0
CARD91134,CUST14235,Credit,2024-10-02,88600.0,Active,999
CARD91135,CUST12730,Debit,2024-06-05,,Active,0
CARD91136,CUST10853,Debit,2022-06-20,,Active,0
CARD91137,CUST12628,Credit,2022-01-01,167100.0,Active,999
CARD91138,CUST10276,Debit,2026-01-15,,Active,0
CARD91139,CUST10325,Credit,2024-07-27,210000.0,Active,499
CARD91140,CUST14396,Debit,2022-05-06,,Blocked,0
CARD91141,CUST13380,Credit,2025-07-30,132800.0,Active,499
CARD91142,CUST14520,Debit,2024-10-02,,Active,0
CARD91143,CUST10353,Credit,2022-09-30,179800.0,Active,1499
CARD91144,CUST12272,Credit,2022-10-23,74900.0,Active,499
CARD91145,CUST12303,Credit,2022-04-19,77100.0,Active,0
CARD91146,CUST13788,Debit,2023-10-12,,Blocked,0
CARD91147,CUST10478,Debit,2025-09-23,,Active,0
CARD91148,CUST14845,Debit,2022-12-18,,Active,0
CARD91149,CUST11564,Debit,2023-10-21,,Active,0
CARD91150,CUST10992,Debit,2024-09-17,,Active,0
CARD91151,CUST10101,Credit,2025-07-14,107500.0,Active,0
CARD91152,CUST12281,Debit,2023-09-11,,Active,0
CARD91153,CUST14721,Debit,2022-11-16,,Active,0
CARD91154,CUST14608,Credit,2023-08-03,306800.0,Blocked,499
CARD91155,CUST10826,Debit,2024-09-20,,Active,0
CARD91156,CUST11985,Debit,2023-09-01,,Closed,0
CARD91157,CUST13445,Credit,2025-04-01,155900.0,Active,999
CARD91158,CUST12023,Debit,2025-02-13,,Active,0
CARD91159,CUST14847,Debit,2025-11-11,,Active,0
CARD91160,CUST14457,Debit,2024-03-13,,Active,0
CARD91161,CUST13809,Debit,2024-02-15,,Active,0
CARD91162,CUST10444,Credit,2024-01-05,137300.0,Active,1499
CARD91163,CUST12479,Credit,2024-05-06,94700.0,Active,499
CARD91164,CUST14891,Debit,2025-07-24,,Active,0
CARD91165,CUST13433,Debit,2023-03-20,,Active,0
CARD91166,CUST11286,Debit,2025-11-20,,Active,0
CARD91167,CUST13902,Debit,2025-11-13,,Active,0
CARD91168,CUST13901,Debit,2025-07-24,,Active,0
CARD91169,CUST11105,Debit,2025-02-15,,Active,0
CARD91170,CUST14040,Debit,2025-11-17,,Active,0
CARD91171,CUST12285,Debit,2025-06-06,,Active,0
CARD91172,CUST14355,Debit,2023-09-20,,Active,0
CARD91173,CUST11832,Credit,2022-01-04,203500.0,Active,999
CARD91174,CUST14911,Credit,2022-10-02,111000.0,Active,499
CARD91175,CUST13978,Debit,2026-02-01,,Active,0
CARD91176,CUST13444,Debit,2024-09-03,,Active,0
CARD91177,CUST14046,Credit,2025-05-24,283700.0,Active,999
CARD91178,CUST14439,Debit,2023-11-26,,Active,0
CARD91179,CUST10032,Credit,2025-05-19,499000.0,Closed,999
CARD91180,CUST12376,Debit,2022-08-08,,Active,0
CARD91181,CUST10178,Debit,2024-07-26,,Active,0
CARD91182,CUST14860,Debit,2025-07-04,,Active,0
CARD91183,CUST10484,Debit,2024-08-02,,Active,0
CARD91184,CUST14601,Credit,2022-08-28,81600.0,Active,1499
CARD91185,CUST14199,Debit,2022-04-12,,Active,0
CARD91186,CUST13915,Debit,2022-12-12,,Blocked,0
CARD91187,CUST10363,Credit,2024-02-12,351300.0,Blocked,499
CARD91188,CUST14022,Debit,2023-07-05,,Active,0
CARD91189,CUST14926,Credit,2025-01-25,132000.0,Active,999
CARD91190,CUST12398,Credit,2024-08-30,135100.0,Blocked,0
CARD91191,CUST13692,Credit,2024-07-18,43900.0,Closed,499
CARD91192,CUST11998,Debit,2025-09-14,,Active,0
CARD91193,CUST10231,Debit,2025-02-25,,Expired,0
CARD91194,CUST10525,Credit,2025-10-12,206300.0,Active,499
CARD91195,CUST14472,Debit,2024-09-06,,Active,0
CARD91196,CUST11484,Debit,2022-12-24,,Active,0
CARD91197,CUST13636,Credit,2025-10-22,95400.0,Active,499
CARD91198,CUST13648,Debit,2024-07-23,,Active,0
CARD91199,CUST14862,Credit,2025-07-09,178900.0,Active,1499
CARD91200,CUST14367,Debit,2025-10-28,,Active,0
CARD91201,CUST14021,Credit,2023-09-07,218700.0,Closed,1499
CARD91202,CUST13423,Debit,2022-12-03,,Active,0
CARD91203,CUST12973,Debit,2024-08-18,,Expired,0
CARD91204,CUST13851,Credit,2025-02-16,149200.0,Active,0
CARD91205,CUST10341,Debit,2025-09-13,,Active,0
CARD91206,CUST13142,Debit,2026-02-05,,Active,0
CARD91207,CUST10324,Debit,2024-07-08,,Active,0
CARD91208,CUST14347,Debit,2022-11-14,,Active,0
CARD91209,CUST10202,Credit,2022-05-05,830400.0,Expired,1499
CARD91210,CUST10328,Credit,2022-12-29,333700.0,Active,0
CARD91211,CUST11396,Credit,2024-10-17,69000.0,Active,1499
CARD91212,CUST13508,Debit,2022-02-24,,Closed,0
CARD91213,CUST12865,Credit,2025-08-17,360300.0,Active,499
CARD91214,CUST11563,Debit,2022-01-20,,Active,0
CARD91215,CUST14574,Credit,2023-09-23,257700.0,Closed,0
CARD91216,CUST14690,Debit,2023-01-24,,Active,0
CARD91217,CUST14444,Credit,2022-01-08,118400.0,Active,999
CARD91218,CUST14724,Credit,2024-03-10,155300.0,Active,0
CARD91219,CUST12575,Debit,2023-09-25,,Active,0
CARD91220,CUST10718,Debit,2024-09-07,,Active,0
CARD91221,CUST11176,Credit,2024-09-05,121600.0,Active,1499
CARD91222,CUST12077,Debit,2023-03-14,,Active,0
CARD91223,CUST12132,Credit,2026-02-07,141100.0,Active,499
CARD91224,CUST14253,Debit,2024-10-09,,Closed,0
CARD91225,CUST12150,Debit,2022-03-27,,Active,0
CARD91226,CUST12066,Credit,2025-08-13,421200.0,Active,999
CARD91227,CUST12863,Credit,2025-12-08,220000.0,Active,1499
CARD91228,CUST12956,Debit,2022-10-17,,Active,0
CARD91229,CUST14743,Credit,2022-03-03,138600.0,Active,0
CARD91230,CUST13840,Credit,2025-10-30,150600.0,Active,499
CARD91231,CUST14628,Credit,2022-06-25,88400.0,Active,1499
CARD91232,CUST12995,Credit,2023-05-17,116600.0,Active,499
CARD91233,CUST11094,Debit,2022-01-21,,Active,0
CARD91234,CUST14480,Credit,2024-04-17,92000.0,Active,1499
CARD91235,CUST14420,Debit,2022-11-07,,Expired,0
CARD91236,CUST13775,Debit,2022-05-29,,Active,0
CARD91237,CUST13246,Debit,2023-12-07,,Closed,0
CARD91238,CUST12030,Credit,2023-11-16,104200.0,Active,499
CARD91239,CUST13311,Credit,2022-04-26,74400.0,Active,499
CARD91240,CUST11499,Credit,2022-04-30,126900.0,Active,0
CARD91241,CUST12266,Debit,2022-07-29,,Active,0
CARD91242,CUST11356,Credit,2022-09-24,150100.0,Active,0
CARD91243,CUST10930,Debit,2024-03-03,,Closed,0
CARD91244,CUST11283,Credit,2026-01-04,207000.0,Active,0
CARD91245,CUST11635,Debit,2024-03-10,,Active,0
CARD91246,CUST12624,Credit,2025-09-20,88100.0,Active,0
CARD91247,CUST10552,Debit,2024-09-27,,Active,0
CARD91248,CUST12822,Debit,2025-10-23,,Active,0
CARD91249,CUST11370,Debit,2022-11-19,,Active,0
CARD91250,CUST14342,Debit,2023-08-03,,Active,0
CARD91251,CUST10755,Credit,2025-02-14,153000.0,Active,0
CARD91252,CUST13117,Debit,2024-12-16,,Active,0
CARD91253,CUST14871,Credit,2023-07-02,113900.0,Active,1499
CARD91254,CUST14200,Credit,2022-08-16,155000.0,Active,499
CARD91255,CUST14475,Credit,2025-03-07,48900.0,Active,1499
CARD91256,CUST13470,Credit,2022-10-15,312500.0,Closed,999
CARD91257,CUST13342,Debit,2024-04-19,,Active,0
CARD91258,CUST11328,Debit,2024-12-31,,Active,0
CARD91259,CUST13895,Debit,2023-07-05,,Active,0
CARD91260,CUST12338,Debit,2024-07-03,,Active,0
CARD91261,CUST11938,Credit,2023-02-02,139600.0,Active,0
CARD91262,CUST12396,Credit,2025-05-11,124500.0,Active,0
CARD91263,CUST10769,Debit,2025-11-08,,Active,0
CARD91264,CUST11676,Debit,2022-02-13,,Closed,0
CARD91265,CUST14971,Debit,2023-10-29,,Active,0
CARD91266,CUST12628,Debit,2025-11-09,,Active,0
CARD91267,CUST10008,Debit,2024-05-30,,Active,0
CARD91268,CUST11751,Credit,2025-11-11,145000.0,Active,1499
CARD91269,CUST11030,Credit,2024-03-11,192400.0,Active,999
CARD91270,CUST12641,Debit,2023-07-12,,Active,0
CARD91271,CUST13411,Debit,2022-07-11,,Expired,0
CARD91272,CUST10280,Credit,2025-05-24,82200.0,Active,999
CARD91273,CUST11824,Credit,2024-03-04,327400.0,Active,1499
CARD91274,CUST13023,Debit,2023-07-13,,Active,0
CARD91275,CUST10352,Credit,2024-03-06,155000.0,Closed,1499
CARD91276,CUST13327,Credit,2025-12-12,126700.0,Closed,499
CARD91277,CUST10572,Debit,2025-10-18,,Active,0
CARD91278,CUST13179,Debit,2024-12-09,,Active,0
CARD91279,CUST13439,Credit,2023-01-11,205500.0,Active,499
CARD91280,CUST12277,Debit,2024-06-12,,Blocked,0
CARD91281,CUST10322,Debit,2025-03-04,,Expired,0
CARD91282,CUST13535,Debit,2022-12-29,,Active,0
CARD91283,CUST10011,Credit,2025-11-19,216000.0,Closed,0
CARD91284,CUST13777,Debit,2025-03-24,,Active,0
CARD91285,CUST12784,Debit,2022-04-30,,Active,0
CARD91286,CUST12367,Credit,2025-05-10,158700.0,Expired,0
CARD91287,CUST10822,Debit,2023-07-23,,Active,0
CARD91288,CUST14637,Debit,2023-08-04,,Active,0
CARD91289,CUST11597,Debit,2022-10-15,,Active,0
CARD91290,CUST14692,Debit,2023-09-09,,Active,0
CARD91291,CUST13014,Debit,2025-03-07,,Active,0
CARD91292,CUST11272,Debit,2022-10-05,,Active,0
CARD91293,CUST10259,Debit,2023-09-12,,Active,0
CARD91294,CUST12872,Credit,2024-02-19,137700.0,Active,1499
CARD91295,CUST12089,Debit,2024-09-01,,Active,0
CARD91296,CUST11298,Credit,2022-01-31,172300.0,Expired,999
CARD91297,CUST14483,Credit,2023-08-14,59200.0,Active,0
CARD91298,CUST10774,Debit,2022-07-27,,Active,0
CARD91299,CUST11540,Credit,2025-09-22,68700.0,Active,0
CARD91300,CUST13046,Credit,2025-05-06,114000.0,Closed,1499
CARD91301,CUST13224,Debit,2025-12-25,,Active,0
CARD91302,CUST11867,Debit,2025-08-10,,Active,0
CARD91303,CUST10852,Debit,2025-12-10,,Active,0
CARD91304,CUST14764,Credit,2025-04-28,292400.0,Expired,0
CARD91305,CUST10291,Debit,2022-11-12,,Active,0
CARD91306,CUST12760,Credit,2022-06-06,139000.0,Active,999
CARD91307,CUST13872,Debit,2025-11-12,,Active,0
CARD91308,CUST13633,Credit,2025-10-04,117600.0,Active,1499
CARD91309,CUST13564,Debit,2022-03-23,,Active,0
CARD91310,CUST11986,Credit,2023-05-27,290000.0,Active,0
CARD91311,CUST12381,Debit,2023-02-04,,Expired,0
CARD91312,CUST13484,Debit,2024-11-08,,Active,0
CARD91313,CUST11209,Credit,2023-01-26,114400.0,Closed,499
CARD91314,CUST11180,Credit,2023-01-06,153400.0,Expired,0
CARD91315,CUST14755,Debit,2023-11-14,,Active,0
CARD91316,CUST11078,Credit,2024-06-15,524100.0,Active,499
CARD91317,CUST14762,Debit,2024-08-15,,Active,0
CARD91318,CUST14688,Debit,2024-01-25,,Active,0
CARD91319,CUST14642,Debit,2024-02-28,,Expired,0
CARD91320,CUST13953,Credit,2024-11-02,217000.0,Closed,1499
CARD91321,CUST11679,Credit,2024-01-13,138700.0,Active,999
CARD91322,CUST13066,Debit,2024-10-30,,Active,0
CARD91323,CUST10186,Debit,2024-10-20,,Active,0
CARD91324,CUST11325,Debit,2022-09-04,,Active,0
CARD91325,CUST14239,Debit,2023-11-27,,Active,0
CARD91326,CUST11134,Debit,2025-08-13,,Active,0
CARD91327,CUST14569,Credit,2023-03-05,247300.0,Active,999
CARD91328,CUST10822,Debit,2024-10-16,,Active,0
CARD91329,CUST13704,Credit,2023-05-23,137500.0,Closed,0
CARD91330,CUST12827,Debit,2022-12-15,,Active,0
CARD91331,CUST10236,Debit,2024-03-16,,Active,0
CARD91332,CUST14137,Credit,2025-11-07,170900.0,Active,0
CARD91333,CUST14856,Credit,2025-01-16,161500.0,Active,1499
CARD91334,CUST14441,Debit,2022-07-12,,Active,0
CARD91335,CUST10861,Credit,2023-05-03,109300.0,Active,0
CARD91336,CUST13066,Credit,2023-09-27,149900.0,Active,999
CARD91337,CUST12312,Credit,2024-01-24,54800.0,Active,999
CARD91338,CUST11867,Credit,2022-07-21,197400.0,Active,0
CARD91339,CUST11490,Debit,2023-01-23,,Active,0
CARD91340,CUST11718,Credit,2022-10-15,82500.0,Active,499
CARD91341,CUST14250,Debit,2024-10-19,,Blocked,0
CARD91342,CUST12202,Credit,2023-08-11,253900.0,Closed,499
CARD91343,CUST11917,Debit,2022-07-05,,Active,0
CARD91344,CUST13615,Credit,2025-05-01,214200.0,Active,0
CARD91345,CUST10973,Credit,2023-05-22,227600.0,Active,499
CARD91346,CUST11378,Debit,2022-05-31,,Active,0
CARD91347,CUST13357,Credit,2024-07-11,142400.0,Blocked,999
CARD91348,CUST12056,Credit,2025-02-14,291200.0,Active,1499
CARD91349,CUST10554,Credit,2026-01-21,151100.0,Active,999
CARD91350,CUST10734,Debit,2024-09-22,,Active,0
CARD91351,CUST14343,Credit,2022-07-06,443900.0,Blocked,0
CARD91352,CUST13921,Credit,2023-09-13,63700.0,Active,499
CARD91353,CUST12217,Credit,2025-12-23,125100.0,Active,999
CARD91354,CUST10042,Debit,2022-01-14,,Active,0
CARD91355,CUST11810,Debit,2024-08-08,,Active,0
CARD91356,CUST10807,Debit,2025-03-29,,Active,0
CARD91357,CUST11281,Debit,2025-11-13,,Active,0
CARD91358,CUST12431,Credit,2025-12-10,127400.0,Closed,0
CARD91359,CUST10142,Debit,2023-01-26,,Active,0
CARD91360,CUST13231,Debit,2022-01-06,,Active,0
CARD91361,CUST11535,Debit,2025-03-30,,Active,0
CARD91362,CUST11148,Credit,2022-01-24,89000.0,Active,0
CARD91363,CUST12764,Debit,2025-08-15,,Active,0
CARD91364,CUST13896,Credit,2024-05-09,171500.0,Active,999
CARD91365,CUST14606,Debit,2024-07-03,,Expired,0
CARD91366,CUST12937,Credit,2023-03-03,148900.0,Expired,1499
CARD91367,CUST13632,Debit,2023-03-06,,Active,0
CARD91368,CUST12758,Credit,2025-02-26,107000.0,Expired,999
CARD91369,CUST10299,Debit,2023-11-03,,Active,0
CARD91370,CUST11494,Debit,2024-11-09,,Active,0
CARD91371,CUST10453,Credit,2025-09-26,181800.0,Active,1499
CARD91372,CUST11722,Credit,2023-09-04,389800.0,Active,0
CARD91373,CUST10784,Credit,2024-02-07,100200.0,Active,499
CARD91374,CUST14087,Debit,2025-05-30,,Active,0
CARD91375,CUST13932,Debit,2023-12-19,,Active,0
CARD91376,CUST12452,Debit,2023-11-19,,Active,0
CARD91377,CUST14808,Credit,2023-09-10,174300.0,Active,1499
CARD91378,CUST11877,Credit,2024-03-09,367200.0,Active,1499
CARD91379,CUST11909,Debit,2024-05-22,,Active,0
CARD91380,CUST14886,Credit,2023-12-22,302000.0,Expired,499
CARD91381,CUST13119,Credit,2022-03-04,59800.0,Active,1499
CARD91382,CUST11460,Debit,2024-01-29,,Active,0
CARD91383,CUST10131,Debit,2023-04-30,,Active,0
CARD91384,CUST11363,Credit,2022-03-20,73400.0,Active,999
CARD91385,CUST12398,Debit,2024-08-19,,Active,0
CARD91386,CUST10162,Credit,2022-05-07,88600.0,Expired,999
CARD91387,CUST14615,Debit,2023-02-13,,Expired,0
CARD91388,CUST11953,Debit,2023-10-25,,Active,0
CARD91389,CUST11841,Credit,2023-09-09,205600.0,Active,0
CARD91390,CUST11602,Credit,2022-10-18,186400.0,Active,1499
CARD91391,CUST11940,Credit,2023-07-15,194600.0,Active,0
CARD91392,CUST14730,Debit,2022-11-24,,Active,0
CARD91393,CUST13059,Debit,2023-09-08,,Active,0
CARD91394,CUST14510,Debit,2024-11-07,,Active,0
CARD91395,CUST13514,Credit,2025-05-02,333900.0,Closed,999
CARD91396,CUST11972,Debit,2024-01-27,,Active,0
CARD91397,CUST11939,Credit,2024-05-16,80200.0,Active,499
CARD91398,CUST12669,Debit,2022-08-06,,Active,0
CARD91399,CUST12744,Credit,2024-10-18,147400.0,Active,0
CARD91400,CUST14088,Credit,2024-08-30,136500.0,Expired,499
CARD91401,CUST13840,Credit,2025-11-02,203300.0,Active,499
CARD91402,CUST13414,Debit,2022-11-21,,Active,0
CARD91403,CUST11240,Credit,2024-03-21,453900.0,Active,0
CARD91404,CUST10189,Debit,2023-03-12,,Active,0
CARD91405,CUST13602,Debit,2023-12-03,,Closed,0
CARD91406,CUST10003,Debit,2023-04-21,,Active,0
CARD91407,CUST12384,Debit,2022-11-26,,Expired,0
CARD91408,CUST12176,Credit,2025-01-05,258600.0,Active,1499
CARD91409,CUST14964,Debit,2022-08-16,,Active,0
CARD91410,CUST14285,Debit,2026-01-25,,Blocked,0
CARD91411,CUST14203,Credit,2024-01-10,199800.0,Active,1499
CARD91412,CUST10272,Credit,2026-01-24,78900.0,Active,499
CARD91413,CUST12697,Debit,2023-07-23,,Active,0
CARD91414,CUST11525,Credit,2026-01-29,104300.0,Expired,1499
CARD91415,CUST14354,Debit,2022-02-13,,Active,0
CARD91416,CUST11777,Credit,2023-09-15,297600.0,Active,999
CARD91417,CUST10444,Debit,2025-02-27,,Active,0
CARD91418,CUST10540,Credit,2024-08-23,212900.0,Active,1499
CARD91419,CUST13423,Debit,2024-12-30,,Closed,0
CARD91420,CUST14904,Debit,2024-05-01,,Active,0
CARD91421,CUST13771,Debit,2025-03-01,,Active,0
CARD91422,CUST12853,Debit,2023-10-07,,Blocked,0
CARD91423,CUST14638,Debit,2025-03-17,,Active,0
CARD91424,CUST12741,Credit,2023-09-21,114800.0,Blocked,999
CARD91425,CUST13835,Debit,2024-10-14,,Active,0
CARD91426,CUST14028,Credit,2025-09-25,112400.0,Closed,1499
CARD91427,CUST10437,Credit,2023-09-03,104600.0,Active,0
CARD91428,CUST13568,Debit,2022-08-19,,Active,0
CARD91429,CUST10857,Debit,2023-09-13,,Active,0
CARD91430,CUST11009,Debit,2025-01-09,,Active,0
CARD91431,CUST13781,Debit,2022-07-07,,Active,0
CARD91432,CUST10338,Credit,2025-05-20,48800.0,Active,499
CARD91433,CUST13007,Debit,2022-12-17,,Active,0
CARD91434,CUST13699,Debit,2023-04-26,,Active,0
CARD91435,CUST10104,Credit,2023-05-02,192600.0,Active,499
CARD91436,CUST11210,Debit,2025-07-04,,Active,0
CARD91437,CUST11563,Credit,2022-04-30,67800.0,Active,499
CARD91438,CUST11819,Credit,2024-06-06,94900.0,Active,999
CARD91439,CUST10395,Debit,2022-05-31,,Active,0
CARD91440,CUST13222,Debit,2025-10-07,,Blocked,0
CARD91441,CUST13343,Debit,2025-10-09,,Active,0
CARD91442,CUST11460,Debit,2023-09-21,,Active,0
CARD91443,CUST12171,Debit,2023-08-23,,Expired,0
CARD91444,CUST13129,Debit,2023-10-13,,Active,0
CARD91445,CUST12291,Debit,2023-07-21,,Active,0
CARD91446,CUST13607,Credit,2022-09-23,175400.0,Active,999
CARD91447,CUST14462,Debit,2022-11-16,,Active,0
CARD91448,CUST12027,Debit,2022-10-28,,Active,0
CARD91449,CUST12406,Debit,2025-10-07,,Closed,0
CARD91450,CUST14290,Credit,2022-02-23,154300.0,Active,499
CARD91451,CUST14778,Credit,2024-11-20,255700.0,Active,999
CARD91452,CUST12784,Debit,2022-09-13,,Active,0
CARD91453,CUST12337,Debit,2023-09-01,,Blocked,0
CARD91454,CUST11220,Debit,2025-02-13,,Active,0
CARD91455,CUST11781,Debit,2025-01-04,,Active,0
CARD91456,CUST14834,Debit,2025-02-04,,Blocked,0
CARD91457,CUST12197,Debit,2024-08-29,,Active,0
CARD91458,CUST14101,Debit,2023-02-05,,Active,0
CARD91459,CUST10777,Debit,2025-08-29,,Active,0
CARD91460,CUST11751,Debit,2025-11-11,,Active,0
CARD91461,CUST13901,Debit,2026-01-14,,Active,0
CARD91462,CUST11830,Debit,2023-06-14,,Active,0
CARD91463,CUST13591,Debit,2022-07-17,,Active,0
CARD91464,CUST11836,Debit,2024-03-14,,Active,0
CARD91465,CUST12072,Debit,2025-12-01,,Active,0
CARD91466,CUST11782,Debit,2024-11-06,,Blocked,0
CARD91467,CUST12428,Debit,2025-01-10,,Active,0
CARD91468,CUST11026,Debit,2024-01-13,,Active,0
CARD91469,CUST10885,Credit,2024-08-10,108300.0,Active,499
CARD91470,CUST13331,Credit,2023-08-14,254100.0,Active,1499
CARD91471,CUST14508,Credit,2023-12-27,175800.0,Active,999
CARD91472,CUST14634,Debit,2022-07-15,,Expired,0
CARD91473,CUST12524,Debit,2025-09-15,,Active,0
CARD91474,CUST11730,Credit,2025-11-13,299000.0,Active,1499
CARD91475,CUST10253,Debit,2023-10-08,,Active,0
CARD91476,CUST12172,Debit,2023-06-10,,Active,0
CARD91477,CUST11935,Credit,2025-07-20,103600.0,Blocked,999
CARD91478,CUST14500,Credit,2025-02-15,393900.0,Active,1499
CARD91479,CUST10683,Credit,2022-05-04,83100.0,Active,499
CARD91480,CUST13111,Credit,2023-10-14,58100.0,Active,499
CARD91481,CUST13487,Credit,2025-05-28,186500.0,Active,999
CARD91482,CUST10519,Debit,2022-08-12,,Active,0
CARD91483,CUST13116,Debit,2023-02-06,,Active,0
CARD91484,CUST14428,Credit,2025-01-27,98000.0,Expired,499
CARD91485,CUST13918,Debit,2022-08-02,,Active,0
CARD91486,CUST13947,Credit,2025-04-23,190700.0,Active,499
CARD91487,CUST12097,Debit,2024-12-29,,Active,0
CARD91488,CUST14771,Credit,2023-06-11,96700.0,Active,0
CARD91489,CUST14027,Debit,2025-06-09,,Active,0
CARD91490,CUST14006,Credit,2025-03-22,131900.0,Closed,1499
CARD91491,CUST14858,Debit,2025-03-07,,Active,0
CARD91492,CUST13063,Credit,2022-10-19,147300.0,Active,0
CARD91493,CUST10904,Debit,2024-09-24,,Active,0
CARD91494,CUST12406,Credit,2025-06-28,85600.0,Active,0
CARD91495,CUST11308,Credit,2024-08-25,189400.0,Active,999
CARD91496,CUST10489,Credit,2024-09-17,69200.0,Expired,999
CARD91497,CUST12122,Credit,2024-01-07,275900.0,Closed,999
CARD91498,CUST12713,Credit,2025-10-05,100700.0,Active,999
CARD91499,CUST11872,Debit,2022-12-03,,Active,0
CARD91500,CUST10553,Credit,2024-08-11,114000.0,Active,999
CARD91501,CUST14485,Credit,2024-11-06,335100.0,Active,499
CARD91502,CUST13243,Credit,2024-05-28,76700.0,Active,499
CARD91503,CUST11189,Debit,2022-01-22,,Active,0
CARD91504,CUST10976,Credit,2023-09-24,203800.0,Active,1499
CARD91505,CUST11302,Credit,2024-02-06,144000.0,Active,499
CARD91506,CUST13946,Credit,2025-07-29,82200.0,Closed,0
CARD91507,CUST12486,Credit,2025-05-08,138200.0,Active,1499
CARD91508,CUST12319,Debit,2022-04-26,,Active,0
CARD91509,CUST14309,Debit,2022-08-15,,Active,0
CARD91510,CUST11627,Debit,2025-12-02,,Active,0
CARD91511,CUST12876,Debit,2023-12-20,,Active,0
CARD91512,CUST11729,Debit,2025-04-14,,Active,0
CARD91513,CUST12226,Credit,2023-07-26,96300.0,Active,999
CARD91514,CUST10943,Debit,2024-12-17,,Active,0
CARD91515,CUST12848,Credit,2025-08-16,93900.0,Active,999
CARD91516,CUST11312,Credit,2024-06-24,151900.0,Active,499
CARD91517,CUST10286,Debit,2025-07-31,,Expired,0
CARD91518,CUST13897,Debit,2023-06-06,,Expired,0
CARD91519,CUST12807,Debit,2024-03-08,,Active,0
CARD91520,CUST10634,Debit,2022-11-10,,Blocked,0
CARD91521,CUST12551,Debit,2026-02-06,,Expired,0
CARD91522,CUST12017,Debit,2024-05-14,,Active,0
CARD91523,CUST11733,Debit,2025-12-29,,Blocked,0
CARD91524,CUST12988,Credit,2024-07-09,155900.0,Active,999
CARD91525,CUST12244,Debit,2023-08-06,,Active,0
CARD91526,CUST10977,Debit,2024-01-16,,Active,0
CARD91527,CUST12347,Credit,2025-12-22,55300.0,Active,1499
CARD91528,CUST11356,Debit,2026-01-20,,Active,0
CARD91529,CUST10084,Credit,2023-03-08,341700.0,Active,0
CARD91530,CUST13784,Credit,2023-10-26,175400.0,Expired,999
CARD91531,CUST13780,Debit,2025-01-13,,Active,0
CARD91532,CUST14858,Debit,2026-02-03,,Active,0
CARD91533,CUST12867,Debit,2022-08-13,,Active,0
CARD91534,CUST13526,Debit,2024-08-21,,Active,0
CARD91535,CUST10075,Debit,2022-04-29,,Active,0
CARD91536,CUST11722,Credit,2025-02-02,70300.0,Expired,999
CARD91537,CUST11161,Debit,2023-04-24,,Expired,0
CARD91538,CUST14808,Debit,2024-09-21,,Active,0
CARD91539,CUST12606,Debit,2023-11-26,,Active,0
CARD91540,CUST12023,Debit,2022-03-25,,Closed,0
CARD91541,CUST14153,Credit,2025-04-28,234600.0,Active,499
CARD91542,CUST10271,Debit,2023-01-16,,Active,0
CARD91543,CUST14891,Credit,2023-03-02,107500.0,Active,0
CARD91544,CUST14255,Credit,2022-03-14,713100.0,Expired,999
CARD91545,CUST11912,Debit,2025-10-13,,Active,0
CARD91546,CUST12002,Debit,2025-07-01,,Active,0
CARD91547,CUST13382,Debit,2024-04-28,,Active,0
CARD91548,CUST13132,Credit,2024-10-24,550500.0,Blocked,1499
CARD91549,CUST13817,Credit,2024-01-11,109200.0,Active,999
CARD91550,CUST10383,Debit,2022-04-20,,Active,0
CARD91551,CUST13926,Debit,2023-06-15,,Active,0
CARD91552,CUST10910,Debit,2024-08-26,,Active,0
CARD91553,CUST13999,Credit,2022-08-12,308400.0,Active,1499
CARD91554,CUST10560,Debit,2025-07-20,,Active,0
CARD91555,CUST11276,Debit,2022-09-16,,Active,0
CARD91556,CUST14116,Debit,2022-09-09,,Active,0
CARD91557,CUST13076,Debit,2024-07-08,,Active,0
CARD91558,CUST10665,Debit,2025-01-12,,Active,0
CARD91559,CUST11381,Debit,2023-02-19,,Active,0
CARD91560,CUST10447,Debit,2022-07-24,,Active,0
CARD91561,CUST13310,Debit,2025-01-01,,Active,0
CARD91562,CUST11938,Debit,2023-12-01,,Active,0
CARD91563,CUST12507,Debit,2023-03-16,,Active,0
CARD91564,CUST10028,Debit,2022-02-16,,Active,0
CARD91565,CUST10914,Debit,2022-12-16,,Active,0
CARD91566,CUST13110,Debit,2023-09-15,,Active,0
CARD91567,CUST13189,Debit,2025-07-21,,Expired,0
CARD91568,CUST10144,Debit,2024-03-06,,Active,0
CARD91569,CUST13251,Debit,2023-03-16,,Active,0
CARD91570,CUST10569,Credit,2022-06-21,245900.0,Blocked,0
CARD91571,CUST10676,Debit,2025-01-13,,Active,0
CARD91572,CUST10995,Credit,2023-06-09,266600.0,Active,1499
CARD91573,CUST14998,Credit,2026-01-28,214800.0,Active,1499
CARD91574,CUST13160,Credit,2024-08-09,126600.0,Active,499
CARD91575,CUST13665,Debit,2023-11-27,,Active,0
CARD91576,CUST14859,Debit,2025-10-13,,Active,0
CARD91577,CUST13868,Debit,2023-03-25,,Blocked,0
CARD91578,CUST14190,Credit,2022-03-05,744500.0,Active,0
CARD91579,CUST11799,Debit,2023-09-21,,Active,0
CARD91580,CUST14186,Credit,2025-10-21,48500.0,Active,0
CARD91581,CUST13419,Credit,2025-01-04,138500.0,Active,499
CARD91582,CUST13841,Credit,2024-09-10,169600.0,Active,1499
CARD91583,CUST14471,Debit,2025-05-24,,Active,0
CARD91584,CUST13022,Debit,2024-12-17,,Active,0
CARD91585,CUST13190,Debit,2022-01-02,,Active,0
CARD91586,CUST11197,Debit,2025-12-25,,Active,0
CARD91587,CUST13299,Credit,2022-07-31,226200.0,Active,1499
CARD91588,CUST11281,Debit,2023-05-21,,Active,0
CARD91589,CUST10831,Credit,2025-02-27,234100.0,Active,0
CARD91590,CUST11367,Debit,2025-02-08,,Expired,0
CARD91591,CUST14907,Credit,2024-01-09,235600.0,Active,1499
CARD91592,CUST10939,Debit,2025-10-06,,Active,0
CARD91593,CUST13001,Credit,2025-09-22,185900.0,Active,999
CARD91594,CUST12268,Credit,2024-06-09,176100.0,Active,999
CARD91595,CUST14904,Debit,2022-04-15,,Blocked,0
CARD91596,CUST14991,Debit,2022-06-04,,Active,0
CARD91597,CUST14231,Credit,2022-10-07,191500.0,Active,499
CARD91598,CUST13762,Credit,2024-09-03,288300.0,Closed,0
CARD91599,CUST10697,Credit,2025-05-21,81800.0,Active,0
CARD91600,CUST12620,Debit,2023-11-27,,Active,0
CARD91601,CUST10987,Debit,2025-12-20,,Active,0
CARD91602,CUST11516,Debit,2022-03-31,,Closed,0
CARD91603,CUST10889,Debit,2024-08-20,,Active,0
CARD91604,CUST11768,Debit,2022-02-18,,Active,0
CARD91605,CUST14277,Credit,2022-02-25,240700.0,Active,1499
CARD91606,CUST14287,Credit,2024-02-08,131200.0,Active,1499
CARD91607,CUST10456,Credit,2022-10-03,201000.0,Active,999
CARD91608,CUST10994,Debit,2025-07-05,,Active,0
CARD91609,CUST10673,Debit,2023-12-05,,Active,0
CARD91610,CUST10411,Credit,2023-03-12,76500.0,Active,1499
CARD91611,CUST11646,Debit,2023-09-10,,Expired,0
CARD91612,CUST12579,Credit,2025-06-24,148000.0,Active,1499
CARD91613,CUST14813,Debit,2025-02-02,,Active,0
CARD91614,CUST12543,Debit,2024-08-21,,Blocked,0
CARD91615,CUST13723,Debit,2025-12-28,,Active,0
CARD91616,CUST13959,Credit,2025-01-24,185500.0,Active,1499
CARD91617,CUST11752,Credit,2023-06-14,129800.0,Active,1499
CARD91618,CUST11317,Debit,2025-06-11,,Active,0
CARD91619,CUST12087,Debit,2025-10-24,,Blocked,0
CARD91620,CUST14233,Credit,2024-01-07,175600.0,Active,499
CARD91621,CUST10466,Debit,2025-01-31,,Active,0
CARD91622,CUST11749,Credit,2023-05-23,75700.0,Expired,0
CARD91623,CUST13239,Debit,2025-01-25,,Active,0
CARD91624,CUST12942,Debit,2025-02-25,,Active,0
CARD91625,CUST14134,Debit,2025-08-19,,Active,0
CARD91626,CUST10950,Credit,2025-08-25,173300.0,Active,999
CARD91627,CUST13551,Credit,2022-05-27,80500.0,Active,1499
CARD91628,CUST12185,Debit,2025-07-17,,Active,0
CARD91629,CUST10732,Debit,2023-05-07,,Active,0
CARD91630,CUST12965,Debit,2025-08-17,,Active,0
CARD91631,CUST10483,Credit,2023-08-23,292300.0,Active,1499
CARD91632,CUST13458,Debit,2023-06-30,,Active,0
CARD91633,CUST12494,Credit,2022-07-26,71400.0,Closed,1499
CARD91634,CUST11403,Debit,2025-01-20,,Active,0
CARD91635,CUST13525,Debit,2025-12-27,,Active,0
CARD91636,CUST12115,Debit,2022-10-23,,Active,0
CARD91637,CUST12566,Debit,2024-07-07,,Active,0
CARD91638,CUST13700,Credit,2023-02-17,119400.0,Active,1499
CARD91639,CUST13289,Debit,2025-09-17,,Blocked,0
CARD91640,CUST13923,Debit,2023-04-24,,Active,0
CARD91641,CUST12767,Debit,2023-12-16,,Active,0
CARD91642,CUST11623,Debit,2025-05-05,,Active,0
CARD91643,CUST10065,Debit,2024-08-26,,Active,0
CARD91644,CUST10751,Credit,2025-09-22,213000.0,Active,499
CARD91645,CUST12618,Credit,2023-09-22,124300.0,Active,0
CARD91646,CUST10134,Credit,2025-05-13,215000.0,Active,1499
CARD91647,CUST10776,Debit,2025-11-29,,Active,0
CARD91648,CUST11579,Debit,2022-02-19,,Active,0
CARD91649,CUST10375,Credit,2022-12-10,91500.0,Active,499
CARD91650,CUST14633,Debit,2022-09-13,,Active,0
CARD91651,CUST13480,Debit,2022-05-18,,Active,0
CARD91652,CUST10685,Credit,2022-01-26,147500.0,Closed,999
CARD91653,CUST10713,Debit,2025-11-04,,Expired,0
CARD91654,CUST12526,Debit,2024-06-15,,Active,0
CARD91655,CUST11244,Debit,2024-01-08,,Blocked,0
CARD91656,CUST13646,Credit,2022-11-28,147200.0,Closed,499
CARD91657,CUST13354,Debit,2024-07-31,,Active,0
CARD91658,CUST13293,Credit,2024-07-15,522100.0,Active,999
CARD91659,CUST10889,Debit,2023-08-21,,Active,0
CARD91660,CUST11538,Debit,2022-05-29,,Active,0
CARD91661,CUST12060,Debit,2022-10-17,,Active,0
CARD91662,CUST12180,Debit,2024-03-21,,Active,0
CARD91663,CUST11712,Debit,2024-06-26,,Active,0
CARD91664,CUST14577,Debit,2025-04-07,,Active,0
CARD91665,CUST12938,Debit,2023-11-18,,Active,0
CARD91666,CUST12850,Debit,2024-10-04,,Active,0
CARD91667,CUST11662,Debit,2022-11-01,,Active,0
CARD91668,CUST13023,Debit,2023-07-31,,Blocked,0
CARD91669,CUST14718,Credit,2023-10-07,351400.0,Active,1499
CARD91670,CUST10276,Credit,2022-08-21,143700.0,Active,499
CARD91671,CUST11078,Credit,2022-12-06,108500.0,Active,999
CARD91672,CUST13586,Debit,2022-11-16,,Active,0
CARD91673,CUST14387,Debit,2025-10-18,,Active,0
CARD91674,CUST14497,Credit,2025-04-03,103400.0,Active,0
CARD91675,CUST14404,Credit,2022-10-05,149200.0,Active,999
CARD91676,CUST10687,Credit,2023-02-26,114700.0,Active,0
CARD91677,CUST10224,Credit,2024-12-01,121000.0,Active,999
CARD91678,CUST11082,Debit,2024-05-28,,Closed,0
CARD91679,CUST14461,Debit,2024-09-16,,Active,0
CARD91680,CUST12403,Debit,2022-02-01,,Expired,0
CARD91681,CUST10943,Debit,2024-09-13,,Active,0
CARD91682,CUST10614,Debit,2022-08-02,,Active,0
CARD91683,CUST13985,Debit,2025-04-20,,Active,0
CARD91684,CUST12888,Debit,2024-12-12,,Active,0
CARD91685,CUST13352,Credit,2023-06-04,97400.0,Expired,499
CARD91686,CUST13506,Credit,2025-12-16,265900.0,Active,999
CARD91687,CUST14373,Credit,2024-07-19,236200.0,Active,0
CARD91688,CUST11030,Credit,2024-12-16,87000.0,Active,999
CARD91689,CUST13560,Debit,2024-08-17,,Active,0
CARD91690,CUST10011,Debit,2024-09-10,,Active,0
CARD91691,CUST12575,Debit,2024-10-24,,Closed,0
CARD91692,CUST12419,Debit,2025-08-03,,Expired,0
CARD91693,CUST13081,Debit,2022-03-09,,Active,0
CARD91694,CUST13980,Debit,2022-04-20,,Active,0
CARD91695,CUST10377,Debit,2025-03-31,,Active,0
CARD91696,CUST13981,Debit,2025-05-05,,Active,0
CARD91697,CUST14356,Debit,2025-06-11,,Active,0
CARD91698,CUST10711,Credit,2025-05-06,102100.0,Active,0
CARD91699,CUST12352,Credit,2022-02-13,57700.0,Active,999
CARD91700,CUST10348,Debit,2025-02-23,,Active,0
CARD91701,CUST13159,Debit,2023-06-21,,Active,0
CARD91702,CUST12983,Credit,2023-06-09,91900.0,Active,1499
CARD91703,CUST11930,Credit,2023-10-16,102700.0,Active,499
CARD91704,CUST10955,Debit,2024-04-25,,Active,0
CARD91705,CUST14916,Debit,2023-05-01,,Expired,0
CARD91706,CUST13937,Debit,2022-04-26,,Blocked,0
CARD91707,CUST13111,Credit,2024-08-24,82000.0,Active,1499
CARD91708,CUST14386,Debit,2022-07-18,,Active,0
CARD91709,CUST13048,Debit,2025-03-14,,Active,0
CARD91710,CUST13623,Debit,2023-12-07,,Active,0
CARD91711,CUST12645,Debit,2024-08-18,,Active,0
CARD91712,CUST13755,Debit,2024-08-25,,Active,0
CARD91713,CUST11319,Debit,2022-07-06,,Closed,0
CARD91714,CUST13323,Credit,2026-01-14,301200.0,Active,499
CARD91715,CUST13051,Debit,2022-08-27,,Expired,0
CARD91716,CUST11686,Credit,2023-02-18,112800.0,Active,499
CARD91717,CUST13371,Credit,2023-07-16,90900.0,Blocked,499
CARD91718,CUST13694,Debit,2025-06-22,,Active,0
CARD91719,CUST12387,Debit,2022-03-06,,Active,0
CARD91720,CUST11042,Debit,2024-10-19,,Active,0
CARD91721,CUST12496,Debit,2023-01-18,,Active,0
CARD91722,CUST10171,Credit,2025-01-18,202300.0,Active,0
CARD91723,CUST13438,Debit,2023-06-03,,Active,0
CARD91724,CUST11950,Debit,2022-04-17,,Active,0
CARD91725,CUST11243,Credit,2025-11-27,80700.0,Expired,0
CARD91726,CUST12523,Debit,2023-05-23,,Active,0
CARD91727,CUST12337,Debit,2022-12-11,,Active,0
CARD91728,CUST14061,Debit,2025-10-11,,Active,0
CARD91729,CUST14166,Debit,2022-02-12,,Active,0
CARD91730,CUST10724,Debit,2024-04-16,,Active,0
CARD91731,CUST14817,Credit,2024-12-15,403100.0,Active,1499
CARD91732,CUST10116,Credit,2025-09-29,228300.0,Blocked,1499
CARD91733,CUST14837,Debit,2022-09-07,,Active,0
CARD91734,CUST12119,Credit,2025-11-10,105200.0,Active,0
CARD91735,CUST13665,Debit,2023-09-04,,Active,0
CARD91736,CUST11347,Credit,2022-03-27,289700.0,Expired,499
CARD91737,CUST14760,Credit,2024-09-18,132100.0,Active,0
CARD91738,CUST12239,Debit,2024-11-16,,Expired,0
CARD91739,CUST10921,Debit,2024-12-16,,Active,0
CARD91740,CUST12366,Debit,2023-10-18,,Active,0
CARD91741,CUST14263,Credit,2024-03-03,188400.0,Expired,499
CARD91742,CUST13538,Debit,2024-07-27,,Active,0
CARD91743,CUST12470,Debit,2022-04-25,,Active,0
CARD91744,CUST12133,Credit,2025-07-12,62700.0,Active,1499
CARD91745,CUST12507,Credit,2025-10-05,87600.0,Active,999
CARD91746,CUST14657,Credit,2023-08-27,100300.0,Active,499
CARD91747,CUST14542,Debit,2025-10-28,,Active,0
CARD91748,CUST11480,Debit,2023-06-30,,Active,0
CARD91749,CUST14548,Debit,2023-05-17,,Active,0
CARD91750,CUST14546,Credit,2025-04-29,201000.0,Active,1499
CARD91751,CUST12366,Debit,2024-11-12,,Active,0
CARD91752,CUST13070,Credit,2024-08-30,220000.0,Active,999
CARD91753,CUST14011,Debit,2024-11-02,,Blocked,0
CARD91754,CUST10993,Debit,2023-05-28,,Active,0
CARD91755,CUST12338,Debit,2023-11-02,,Active,0
CARD91756,CUST11424,Credit,2023-01-04,97200.0,Active,1499
CARD91757,CUST12629,Credit,2024-02-21,150600.0,Active,1499
CARD91758,CUST11554,Credit,2024-07-04,79000.0,Closed,999
CARD91759,CUST10043,Credit,2023-03-07,54500.0,Active,0
CARD91760,CUST12104,Debit,2022-08-22,,Blocked,0
CARD91761,CUST14758,Credit,2023-10-05,296300.0,Active,999
CARD91762,CUST14384,Debit,2023-11-24,,Active,0
CARD91763,CUST11448,Credit,2022-03-29,241200.0,Blocked,499
CARD91764,CUST14285,Credit,2024-09-15,217200.0,Expired,499
CARD91765,CUST13099,Debit,2025-02-26,,Active,0
CARD91766,CUST13809,Debit,2025-03-08,,Active,0
CARD91767,CUST10124,Credit,2025-02-09,172900.0,Expired,1499
CARD91768,CUST14293,Debit,2022-01-17,,Active,0
CARD91769,CUST10262,Debit,2024-01-27,,Active,0
CARD91770,CUST11767,Credit,2026-01-21,257000.0,Active,499
CARD91771,CUST10917,Debit,2025-07-29,,Active,0
CARD91772,CUST12628,Credit,2022-10-29,56500.0,Active,999
CARD91773,CUST13449,Debit,2025-09-26,,Active,0
CARD91774,CUST10258,Debit,2023-10-03,,Active,0
CARD91775,CUST12720,Debit,2024-01-23,,Active,0
CARD91776,CUST11584,Debit,2023-02-19,,Active,0
CARD91777,CUST10009,Debit,2023-03-03,,Blocked,0
CARD91778,CUST13923,Debit,2022-11-28,,Active,0
CARD91779,CUST13362,Debit,2022-10-29,,Active,0
CARD91780,CUST13172,Credit,2023-03-13,479300.0,Active,1499
CARD91781,CUST10895,Debit,2022-04-05,,Closed,0
CARD91782,CUST12020,Credit,2023-10-10,273800.0,Active,499
CARD91783,CUST12185,Debit,2024-08-23,,Expired,0
CARD91784,CUST13269,Debit,2024-02-16,,Active,0
CARD91785,CUST13241,Debit,2022-11-18,,Active,0
CARD91786,CUST11919,Debit,2025-02-02,,Active,0
CARD91787,CUST11645,Debit,2024-06-15,,Expired,0
CARD91788,CUST10801,Debit,2022-10-09,,Expired,0
CARD91789,CUST14176,Debit,2023-10-05,,Active,0
CARD91790,CUST13942,Credit,2025-11-23,95000.0,Active,0
CARD91791,CUST11384,Debit,2025-09-20,,Active,0
CARD91792,CUST11507,Credit,2024-07-28,93700.0,Active,499
CARD91793,CUST14566,Debit,2024-08-13,,Active,0
CARD91794,CUST13999,Debit,2023-11-05,,Active,0
CARD91795,CUST11093,Debit,2024-10-03,,Active,0
CARD91796,CUST11743,Credit,2023-11-24,202900.0,Active,0
CARD91797,CUST13226,Debit,2024-08-11,,Active,0
CARD91798,CUST11108,Credit,2026-01-06,72700.0,Active,0
CARD91799,CUST10417,Debit,2026-01-21,,Active,0
CARD91800,CUST10844,Debit,2024-06-01,,Active,0
CARD91801,CUST10893,Debit,2025-12-25,,Active,0
CARD91802,CUST11179,Credit,2023-10-02,105900.0,Active,0
CARD91803,CUST13545,Credit,2025-01-13,138200.0,Active,499
CARD91804,CUST13905,Debit,2023-09-27,,Active,0
CARD91805,CUST14568,Debit,2024-07-19,,Active,0
CARD91806,CUST10247,Debit,2022-01-05,,Active,0
CARD91807,CUST13701,Credit,2024-11-24,160000.0,Active,1499
CARD91808,CUST13763,Debit,2022-07-18,,Active,0
CARD91809,CUST11198,Credit,2022-05-07,484700.0,Active,499
CARD91810,CUST14913,Credit,2024-08-07,136500.0,Active,1499
CARD91811,CUST14393,Credit,2023-08-11,155700.0,Blocked,499
CARD91812,CUST13843,Credit,2022-08-16,132200.0,Active,999
CARD91813,CUST12926,Debit,2025-01-09,,Active,0
CARD91814,CUST12090,Debit,2025-06-23,,Active,0
CARD91815,CUST14866,Debit,2023-11-08,,Active,0
CARD91816,CUST13975,Debit,2025-12-17,,Active,0
CARD91817,CUST13501,Debit,2024-03-02,,Active,0
CARD91818,CUST14664,Debit,2025-12-07,,Active,0
CARD91819,CUST13836,Debit,2024-07-08,,Active,0
CARD91820,CUST14886,Debit,2023-07-07,,Active,0
CARD91821,CUST11018,Debit,2025-12-18,,Active,0
CARD91822,CUST12309,Debit,2024-11-04,,Active,0
CARD91823,CUST10314,Debit,2025-09-03,,Active,0
CARD91824,CUST13640,Debit,2022-08-06,,Active,0
CARD91825,CUST11727,Credit,2024-11-10,86900.0,Active,999
CARD91826,CUST13639,Debit,2022-09-20,,Closed,0
CARD91827,CUST11741,Credit,2022-07-14,152000.0,Closed,999
CARD91828,CUST10006,Debit,2024-06-11,,Active,0
CARD91829,CUST12818,Debit,2024-01-13,,Active,0
CARD91830,CUST12678,Debit,2022-07-05,,Active,0
CARD91831,CUST12413,Debit,2025-02-14,,Active,0
CARD91832,CUST12857,Debit,2025-02-03,,Active,0
CARD91833,CUST10123,Credit,2022-11-14,130500.0,Active,499
CARD91834,CUST12425,Debit,2023-07-29,,Active,0
CARD91835,CUST13341,Debit,2023-05-04,,Active,0
CARD91836,CUST12133,Debit,2024-07-31,,Active,0
CARD91837,CUST10235,Debit,2024-01-11,,Active,0
CARD91838,CUST14896,Debit,2022-12-22,,Active,0
CARD91839,CUST13261,Credit,2026-01-12,225600.0,Active,999
CARD91840,CUST10774,Credit,2025-03-25,103300.0,Active,0
CARD91841,CUST11002,Credit,2024-01-03,240700.0,Active,0
CARD91842,CUST10018,Debit,2024-11-18,,Active,0
CARD91843,CUST12933,Credit,2022-07-27,70100.0,Active,999
CARD91844,CUST11363,Debit,2023-01-13,,Active,0
CARD91845,CUST13722,Debit,2023-05-11,,Active,0
CARD91846,CUST13796,Debit,2025-10-01,,Active,0
CARD91847,CUST14818,Credit,2025-05-03,267000.0,Active,1499
CARD91848,CUST12447,Debit,2022-03-20,,Active,0
CARD91849,CUST11224,Debit,2023-09-09,,Active,0
CARD91850,CUST14623,Debit,2025-11-07,,Active,0
CARD91851,CUST14974,Debit,2026-01-11,,Active,0
CARD91852,CUST14660,Debit,2025-02-11,,Active,0
CARD91853,CUST12092,Debit,2022-06-08,,Expired,0
CARD91854,CUST12798,Credit,2025-12-18,145100.0,Active,0
CARD91855,CUST14783,Credit,2022-07-30,77000.0,Active,1499
CARD91856,CUST14172,Debit,2022-06-23,,Active,0
CARD91857,CUST13062,Credit,2022-02-08,281500.0,Blocked,1499
CARD91858,CUST11491,Debit,2023-05-25,,Active,0
CARD91859,CUST12079,Debit,2023-04-22,,Active,0
CARD91860,CUST13273,Credit,2022-08-22,238500.0,Active,999
CARD91861,CUST12838,Debit,2023-11-15,,Active,0
CARD91862,CUST12201,Debit,2025-08-03,,Active,0
CARD91863,CUST11699,Credit,2023-09-09,394800.0,Active,0
CARD91864,CUST14217,Debit,2022-10-31,,Active,0
CARD91865,CUST14045,Credit,2022-10-17,218100.0,Active,0
CARD91866,CUST11224,Debit,2025-02-07,,Active,0
CARD91867,CUST13682,Debit,2023-05-18,,Active,0
CARD91868,CUST11080,Debit,2023-07-02,,Expired,0
CARD91869,CUST14787,Credit,2023-10-31,99700.0,Expired,1499
CARD91870,CUST12670,Debit,2025-11-23,,Active,0
CARD91871,CUST11554,Credit,2024-07-03,496500.0,Active,1499
CARD91872,CUST11297,Debit,2022-05-13,,Active,0
CARD91873,CUST10307,Debit,2025-07-05,,Active,0
CARD91874,CUST11928,Debit,2023-03-30,,Active,0
CARD91875,CUST13346,Credit,2024-05-13,209700.0,Active,999
CARD91876,CUST11147,Credit,2024-05-31,156400.0,Active,1499
CARD91877,CUST12540,Debit,2024-05-12,,Active,0
CARD91878,CUST14481,Credit,2022-05-29,123000.0,Active,999
CARD91879,CUST13042,Credit,2022-06-09,182900.0,Active,0
CARD91880,CUST10230,Debit,2024-03-07,,Closed,0
CARD91881,CUST11228,Debit,2024-08-27,,Active,0
CARD91882,CUST12190,Debit,2025-04-24,,Active,0
CARD91883,CUST14173,Debit,2024-05-07,,Active,0
CARD91884,CUST13531,Credit,2024-01-12,241400.0,Active,999
CARD91885,CUST13889,Credit,2023-05-07,353700.0,Active,499
CARD91886,CUST10705,Debit,2022-07-11,,Active,0
CARD91887,CUST14711,Debit,2023-07-25,,Active,0
CARD91888,CUST13530,Credit,2025-12-15,272300.0,Active,1499
CARD91889,CUST11815,Debit,2023-08-21,,Blocked,0
CARD91890,CUST11842,Credit,2022-06-24,119200.0,Closed,0
CARD91891,CUST11735,Debit,2024-08-02,,Active,0
CARD91892,CUST14718,Debit,2022-02-28,,Closed,0
CARD91893,CUST12935,Credit,2024-02-12,137900.0,Active,999
CARD91894,CUST14002,Debit,2022-01-26,,Closed,0
CARD91895,CUST14192,Debit,2024-03-14,,Expired,0
CARD91896,CUST11725,Credit,2023-08-21,50500.0,Active,499
CARD91897,CUST10976,Credit,2026-01-23,163600.0,Active,0
CARD91898,CUST13891,Debit,2024-03-22,,Active,0
CARD91899,CUST10017,Debit,2023-11-13,,Active,0
CARD91900,CUST13538,Debit,2023-05-31,,Active,0
CARD91901,CUST13346,Debit,2024-04-19,,Active,0
CARD91902,CUST12432,Debit,2022-07-12,,Active,0
CARD91903,CUST13608,Debit,2026-01-16,,Active,0
CARD91904,CUST12250,Debit,2024-02-25,,Active,0
CARD91905,CUST14688,Debit,2023-05-08,,Active,0
CARD91906,CUST13269,Debit,2026-01-21,,Blocked,0
CARD91907,CUST14287,Debit,2023-06-21,,Active,0
CARD91908,CUST12430,Debit,2023-11-25,,Active,0
CARD91909,CUST13450,Credit,2023-12-27,233000.0,Active,999
CARD91910,CUST11073,Credit,2022-01-29,178800.0,Active,1499
CARD91911,CUST12291,Debit,2023-07-11,,Blocked,0
CARD91912,CUST13144,Debit,2023-11-24,,Active,0
CARD91913,CUST10638,Credit,2022-02-09,132000.0,Active,0
CARD91914,CUST13337,Credit,2022-03-07,62900.0,Active,0
CARD91915,CUST13024,Debit,2022-01-06,,Active,0
CARD91916,CUST13646,Credit,2022-04-11,146600.0,Active,499
CARD91917,CUST10947,Credit,2025-06-05,49900.0,Active,999
CARD91918,CUST12618,Credit,2022-11-14,182200.0,Blocked,0
CARD91919,CUST14930,Credit,2024-07-26,187200.0,Active,999
CARD91920,CUST14982,Credit,2023-11-22,450300.0,Active,999
CARD91921,CUST12118,Debit,2024-09-23,,Active,0
CARD91922,CUST14512,Debit,2025-03-08,,Active,0
CARD91923,CUST10434,Debit,2022-02-11,,Blocked,0
CARD91925,CUST10988,Debit,2022-10-30,,Closed,0
CARD91926,CUST14451,Credit,2026-01-19,149200.0,Blocked,499
CARD91927,CUST11796,Debit,2023-08-27,,Active,0
CARD91928,CUST11213,Credit,2024-05-03,88900.0,Active,499
CARD91929,CUST14432,Credit,2022-08-03,140600.0,Active,999
CARD91930,CUST11968,Debit,2024-04-02,,Active,0
CARD91931,CUST13667,Debit,2024-10-26,,Active,0
CARD91932,CUST11400,Credit,2025-09-02,108200.0,Active,999
CARD91933,CUST13232,Debit,2024-09-03,,Active,0
CARD91934,CUST10655,Debit,2026-01-26,,Active,0
CARD91935,CUST12351,Credit,2024-09-19,254500.0,Blocked,999
CARD91936,CUST12178,Credit,2023-08-04,216300.0,Active,0
CARD91937,CUST10236,Debit,2024-06-18,,Active,0
CARD91938,CUST11486,Debit,2026-01-11,,Active,0
CARD91939,CUST12155,Debit,2022-04-08,,Expired,0
CARD91940,CUST11378,Debit,2024-01-30,,Active,0
CARD91941,CUST11969,Credit,2024-06-17,102200.0,Active,999
CARD91942,CUST14077,Debit,2023-12-28,,Expired,0
CARD91943,CUST11886,Credit,2022-03-14,116600.0,Closed,1499
CARD91944,CUST13426,Debit,2024-06-30,,Expired,0
CARD91945,CUST13329,Credit,2022-05-15,128000.0,Active,1499
CARD91946,CUST12432,Debit,2024-12-21,,Active,0
CARD91947,CUST10852,Debit,2024-04-21,,Active,0
CARD91948,CUST10097,Debit,2024-04-26,,Closed,0
CARD91949,CUST11858,Credit,2022-06-04,153700.0,Closed,499
CARD91950,CUST11610,Debit,2026-01-21,,Active,0
CARD91951,CUST12808,Credit,2024-09-19,165000.0,Active,999
CARD91952,CUST10065,Debit,2025-01-21,,Closed,0
CARD91953,CUST12884,Credit,2024-03-19,342900.0,Active,1499
CARD91954,CUST13712,Debit,2024-09-25,,Active,0
CARD91955,CUST13826,Debit,2022-09-21,,Active,0
CARD91956,CUST10389,Debit,2025-02-22,,Expired,0
CARD91957,CUST13863,Credit,2022-06-05,59200.0,Blocked,999
CARD91958,CUST10476,Credit,2023-02-28,207000.0,Active,999
CARD91959,CUST11389,Credit,2024-10-18,161200.0,Blocked,999
CARD91960,CUST11881,Debit,2023-09-28,,Closed,0
CARD91961,CUST12919,Debit,2022-10-25,,Active,0
CARD91962,CUST10735,Credit,2026-01-30,87900.0,Active,499
CARD91963,CUST14314,Debit,2024-06-15,,Active,0
CARD91964,CUST10421,Debit,2024-03-13,,Active,0
CARD91965,CUST13677,Debit,2023-03-15,,Active,0
CARD91966,CUST12727,Debit,2025-07-08,,Active,0
CARD91967,CUST13749,Debit,2022-03-17,,Active,0
CARD91968,CUST13118,Debit,2023-09-17,,Active,0
CARD91969,CUST12479,Debit,2022-09-18,,Closed,0
CARD91970,CUST14947,Credit,2023-06-14,175000.0,Active,0
CARD91971,CUST12225,Credit,2023-08-19,218300.0,Active,1499
CARD91972,CUST14099,Credit,2022-09-17,210200.0,Active,999
CARD91973,CUST13991,Debit,2025-06-04,,Active,0
CARD91974,CUST11255,Debit,2024-12-04,,Active,0
CARD91975,CUST11600,Debit,2024-10-22,,Active,0
CARD91976,CUST14749,Debit,2025-09-11,,Active,0
CARD91977,CUST14124,Credit,2024-03-14,197300.0,Active,0
CARD91978,CUST13499,Debit,2026-02-03,,Active,0
CARD91979,CUST11982,Credit,2024-12-17,331800.0,Closed,0
CARD91980,CUST14157,Credit,2022-01-30,182500.0,Active,0
CARD91981,CUST10846,Debit,2022-06-29,,Expired,0
CARD91982,CUST12065,Debit,2024-10-02,,Active,0
CARD91983,CUST10303,Debit,2022-01-09,,Active,0
CARD91984,CUST11362,Debit,2023-08-10,,Active,0
CARD91985,CUST10805,Debit,2025-09-22,,Active,0
CARD91986,CUST14041,Debit,2025-07-31,,Active,0
CARD91987,CUST14084,Debit,2025-08-16,,Active,0
CARD91988,CUST12623,Credit,2025-01-06,130700.0,Active,1499
CARD91989,CUST11620,Debit,2025-02-27,,Active,0
CARD91990,CUST13513,Debit,2025-04-26,,Active,0
CARD91991,CUST11768,Debit,2023-03-11,,Active,0
CARD91992,CUST13015,Credit,2024-08-01,106700.0,Active,499
CARD91993,CUST13830,Credit,2025-08-23,136500.0,Expired,0
CARD91994,CUST14711,Credit,2024-11-06,57700.0,Active,499
CARD91995,CUST13621,Debit,2024-01-13,,Active,0
CARD91996,CUST12371,Debit,2023-01-06,,Active,0
CARD91997,CUST10168,Debit,2022-08-19,,Blocked,0
CARD91998,CUST12133,Debit,2024-02-08,,Expired,0
CARD91999,CUST13634,Debit,2023-01-10,,Active,0
CARD92000,CUST11211,Debit,2025-05-21,,Closed,0
CARD92001,CUST11937,Credit,2022-01-08,289400.0,Active,1499
CARD92002,CUST12801,Credit,2025-01-09,100300.0,Active,999
CARD92003,CUST13329,Debit,2025-06-10,,Expired,0
CARD92004,CUST11518,Debit,2023-09-12,,Active,0
CARD92005,CUST13566,Debit,2025-03-28,,Active,0
CARD92006,CUST13757,Debit,2024-01-20,,Active,0
CARD92007,CUST11567,Debit,2023-07-10,,Active,0
CARD92008,CUST13028,Credit,2022-11-17,109300.0,Active,0
CARD92009,CUST10994,Debit,2023-11-29,,Active,0
CARD92010,CUST12706,Debit,2025-11-17,,Active,0
CARD92011,CUST10152,Credit,2023-07-20,95400.0,Closed,1499
CARD92012,CUST12997,Debit,2024-12-25,,Active,0
CARD92013,CUST11505,Debit,2022-10-09,,Active,0
CARD92014,CUST13257,Debit,2024-09-01,,Closed,0
CARD92015,CUST12339,Credit,2024-01-13,135700.0,Active,0
CARD92016,CUST14739,Debit,2023-06-01,,Active,0
CARD92017,CUST11946,Debit,2022-04-06,,Closed,0
CARD92018,CUST14926,Credit,2023-11-08,146000.0,Active,999
CARD92019,CUST10455,Debit,2024-01-13,,Active,0
CARD92020,CUST13044,Debit,2023-06-22,,Active,0
CARD92021,CUST13138,Debit,2022-11-12,,Closed,0
CARD92022,CUST11074,Debit,2025-09-06,,Blocked,0
CARD92023,CUST11121,Credit,2025-05-05,317200.0,Active,1499
CARD92024,CUST11570,Debit,2024-03-19,,Active,0
CARD92025,CUST10208,Credit,2025-10-24,245400.0,Active,999
CARD92026,CUST12449,Debit,2022-11-19,,Closed,0
CARD92027,CUST12544,Credit,2022-01-08,139000.0,Closed,499
CARD92028,CUST13259,Debit,2025-04-30,,Active,0
CARD92029,CUST10148,Credit,2025-03-26,115500.0,Active,999
CARD92030,CUST14051,Credit,2024-07-30,59400.0,Active,1499
CARD92031,CUST10244,Debit,2024-08-28,,Closed,0
CARD92032,CUST13888,Credit,2024-12-10,178300.0,Expired,1499
CARD92033,CUST14893,Debit,2022-07-20,,Active,0
CARD92034,CUST13466,Debit,2022-11-22,,Active,0
CARD92035,CUST11182,Debit,2025-03-30,,Active,0
CARD92036,CUST14094,Debit,2024-05-04,,Active,0
CARD92037,CUST14368,Debit,2024-12-13,,Active,0
CARD92038,CUST12041,Credit,2022-08-26,80300.0,Blocked,999
CARD92039,CUST13293,Credit,2022-06-03,367800.0,Active,0
CARD92040,CUST14055,Debit,2023-12-11,,Active,0
CARD92041,CUST11798,Credit,2025-08-24,99500.0,Active,1499
CARD92042,CUST11568,Debit,2022-06-03,,Active,0
CARD92043,CUST11784,Credit,2025-06-25,88800.0,Active,1499
CARD92044,CUST10022,Debit,2024-08-27,,Expired,0
CARD92045,CUST12170,Debit,2023-05-15,,Active,0
CARD92046,CUST14344,Credit,2023-07-15,41600.0,Active,0
CARD92047,CUST11740,Debit,2023-03-13,,Active,0
CARD92048,CUST10668,Debit,2022-12-03,,Active,0
CARD92049,CUST13786,Credit,2023-08-14,129600.0,Active,0
CARD92050,CUST10076,Credit,2022-09-27,152100.0,Active,0
CARD92051,CUST10499,Credit,2023-01-01,102100.0,Active,0
CARD92052,CUST10439,Debit,2025-02-04,,Active,0
CARD92053,CUST11204,Debit,2025-08-25,,Expired,0
CARD92054,CUST10470,Debit,2024-04-19,,Active,0
CARD92055,CUST10879,Debit,2022-11-21,,Active,0
CARD92056,CUST11523,Credit,2022-10-29,81800.0,Active,1499
CARD92057,CUST11142,Credit,2022-10-01,124400.0,Active,999
CARD92058,CUST12442,Debit,2024-03-18,,Active,0
CARD92059,CUST11890,Credit,2023-07-17,58600.0,Active,999
CARD92060,CUST14045,Debit,2024-11-04,,Active,0
CARD92061,CUST14630,Credit,2026-01-01,452100.0,Closed,0
CARD92062,CUST13704,Debit,2025-07-18,,Active,0
CARD92063,CUST11786,Credit,2023-11-06,134300.0,Expired,499
CARD92064,CUST13421,Credit,2024-01-10,156000.0,Expired,1499
CARD92065,CUST10194,Debit,2022-07-22,,Active,0
CARD92066,CUST12977,Debit,2024-12-22,,Active,0
CARD92067,CUST10747,Credit,2025-10-28,164500.0,Closed,1499
CARD92068,CUST14054,Debit,2024-08-11,,Blocked,0
CARD92069,CUST10540,Credit,2024-04-12,33500.0,Active,1499
CARD92070,CUST11835,Debit,2024-02-04,,Active,0
CARD92071,CUST10002,Credit,2025-06-07,230100.0,Active,0
CARD92072,CUST10983,Debit,2026-02-04,,Active,0
CARD92073,CUST10056,Debit,2024-02-19,,Expired,0
CARD92074,CUST13582,Debit,2022-11-15,,Active,0
CARD92075,CUST10696,Debit,2023-10-15,,Expired,0
CARD92076,CUST11546,Debit,2023-05-25,,Active,0
CARD92077,CUST14793,Credit,2025-07-22,98100.0,Active,999
CARD92078,CUST11729,Credit,2022-12-02,136500.0,Active,1499
CARD92079,CUST14478,Debit,2024-07-13,,Active,0
CARD92080,CUST13629,Debit,2022-08-01,,Active,0
CARD92081,CUST11428,Debit,2023-09-17,,Active,0
CARD92082,CUST14424,Credit,2023-05-02,152100.0,Active,499
CARD92083,CUST13681,Debit,2022-05-21,,Active,0
CARD92084,CUST11759,Debit,2022-12-16,,Active,0
CARD92085,CUST14160,Credit,2024-08-18,212400.0,Active,1499
CARD92086,CUST12854,Credit,2025-11-04,130100.0,Active,0
CARD92087,CUST12989,Debit,2023-10-12,,Active,0
CARD92088,CUST11989,Debit,2025-02-21,,Active,0
CARD92089,CUST14251,Credit,2022-03-03,599000.0,Active,499
CARD92090,CUST14984,Debit,2025-08-16,,Active,0
CARD92091,CUST12335,Debit,2025-05-10,,Closed,0
CARD92092,CUST12197,Debit,2023-05-03,,Active,0
CARD92093,CUST13483,Credit,2025-03-20,142800.0,Active,999
CARD92094,CUST14057,Debit,2026-01-23,,Active,0
CARD92095,CUST11084,Debit,2025-01-18,,Blocked,0
CARD92096,CUST13636,Debit,2022-04-04,,Active,0
CARD92097,CUST12921,Debit,2022-03-18,,Active,0
CARD92098,CUST14995,Debit,2023-07-08,,Active,0
CARD92099,CUST12924,Debit,2022-12-30,,Active,0
CARD92100,CUST11197,Debit,2024-03-15,,Expired,0
CARD92101,CUST11823,Debit,2022-03-13,,Active,0
CARD92102,CUST14132,Debit,2023-04-16,,Expired,0
CARD92103,CUST13185,Debit,2024-02-19,,Active,0
CARD92104,CUST14668,Debit,2024-09-02,,Active,0
CARD92105,CUST11917,Debit,2023-04-08,,Active,0
CARD92106,CUST11256,Debit,2022-01-12,,Closed,0
CARD92107,CUST10547,Debit,2022-01-11,,Active,0
CARD92108,CUST12749,Debit,2024-01-13,,Active,0
CARD92109,CUST11187,Credit,2025-07-05,100800.0,Expired,1499
CARD92110,CUST10505,Credit,2024-03-09,115900.0,Active,499
CARD92111,CUST11985,Credit,2025-08-10,313300.0,Active,1499
CARD92112,CUST14932,Debit,2023-10-10,,Active,0
CARD92113,CUST12573,Debit,2024-01-15,,Closed,0
CARD92114,CUST13914,Debit,2024-02-07,,Active,0
CARD92115,CUST11408,Debit,2025-10-05,,Closed,0
CARD92116,CUST10212,Credit,2022-10-31,255700.0,Active,499
CARD92117,CUST14125,Credit,2023-07-20,229100.0,Active,1499
CARD92118,CUST14105,Debit,2023-08-12,,Active,0
CARD92119,CUST10195,Credit,2022-01-07,77200.0,Active,1499
CARD92120,CUST14262,Debit,2023-01-24,,Active,0
CARD92121,CUST12067,Debit,2024-08-07,,Expired,0
CARD92122,CUST13306,Credit,2024-04-14,326300.0,Active,1499
CARD92123,CUST12727,Debit,2025-09-21,,Blocked,0
CARD92124,CUST12115,Credit,2022-11-01,364200.0,Active,0
CARD92125,CUST12560,Debit,2025-04-20,,Blocked,0
CARD92126,CUST10811,Credit,2022-11-07,186400.0,Expired,499
CARD92127,CUST13217,Debit,2022-08-22,,Active,0
CARD92128,CUST14767,Debit,2022-01-31,,Active,0
CARD92129,CUST13993,Credit,2025-01-07,91800.0,Expired,0
CARD92130,CUST10627,Debit,2024-09-25,,Active,0
CARD92131,CUST14840,Debit,2025-07-24,,Active,0
CARD92132,CUST13244,Debit,2024-12-15,,Active,0
CARD92133,CUST11873,Debit,2025-10-20,,Active,0
CARD92134,CUST13551,Debit,2025-12-28,,Active,0
CARD92135,CUST13351,Debit,2022-01-04,,Blocked,0
CARD92136,CUST13162,Debit,2024-05-17,,Active,0
CARD92137,CUST12338,Debit,2025-12-16,,Active,0
CARD92138,CUST14156,Credit,2024-05-20,89400.0,Active,999
CARD92139,CUST13023,Debit,2023-12-22,,Active,0
CARD92140,CUST10119,Debit,2023-02-26,,Active,0
CARD92141,CUST12640,Debit,2023-04-18,,Active,0
CARD92142,CUST14547,Debit,2023-06-19,,Active,0
CARD92143,CUST13004,Credit,2024-06-21,101900.0,Active,499
CARD92144,CUST14218,Debit,2023-07-14,,Active,0
CARD92145,CUST11224,Credit,2023-06-20,185600.0,Active,0
CARD92146,CUST12165,Credit,2025-09-10,175100.0,Active,1499
CARD92147,CUST13444,Debit,2022-12-10,,Active,0
CARD92148,CUST13417,Credit,2025-05-26,80100.0,Active,0
CARD92149,CUST13759,Debit,2022-06-21,,Expired,0
CARD92150,CUST10328,Credit,2024-11-11,126200.0,Active,999
CARD92151,CUST13531,Credit,2025-04-21,111500.0,Blocked,999
CARD92152,CUST10796,Credit,2024-05-29,132700.0,Active,1499
CARD92153,CUST11737,Debit,2024-02-24,,Expired,0
CARD92154,CUST12272,Credit,2023-06-29,122200.0,Closed,0
CARD92155,CUST10016,Debit,2023-10-31,,Active,0
CARD92156,CUST14951,Debit,2025-08-10,,Active,0
CARD92157,CUST13980,Credit,2023-03-19,91200.0,Expired,499
CARD92158,CUST11480,Debit,2022-06-16,,Active,0
CARD92159,CUST14629,Credit,2024-11-05,223000.0,Active,0
CARD92160,CUST12856,Debit,2023-03-28,,Active,0
CARD92161,CUST14198,Credit,2023-10-23,119000.0,Active,1499
CARD92162,CUST12655,Debit,2024-01-08,,Active,0
CARD92163,CUST11926,Credit,2025-05-30,109600.0,Expired,0
CARD92164,CUST12232,Debit,2023-07-02,,Active,0
CARD92165,CUST13276,Credit,2024-09-15,125700.0,Active,499
CARD92167,CUST13786,Debit,2023-07-07,,Blocked,0
CARD92168,CUST10390,Debit,2024-09-03,,Active,0
CARD92169,CUST14780,Credit,2022-09-06,132300.0,Active,0
CARD92170,CUST13202,Debit,2024-11-06,,Active,0
CARD92171,CUST13506,Credit,2024-06-30,67100.0,Expired,999
CARD92172,CUST12396,Debit,2026-01-01,,Active,0
CARD92173,CUST12884,Debit,2023-01-30,,Expired,0
CARD92174,CUST11296,Debit,2024-10-18,,Active,0
CARD92175,CUST14074,Credit,2023-05-26,203700.0,Active,499
CARD92176,CUST10096,Credit,2022-02-25,121500.0,Active,999
CARD92177,CUST11265,Debit,2022-08-31,,Closed,0
CARD92178,CUST13481,Debit,2024-12-22,,Active,0
CARD92179,CUST14420,Debit,2024-10-30,,Closed,0
CARD92180,CUST14520,Debit,2025-10-25,,Active,0
CARD92181,CUST12871,Debit,2024-05-02,,Active,0
CARD92182,CUST10823,Debit,2023-09-04,,Expired,0
CARD92183,CUST10887,Debit,2024-07-03,,Closed,0
CARD92184,CUST14375,Debit,2023-01-21,,Active,0
CARD92185,CUST11931,Debit,2022-08-23,,Active,0
CARD92186,CUST12398,Debit,2024-11-03,,Active,0
CARD92187,CUST12741,Debit,2025-01-10,,Active,0
CARD92188,CUST10598,Debit,2024-03-30,,Active,0
CARD92189,CUST14155,Debit,2024-11-05,,Closed,0
CARD92190,CUST10923,Debit,2025-09-14,,Active,0
CARD92191,CUST11184,Credit,2023-10-07,165300.0,Active,499
CARD92192,CUST14199,Debit,2024-12-06,,Active,0
CARD92193,CUST13062,Credit,2025-05-19,73200.0,Active,0
CARD92194,CUST13822,Debit,2023-01-18,,Active,0
CARD92195,CUST14087,Debit,2025-10-23,,Active,0
CARD92196,CUST12232,Credit,2022-01-15,90000.0,Active,999
CARD92197,CUST11247,Debit,2023-09-12,,Blocked,0
CARD92198,CUST10953,Credit,2025-09-07,95100.0,Active,999
CARD92199,CUST13285,Credit,2023-01-12,154400.0,Blocked,499
CARD92200,CUST11179,Debit,2022-07-30,,Active,0
CARD92201,CUST10197,Debit,2023-02-17,,Active,0
CARD92202,CUST14341,Debit,2024-10-19,,Active,0
CARD92203,CUST10367,Credit,2023-09-13,161700.0,Active,999
CARD92204,CUST13552,Debit,2024-10-28,,Active,0
CARD92205,CUST11767,Debit,2022-04-10,,Blocked,0
CARD92206,CUST13090,Debit,2026-01-01,,Expired,0
CARD92207,CUST14647,Debit,2025-07-30,,Active,0
CARD92208,CUST13889,Debit,2022-05-13,,Blocked,0
CARD92209,CUST11063,Credit,2025-07-12,62200.0,Active,1499
CARD92210,CUST12680,Debit,2022-10-09,,Active,0
CARD92211,CUST12540,Debit,2024-07-01,,Expired,0
CARD92212,CUST11484,Debit,2024-07-25,,Active,0
CARD92213,CUST13523,Debit,2023-10-03,,Active,0
CARD92214,CUST13966,Credit,2022-07-11,188300.0,Expired,499
CARD92215,CUST12714,Credit,2023-07-18,77900.0,Closed,0
CARD92216,CUST13678,Debit,2022-12-20,,Active,0
CARD92217,CUST13312,Credit,2026-01-31,296800.0,Closed,0
CARD92218,CUST13853,Credit,2025-10-30,294700.0,Active,999
CARD92219,CUST10395,Debit,2022-02-25,,Active,0
CARD92220,CUST11656,Debit,2022-03-24,,Active,0
CARD92221,CUST13803,Credit,2025-02-16,257900.0,Active,499
CARD92222,CUST11615,Debit,2023-01-17,,Active,0
CARD92223,CUST12453,Credit,2023-10-14,192700.0,Active,1499
CARD92224,CUST12283,Debit,2024-04-28,,Active,0
CARD92225,CUST13892,Debit,2025-11-23,,Active,0
CARD92226,CUST12541,Debit,2023-04-11,,Active,0
CARD92227,CUST10488,Debit,2025-02-25,,Active,0
CARD92228,CUST10920,Debit,2023-11-30,,Active,0
CARD92229,CUST12073,Debit,2023-06-09,,Active,0
CARD92230,CUST11077,Credit,2024-11-25,115700.0,Blocked,0
CARD92231,CUST10663,Debit,2025-11-29,,Active,0
CARD92232,CUST14550,Debit,2023-12-10,,Closed,0
CARD92233,CUST12032,Debit,2023-12-21,,Active,0
CARD92234,CUST12584,Debit,2024-10-07,,Expired,0
CARD92235,CUST14184,Debit,2023-09-14,,Active,0
CARD92236,CUST14520,Debit,2024-07-27,,Closed,0
CARD92237,CUST12708,Credit,2022-01-21,313500.0,Active,999
CARD92238,CUST12860,Debit,2022-03-13,,Active,0
CARD92239,CUST13157,Debit,2024-11-09,,Closed,0
CARD92240,CUST10471,Credit,2025-03-24,94700.0,Active,1499
CARD92241,CUST11469,Debit,2024-04-16,,Active,0
CARD92242,CUST11226,Debit,2023-12-28,,Active,0
CARD92243,CUST13697,Debit,2024-11-09,,Active,0
CARD92244,CUST12978,Credit,2024-05-19,90200.0,Blocked,999
CARD92245,CUST10604,Credit,2025-04-30,60800.0,Active,999
CARD92246,CUST12749,Credit,2024-01-24,130700.0,Expired,1499
CARD92247,CUST11856,Debit,2024-01-13,,Active,0
CARD92248,CUST14987,Debit,2023-02-19,,Closed,0
CARD92249,CUST10932,Debit,2025-05-17,,Closed,0
CARD92250,CUST14250,Debit,2023-04-04,,Active,0
CARD92251,CUST14947,Credit,2025-07-03,400400.0,Expired,0
CARD92252,CUST14047,Credit,2025-02-22,270500.0,Active,999
CARD92253,CUST14293,Debit,2023-08-08,,Active,0
CARD92254,CUST11432,Debit,2024-09-09,,Expired,0
CARD92255,CUST13239,Debit,2023-02-09,,Active,0
CARD92256,CUST11429,Debit,2022-07-06,,Expired,0
CARD92257,CUST11362,Debit,2025-01-30,,Active,0
CARD92258,CUST10138,Debit,2023-05-15,,Active,0
CARD92259,CUST13582,Credit,2024-12-04,173400.0,Active,999
CARD92260,CUST10528,Debit,2022-06-19,,Active,0
CARD92261,CUST10374,Debit,2025-10-02,,Active,0
CARD92262,CUST14174,Credit,2025-03-24,79900.0,Active,1499
CARD92263,CUST10531,Credit,2024-05-22,229100.0,Active,999
CARD92264,CUST10715,Credit,2022-04-25,146700.0,Active,499
CARD92265,CUST13332,Credit,2025-10-24,144400.0,Blocked,1499
CARD92266,CUST11151,Debit,2022-04-12,,Active,0
CARD92267,CUST14620,Credit,2026-01-02,150000.0,Active,999
CARD92268,CUST11176,Debit,2024-05-21,,Active,0
CARD92269,CUST12830,Debit,2025-10-31,,Active,0
CARD92270,CUST12486,Debit,2023-10-27,,Active,0
CARD92271,CUST11593,Debit,2022-09-21,,Expired,0
CARD92272,CUST13680,Credit,2024-03-25,44700.0,Active,1499
CARD92273,CUST10266,Credit,2023-03-20,110600.0,Active,1499
CARD92274,CUST11518,Debit,2025-12-02,,Closed,0
CARD92275,CUST14974,Debit,2022-12-07,,Blocked,0
CARD92276,CUST10717,Credit,2025-08-02,95600.0,Active,999
CARD92277,CUST14957,Debit,2024-06-16,,Active,0
CARD92278,CUST14669,Debit,2022-01-31,,Active,0
CARD92279,CUST12997,Debit,2025-12-07,,Active,0
CARD92280,CUST10649,Credit,2023-03-25,116600.0,Active,0
CARD92281,CUST14487,Debit,2022-01-15,,Active,0
CARD92282,CUST14705,Credit,2022-10-29,189500.0,Active,0
CARD92283,CUST11975,Debit,2025-03-25,,Active,0
CARD92284,CUST14223,Debit,2022-11-07,,Active,0
CARD92285,CUST12396,Debit,2024-10-10,,Active,0
CARD92286,CUST10824,Credit,2024-08-13,62200.0,Active,0
CARD92287,CUST12922,Debit,2025-01-21,,Active,0
CARD92288,CUST12053,Credit,2022-04-02,124700.0,Active,0
CARD92289,CUST11279,Credit,2025-06-23,285900.0,Active,999
CARD92290,CUST12295,Debit,2022-04-27,,Active,0
CARD92291,CUST14064,Debit,2023-12-28,,Active,0
CARD92292,CUST14049,Credit,2022-09-16,209400.0,Active,499
CARD92293,CUST14238,Debit,2023-12-13,,Active,0
CARD92294,CUST12328,Debit,2026-01-24,,Active,0
CARD92295,CUST10569,Debit,2022-04-05,,Active,0
CARD92296,CUST10293,Debit,2024-01-17,,Active,0
CARD92297,CUST11473,Credit,2023-04-11,149400.0,Closed,999
CARD92298,CUST10134,Debit,2022-03-23,,Active,0
CARD92299,CUST10667,Debit,2025-10-31,,Active,0
CARD92300,CUST12613,Credit,2022-10-31,203300.0,Active,499
CARD92301,CUST13144,Debit,2024-04-16,,Active,0
CARD92302,CUST10736,Debit,2022-06-09,,Active,0
CARD92303,CUST11269,Debit,2024-02-19,,Active,0
CARD92304,CUST11955,Credit,2024-03-22,108200.0,Active,999
CARD92305,CUST10538,Credit,2022-11-07,106600.0,Active,499
CARD92306,CUST14394,Debit,2024-09-08,,Active,0
CARD92307,CUST11930,Debit,2022-06-13,,Active,0
CARD92308,CUST14717,Debit,2023-02-02,,Closed,0
CARD92309,CUST10849,Credit,2025-11-15,206300.0,Active,1499
CARD92310,CUST14364,Debit,2025-08-01,,Active,0
CARD92311,CUST12943,Credit,2025-01-28,249900.0,Closed,499
CARD92312,CUST12927,Credit,2025-11-28,179400.0,Active,0
CARD92313,CUST12574,Debit,2025-10-05,,Active,0
CARD92314,CUST14515,Debit,2022-07-30,,Active,0
CARD92315,CUST13797,Debit,2024-04-27,,Blocked,0
CARD92316,CUST11052,Credit,2024-02-25,115000.0,Active,0
CARD92317,CUST11152,Debit,2024-12-10,,Active,0
CARD92318,CUST11172,Credit,2024-01-05,243400.0,Active,1499
CARD92319,CUST12853,Credit,2025-06-18,332200.0,Active,999
CARD92320,CUST12196,Debit,2022-05-13,,Blocked,0
CARD92321,CUST10668,Debit,2022-09-24,,Active,0
CARD92322,CUST12083,Debit,2023-10-15,,Active,0
CARD92323,CUST11550,Debit,2022-03-04,,Active,0
CARD92324,CUST12592,Debit,2024-06-06,,Active,0
CARD92325,CUST12457,Credit,2023-07-11,139100.0,Active,1499
CARD92326,CUST12351,Debit,2022-01-30,,Active,0
CARD92327,CUST10717,Debit,2022-04-07,,Active,0
CARD92328,CUST12281,Debit,2025-05-21,,Closed,0
CARD92329,CUST14813,Credit,2024-12-03,94200.0,Active,499
CARD92330,CUST14706,Debit,2022-05-19,,Active,0
CARD92331,CUST14695,Debit,2023-04-03,,Expired,0
CARD92332,CUST12770,Debit,2025-10-24,,Active,0
CARD92333,CUST13397,Credit,2022-01-16,106900.0,Active,1499
CARD92334,CUST10040,Credit,2023-10-04,305100.0,Active,499
CARD92335,CUST10645,Debit,2025-02-14,,Expired,0
CARD92336,CUST10687,Debit,2025-08-21,,Closed,0
CARD92337,CUST14404,Credit,2025-03-21,206200.0,Active,999
CARD92338,CUST10632,Credit,2023-03-08,110500.0,Active,499
CARD92339,CUST12674,Debit,2023-07-12,,Expired,0
CARD92340,CUST12847,Debit,2026-01-18,,Active,0
CARD92341,CUST14563,Credit,2024-10-01,109400.0,Active,999
CARD92342,CUST13841,Credit,2023-04-05,82000.0,Active,0
CARD92343,CUST13185,Credit,2023-06-15,93200.0,Active,999
CARD92344,CUST14592,Debit,2022-09-18,,Blocked,0
CARD92345,CUST13833,Debit,2022-08-18,,Active,0
CARD92346,CUST14295,Debit,2022-12-25,,Active,0
CARD92347,CUST11192,Debit,2022-03-28,,Active,0
CARD92348,CUST10982,Debit,2022-12-06,,Active,0
CARD92349,CUST11446,Debit,2022-06-22,,Active,0
CARD92350,CUST10559,Credit,2024-02-04,92600.0,Active,499
CARD92351,CUST13215,Debit,2022-03-06,,Blocked,0
CARD92352,CUST13633,Debit,2024-03-16,,Active,0
CARD92353,CUST14534,Credit,2022-07-03,240600.0,Active,0
CARD92354,CUST10461,Credit,2025-12-11,84000.0,Active,1499
CARD92355,CUST13264,Debit,2025-06-27,,Active,0
CARD92356,CUST13640,Credit,2024-08-02,323900.0,Active,999
CARD92357,CUST12889,Debit,2023-07-06,,Active,0
CARD92358,CUST12064,Debit,2023-04-17,,Active,0
CARD92359,CUST13502,Debit,2022-04-09,,Active,0
CARD92360,CUST10646,Debit,2024-02-04,,Active,0
CARD92361,CUST14184,Credit,2022-03-26,149200.0,Active,999
CARD92362,CUST14406,Debit,2025-07-09,,Expired,0
CARD92363,CUST11174,Debit,2022-04-29,,Active,0
CARD92364,CUST14548,Credit,2025-03-14,304700.0,Active,499
CARD92365,CUST10250,Debit,2023-10-06,,Active,0
CARD92366,CUST10474,Debit,2022-04-04,,Active,0
CARD92367,CUST12192,Credit,2025-03-01,131400.0,Closed,1499
CARD92368,CUST12673,Debit,2024-04-08,,Active,0
CARD92369,CUST13824,Debit,2025-12-20,,Active,0
CARD92370,CUST10477,Credit,2023-01-31,137600.0,Blocked,999
CARD92371,CUST10948,Credit,2024-03-21,125400.0,Active,1499
CARD92372,CUST11857,Debit,2022-02-03,,Active,0
CARD92373,CUST11299,Debit,2022-10-18,,Active,0
CARD92374,CUST14362,Debit,2022-04-01,,Active,0
CARD92375,CUST10135,Debit,2022-02-07,,Active,0
CARD92376,CUST10559,Credit,2024-04-24,212700.0,Active,0
CARD92377,CUST11540,Debit,2026-01-07,,Active,0
CARD92378,CUST13124,Debit,2025-12-26,,Blocked,0
CARD92379,CUST11540,Debit,2025-04-28,,Active,0
CARD92380,CUST10286,Credit,2025-07-30,117300.0,Active,999
CARD92381,CUST13682,Debit,2024-07-08,,Active,0
CARD92382,CUST13851,Credit,2024-01-05,135400.0,Expired,0
CARD92383,CUST11129,Credit,2023-07-06,133400.0,Active,0
CARD92384,CUST14247,Debit,2024-03-21,,Blocked,0
CARD92385,CUST12854,Credit,2023-03-08,83100.0,Active,999
CARD92386,CUST11069,Debit,2025-12-04,,Active,0
CARD92387,CUST10864,Debit,2025-01-02,,Active,0
CARD92388,CUST14882,Debit,2024-07-01,,Active,0
CARD92389,CUST12362,Debit,2025-01-03,,Expired,0
CARD92390,CUST10808,Credit,2022-06-09,139700.0,Expired,1499
CARD92391,CUST12543,Credit,2025-10-26,82400.0,Closed,0
CARD92392,CUST10171,Debit,2025-01-22,,Active,0
CARD92393,CUST14761,Debit,2022-01-21,,Expired,0
CARD92394,CUST10936,Debit,2025-04-08,,Active,0
CARD92396,CUST12656,Debit,2023-06-12,,Active,0
CARD92397,CUST14293,Credit,2024-11-02,79500.0,Active,499
CARD92398,CUST14606,Debit,2025-06-26,,Active,0
CARD92399,CUST12102,Debit,2023-11-18,,Active,0
CARD92400,CUST14273,Credit,2023-09-12,82700.0,Active,0
CARD92401,CUST10907,Credit,2023-08-30,347100.0,Active,499
CARD92402,CUST11861,Debit,2022-06-20,,Active,0
CARD92403,CUST12462,Credit,2023-04-10,66200.0,Closed,1499
CARD92404,CUST11141,Debit,2024-04-28,,Blocked,0
CARD92405,CUST10538,Debit,2025-09-11,,Active,0
CARD92406,CUST13101,Credit,2022-12-18,65900.0,Blocked,0
CARD92407,CUST11546,Debit,2022-12-23,,Active,0
CARD92408,CUST14087,Debit,2023-02-02,,Active,0
CARD92409,CUST11376,Credit,2024-07-27,207100.0,Closed,1499
CARD92410,CUST14354,Debit,2023-04-01,,Active,0
CARD92411,CUST11991,Credit,2022-05-31,185400.0,Active,499
CARD92412,CUST12912,Credit,2023-03-17,216500.0,Active,1499
CARD92413,CUST12870,Credit,2023-12-12,119900.0,Active,499
CARD92414,CUST13131,Credit,2023-10-25,220000.0,Active,1499
CARD92415,CUST12324,Credit,2025-08-14,144400.0,Active,999
CARD92416,CUST12861,Credit,2025-01-02,134000.0,Active,499
CARD92417,CUST10477,Debit,2022-02-24,,Closed,0
CARD92418,CUST11983,Credit,2022-10-29,230200.0,Active,499
CARD92419,CUST12154,Debit,2023-04-13,,Blocked,0
CARD92420,CUST11429,Debit,2024-01-12,,Active,0
CARD92421,CUST13458,Debit,2026-01-19,,Blocked,0
CARD92422,CUST14781,Credit,2025-12-31,88100.0,Active,999
CARD92423,CUST11380,Credit,2022-05-30,98600.0,Closed,0
CARD92424,CUST10290,Debit,2023-01-27,,Active,0
CARD92425,CUST14297,Debit,2024-04-15,,Active,0
CARD92426,CUST14885,Debit,2023-05-09,,Active,0
CARD92427,CUST12393,Debit,2024-10-26,,Active,0
CARD92428,CUST10282,Debit,2023-06-19,,Active,0
CARD92429,CUST11537,Credit,2025-02-25,368200.0,Active,0
CARD92430,CUST10364,Debit,2025-01-08,,Active,0
CARD92431,CUST12389,Credit,2023-12-24,125700.0,Active,499
CARD92432,CUST12485,Debit,2023-11-03,,Active,0
CARD92433,CUST13964,Debit,2023-04-17,,Expired,0
CARD92434,CUST13314,Credit,2025-08-22,97200.0,Active,499
CARD92435,CUST13996,Credit,2024-03-05,109200.0,Closed,499
CARD92436,CUST11694,Credit,2023-10-30,230400.0,Active,999
CARD92437,CUST10240,Debit,2023-01-08,,Active,0
CARD92438,CUST13862,Debit,2022-10-08,,Active,0
CARD92439,CUST10284,Debit,2023-02-07,,Active,0
CARD92440,CUST11989,Debit,2024-06-15,,Active,0
CARD92441,CUST12700,Debit,2024-03-17,,Active,0
CARD92442,CUST11268,Debit,2025-10-09,,Blocked,0
CARD92443,CUST14893,Debit,2023-06-02,,Active,0
CARD92444,CUST14623,Debit,2022-08-18,,Active,0
CARD92445,CUST14889,Debit,2024-06-28,,Active,0
CARD92446,CUST14167,Debit,2023-05-12,,Active,0
CARD92447,CUST14255,Credit,2025-08-24,218200.0,Active,999
CARD92448,CUST12753,Debit,2025-09-03,,Active,0
CARD92449,CUST13256,Debit,2025-08-15,,Active,0
CARD92450,CUST12513,Debit,2024-03-28,,Active,0
CARD92451,CUST12337,Debit,2024-01-13,,Active,0
CARD92452,CUST14448,Debit,2025-07-29,,Active,0
CARD92453,CUST13716,Credit,2024-01-29,171500.0,Active,999
CARD92454,CUST12150,Debit,2023-04-19,,Active,0
CARD92455,CUST10602,Debit,2023-05-01,,Active,0
CARD92456,CUST10525,Debit,2026-01-20,,Active,0
CARD92457,CUST10237,Credit,2022-03-21,215500.0,Active,1499
CARD92458,CUST13121,Credit,2022-02-20,246100.0,Active,999
CARD92459,CUST10845,Credit,2025-10-31,343200.0,Active,0
CARD92460,CUST13013,Debit,2024-10-24,,Active,0
CARD92461,CUST10159,Debit,2022-04-15,,Active,0
CARD92462,CUST13212,Debit,2024-09-07,,Active,0
CARD92463,CUST11786,Credit,2024-04-22,62900.0,Expired,1499
CARD92464,CUST13806,Debit,2024-05-26,,Active,0
CARD92465,CUST13104,Debit,2025-05-15,,Active,0
CARD92466,CUST12025,Credit,2023-06-08,124300.0,Expired,0
CARD92467,CUST11765,Debit,2022-02-13,,Closed,0
CARD92468,CUST12107,Debit,2025-03-19,,Active,0
CARD92469,CUST11294,Debit,2026-02-07,,Active,0
CARD92470,CUST13609,Credit,2023-07-03,80500.0,Active,999
CARD92471,CUST10770,Debit,2025-09-17,,Active,0
CARD92472,CUST14874,Credit,2023-09-13,131700.0,Active,1499
CARD92473,CUST14646,Credit,2024-05-10,162800.0,Active,999
CARD92474,CUST13188,Debit,2026-01-13,,Blocked,0
CARD92475,CUST12313,Credit,2025-05-17,245900.0,Expired,0
CARD92476,CUST12711,Debit,2025-03-29,,Active,0
CARD92477,CUST11858,Debit,2022-05-10,,Active,0
CARD92478,CUST14433,Debit,2022-09-07,,Active,0
CARD92479,CUST14478,Debit,2022-02-26,,Blocked,0
CARD92480,CUST13473,Debit,2025-09-01,,Active,0
CARD92481,CUST12526,Credit,2025-08-29,293700.0,Expired,0
CARD92482,CUST11670,Debit,2023-12-18,,Closed,0
CARD92483,CUST14856,Debit,2022-02-17,,Expired,0
CARD92484,CUST13667,Debit,2022-06-14,,Blocked,0
CARD92485,CUST12030,Debit,2023-04-21,,Active,0
CARD92486,CUST12330,Debit,2022-04-03,,Active,0
CARD92487,CUST13076,Debit,2022-05-09,,Active,0
CARD92488,CUST14294,Debit,2023-11-13,,Blocked,0
CARD92489,CUST14465,Debit,2023-06-05,,Blocked,0
CARD92490,CUST11361,Debit,2024-08-19,,Closed,0
CARD92491,CUST10623,Debit,2022-08-06,,Active,0
CARD92492,CUST14788,Credit,2022-07-22,220100.0,Active,999
CARD92493,CUST14046,Credit,2025-03-15,178700.0,Expired,0
CARD92494,CUST10131,Debit,2024-10-02,,Active,0
CARD92495,CUST10046,Debit,2025-12-29,,Active,0
CARD92496,CUST12500,Credit,2023-04-13,157200.0,Expired,499
CARD92497,CUST11101,Debit,2026-01-28,,Active,0
CARD92498,CUST11146,Credit,2025-07-11,110500.0,Active,1499
CARD92499,CUST10181,Credit,2026-01-08,233300.0,Active,1499
CARD92500,CUST11867,Credit,2025-08-10,173600.0,Closed,0
CARD92501,CUST11345,Credit,2022-05-21,156400.0,Active,0
CARD92502,CUST11672,Credit,2022-10-13,134700.0,Active,0
CARD92503,CUST13347,Debit,2023-09-01,,Closed,0
CARD92504,CUST14813,Debit,2023-09-19,,Active,0
CARD92505,CUST12467,Credit,2022-06-19,232700.0,Active,1499
CARD92506,CUST13211,Debit,2023-04-15,,Active,0
CARD92507,CUST14310,Debit,2022-09-10,,Active,0
CARD92508,CUST12455,Credit,2023-11-19,135800.0,Closed,1499
CARD92509,CUST11527,Credit,2022-11-13,161700.0,Active,0
CARD92510,CUST13204,Debit,2024-11-30,,Active,0
CARD92511,CUST14685,Debit,2023-10-12,,Active,0
CARD92512,CUST12121,Credit,2024-06-13,236000.0,Expired,999
CARD92513,CUST10433,Debit,2025-08-06,,Active,0
CARD92514,CUST13123,Debit,2023-09-05,,Active,0
CARD92515,CUST10648,Debit,2025-04-05,,Active,0
CARD92516,CUST12456,Debit,2023-01-02,,Active,0
CARD92517,CUST12934,Credit,2024-03-15,165700.0,Active,0
CARD92518,CUST13323,Credit,2025-10-04,287900.0,Expired,499
CARD92519,CUST12564,Credit,2025-09-19,133600.0,Active,1499
CARD92520,CUST11683,Debit,2023-07-18,,Active,0
CARD92521,CUST14519,Debit,2025-07-29,,Closed,0
CARD92522,CUST10154,Credit,2022-08-12,75100.0,Active,499
CARD92523,CUST13855,Debit,2023-07-20,,Expired,0
CARD92524,CUST14296,Debit,2025-07-25,,Active,0
CARD92525,CUST13984,Debit,2025-09-23,,Active,0
CARD92526,CUST11507,Credit,2023-01-10,238500.0,Active,1499
CARD92527,CUST10029,Debit,2025-06-13,,Active,0
CARD92528,CUST12471,Credit,2022-11-17,91900.0,Active,999
CARD92529,CUST14984,Debit,2025-01-23,,Active,0
CARD92530,CUST11466,Credit,2024-04-25,126400.0,Active,1499
CARD92531,CUST12811,Credit,2023-06-11,56200.0,Blocked,1499
CARD92532,CUST12777,Debit,2022-12-09,,Active,0
CARD92533,CUST11605,Debit,2025-12-27,,Expired,0
CARD92534,CUST13600,Debit,2022-01-10,,Active,0
CARD92535,CUST13936,Debit,2025-07-07,,Blocked,0
CARD92536,CUST11543,Credit,2023-06-19,93000.0,Active,0
CARD92537,CUST10969,Debit,2024-12-07,,Active,0
CARD92538,CUST14248,Debit,2024-05-08,,Expired,0
CARD92539,CUST10530,Debit,2025-06-23,,Active,0
CARD92540,CUST11700,Debit,2025-07-29,,Blocked,0
CARD92541,CUST10302,Debit,2024-03-03,,Active,0
CARD92542,CUST14639,Debit,2025-06-08,,Active,0
CARD92543,CUST10441,Credit,2024-04-01,73100.0,Active,499
CARD92544,CUST10920,Credit,2023-10-03,130800.0,Active,0
CARD92545,CUST14563,Debit,2022-12-09,,Active,0
CARD92546,CUST14865,Debit,2022-02-10,,Active,0
CARD92547,CUST14400,Debit,2025-03-14,,Active,0
CARD92548,CUST12753,Debit,2022-11-15,,Expired,0
CARD92549,CUST12153,Credit,2025-04-25,229900.0,Active,1499
CARD92550,CUST13640,Debit,2023-08-02,,Active,0
CARD92551,CUST12360,Debit,2025-02-02,,Closed,0
CARD92552,CUST12250,Debit,2022-08-28,,Active,0
CARD92553,CUST13703,Credit,2022-09-27,210300.0,Active,999
CARD92554,CUST14751,Credit,2023-03-26,356400.0,Expired,0
CARD92555,CUST14953,Debit,2023-06-27,,Active,0
CARD92556,CUST12096,Credit,2025-07-07,150500.0,Active,999
CARD92557,CUST11685,Credit,2023-01-16,123100.0,Active,1499
CARD92558,CUST14480,Debit,2022-12-01,,Active,0
CARD92559,CUST11210,Debit,2025-08-14,,Active,0
CARD92560,CUST13726,Credit,2025-04-17,90900.0,Active,0
CARD92561,CUST11328,Debit,2023-07-06,,Active,0
CARD92562,CUST12328,Debit,2025-01-16,,Expired,0
CARD92563,CUST13848,Credit,2022-04-03,127500.0,Active,1499
CARD92564,CUST14444,Debit,2022-04-10,,Active,0
CARD92565,CUST10184,Debit,2025-07-18,,Active,0
CARD92566,CUST13192,Credit,2023-03-20,205600.0,Active,1499
CARD92567,CUST12991,Debit,2024-11-23,,Active,0
CARD92568,CUST10798,Debit,2022-09-25,,Active,0
CARD92569,CUST12501,Debit,2023-07-09,,Active,0
CARD92570,CUST14107,Debit,2023-08-20,,Active,0
CARD92571,CUST10961,Credit,2022-12-23,112100.0,Active,1499
CARD92572,CUST11845,Credit,2022-03-18,436400.0,Active,0
CARD92573,CUST14965,Debit,2025-07-26,,Closed,0
CARD92574,CUST12948,Debit,2025-12-04,,Active,0
CARD92575,CUST14445,Debit,2022-04-26,,Active,0
CARD92576,CUST10251,Debit,2022-09-30,,Active,0
CARD92577,CUST11765,Debit,2023-09-02,,Active,0
CARD92578,CUST11260,Debit,2024-06-27,,Active,0
CARD92579,CUST10894,Credit,2024-01-10,211400.0,Active,499
CARD92580,CUST12743,Debit,2024-04-02,,Active,0
CARD92581,CUST11792,Debit,2022-08-25,,Active,0
CARD92582,CUST10318,Debit,2022-03-07,,Active,0
CARD92583,CUST11142,Credit,2025-05-03,52100.0,Active,499
CARD92584,CUST14166,Credit,2025-11-05,238100.0,Active,0
CARD92585,CUST12001,Credit,2022-12-16,152700.0,Active,499
CARD92586,CUST12276,Debit,2022-04-22,,Active,0
CARD92587,CUST12322,Debit,2024-12-30,,Active,0
CARD92588,CUST10818,Credit,2024-04-30,63100.0,Active,1499
CARD92589,CUST10743,Debit,2025-12-24,,Active,0
CARD92590,CUST13103,Debit,2024-02-29,,Active,0
CARD92591,CUST12603,Debit,2024-10-21,,Active,0
CARD92592,CUST10081,Credit,2024-09-18,202200.0,Active,1499
CARD92593,CUST13119,Debit,2025-10-19,,Blocked,0
CARD92594,CUST14131,Debit,2023-07-15,,Active,0
CARD92595,CUST12846,Debit,2022-11-05,,Active,0
CARD92596,CUST10335,Debit,2025-02-19,,Active,0
CARD92597,CUST11476,Credit,2022-09-04,512200.0,Active,499
CARD92598,CUST13847,Debit,2024-06-16,,Active,0
CARD92599,CUST14397,Credit,2022-02-26,96500.0,Active,1499
CARD92600,CUST11253,Debit,2022-09-19,,Expired,0
CARD92601,CUST13512,Debit,2022-03-16,,Active,0
CARD92602,CUST12536,Debit,2022-03-08,,Active,0
CARD92603,CUST10342,Credit,2023-09-23,101700.0,Active,999
CARD92604,CUST13629,Credit,2024-12-08,365700.0,Active,999
CARD92605,CUST12633,Credit,2024-10-20,254500.0,Active,999
CARD92606,CUST10481,Debit,2024-10-20,,Active,0
CARD92607,CUST13649,Credit,2024-01-09,110500.0,Active,999
CARD92608,CUST14420,Debit,2024-10-28,,Active,0
CARD92609,CUST10872,Credit,2022-06-01,54600.0,Active,499
CARD92610,CUST10647,Debit,2023-09-02,,Active,0
CARD92611,CUST11479,Credit,2025-03-25,128200.0,Active,1499
CARD92612,CUST14200,Debit,2025-08-07,,Expired,0
CARD92613,CUST12824,Credit,2022-09-11,597300.0,Expired,0
CARD92614,CUST11737,Debit,2023-06-12,,Active,0
CARD92615,CUST10362,Credit,2022-09-18,101800.0,Blocked,1499
CARD92616,CUST10238,Credit,2023-06-22,250900.0,Active,999
CARD92617,CUST14016,Debit,2025-10-10,,Active,0
CARD92618,CUST11082,Credit,2022-05-10,195500.0,Active,999
CARD92619,CUST14876,Debit,2025-10-16,,Active,0
CARD92620,CUST11228,Debit,2025-05-30,,Active,0
CARD92621,CUST13598,Debit,2023-05-24,,Expired,0
CARD92622,CUST14694,Credit,2023-04-29,74000.0,Active,499
CARD92623,CUST13429,Credit,2024-12-22,67500.0,Active,499
CARD92624,CUST13672,Credit,2024-03-29,310000.0,Active,999
CARD92625,CUST11502,Debit,2022-05-01,,Closed,0
CARD92626,CUST10290,Credit,2022-04-28,115700.0,Expired,499
CARD92627,CUST13437,Debit,2024-10-01,,Active,0
CARD92628,CUST10813,Debit,2022-08-24,,Active,0
CARD92629,CUST10205,Credit,2023-03-22,186100.0,Active,499
CARD92630,CUST13419,Debit,2024-01-13,,Active,0
CARD92631,CUST12310,Debit,2024-12-15,,Active,0
CARD92632,CUST11411,Debit,2025-07-31,,Active,0
CARD92633,CUST14833,Debit,2023-04-13,,Active,0
CARD92634,CUST12727,Debit,2023-06-29,,Active,0
CARD92635,CUST10544,Credit,2025-06-19,120400.0,Active,999
CARD92636,CUST11058,Debit,2024-01-04,,Active,0
CARD92637,CUST12973,Debit,2024-08-15,,Active,0
CARD92638,CUST10165,Debit,2023-04-08,,Expired,0
CARD92639,CUST13667,Debit,2023-07-03,,Active,0
CARD92640,CUST10581,Debit,2022-04-12,,Closed,0
CARD92641,CUST14048,Debit,2023-04-15,,Active,0
CARD92642,CUST10463,Credit,2023-07-28,126000.0,Closed,999
CARD92643,CUST13567,Credit,2025-01-26,245100.0,Active,1499
CARD92644,CUST13514,Debit,2024-07-22,,Expired,0
CARD92645,CUST10405,Debit,2022-08-16,,Active,0
CARD92646,CUST13162,Debit,2025-10-08,,Active,0
CARD92647,CUST11450,Debit,2025-04-07,,Active,0
CARD92648,CUST10087,Debit,2024-11-25,,Active,0
CARD92649,CUST13834,Credit,2024-12-02,88700.0,Active,1499
CARD92650,CUST14035,Debit,2022-07-07,,Active,0
CARD92651,CUST10558,Debit,2025-04-13,,Closed,0
CARD92652,CUST11304,Debit,2023-03-20,,Active,0
CARD92653,CUST11473,Debit,2026-01-23,,Active,0
CARD92654,CUST11541,Credit,2023-01-02,409300.0,Active,999
CARD92655,CUST10014,Debit,2024-04-06,,Closed,0
CARD92656,CUST13703,Credit,2022-11-26,85600.0,Active,1499
CARD92657,CUST13978,Credit,2022-10-22,131800.0,Active,999
CARD92658,CUST11177,Credit,2025-02-11,89500.0,Active,499
CARD92659,CUST13598,Debit,2022-02-16,,Expired,0
CARD92660,CUST10994,Debit,2024-02-19,,Active,0
CARD92661,CUST12067,Debit,2025-12-30,,Active,0
CARD92662,CUST13197,Credit,2025-10-20,92300.0,Active,999
CARD92663,CUST13042,Debit,2023-06-12,,Active,0
CARD92664,CUST12890,Debit,2025-05-30,,Active,0
CARD92665,CUST11592,Credit,2022-09-30,154700.0,Active,0
CARD92666,CUST14595,Credit,2023-07-29,168200.0,Active,0
CARD92667,CUST11429,Credit,2024-10-28,116600.0,Active,0
CARD92668,CUST11630,Debit,2022-07-01,,Expired,0
CARD92669,CUST13125,Debit,2022-04-29,,Active,0
CARD92670,CUST13851,Debit,2024-10-04,,Active,0
CARD92671,CUST10302,Debit,2022-06-12,,Active,0
CARD92672,CUST13627,Debit,2022-12-20,,Active,0
CARD92673,CUST14503,Debit,2022-06-09,,Active,0
CARD92674,CUST11181,Debit,2022-03-29,,Active,0
CARD92675,CUST12728,Debit,2024-12-26,,Active,0
CARD92676,CUST11901,Credit,2024-10-31,96300.0,Active,499
CARD92677,CUST10982,Debit,2025-08-27,,Active,0
CARD92678,CUST12540,Debit,2023-11-06,,Active,0
CARD92679,CUST12107,Credit,2024-08-09,357000.0,Active,499
CARD92680,CUST13665,Debit,2025-06-06,,Active,0
CARD92681,CUST13796,Credit,2025-02-23,464000.0,Active,499
CARD92682,CUST11500,Credit,2022-06-16,136200.0,Active,999
CARD92683,CUST12178,Credit,2023-02-14,104900.0,Active,999
CARD92684,CUST13916,Debit,2023-06-12,,Active,0
CARD92685,CUST14291,Credit,2023-04-06,133900.0,Active,999
CARD92686,CUST10154,Credit,2022-07-05,99900.0,Expired,0
CARD92687,CUST10342,Credit,2024-06-22,215400.0,Active,0
CARD92688,CUST13117,Debit,2024-12-09,,Blocked,0
CARD92689,CUST10668,Debit,2024-03-29,,Expired,0
CARD92690,CUST13812,Debit,2024-09-15,,Active,0
CARD92691,CUST11941,Credit,2022-10-28,280800.0,Active,1499
CARD92692,CUST12463,Debit,2023-12-05,,Expired,0
CARD92693,CUST10809,Debit,2022-10-01,,Active,0
CARD92694,CUST14725,Debit,2022-02-03,,Active,0
CARD92695,CUST11851,Credit,2023-04-01,56900.0,Active,0
CARD92696,CUST10670,Credit,2023-07-20,108600.0,Active,1499
CARD92697,CUST10427,Credit,2022-04-24,104800.0,Active,0
CARD92698,CUST11185,Debit,2024-05-26,,Active,0
CARD92699,CUST14757,Debit,2025-05-30,,Active,0
CARD92700,CUST11672,Debit,2022-06-17,,Expired,0
CARD92701,CUST12179,Credit,2022-07-02,141900.0,Active,499
CARD92702,CUST13087,Credit,2024-12-18,287300.0,Active,999
CARD92703,CUST11894,Credit,2023-08-27,144000.0,Expired,0
CARD92704,CUST10885,Credit,2023-03-28,237400.0,Active,999
CARD92705,CUST11111,Credit,2023-09-12,205400.0,Active,1499
CARD92706,CUST13671,Credit,2024-03-03,94400.0,Active,499
CARD92707,CUST14244,Debit,2024-11-21,,Active,0
CARD92708,CUST14583,Debit,2024-03-21,,Active,0
CARD92709,CUST13513,Debit,2022-06-10,,Blocked,0
CARD92710,CUST10939,Debit,2024-04-05,,Active,0
CARD92711,CUST11721,Debit,2024-11-12,,Blocked,0
CARD92712,CUST12501,Debit,2023-03-22,,Active,0
CARD92713,CUST14916,Credit,2023-03-28,348500.0,Blocked,0
CARD92714,CUST14533,Credit,2023-04-02,91000.0,Closed,999
CARD92715,CUST13935,Debit,2022-05-26,,Active,0
CARD92716,CUST12590,Debit,2025-04-30,,Active,0
CARD92717,CUST13285,Debit,2025-05-15,,Closed,0
CARD92718,CUST12979,Debit,2023-11-17,,Active,0
CARD92719,CUST12215,Credit,2026-01-09,65700.0,Active,999
CARD92720,CUST11490,Credit,2022-06-21,276000.0,Active,1499
CARD92721,CUST12966,Debit,2025-07-12,,Blocked,0
CARD92722,CUST14595,Credit,2022-01-18,164900.0,Active,999
CARD92723,CUST12132,Debit,2024-01-31,,Active,0
CARD92724,CUST10185,Debit,2023-12-20,,Active,0
CARD92725,CUST12846,Debit,2025-07-18,,Active,0
CARD92726,CUST14537,Debit,2024-03-21,,Active,0
CARD92727,CUST12666,Credit,2023-05-08,36700.0,Active,0
CARD92728,CUST14201,Debit,2024-06-25,,Active,0
CARD92729,CUST11246,Debit,2024-01-20,,Active,0
CARD92730,CUST11046,Credit,2025-04-09,132900.0,Active,499
CARD92731,CUST13954,Debit,2022-11-23,,Active,0
CARD92732,CUST14319,Credit,2025-08-22,455000.0,Active,499
CARD92733,CUST13815,Debit,2025-05-30,,Active,0
CARD92734,CUST12095,Debit,2024-04-18,,Active,0
CARD92735,CUST10332,Debit,2023-10-19,,Blocked,0
CARD92736,CUST10520,Debit,2024-12-30,,Active,0
CARD92737,CUST10989,Debit,2022-04-20,,Active,0
CARD92738,CUST10734,Debit,2023-10-27,,Active,0
CARD92739,CUST12963,Debit,2024-05-08,,Active,0
CARD92740,CUST13634,Debit,2023-06-21,,Expired,0
CARD92741,CUST11528,Credit,2023-01-28,207800.0,Active,1499
CARD92742,CUST14759,Debit,2024-02-20,,Blocked,0
CARD92743,CUST11139,Debit,2023-01-12,,Active,0
CARD92744,CUST14201,Debit,2022-02-22,,Active,0
CARD92745,CUST13876,Debit,2024-08-13,,Blocked,0
CARD92746,CUST12274,Credit,2024-10-03,196800.0,Active,0
CARD92747,CUST12530,Debit,2022-06-11,,Closed,0
CARD92748,CUST13921,Debit,2025-01-17,,Active,0
CARD92749,CUST10027,Credit,2022-03-21,67500.0,Active,499
CARD92750,CUST14334,Debit,2024-01-13,,Active,0
CARD92751,CUST13203,Credit,2025-01-01,140000.0,Active,499
CARD92752,CUST12544,Debit,2024-08-18,,Active,0
CARD92753,CUST10958,Debit,2025-05-06,,Active,0
CARD92754,CUST13038,Debit,2025-06-22,,Active,0
CARD92755,CUST11639,Credit,2025-02-19,83500.0,Active,999
CARD92756,CUST13885,Debit,2026-01-01,,Expired,0
CARD92757,CUST14195,Credit,2022-07-09,63100.0,Active,999
CARD92758,CUST12861,Credit,2022-04-30,273700.0,Blocked,1499
CARD92759,CUST14413,Credit,2025-02-06,121000.0,Active,0
CARD92760,CUST13929,Debit,2024-01-13,,Blocked,0
CARD92761,CUST10957,Credit,2022-01-05,166800.0,Active,1499
CARD92762,CUST13433,Debit,2024-01-04,,Active,0
CARD92763,CUST10613,Debit,2022-02-11,,Active,0
CARD92764,CUST13858,Debit,2022-03-03,,Active,0
CARD92765,CUST13042,Debit,2025-01-27,,Active,0
CARD92766,CUST12164,Debit,2025-01-12,,Active,0
CARD92767,CUST11891,Debit,2025-06-16,,Expired,0
CARD92768,CUST12170,Debit,2025-01-13,,Active,0
CARD92769,CUST14524,Debit,2022-10-18,,Active,0
CARD92770,CUST11810,Debit,2024-08-17,,Active,0
CARD92771,CUST12078,Debit,2022-08-17,,Active,0
CARD92772,CUST10362,Credit,2023-03-29,108200.0,Active,499
CARD92773,CUST10874,Credit,2023-01-09,81600.0,Active,1499
CARD92774,CUST14384,Debit,2025-06-20,,Active,0
CARD92775,CUST13989,Debit,2026-01-07,,Active,0
CARD92776,CUST10747,Debit,2023-01-22,,Active,0
CARD92777,CUST10359,Debit,2024-02-15,,Active,0
CARD92778,CUST14823,Debit,2023-05-15,,Closed,0
CARD92779,CUST12048,Credit,2025-04-16,275600.0,Active,999
CARD92780,CUST10155,Debit,2025-05-30,,Active,0
CARD92781,CUST12060,Debit,2023-02-09,,Active,0
CARD92782,CUST10915,Credit,2024-05-26,359000.0,Active,0
CARD92783,CUST12102,Debit,2024-01-29,,Active,0
CARD92784,CUST11611,Debit,2025-04-24,,Active,0
CARD92785,CUST14923,Debit,2023-06-15,,Active,0
CARD92786,CUST10874,Debit,2024-07-26,,Expired,0
CARD92787,CUST13110,Debit,2022-11-21,,Active,0
CARD92788,CUST11323,Credit,2022-10-17,254400.0,Active,499
CARD92789,CUST11396,Debit,2025-01-22,,Blocked,0
CARD92790,CUST12148,Debit,2022-10-15,,Active,0
CARD92791,CUST13909,Credit,2024-05-20,290200.0,Expired,499
CARD92792,CUST14248,Debit,2023-03-24,,Active,0
CARD92793,CUST13986,Debit,2024-04-22,,Active,0
CARD92795,CUST14491,Debit,2022-04-12,,Closed,0
CARD92796,CUST10748,Debit,2024-09-20,,Active,0
CARD92797,CUST12770,Credit,2023-01-07,399300.0,Expired,0
CARD92798,CUST10551,Debit,2024-12-21,,Active,0
CARD92799,CUST14068,Debit,2026-01-28,,Active,0
CARD92800,CUST11517,Credit,2023-09-27,96500.0,Closed,999
CARD92801,CUST14376,Credit,2022-05-20,56700.0,Active,499
CARD92802,CUST14703,Debit,2022-01-26,,Expired,0
CARD92803,CUST11970,Debit,2024-07-30,,Active,0
CARD92804,CUST11480,Debit,2023-12-11,,Active,0
CARD92805,CUST10132,Debit,2022-06-21,,Active,0
CARD92806,CUST11686,Debit,2023-03-15,,Active,0
CARD92807,CUST13047,Credit,2024-06-21,138000.0,Active,999
CARD92808,CUST10366,Credit,2025-09-11,187100.0,Active,0
CARD92809,CUST14929,Debit,2025-06-30,,Active,0
CARD92810,CUST12030,Credit,2024-11-18,133300.0,Expired,1499
CARD92811,CUST13833,Credit,2023-06-09,208200.0,Expired,499
CARD92812,CUST14357,Debit,2024-09-16,,Closed,0
CARD92813,CUST14182,Debit,2025-07-09,,Active,0
CARD92814,CUST13610,Debit,2025-10-25,,Active,0
CARD92815,CUST12289,Debit,2023-06-21,,Active,0
CARD92816,CUST13747,Debit,2023-04-20,,Active,0
CARD92817,CUST12890,Debit,2022-11-17,,Active,0
CARD92818,CUST10253,Credit,2023-02-09,156400.0,Active,0
CARD92819,CUST14849,Credit,2024-05-30,182100.0,Expired,999
CARD92820,CUST10907,Debit,2024-09-15,,Active,0
CARD92821,CUST13769,Credit,2022-06-13,136900.0,Active,1499
CARD92822,CUST14207,Credit,2025-02-25,82900.0,Active,1499
CARD92823,CUST10445,Debit,2023-01-02,,Closed,0
CARD92824,CUST11769,Credit,2024-02-01,190400.0,Closed,499
CARD92825,CUST10434,Credit,2023-12-10,58000.0,Active,999
CARD92826,CUST12367,Credit,2022-01-26,78000.0,Expired,999
CARD92827,CUST11074,Debit,2023-03-07,,Active,0
CARD92828,CUST13641,Debit,2024-06-12,,Active,0
CARD92829,CUST12424,Debit,2022-09-15,,Active,0
CARD92830,CUST11345,Debit,2024-11-28,,Active,0
CARD92831,CUST11534,Credit,2025-01-01,147900.0,Active,999
CARD92832,CUST11939,Debit,2025-10-06,,Active,0
CARD92833,CUST11434,Debit,2024-06-21,,Active,0
CARD92834,CUST14885,Debit,2025-05-22,,Active,0
CARD92835,CUST10415,Credit,2022-04-01,191800.0,Active,0
CARD92836,CUST14347,Debit,2022-04-01,,Active,0
CARD92837,CUST13256,Credit,2025-07-19,65000.0,Active,499
CARD92838,CUST12531,Credit,2023-06-09,464600.0,Active,999
CARD92839,CUST14947,Debit,2023-07-29,,Active,0
CARD92840,CUST10433,Credit,2022-06-23,83900.0,Closed,0
CARD92841,CUST10670,Credit,2024-05-28,71200.0,Blocked,499
CARD92842,CUST12157,Debit,2024-03-13,,Active,0
CARD92843,CUST11698,Credit,2025-10-07,67600.0,Active,0
CARD92844,CUST12264,Debit,2023-05-17,,Active,0
CARD92845,CUST11351,Credit,2023-07-25,86300.0,Active,1499
CARD92846,CUST12570,Debit,2023-03-07,,Active,0
CARD92847,CUST13965,Credit,2025-09-27,205500.0,Active,499
CARD92848,CUST13678,Debit,2022-11-01,,Active,0
CARD92849,CUST12545,Debit,2023-01-24,,Closed,0
CARD92850,CUST10186,Credit,2025-08-16,346900.0,Active,999
CARD92851,CUST13019,Credit,2023-01-31,299700.0,Active,1499
CARD92852,CUST13924,Credit,2022-12-14,98800.0,Active,999
CARD92853,CUST13498,Credit,2023-03-24,222300.0,Active,0
CARD92854,CUST10806,Debit,2025-12-08,,Active,0
CARD92855,CUST10302,Debit,2024-03-07,,Active,0
CARD92856,CUST11147,Debit,2022-03-16,,Active,0
CARD92857,CUST13575,Debit,2022-06-01,,Active,0
CARD92858,CUST12319,Credit,2025-02-24,674800.0,Active,1499
CARD92859,CUST12288,Debit,2023-06-04,,Active,0
CARD92860,CUST10939,Credit,2024-09-30,237900.0,Active,0
CARD92861,CUST10498,Credit,2025-05-07,323200.0,Active,0
CARD92862,CUST11005,Debit,2026-01-09,,Active,0
CARD92863,CUST11932,Credit,2023-01-22,130100.0,Active,1499
CARD92864,CUST12047,Credit,2025-07-03,334600.0,Active,999
CARD92865,CUST13602,Debit,2023-02-09,,Blocked,0
CARD92866,CUST10536,Credit,2023-01-08,96300.0,Active,999
CARD92867,CUST14678,Debit,2023-05-23,,Expired,0
CARD92868,CUST13918,Credit,2025-04-06,202800.0,Blocked,499
CARD92869,CUST11026,Debit,2022-12-16,,Active,0
CARD92870,CUST14548,Credit,2024-06-13,83900.0,Active,0
CARD92871,CUST12910,Debit,2023-08-09,,Active,0
CARD92872,CUST14099,Debit,2025-10-01,,Expired,0
CARD92873,CUST11286,Debit,2022-06-27,,Active,0
CARD92874,CUST11195,Debit,2022-01-17,,Expired,0
CARD92875,CUST11990,Debit,2023-05-11,,Active,0
CARD92876,CUST12886,Debit,2025-04-02,,Blocked,0
CARD92877,CUST13186,Credit,2025-10-25,365300.0,Active,0
CARD92878,CUST13647,Debit,2022-11-27,,Active,0
CARD92879,CUST11993,Debit,2024-12-06,,Active,0
CARD92880,CUST10302,Credit,2024-01-29,237400.0,Active,0
CARD92881,CUST11959,Debit,2025-10-14,,Active,0
CARD92882,CUST10154,Debit,2025-07-25,,Active,0
CARD92883,CUST12945,Credit,2025-12-18,113400.0,Active,999
CARD92884,CUST11746,Credit,2024-04-05,211800.0,Active,1499
CARD92885,CUST10533,Debit,2024-05-23,,Active,0
CARD92886,CUST13979,Debit,2022-11-07,,Active,0
CARD92887,CUST12364,Debit,2024-01-29,,Active,0
CARD92888,CUST10395,Debit,2022-06-21,,Active,0
CARD92889,CUST12059,Credit,2026-01-27,92200.0,Active,499
CARD92890,CUST13177,Credit,2025-01-02,163600.0,Active,499
CARD92891,CUST13041,Debit,2023-08-09,,Active,0
CARD92892,CUST13651,Credit,2023-05-20,62300.0,Active,0
CARD92893,CUST12185,Debit,2025-01-01,,Active,0
CARD92894,CUST13606,Debit,2023-02-02,,Active,0
CARD92895,CUST13693,Credit,2023-01-07,112200.0,Blocked,999
CARD92896,CUST11113,Debit,2023-03-21,,Active,0
CARD92897,CUST12596,Credit,2022-05-25,295400.0,Active,1499
CARD92898,CUST11057,Debit,2023-03-20,,Active,0
CARD92899,CUST13905,Debit,2022-04-23,,Active,0
CARD92900,CUST13415,Credit,2025-03-02,274500.0,Active,499
CARD92901,CUST12807,Credit,2022-10-23,136000.0,Active,1499
CARD92902,CUST13367,Debit,2022-08-30,,Active,0
CARD92903,CUST13510,Debit,2024-09-21,,Active,0
CARD92904,CUST11228,Debit,2025-10-01,,Active,0
CARD92905,CUST14186,Debit,2022-04-08,,Closed,0
CARD92906,CUST10333,Debit,2023-10-18,,Active,0
CARD92907,CUST14690,Debit,2024-03-13,,Active,0
CARD92908,CUST13679,Debit,2024-07-04,,Active,0
CARD92909,CUST11517,Debit,2024-08-18,,Active,0
CARD92910,CUST10593,Debit,2024-12-05,,Active,0
CARD92911,CUST11220,Debit,2024-04-11,,Active,0
CARD92912,CUST12932,Credit,2025-08-24,218900.0,Closed,0
CARD92913,CUST11712,Debit,2023-04-20,,Active,0
CARD92914,CUST12561,Credit,2023-02-16,243000.0,Active,499
CARD92915,CUST11632,Debit,2024-09-16,,Expired,0
CARD92916,CUST10924,Debit,2022-05-09,,Active,0
CARD92917,CUST13767,Credit,2024-10-19,60400.0,Active,1499
CARD92918,CUST12577,Debit,2023-09-16,,Active,0
CARD92919,CUST13098,Debit,2022-03-11,,Active,0
CARD92920,CUST11152,Debit,2023-09-19,,Active,0
CARD92921,CUST10188,Credit,2022-08-08,63500.0,Active,1499
CARD92922,CUST10542,Credit,2026-01-16,81900.0,Active,999
CARD92923,CUST10016,Credit,2023-09-14,112800.0,Active,999
CARD92924,CUST12360,Debit,2025-11-21,,Active,0
CARD92925,CUST12865,Debit,2025-04-27,,Active,0
CARD92926,CUST12008,Debit,2024-03-09,,Closed,0
CARD92927,CUST13156,Debit,2025-08-31,,Active,0
CARD92928,CUST13808,Credit,2023-07-08,128700.0,Active,999
CARD92929,CUST10779,Debit,2023-01-29,,Expired,0
CARD92930,CUST10263,Debit,2025-07-27,,Active,0
CARD92931,CUST11272,Debit,2024-09-06,,Active,0
CARD92932,CUST14566,Debit,2024-03-09,,Active,0
CARD92933,CUST11496,Debit,2022-05-20,,Active,0
CARD92934,CUST11909,Debit,2024-02-17,,Active,0
CARD92935,CUST13209,Credit,2024-09-12,128800.0,Active,0
CARD92936,CUST14013,Credit,2022-02-20,174900.0,Active,999
CARD92937,CUST11256,Credit,2025-12-27,165600.0,Active,1499
CARD92938,CUST12992,Debit,2024-09-12,,Active,0
CARD92939,CUST14919,Debit,2023-12-01,,Active,0
CARD92940,CUST13104,Credit,2023-12-23,156000.0,Active,499
CARD92941,CUST11793,Credit,2022-09-08,56900.0,Active,0
CARD92942,CUST13694,Credit,2024-08-30,111800.0,Active,999
CARD92943,CUST14069,Credit,2025-09-16,321200.0,Active,1499
CARD92944,CUST11410,Debit,2023-07-07,,Active,0
CARD92945,CUST14729,Credit,2022-05-16,191400.0,Active,999
CARD92946,CUST13527,Debit,2023-03-17,,Active,0
CARD92947,CUST11871,Debit,2022-09-24,,Active,0
CARD92948,CUST14409,Credit,2022-04-02,115900.0,Expired,0
CARD92949,CUST12568,Debit,2023-07-01,,Active,0
CARD92950,CUST12048,Debit,2024-11-16,,Active,0
CARD92951,CUST11110,Debit,2022-07-09,,Active,0
CARD92952,CUST11729,Debit,2025-08-17,,Active,0
CARD92953,CUST10241,Credit,2023-10-31,317100.0,Active,0
CARD92954,CUST10414,Debit,2022-02-24,,Active,0
CARD92955,CUST14872,Credit,2022-07-24,93000.0,Closed,499
CARD92956,CUST10420,Credit,2025-02-28,139400.0,Active,999
CARD92957,CUST14117,Debit,2023-04-01,,Active,0
CARD92958,CUST11757,Debit,2024-02-17,,Active,0
CARD92959,CUST12753,Credit,2025-12-14,67400.0,Active,999
CARD92960,CUST13300,Credit,2022-10-30,119300.0,Active,1499
CARD92961,CUST10296,Credit,2024-09-23,59800.0,Active,999
CARD92962,CUST12146,Credit,2023-06-04,375100.0,Active,0
CARD92963,CUST13370,Debit,2025-02-27,,Active,0
CARD92964,CUST11190,Credit,2024-10-12,120400.0,Active,0
CARD92965,CUST12119,Credit,2023-11-27,180100.0,Active,499
CARD92966,CUST13083,Credit,2022-11-28,111200.0,Blocked,1499
CARD92967,CUST13375,Debit,2024-05-22,,Active,0
CARD92968,CUST14380,Debit,2022-01-29,,Active,0
CARD92969,CUST14310,Credit,2023-04-21,297900.0,Active,0
CARD92970,CUST11503,Debit,2022-03-20,,Active,0
CARD92971,CUST10658,Debit,2022-12-21,,Active,0
CARD92972,CUST14393,Debit,2022-06-18,,Active,0
CARD92973,CUST14990,Credit,2022-07-08,52200.0,Closed,1499
CARD92974,CUST10986,Credit,2024-12-30,79600.0,Active,1499
CARD92975,CUST13126,Credit,2023-02-18,143800.0,Active,0
CARD92976,CUST12383,Debit,2024-06-28,,Active,0
CARD92977,CUST11118,Debit,2025-09-14,,Active,0
CARD92978,CUST10280,Credit,2024-03-16,107100.0,Active,0
CARD92979,CUST10214,Credit,2025-03-16,176600.0,Active,1499
CARD92980,CUST12064,Credit,2024-07-15,227600.0,Closed,999
CARD92981,CUST13436,Debit,2022-10-16,,Active,0
CARD92982,CUST14072,Debit,2023-11-06,,Expired,0
CARD92983,CUST10946,Debit,2024-05-11,,Active,0
CARD92984,CUST10370,Debit,2023-06-19,,Closed,0
CARD92985,CUST13352,Credit,2023-05-05,174500.0,Active,499
CARD92986,CUST13064,Debit,2024-10-23,,Active,0
CARD92987,CUST14091,Debit,2025-07-29,,Active,0
CARD92988,CUST10015,Credit,2022-01-13,159500.0,Active,0
CARD92989,CUST14317,Debit,2026-01-08,,Active,0
CARD92990,CUST12509,Debit,2023-12-21,,Active,0
CARD92991,CUST14563,Credit,2025-06-26,162500.0,Active,999
CARD92992,CUST10662,Debit,2023-05-23,,Active,0
CARD92993,CUST13198,Debit,2025-06-02,,Active,0
CARD92994,CUST13466,Debit,2022-07-16,,Closed,0
CARD92995,CUST14587,Debit,2024-10-25,,Active,0
CARD92996,CUST12091,Credit,2023-12-26,138500.0,Expired,1499
CARD92997,CUST13206,Credit,2022-01-02,135500.0,Active,0
CARD92998,CUST11848,Debit,2024-10-28,,Active,0
CARD92999,CUST10666,Credit,2025-11-27,87600.0,Active,499
CARD93000,CUST11838,Credit,2022-10-14,102200.0,Active,0
CARD93001,CUST14602,Credit,2022-07-06,193900.0,Active,999
CARD93002,CUST10498,Credit,2024-01-02,94900.0,Active,499
CARD93003,CUST12728,Debit,2023-02-21,,Active,0
CARD93004,CUST11946,Debit,2023-02-19,,Active,0
CARD93005,CUST11740,Credit,2025-10-26,162500.0,Active,1499
CARD93006,CUST11303,Debit,2022-11-28,,Active,0
CARD93007,CUST10378,Debit,2023-05-07,,Expired,0
CARD93008,CUST13899,Credit,2023-02-19,249000.0,Active,1499
CARD93009,CUST13234,Debit,2025-12-11,,Active,0
CARD93010,CUST13466,Credit,2022-05-20,266700.0,Blocked,499
CARD93011,CUST14863,Debit,2024-08-29,,Active,0
CARD93012,CUST10489,Debit,2024-10-12,,Active,0
CARD93013,CUST10698,Debit,2023-11-26,,Active,0
CARD93014,CUST13133,Credit,2022-12-08,180500.0,Expired,499
CARD93015,CUST13888,Credit,2025-12-15,149200.0,Active,1499
CARD93016,CUST11950,Debit,2022-03-05,,Active,0
CARD93017,CUST13891,Debit,2023-01-18,,Expired,0
CARD93018,CUST14343,Debit,2023-12-19,,Active,0
CARD93019,CUST11001,Credit,2024-04-03,126000.0,Active,999
CARD93020,CUST12953,Debit,2022-07-22,,Active,0
CARD93021,CUST11430,Credit,2022-05-25,318300.0,Closed,1499
CARD93022,CUST11550,Credit,2025-10-16,136200.0,Blocked,0
CARD93023,CUST12436,Debit,2024-08-12,,Closed,0
CARD93024,CUST13180,Debit,2023-05-12,,Active,0
CARD93025,CUST14512,Debit,2024-01-10,,Expired,0
CARD93026,CUST12870,Credit,2024-09-02,33500.0,Active,999
CARD93027,CUST12797,Debit,2022-06-25,,Active,0
CARD93028,CUST10047,Debit,2024-11-28,,Active,0
CARD93029,CUST14405,Debit,2023-12-22,,Active,0
CARD93030,CUST14461,Debit,2022-02-12,,Active,0
CARD93031,CUST14045,Debit,2026-01-19,,Active,0
CARD93032,CUST12147,Debit,2023-03-25,,Closed,0
CARD93033,CUST12213,Debit,2024-06-08,,Active,0
CARD93034,CUST12311,Debit,2023-01-21,,Active,0
CARD93035,CUST11562,Debit,2024-02-15,,Active,0
CARD93036,CUST12714,Credit,2025-01-08,91800.0,Active,0
CARD93037,CUST10863,Debit,2025-03-04,,Active,0
CARD93038,CUST12546,Debit,2022-07-02,,Active,0
CARD93039,CUST11337,Credit,2023-07-28,91300.0,Expired,499
CARD93040,CUST13570,Debit,2024-08-14,,Active,0
CARD93041,CUST11390,Debit,2025-06-12,,Active,0
CARD93042,CUST13519,Debit,2022-11-15,,Active,0
CARD93043,CUST12305,Credit,2025-11-19,134000.0,Expired,1499
CARD93044,CUST11236,Credit,2025-12-27,123200.0,Active,999
CARD93045,CUST11737,Credit,2022-09-14,33100.0,Active,1499
CARD93046,CUST10885,Credit,2023-11-22,159200.0,Active,499
CARD93047,CUST14749,Credit,2022-06-01,340700.0,Active,499
CARD93048,CUST14778,Credit,2025-12-13,92200.0,Active,0
CARD93049,CUST11315,Debit,2023-08-23,,Active,0
CARD93050,CUST12124,Debit,2024-05-24,,Active,0
CARD93051,CUST13245,Debit,2023-08-14,,Active,0
CARD93052,CUST13409,Credit,2025-08-24,115400.0,Active,499
CARD93053,CUST12432,Debit,2022-03-15,,Active,0
CARD93054,CUST13968,Debit,2022-02-28,,Active,0
CARD93055,CUST12173,Debit,2023-01-16,,Active,0
CARD93056,CUST11141,Debit,2023-08-13,,Active,0
CARD93057,CUST13211,Debit,2024-11-02,,Active,0
CARD93058,CUST13990,Debit,2025-11-23,,Active,0
CARD93059,CUST14237,Debit,2023-01-16,,Blocked,0
CARD93060,CUST13698,Debit,2024-12-13,,Active,0
CARD93061,CUST11268,Debit,2025-11-21,,Active,0
CARD93062,CUST12226,Credit,2023-07-12,133800.0,Active,0
CARD93063,CUST13741,Credit,2024-10-07,213400.0,Blocked,1499
CARD93064,CUST13458,Debit,2024-10-02,,Active,0
CARD93065,CUST14007,Debit,2023-12-29,,Active,0
CARD93066,CUST12519,Credit,2022-12-04,110600.0,Active,1499
CARD93067,CUST12965,Credit,2023-05-18,29300.0,Active,499
CARD93068,CUST14425,Debit,2023-03-14,,Active,0
CARD93069,CUST13290,Debit,2024-06-11,,Active,0
CARD93070,CUST12776,Debit,2022-09-10,,Active,0
CARD93071,CUST12468,Credit,2022-01-11,131200.0,Active,1499
CARD93072,CUST12578,Debit,2022-09-25,,Active,0
CARD93073,CUST14972,Debit,2022-02-01,,Active,0
CARD93074,CUST14105,Debit,2024-04-07,,Active,0
CARD93075,CUST12695,Debit,2024-06-13,,Active,0
CARD93076,CUST13705,Debit,2023-12-04,,Active,0
CARD93077,CUST11767,Debit,2024-02-08,,Blocked,0
CARD93078,CUST10783,Credit,2023-07-27,299000.0,Active,1499
CARD93079,CUST10867,Credit,2023-10-07,175700.0,Expired,999
CARD93080,CUST14813,Credit,2024-12-07,350600.0,Active,999
CARD93081,CUST12764,Credit,2022-04-21,287000.0,Active,0
CARD93082,CUST11295,Debit,2024-09-26,,Active,0
CARD93083,CUST14050,Credit,2025-03-07,78800.0,Active,499
CARD93084,CUST11704,Debit,2025-08-06,,Closed,0
CARD93085,CUST13430,Debit,2025-03-02,,Blocked,0
CARD93086,CUST13679,Credit,2025-05-16,251400.0,Active,1499
CARD93087,CUST14501,Debit,2023-07-16,,Active,0
CARD93088,CUST10740,Debit,2024-04-15,,Active,0
CARD93089,CUST11934,Debit,2024-01-04,,Active,0
CARD93090,CUST13650,Debit,2022-01-21,,Active,0
CARD93091,CUST12233,Debit,2022-08-10,,Active,0
CARD93092,CUST10023,Debit,2025-01-25,,Active,0
CARD93093,CUST10138,Credit,2023-05-08,92000.0,Closed,999
CARD93094,CUST13446,Debit,2025-04-28,,Active,0
CARD93095,CUST11362,Credit,2025-02-17,154700.0,Active,0
CARD93096,CUST14057,Debit,2024-05-29,,Active,0
CARD93097,CUST10168,Credit,2024-05-01,378600.0,Active,499
CARD93098,CUST10044,Debit,2023-04-02,,Active,0
CARD93099,CUST10652,Debit,2024-09-07,,Active,0
CARD93100,CUST12115,Debit,2025-02-11,,Active,0
CARD93101,CUST11906,Credit,2023-08-03,118300.0,Active,499
CARD93102,CUST12542,Credit,2023-04-18,86900.0,Active,1499
CARD93103,CUST10787,Debit,2024-10-04,,Active,0
CARD93104,CUST13824,Credit,2024-09-19,110000.0,Active,1499
CARD93105,CUST10769,Debit,2024-01-13,,Active,0
CARD93106,CUST13235,Credit,2022-07-28,612200.0,Expired,0
CARD93107,CUST13940,Debit,2025-10-06,,Active,0
CARD93108,CUST10644,Credit,2023-01-15,148700.0,Active,499
CARD93109,CUST13349,Debit,2023-10-26,,Closed,0
CARD93110,CUST11003,Credit,2023-12-14,85500.0,Active,999
CARD93111,CUST14436,Credit,2025-07-12,224600.0,Active,0
CARD93112,CUST13179,Credit,2024-06-16,329100.0,Active,0
CARD93113,CUST12950,Debit,2023-01-05,,Active,0
CARD93114,CUST11389,Credit,2025-04-04,463600.0,Active,499
CARD93115,CUST14809,Credit,2024-06-25,284400.0,Active,999
CARD93116,CUST10835,Credit,2023-11-26,202100.0,Blocked,0
CARD93117,CUST14865,Debit,2024-12-28,,Active,0
CARD93118,CUST14665,Debit,2024-01-30,,Active,0
CARD93119,CUST14895,Debit,2025-11-28,,Expired,0
CARD93121,CUST11152,Credit,2022-01-18,77300.0,Active,0
CARD93122,CUST14725,Credit,2023-01-07,219000.0,Active,499
CARD93123,CUST12309,Debit,2022-08-23,,Active,0
CARD93124,CUST10272,Debit,2022-08-19,,Active,0
CARD93125,CUST13411,Debit,2025-02-07,,Active,0
CARD93126,CUST13031,Debit,2022-12-04,,Active,0
CARD93127,CUST10568,Debit,2022-04-21,,Active,0
CARD93128,CUST11797,Debit,2024-11-17,,Expired,0
CARD93129,CUST13499,Debit,2024-10-04,,Active,0
CARD93130,CUST14772,Debit,2023-01-30,,Active,0
CARD93131,CUST10159,Credit,2024-11-25,104500.0,Active,999
CARD93132,CUST12281,Debit,2023-03-30,,Active,0
CARD93133,CUST12745,Credit,2023-10-12,107500.0,Active,0
CARD93134,CUST12359,Credit,2022-07-26,107200.0,Active,999
CARD93135,CUST13930,Credit,2025-06-15,244300.0,Active,0
CARD93136,CUST11368,Debit,2024-08-07,,Active,0
CARD93137,CUST14388,Debit,2024-01-13,,Active,0
CARD93138,CUST10888,Debit,2023-01-05,,Blocked,0
CARD93139,CUST13459,Debit,2024-01-07,,Closed,0
CARD93140,CUST14007,Debit,2024-06-16,,Active,0
CARD93141,CUST10205,Debit,2025-11-25,,Active,0
CARD93142,CUST12222,Credit,2025-05-20,295000.0,Active,1499
CARD93143,CUST11723,Debit,2023-04-15,,Active,0
CARD93144,CUST10761,Credit,2025-09-03,160300.0,Active,499
CARD93145,CUST14884,Debit,2024-01-06,,Active,0
CARD93146,CUST14715,Debit,2024-08-25,,Active,0
CARD93147,CUST11255,Debit,2022-09-03,,Active,0
CARD93148,CUST11035,Credit,2024-12-08,211900.0,Closed,1499
CARD93149,CUST12059,Debit,2025-11-06,,Active,0
CARD93150,CUST10033,Debit,2023-09-29,,Active,0
CARD93151,CUST10149,Debit,2025-09-09,,Blocked,0
CARD93152,CUST11244,Debit,2023-03-07,,Closed,0
CARD93153,CUST14940,Credit,2022-09-06,129300.0,Active,999
CARD93154,CUST14218,Credit,2025-09-25,214500.0,Active,499
CARD93155,CUST14387,Credit,2026-02-05,226000.0,Active,1499
CARD93156,CUST12920,Debit,2023-07-22,,Active,0
CARD93157,CUST14916,Debit,2025-07-04,,Active,0
CARD93158,CUST10792,Credit,2022-03-13,208300.0,Active,0
CARD93159,CUST10796,Credit,2023-01-11,109900.0,Blocked,999
CARD93160,CUST12989,Debit,2023-04-20,,Active,0
CARD93161,CUST11283,Debit,2022-01-26,,Active,0
CARD93162,CUST11212,Debit,2022-06-13,,Expired,0
CARD93163,CUST14504,Debit,2023-07-06,,Active,0
CARD93164,CUST11763,Debit,2022-04-13,,Active,0
CARD93165,CUST14977,Credit,2023-09-10,67000.0,Active,1499
CARD93166,CUST13693,Credit,2024-07-28,140800.0,Active,0
CARD93167,CUST11249,Debit,2022-02-18,,Active,0
CARD93168,CUST12217,Debit,2022-10-23,,Active,0
CARD93169,CUST14782,Debit,2026-01-09,,Active,0
CARD93170,CUST14934,Debit,2023-10-16,,Active,0
CARD93171,CUST14896,Credit,2022-12-16,160900.0,Active,1499
CARD93172,CUST11060,Credit,2025-12-07,179000.0,Active,999
CARD93173,CUST10259,Credit,2023-03-02,100600.0,Active,499
CARD93174,CUST11852,Credit,2024-09-03,108100.0,Active,499
CARD93175,CUST12749,Credit,2025-07-27,168000.0,Active,499
CARD93176,CUST11786,Credit,2023-07-12,370500.0,Active,1499
CARD93177,CUST13098,Credit,2025-03-01,237100.0,Closed,499
CARD93178,CUST14325,Credit,2023-10-31,34400.0,Active,999
CARD93179,CUST11856,Credit,2024-01-18,250400.0,Active,499
CARD93180,CUST11866,Debit,2023-12-05,,Active,0
CARD93181,CUST14150,Debit,2023-04-05,,Active,0
CARD93182,CUST12987,Credit,2022-03-22,116300.0,Active,999
CARD93183,CUST12366,Debit,2023-12-17,,Active,0
CARD93184,CUST10972,Credit,2024-01-24,92400.0,Active,999
CARD93185,CUST12922,Debit,2024-07-07,,Active,0
CARD93186,CUST13420,Credit,2023-01-02,239400.0,Active,499
CARD93187,CUST12284,Credit,2023-12-09,265200.0,Closed,999
CARD93188,CUST13646,Debit,2025-08-21,,Blocked,0
CARD93189,CUST10919,Debit,2022-02-25,,Active,0
CARD93190,CUST11854,Debit,2025-09-01,,Expired,0
CARD93191,CUST13498,Credit,2025-07-02,95400.0,Active,0
CARD93192,CUST13556,Credit,2025-02-12,157500.0,Blocked,1499
CARD93193,CUST10386,Debit,2025-02-22,,Blocked,0
CARD93194,CUST14782,Debit,2025-09-17,,Active,0
CARD93195,CUST13068,Credit,2026-01-14,148500.0,Active,499
CARD93196,CUST11918,Debit,2022-05-29,,Active,0
CARD93197,CUST11943,Credit,2023-04-15,83300.0,Active,999
CARD93198,CUST14306,Credit,2024-01-13,94300.0,Expired,0
CARD93199,CUST10620,Debit,2025-01-18,,Active,0
CARD93200,CUST11332,Credit,2024-03-24,88200.0,Expired,0
CARD93201,CUST10293,Credit,2025-04-07,137600.0,Active,499
CARD93202,CUST13565,Debit,2024-01-13,,Active,0
CARD93203,CUST14985,Debit,2022-04-13,,Expired,0
CARD93204,CUST12427,Credit,2022-07-17,291500.0,Expired,0
CARD93205,CUST11155,Credit,2024-05-21,102400.0,Active,499
CARD93206,CUST12387,Debit,2022-04-10,,Active,0
CARD93207,CUST12065,Credit,2025-05-08,128500.0,Blocked,0
CARD93208,CUST11932,Debit,2025-02-28,,Blocked,0
CARD93209,CUST10467,Debit,2022-12-30,,Active,0
CARD93210,CUST13756,Debit,2025-11-04,,Active,0
CARD93211,CUST10655,Debit,2024-12-27,,Active,0
CARD93212,CUST10629,Debit,2022-01-08,,Active,0
CARD93213,CUST11849,Debit,2025-01-23,,Active,0
CARD93214,CUST13477,Debit,2025-03-04,,Active,0
CARD93215,CUST10048,Debit,2024-08-09,,Active,0
CARD93216,CUST13892,Credit,2022-07-10,120600.0,Active,1499
CARD93217,CUST13449,Debit,2022-08-25,,Closed,0
CARD93218,CUST13531,Credit,2026-02-03,115200.0,Active,0
CARD93219,CUST12128,Credit,2022-01-23,97800.0,Expired,0
CARD93220,CUST14232,Debit,2025-01-04,,Active,0
CARD93221,CUST13797,Credit,2025-12-09,310400.0,Active,499
CARD93222,CUST11385,Debit,2025-10-30,,Active,0
CARD93223,CUST14426,Debit,2023-05-30,,Active,0
CARD93224,CUST14818,Debit,2022-06-12,,Active,0
CARD93225,CUST14885,Credit,2023-09-29,80400.0,Active,0
CARD93226,CUST10116,Debit,2025-07-15,,Blocked,0
CARD93227,CUST13460,Debit,2023-01-12,,Closed,0
CARD93228,CUST10407,Credit,2023-04-10,101800.0,Active,0
CARD93229,CUST12734,Credit,2022-10-17,205100.0,Active,999
CARD93230,CUST10110,Credit,2022-04-18,167700.0,Active,1499
CARD93231,CUST14893,Credit,2026-01-08,82600.0,Active,1499
CARD93232,CUST13083,Debit,2023-12-05,,Active,0
CARD93233,CUST11392,Debit,2024-11-16,,Active,0
CARD93234,CUST12176,Debit,2022-07-27,,Active,0
CARD93235,CUST10610,Credit,2024-06-09,293600.0,Active,499
CARD93236,CUST13538,Credit,2025-07-18,285300.0,Active,499
CARD93237,CUST10710,Credit,2022-02-03,109600.0,Active,0
CARD93238,CUST14207,Debit,2025-01-10,,Active,0
CARD93239,CUST14004,Credit,2025-06-02,94100.0,Active,0
CARD93240,CUST12341,Debit,2024-05-30,,Active,0
CARD93241,CUST14525,Debit,2023-09-05,,Active,0
CARD93242,CUST10824,Debit,2024-07-07,,Active,0
CARD93243,CUST14869,Credit,2024-08-30,111200.0,Active,0
CARD93244,CUST14867,Debit,2022-06-19,,Active,0
CARD93245,CUST12694,Debit,2024-05-17,,Active,0
CARD93246,CUST11476,Debit,2023-11-28,,Active,0
CARD93247,CUST11839,Debit,2025-10-28,,Active,0
CARD93248,CUST14262,Debit,2026-01-03,,Blocked,0
CARD93249,CUST14478,Debit,2025-01-22,,Active,0
CARD93250,CUST14306,Debit,2025-04-20,,Closed,0
CARD93251,CUST14564,Credit,2025-05-02,228200.0,Active,1499
CARD93252,CUST14934,Debit,2022-12-15,,Active,0
CARD93253,CUST11361,Debit,2025-05-02,,Active,0
CARD93254,CUST11978,Debit,2025-12-08,,Active,0
CARD93255,CUST11397,Debit,2024-03-21,,Expired,0
CARD93256,CUST10091,Credit,2024-06-14,319300.0,Active,999
CARD93257,CUST12709,Debit,2023-05-26,,Active,0
CARD93258,CUST10400,Credit,2025-01-08,132600.0,Active,999
CARD93259,CUST10368,Credit,2025-11-29,159500.0,Active,1499
CARD93260,CUST14373,Debit,2025-12-26,,Active,0
CARD93261,CUST13910,Debit,2023-07-12,,Active,0
CARD93262,CUST12633,Debit,2023-12-06,,Active,0
CARD93263,CUST14147,Debit,2022-09-30,,Active,0
CARD93264,CUST12791,Credit,2025-10-22,63600.0,Active,999
CARD93265,CUST13509,Credit,2022-04-02,41400.0,Active,999
CARD93266,CUST10658,Debit,2023-07-02,,Blocked,0
CARD93267,CUST13987,Debit,2024-05-18,,Active,0
CARD93268,CUST11181,Debit,2022-10-30,,Active,0
CARD93269,CUST10082,Debit,2024-04-18,,Closed,0
CARD93270,CUST13659,Credit,2024-11-06,134700.0,Active,999
CARD93271,CUST12513,Credit,2023-04-28,120100.0,Active,499
CARD93272,CUST10943,Debit,2024-08-21,,Active,0
CARD93273,CUST12229,Debit,2025-12-27,,Active,0
CARD93274,CUST12429,Debit,2022-04-30,,Active,0
CARD93275,CUST11135,Debit,2025-08-05,,Expired,0
CARD93276,CUST12914,Credit,2023-12-30,95000.0,Active,1499
CARD93277,CUST12045,Debit,2025-11-19,,Active,0
CARD93278,CUST12816,Debit,2025-08-10,,Active,0
CARD93279,CUST11189,Credit,2023-05-05,296900.0,Expired,999
CARD93280,CUST14111,Credit,2025-12-02,137000.0,Active,499
CARD93281,CUST11192,Debit,2025-03-22,,Active,0
CARD93282,CUST12355,Credit,2024-02-14,62900.0,Active,999
CARD93283,CUST12914,Debit,2025-03-14,,Active,0
CARD93284,CUST14051,Credit,2025-06-05,212900.0,Active,499
CARD93285,CUST10703,Credit,2022-02-24,350200.0,Active,999
CARD93286,CUST13269,Debit,2023-05-07,,Active,0
CARD93287,CUST11056,Debit,2025-04-08,,Active,0
CARD93288,CUST14485,Debit,2022-07-02,,Active,0
CARD93289,CUST12617,Debit,2023-11-24,,Active,0
CARD93290,CUST11914,Credit,2022-10-29,380700.0,Active,0
CARD93291,CUST14413,Debit,2023-05-01,,Active,0
CARD93292,CUST11757,Debit,2024-08-15,,Expired,0
CARD93293,CUST12403,Credit,2022-01-02,137200.0,Active,0
CARD93294,CUST14933,Debit,2023-03-26,,Active,0
CARD93295,CUST10900,Debit,2022-06-30,,Blocked,0
CARD93296,CUST12432,Debit,2025-11-01,,Active,0
CARD93297,CUST13765,Credit,2024-12-05,202400.0,Active,499
CARD93298,CUST10114,Credit,2024-01-24,258800.0,Closed,499
CARD93299,CUST10103,Credit,2025-09-21,200600.0,Active,499
CARD93300,CUST10129,Debit,2024-11-27,,Active,0
CARD93301,CUST13161,Debit,2025-10-09,,Active,0
CARD93302,CUST12837,Debit,2025-12-12,,Active,0
CARD93303,CUST12917,Credit,2025-06-24,186300.0,Active,0
CARD93304,CUST13628,Debit,2022-02-04,,Active,0
CARD93305,CUST12808,Debit,2023-09-28,,Blocked,0
CARD93306,CUST10678,Credit,2023-02-26,63200.0,Closed,499
CARD93307,CUST10588,Credit,2023-12-11,362500.0,Active,999
CARD93308,CUST12348,Credit,2024-10-23,108100.0,Active,999
CARD93309,CUST14308,Debit,2025-07-03,,Active,0
CARD93310,CUST11183,Debit,2024-03-06,,Active,0
CARD93311,CUST12165,Debit,2022-01-24,,Expired,0
CARD93312,CUST12286,Debit,2023-05-24,,Active,0
CARD93313,CUST12321,Debit,2025-02-19,,Active,0
CARD93314,CUST14309,Credit,2024-06-15,38600.0,Active,1499
CARD93315,CUST12130,Debit,2023-07-14,,Active,0
CARD93316,CUST10342,Debit,2025-02-08,,Active,0
CARD93317,CUST10812,Credit,2023-08-16,157300.0,Active,999
CARD93318,CUST12264,Credit,2024-09-05,104300.0,Active,999
CARD93319,CUST13133,Credit,2025-02-15,145400.0,Active,1499
CARD93320,CUST11813,Credit,2022-12-05,149200.0,Active,999
CARD93321,CUST14655,Debit,2024-02-15,,Active,0
CARD93322,CUST13983,Debit,2023-05-18,,Active,0
CARD93323,CUST12748,Debit,2025-08-11,,Active,0
CARD93324,CUST14132,Credit,2024-01-05,145700.0,Active,499
CARD93325,CUST12887,Debit,2025-03-10,,Active,0
CARD93326,CUST12454,Credit,2022-12-31,259500.0,Active,0
CARD93327,CUST11148,Debit,2022-01-28,,Active,0
CARD93328,CUST14874,Credit,2023-03-01,124100.0,Active,499
CARD93329,CUST13129,Credit,2022-07-07,338600.0,Active,499
CARD93330,CUST13758,Debit,2022-06-28,,Active,0
CARD93331,CUST13167,Debit,2025-06-08,,Active,0
CARD93332,CUST11267,Debit,2024-03-18,,Active,0
CARD93333,CUST12147,Credit,2024-01-02,127600.0,Active,0
CARD93334,CUST10970,Credit,2023-01-23,74000.0,Active,999
CARD93335,CUST13435,Credit,2022-09-28,100100.0,Active,499
CARD93336,CUST13065,Debit,2022-07-11,,Active,0
CARD93337,CUST14170,Debit,2024-09-27,,Closed,0
CARD93338,CUST11153,Debit,2024-01-13,,Closed,0
CARD93339,CUST12995,Credit,2024-01-02,131000.0,Active,0
CARD93340,CUST10461,Credit,2022-07-21,370100.0,Active,1499
CARD93341,CUST10495,Debit,2025-11-17,,Blocked,0
CARD93342,CUST14190,Debit,2025-07-27,,Active,0
CARD93343,CUST10443,Debit,2024-08-27,,Active,0
CARD93344,CUST11298,Debit,2025-06-12,,Active,0
CARD93345,CUST13958,Debit,2023-09-20,,Closed,0
CARD93346,CUST10290,Credit,2023-03-19,59700.0,Active,1499
CARD93347,CUST14731,Credit,2024-06-12,83600.0,Active,0
CARD93348,CUST10221,Credit,2023-11-25,121000.0,Active,999
CARD93349,CUST11560,Credit,2022-08-02,312900.0,Active,1499
CARD93350,CUST14076,Credit,2025-10-31,240400.0,Expired,0
CARD93351,CUST12413,Credit,2022-10-14,131500.0,Active,499
CARD93352,CUST13314,Credit,2024-08-15,68500.0,Closed,499
CARD93353,CUST14979,Debit,2022-06-30,,Active,0
CARD93354,CUST13800,Debit,2024-06-24,,Active,0
CARD93355,CUST12434,Credit,2024-06-24,131600.0,Expired,0
CARD93356,CUST12318,Credit,2024-07-27,197700.0,Active,999
CARD93357,CUST10902,Credit,2024-07-15,251800.0,Active,0
CARD93358,CUST12378,Credit,2024-02-23,89800.0,Active,499
CARD93359,CUST12704,Credit,2025-06-24,149200.0,Active,0
CARD93360,CUST10080,Debit,2023-11-05,,Active,0
CARD93361,CUST12490,Debit,2024-05-12,,Active,0
CARD93362,CUST11835,Debit,2023-12-06,,Active,0
CARD93363,CUST14550,Credit,2025-06-17,169100.0,Active,1499
CARD93364,CUST10586,Debit,2025-12-24,,Active,0
CARD93365,CUST12311,Debit,2023-06-16,,Active,0
CARD93366,CUST13616,Credit,2022-06-25,92000.0,Active,999
CARD93367,CUST14915,Debit,2022-05-04,,Blocked,0
CARD93368,CUST10082,Credit,2023-02-06,185000.0,Expired,499
CARD93369,CUST12243,Credit,2023-05-18,267700.0,Active,499
CARD93370,CUST14885,Debit,2025-12-20,,Active,0
CARD93371,CUST11682,Credit,2024-04-24,78700.0,Active,499
CARD93372,CUST12061,Debit,2022-01-21,,Active,0
CARD93373,CUST14473,Debit,2022-10-07,,Active,0
CARD93374,CUST10761,Debit,2022-12-12,,Active,0
CARD93375,CUST13141,Debit,2024-09-26,,Active,0
CARD93376,CUST13749,Debit,2022-11-30,,Active,0
CARD93377,CUST13001,Debit,2024-03-02,,Active,0
CARD93378,CUST13706,Debit,2024-10-15,,Active,0
CARD93379,CUST13378,Debit,2023-06-21,,Active,0
CARD93380,CUST10190,Debit,2024-11-05,,Active,0
CARD93381,CUST13106,Credit,2024-03-27,137400.0,Active,1499
CARD93382,CUST11814,Debit,2022-10-12,,Closed,0
CARD93383,CUST11126,Credit,2022-07-30,319200.0,Active,999
CARD93384,CUST14389,Credit,2024-08-16,197500.0,Active,499
CARD93385,CUST10974,Credit,2025-03-02,88900.0,Expired,499
CARD93386,CUST12631,Credit,2024-11-29,374500.0,Active,999
CARD93387,CUST14270,Credit,2022-05-17,237500.0,Active,1499
CARD93388,CUST10079,Debit,2025-06-18,,Active,0
CARD93389,CUST13120,Credit,2023-04-02,50700.0,Active,999
CARD93390,CUST10221,Credit,2023-06-13,123200.0,Closed,0
CARD93391,CUST12385,Debit,2026-01-16,,Active,0
CARD93392,CUST13968,Debit,2025-06-16,,Active,0
CARD93393,CUST11194,Credit,2023-11-30,416000.0,Active,0
CARD93394,CUST10738,Debit,2023-09-07,,Active,0
CARD93395,CUST14386,Credit,2024-04-18,117800.0,Blocked,0
CARD93396,CUST12670,Credit,2022-09-02,97800.0,Blocked,999
CARD93397,CUST12351,Debit,2022-07-18,,Active,0
CARD93398,CUST12933,Credit,2024-11-20,205000.0,Active,1499
CARD93399,CUST14874,Credit,2025-06-17,53400.0,Active,999
CARD93400,CUST13178,Debit,2024-02-05,,Active,0
CARD93401,CUST12858,Debit,2024-02-15,,Active,0
CARD93402,CUST13873,Debit,2025-09-18,,Active,0
CARD93403,CUST13120,Debit,2022-06-01,,Closed,0
CARD93404,CUST14969,Debit,2024-07-04,,Active,0
CARD93405,CUST10179,Debit,2025-03-26,,Active,0
CARD93406,CUST10515,Credit,2023-06-27,154400.0,Active,0
CARD93407,CUST14588,Debit,2024-07-04,,Active,0
CARD93408,CUST13589,Debit,2022-04-17,,Expired,0
CARD93409,CUST10622,Debit,2025-10-11,,Closed,0
CARD93410,CUST13459,Debit,2022-10-09,,Closed,0
CARD93411,CUST11629,Debit,2023-12-14,,Closed,0
CARD93412,CUST10054,Credit,2025-06-16,138300.0,Active,499
CARD93413,CUST12962,Debit,2024-06-09,,Active,0
CARD93414,CUST14041,Credit,2022-01-31,151800.0,Active,0
CARD93415,CUST11609,Debit,2023-12-27,,Active,0
CARD93416,CUST10659,Debit,2022-05-19,,Active,0
CARD93417,CUST12851,Debit,2023-11-15,,Active,0
CARD93418,CUST13349,Debit,2022-03-19,,Active,0
CARD93419,CUST14911,Credit,2022-09-30,93900.0,Active,999
CARD93420,CUST14988,Credit,2025-09-19,158600.0,Active,499
CARD93421,CUST12274,Debit,2024-11-03,,Closed,0
CARD93422,CUST14890,Debit,2023-01-08,,Active,0
CARD93423,CUST12899,Debit,2023-06-24,,Active,0
CARD93424,CUST11422,Debit,2024-09-01,,Active,0
CARD93425,CUST11444,Debit,2024-10-02,,Active,0
CARD93426,CUST13025,Debit,2024-07-18,,Active,0
CARD93427,CUST10594,Debit,2025-07-11,,Active,0
CARD93428,CUST11738,Credit,2022-01-10,293500.0,Active,0
CARD93429,CUST13130,Debit,2023-11-15,,Active,0
CARD93430,CUST11742,Debit,2025-06-22,,Active,0
CARD93431,CUST12494,Credit,2022-05-10,115800.0,Active,0
CARD93432,CUST10698,Debit,2023-07-26,,Active,0
CARD93433,CUST11731,Credit,2022-03-23,43000.0,Closed,499
CARD93434,CUST11749,Debit,2022-05-19,,Closed,0
CARD93435,CUST11039,Debit,2023-04-26,,Active,0
CARD93436,CUST12786,Debit,2025-05-28,,Active,0
CARD93437,CUST11085,Debit,2023-12-05,,Blocked,0
CARD93438,CUST12612,Credit,2024-12-15,310700.0,Active,1499
CARD93439,CUST11883,Debit,2022-06-17,,Active,0
CARD93440,CUST10348,Credit,2025-07-19,79600.0,Active,999
CARD93441,CUST11916,Debit,2024-11-30,,Active,0
CARD93442,CUST10060,Credit,2026-01-04,115000.0,Active,0
CARD93443,CUST13080,Credit,2024-09-12,226500.0,Active,999
CARD93444,CUST13123,Credit,2025-08-09,97700.0,Active,0
CARD93445,CUST12092,Debit,2024-04-30,,Active,0
CARD93446,CUST11865,Credit,2024-02-29,189600.0,Active,0
CARD93447,CUST10220,Debit,2022-05-23,,Active,0
CARD93448,CUST10322,Debit,2024-02-14,,Expired,0
CARD93449,CUST13038,Credit,2025-01-17,248500.0,Active,0
CARD93450,CUST14578,Debit,2023-08-29,,Active,0
CARD93451,CUST14708,Debit,2022-09-02,,Active,0
CARD93452,CUST13054,Debit,2024-01-20,,Active,0
CARD93453,CUST12289,Debit,2025-06-30,,Active,0
CARD93454,CUST10040,Debit,2022-04-01,,Active,0
CARD93455,CUST10176,Credit,2023-11-13,215800.0,Active,0
CARD93456,CUST12717,Debit,2023-06-20,,Active,0
CARD93457,CUST12014,Debit,2022-02-24,,Active,0
CARD93458,CUST11227,Credit,2023-12-31,247600.0,Active,1499
CARD93459,CUST10889,Credit,2024-11-29,95500.0,Active,999
CARD93460,CUST11292,Debit,2022-02-04,,Active,0
CARD93461,CUST14940,Credit,2024-05-17,76200.0,Active,499
CARD93462,CUST10817,Credit,2024-09-18,156800.0,Active,1499
CARD93463,CUST13791,Credit,2022-08-10,116400.0,Active,0
CARD93464,CUST10870,Credit,2022-04-22,87600.0,Closed,0
CARD93465,CUST14799,Debit,2022-12-30,,Active,0
CARD93466,CUST14393,Debit,2023-06-30,,Closed,0
CARD93467,CUST14341,Debit,2022-11-23,,Active,0
CARD93468,CUST11824,Debit,2024-09-05,,Active,0
CARD93469,CUST12931,Credit,2025-11-11,146600.0,Active,499
CARD93470,CUST14426,Debit,2024-12-27,,Active,0
CARD93471,CUST12924,Credit,2024-03-25,189900.0,Active,499
CARD93472,CUST14291,Debit,2023-01-28,,Active,0
CARD93473,CUST11292,Debit,2024-10-12,,Active,0
CARD93474,CUST12144,Credit,2025-02-26,121500.0,Active,1499
CARD93475,CUST14528,Debit,2022-08-18,,Active,0
CARD93476,CUST12935,Debit,2022-01-20,,Active,0
CARD93477,CUST14044,Credit,2022-12-29,131100.0,Active,999
CARD93478,CUST13675,Debit,2023-03-17,,Active,0
CARD93479,CUST13374,Credit,2025-02-09,230300.0,Active,1499
CARD93480,CUST11320,Debit,2022-02-04,,Active,0
CARD93481,CUST13400,Debit,2023-07-25,,Expired,0
CARD93482,CUST11774,Debit,2025-09-19,,Active,0
CARD93483,CUST14383,Credit,2025-01-05,269900.0,Expired,999
CARD93484,CUST12990,Credit,2025-07-16,103200.0,Active,999
CARD93485,CUST10346,Credit,2025-10-07,108400.0,Active,999
CARD93486,CUST14305,Credit,2025-08-19,101200.0,Expired,499
CARD93487,CUST13758,Debit,2022-03-05,,Active,0
CARD93488,CUST14357,Credit,2025-12-12,81700.0,Active,999
CARD93489,CUST12812,Credit,2022-07-20,121800.0,Expired,0
CARD93490,CUST10398,Debit,2025-03-28,,Active,0
CARD93491,CUST10726,Debit,2024-08-01,,Active,0
CARD93492,CUST13592,Credit,2022-11-22,167400.0,Active,499
CARD93493,CUST11809,Credit,2022-06-10,118600.0,Expired,0
CARD93494,CUST14269,Debit,2022-07-26,,Active,0
CARD93495,CUST12946,Credit,2025-09-12,100900.0,Expired,499
CARD93496,CUST13184,Debit,2025-04-30,,Expired,0
CARD93497,CUST14220,Debit,2025-11-24,,Active,0
CARD93498,CUST14153,Debit,2022-06-05,,Active,0
CARD93499,CUST14734,Debit,2022-06-03,,Closed,0
CARD93500,CUST10172,Credit,2023-11-18,64200.0,Active,1499
CARD93501,CUST11900,Credit,2023-07-27,167300.0,Active,499
CARD93502,CUST12510,Debit,2022-12-06,,Expired,0
CARD93503,CUST12777,Debit,2025-11-01,,Active,0
CARD93504,CUST14054,Credit,2024-11-10,228800.0,Active,999
CARD93505,CUST10408,Debit,2023-09-08,,Active,0
CARD93506,CUST12017,Debit,2025-05-25,,Active,0
CARD93507,CUST10186,Debit,2022-11-13,,Active,0
CARD93508,CUST10768,Credit,2025-08-08,72400.0,Expired,499
CARD93509,CUST13798,Debit,2025-03-20,,Blocked,0
CARD93510,CUST10386,Credit,2023-07-15,79100.0,Active,999
CARD93511,CUST10964,Credit,2022-11-21,210400.0,Active,1499
CARD93512,CUST13788,Credit,2025-01-16,238300.0,Active,499
CARD93513,CUST12609,Debit,2024-10-08,,Active,0
CARD93514,CUST11424,Credit,2022-10-11,104500.0,Closed,0
CARD93515,CUST11249,Debit,2022-10-15,,Active,0
CARD93516,CUST11397,Credit,2024-02-05,82200.0,Active,1499
CARD93517,CUST13931,Debit,2023-11-15,,Active,0
CARD93518,CUST12021,Debit,2025-05-24,,Active,0
CARD93519,CUST14926,Credit,2023-08-27,162800.0,Active,499
CARD93520,CUST14340,Debit,2026-01-27,,Blocked,0
CARD93521,CUST14218,Credit,2024-11-29,165500.0,Active,1499
CARD93522,CUST13813,Debit,2022-03-25,,Active,0
CARD93523,CUST11817,Debit,2025-07-06,,Blocked,0
CARD93524,CUST13899,Debit,2025-06-27,,Expired,0
CARD93525,CUST10624,Credit,2022-09-29,156100.0,Active,999
CARD93526,CUST13265,Credit,2022-03-30,233700.0,Active,999
CARD93527,CUST14818,Credit,2022-06-10,149200.0,Closed,0
CARD93528,CUST10238,Credit,2025-01-23,270200.0,Active,1499
CARD93529,CUST12270,Credit,2023-07-16,381200.0,Active,499
CARD93530,CUST10876,Credit,2025-10-25,349800.0,Active,999
CARD93531,CUST13870,Debit,2024-06-15,,Active,0
CARD93532,CUST11103,Debit,2023-09-12,,Active,0
CARD93533,CUST12489,Debit,2022-05-26,,Active,0
CARD93534,CUST12770,Debit,2025-09-24,,Active,0
CARD93536,CUST12991,Credit,2025-03-08,126100.0,Active,0
CARD93537,CUST12739,Debit,2024-09-04,,Active,0
CARD93538,CUST12842,Debit,2024-07-26,,Expired,0
CARD93539,CUST13178,Debit,2023-03-06,,Active,0
CARD93540,CUST12240,Credit,2026-01-29,45900.0,Expired,1499
CARD93541,CUST13703,Credit,2022-06-02,191600.0,Active,499
CARD93542,CUST14511,Debit,2023-10-28,,Active,0
CARD93543,CUST14950,Credit,2025-11-01,108000.0,Active,999
CARD93544,CUST12690,Debit,2023-09-25,,Active,0
CARD93545,CUST11306,Debit,2025-02-02,,Active,0
CARD93546,CUST13505,Credit,2024-09-21,62600.0,Active,0
CARD93547,CUST13000,Debit,2025-10-07,,Active,0
CARD93548,CUST12646,Debit,2023-05-23,,Active,0
CARD93549,CUST14443,Credit,2022-05-26,126700.0,Active,499
CARD93550,CUST12319,Debit,2022-01-22,,Active,0
CARD93551,CUST10207,Debit,2024-07-05,,Active,0
CARD93552,CUST14666,Debit,2024-05-03,,Expired,0
CARD93553,CUST11762,Credit,2023-02-06,240200.0,Active,499
CARD93554,CUST14412,Debit,2023-05-11,,Active,0
CARD93555,CUST11863,Credit,2025-09-25,187800.0,Active,0
CARD93556,CUST14099,Debit,2024-12-14,,Active,0
CARD93557,CUST12907,Debit,2023-01-07,,Active,0
CARD93558,CUST12741,Debit,2024-03-28,,Blocked,0
CARD93559,CUST10424,Credit,2025-08-29,96300.0,Active,999
CARD93560,CUST10530,Debit,2022-09-22,,Active,0
CARD93561,CUST12221,Debit,2022-04-15,,Active,0
CARD93562,CUST10126,Credit,2022-06-04,189000.0,Active,999
CARD93563,CUST13984,Credit,2024-03-08,153800.0,Closed,999
CARD93564,CUST14666,Credit,2024-07-19,34700.0,Active,1499
CARD93565,CUST12184,Debit,2023-02-02,,Expired,0
CARD93566,CUST11261,Debit,2022-04-22,,Active,0
CARD93567,CUST10399,Credit,2025-02-27,227900.0,Active,0
CARD93568,CUST13696,Credit,2023-09-14,127400.0,Active,1499
CARD93569,CUST11001,Debit,2024-12-27,,Expired,0
CARD93570,CUST13389,Debit,2022-04-27,,Active,0
CARD93571,CUST14424,Debit,2025-10-28,,Active,0
CARD93572,CUST12940,Credit,2022-04-30,147900.0,Active,499
CARD93573,CUST13310,Debit,2022-11-14,,Active,0
CARD93574,CUST11282,Credit,2023-10-10,563000.0,Expired,0
CARD93575,CUST11186,Credit,2023-07-22,232300.0,Active,999
CARD93576,CUST10685,Debit,2022-04-22,,Expired,0
CARD93577,CUST14949,Debit,2026-01-25,,Active,0
CARD93578,CUST11872,Debit,2025-07-31,,Active,0
CARD93579,CUST10980,Debit,2024-07-04,,Active,0
CARD93580,CUST11250,Debit,2025-04-22,,Active,0
CARD93581,CUST12133,Debit,2024-01-04,,Active,0
CARD93582,CUST14383,Debit,2025-07-27,,Active,0
CARD93583,CUST10690,Debit,2022-11-13,,Active,0
CARD93584,CUST11946,Debit,2023-02-24,,Expired,0
CARD93585,CUST11031,Debit,2024-08-27,,Active,0
CARD93586,CUST12669,Credit,2024-08-13,213600.0,Active,0
CARD93587,CUST10127,Debit,2022-08-08,,Closed,0
CARD93588,CUST12334,Debit,2023-08-24,,Expired,0
CARD93589,CUST11446,Debit,2024-05-09,,Closed,0
CARD93590,CUST13563,Credit,2023-05-07,173300.0,Closed,999
CARD93591,CUST10716,Debit,2023-04-28,,Active,0
CARD93592,CUST13705,Credit,2022-08-01,81500.0,Expired,0
CARD93593,CUST11344,Debit,2024-02-06,,Active,0
CARD93594,CUST14856,Credit,2023-08-10,188400.0,Active,999
CARD93595,CUST14643,Debit,2025-02-24,,Active,0
CARD93596,CUST10310,Credit,2024-02-24,28400.0,Active,1499
CARD93597,CUST14731,Credit,2025-12-02,146900.0,Active,499
CARD93598,CUST13485,Debit,2022-10-15,,Active,0
CARD93599,CUST14483,Debit,2025-08-11,,Blocked,0
CARD93600,CUST12818,Debit,2026-02-07,,Blocked,0
CARD93601,CUST13477,Debit,2024-11-03,,Active,0
CARD93602,CUST12833,Debit,2022-04-19,,Expired,0
CARD93603,CUST11609,Debit,2023-03-26,,Closed,0
CARD93604,CUST11291,Credit,2026-01-18,115000.0,Blocked,1499
CARD93605,CUST10240,Debit,2023-02-22,,Active,0
CARD93606,CUST10354,Debit,2022-12-21,,Active,0
CARD93607,CUST14200,Credit,2024-05-19,41400.0,Blocked,1499
CARD93608,CUST12953,Credit,2024-08-04,121200.0,Blocked,0
CARD93609,CUST13547,Debit,2025-06-21,,Active,0
CARD93610,CUST14984,Debit,2023-07-24,,Active,0
CARD93611,CUST10775,Debit,2024-04-30,,Active,0
CARD93612,CUST10375,Credit,2025-10-07,322000.0,Active,0
CARD93613,CUST13753,Debit,2024-05-08,,Active,0
CARD93614,CUST12402,Debit,2022-06-29,,Active,0
CARD93615,CUST11826,Debit,2022-12-25,,Active,0
CARD93616,CUST12707,Debit,2025-05-08,,Active,0
CARD93617,CUST11069,Debit,2024-07-05,,Active,0
CARD93618,CUST10059,Debit,2023-11-07,,Active,0
CARD93619,CUST13656,Debit,2023-10-09,,Active,0
CARD93620,CUST14573,Debit,2025-08-24,,Active,0
CARD93621,CUST10787,Debit,2023-08-15,,Active,0
CARD93622,CUST13071,Debit,2022-04-12,,Active,0
CARD93623,CUST13493,Credit,2025-07-02,38200.0,Active,0
CARD93624,CUST14506,Debit,2024-08-23,,Active,0
CARD93625,CUST11819,Debit,2023-03-16,,Active,0
CARD93626,CUST11215,Credit,2022-04-27,192100.0,Active,1499
CARD93627,CUST12528,Debit,2022-12-04,,Active,0
CARD93628,CUST12272,Debit,2023-02-01,,Active,0
CARD93629,CUST13683,Debit,2022-11-08,,Active,0
CARD93630,CUST11395,Debit,2025-10-24,,Active,0
CARD93631,CUST10239,Debit,2023-12-31,,Active,0
CARD93632,CUST13571,Debit,2025-07-03,,Active,0
CARD93633,CUST14851,Debit,2024-01-01,,Active,0
CARD93634,CUST11447,Debit,2023-01-24,,Active,0
CARD93635,CUST10735,Credit,2024-02-13,83800.0,Active,0
CARD93636,CUST14328,Credit,2024-03-24,253000.0,Active,999
CARD93637,CUST13441,Debit,2022-03-03,,Expired,0
CARD93638,CUST12036,Credit,2024-10-25,183700.0,Closed,999
CARD93639,CUST12070,Debit,2022-09-16,,Active,0
CARD93640,CUST12900,Debit,2025-08-01,,Active,0
CARD93641,CUST13371,Debit,2025-06-25,,Active,0
CARD93642,CUST12226,Debit,2024-01-28,,Active,0
CARD93643,CUST13611,Credit,2024-02-01,509500.0,Expired,499
CARD93644,CUST14838,Credit,2022-07-13,52200.0,Active,1499
CARD93645,CUST10159,Debit,2025-10-03,,Blocked,0
CARD93646,CUST10602,Debit,2023-08-27,,Active,0
CARD93647,CUST13497,Debit,2023-02-18,,Active,0
CARD93648,CUST11983,Debit,2023-02-05,,Active,0
CARD93649,CUST11886,Debit,2022-09-09,,Active,0
CARD93650,CUST14764,Debit,2022-04-22,,Active,0
CARD93651,CUST10243,Debit,2023-12-05,,Active,0
CARD93652,CUST13336,Credit,2023-06-22,229900.0,Active,499
CARD93653,CUST12418,Debit,2024-11-27,,Active,0
CARD93654,CUST11499,Credit,2022-05-11,108300.0,Active,499
CARD93655,CUST13445,Debit,2022-03-01,,Active,0
CARD93656,CUST14773,Debit,2026-02-07,,Active,0
CARD93657,CUST14779,Credit,2024-08-09,334500.0,Expired,0
CARD93658,CUST11213,Debit,2023-08-23,,Expired,0
CARD93659,CUST10395,Debit,2022-12-11,,Active,0
CARD93660,CUST12435,Credit,2024-06-03,179600.0,Closed,0
CARD93661,CUST14701,Debit,2023-07-03,,Active,0
CARD93662,CUST10678,Debit,2022-02-03,,Active,0
CARD93663,CUST14344,Debit,2022-02-04,,Closed,0
CARD93664,CUST12454,Credit,2024-10-01,96900.0,Active,499
CARD93665,CUST14022,Credit,2024-04-25,259700.0,Active,1499
CARD93666,CUST14653,Credit,2025-12-12,133100.0,Active,1499
CARD93667,CUST11386,Debit,2025-02-21,,Active,0
CARD93668,CUST10778,Credit,2025-06-06,140100.0,Active,499
CARD93669,CUST14956,Debit,2024-08-30,,Active,0
CARD93670,CUST12120,Debit,2025-01-03,,Active,0
CARD93671,CUST11488,Credit,2023-10-24,203000.0,Active,0
CARD93672,CUST14379,Debit,2025-01-05,,Active,0
CARD93673,CUST10561,Credit,2023-03-03,216200.0,Expired,1499
CARD93674,CUST14356,Credit,2024-08-07,124300.0,Active,499
CARD93675,CUST12708,Credit,2023-09-22,90700.0,Active,499
CARD93676,CUST12122,Debit,2022-11-11,,Active,0
CARD93677,CUST12262,Debit,2025-05-04,,Active,0
CARD93678,CUST14169,Debit,2025-10-01,,Active,0
CARD93679,CUST14521,Credit,2025-10-31,87800.0,Active,1499
CARD93680,CUST14424,Credit,2023-11-01,204300.0,Expired,0
CARD93681,CUST14124,Debit,2024-02-03,,Active,0
CARD93682,CUST12251,Credit,2022-09-20,211900.0,Blocked,0
CARD93683,CUST14147,Credit,2023-05-03,461900.0,Active,999
CARD93684,CUST11052,Debit,2024-11-10,,Active,0
CARD93685,CUST11862,Debit,2024-12-30,,Blocked,0
CARD93686,CUST11854,Credit,2024-05-07,179700.0,Active,0
CARD93687,CUST10385,Credit,2024-10-11,124500.0,Active,999
CARD93688,CUST13675,Debit,2024-06-07,,Active,0
CARD93689,CUST10484,Debit,2023-10-17,,Closed,0
CARD93690,CUST10480,Debit,2026-01-26,,Active,0
CARD93691,CUST13951,Debit,2022-08-18,,Active,0
CARD93692,CUST13774,Credit,2024-01-13,252000.0,Closed,0
CARD93693,CUST10259,Debit,2024-02-16,,Active,0
CARD93694,CUST12655,Credit,2023-05-11,105000.0,Active,499
CARD93695,CUST11099,Debit,2022-07-02,,Active,0
CARD93696,CUST12959,Credit,2026-01-04,222000.0,Active,0
CARD93697,CUST12100,Debit,2025-05-02,,Active,0
CARD93698,CUST14267,Credit,2022-01-15,250200.0,Closed,999
CARD93699,CUST13002,Credit,2025-06-16,151800.0,Active,999
CARD93700,CUST12949,Credit,2023-01-19,90300.0,Active,1499
CARD93701,CUST10921,Credit,2023-04-12,414700.0,Active,499
CARD93702,CUST12214,Credit,2025-09-20,66200.0,Active,1499
CARD93703,CUST11795,Debit,2026-01-17,,Active,0
CARD93704,CUST12158,Credit,2024-07-12,323100.0,Closed,0
CARD93705,CUST11194,Credit,2023-07-25,257300.0,Active,499
CARD93706,CUST13639,Debit,2025-09-09,,Active,0
CARD93707,CUST11630,Debit,2022-09-15,,Active,0
CARD93708,CUST14694,Credit,2025-03-01,150200.0,Active,999
CARD93709,CUST13761,Debit,2024-07-21,,Active,0
CARD93710,CUST10281,Debit,2024-12-03,,Active,0
CARD93711,CUST10271,Credit,2024-01-29,70600.0,Active,999
CARD93712,CUST10495,Debit,2023-05-09,,Active,0
CARD93713,CUST10121,Debit,2022-12-26,,Closed,0
CARD93714,CUST14158,Debit,2024-10-15,,Active,0
CARD93715,CUST13439,Credit,2024-06-03,203100.0,Active,1499
CARD93716,CUST10249,Debit,2026-01-25,,Active,0
CARD93717,CUST13089,Credit,2025-08-08,184500.0,Closed,0
CARD93718,CUST10307,Debit,2024-08-12,,Active,0
CARD93719,CUST10468,Credit,2022-09-07,84200.0,Expired,1499
CARD93720,CUST12554,Credit,2025-07-15,85300.0,Active,0
CARD93721,CUST14564,Debit,2023-03-09,,Closed,0
CARD93722,CUST14101,Debit,2022-08-08,,Active,0
CARD93723,CUST14400,Credit,2024-07-23,335600.0,Active,999
CARD93724,CUST12428,Debit,2022-11-14,,Active,0
CARD93725,CUST10127,Credit,2024-03-20,185800.0,Active,0
CARD93726,CUST14731,Debit,2022-08-21,,Active,0
CARD93727,CUST12040,Debit,2024-08-28,,Active,0
CARD93728,CUST11212,Debit,2023-05-22,,Active,0
CARD93729,CUST14473,Credit,2026-01-17,312200.0,Active,499
CARD93730,CUST10028,Credit,2022-12-09,147800.0,Active,1499
CARD93731,CUST10022,Debit,2023-02-11,,Active,0
CARD93732,CUST14417,Credit,2024-08-11,162700.0,Active,499
CARD93733,CUST10412,Debit,2022-07-02,,Active,0
CARD93734,CUST13515,Credit,2024-12-18,151700.0,Active,0
CARD93735,CUST10276,Debit,2025-12-01,,Expired,0
CARD93736,CUST11241,Credit,2022-10-23,164600.0,Active,999
CARD93737,CUST12571,Debit,2024-10-04,,Expired,0
CARD93738,CUST11234,Credit,2023-11-06,360300.0,Active,999
CARD93739,CUST11247,Debit,2023-04-24,,Active,0
CARD93740,CUST10531,Debit,2023-04-25,,Active,0
CARD93741,CUST10038,Credit,2024-02-28,96300.0,Active,999
CARD93742,CUST10019,Debit,2025-10-11,,Active,0
CARD93743,CUST14441,Credit,2025-06-27,95000.0,Closed,499
CARD93744,CUST14496,Credit,2025-12-05,155100.0,Active,499
CARD93745,CUST14381,Debit,2022-11-16,,Active,0
CARD93746,CUST11138,Debit,2022-09-05,,Active,0
CARD93747,CUST11511,Debit,2025-10-08,,Closed,0
CARD93748,CUST12951,Debit,2025-12-06,,Expired,0
CARD93749,CUST11584,Debit,2022-12-28,,Active,0
CARD93750,CUST14165,Debit,2023-06-07,,Active,0
CARD93751,CUST14524,Debit,2025-08-14,,Blocked,0
CARD93752,CUST13911,Debit,2024-11-02,,Active,0
CARD93753,CUST10528,Debit,2023-12-30,,Expired,0
CARD93754,CUST10605,Debit,2024-10-14,,Active,0
CARD93755,CUST10908,Debit,2022-04-29,,Active,0
CARD93756,CUST13333,Debit,2023-08-22,,Active,0
CARD93757,CUST11833,Debit,2022-09-23,,Active,0
CARD93758,CUST10484,Debit,2022-05-12,,Active,0
CARD93759,CUST10656,Credit,2025-07-21,272200.0,Closed,1499
CARD93761,CUST10552,Debit,2022-12-28,,Expired,0
CARD93762,CUST10703,Credit,2023-04-26,294100.0,Active,499
CARD93763,CUST12375,Debit,2025-04-26,,Active,0
CARD93764,CUST14987,Debit,2023-02-28,,Active,0
CARD93765,CUST12555,Debit,2024-02-12,,Closed,0
CARD93766,CUST10249,Credit,2025-09-03,54900.0,Active,0
CARD93767,CUST11692,Credit,2025-07-08,98800.0,Active,499
CARD93769,CUST14557,Debit,2024-12-20,,Active,0
CARD93770,CUST14109,Debit,2025-07-07,,Active,0
CARD93771,CUST12675,Debit,2025-07-10,,Active,0
CARD93772,CUST12416,Debit,2022-09-25,,Active,0
CARD93773,CUST11936,Debit,2022-08-12,,Active,0
CARD93774,CUST12162,Debit,2024-06-23,,Expired,0
CARD93775,CUST14355,Credit,2022-04-22,86400.0,Active,0
CARD93776,CUST10033,Debit,2025-03-24,,Active,0
CARD93777,CUST10725,Debit,2025-06-16,,Active,0
CARD93778,CUST14036,Debit,2023-06-23,,Closed,0
CARD93779,CUST14144,Debit,2023-03-10,,Active,0
CARD93780,CUST14417,Debit,2023-08-07,,Active,0
CARD93781,CUST13688,Debit,2022-05-23,,Active,0
CARD93782,CUST13026,Credit,2024-04-12,156300.0,Active,499
CARD93783,CUST12766,Debit,2025-07-23,,Closed,0
CARD93784,CUST14223,Debit,2024-05-28,,Active,0
CARD93785,CUST12966,Credit,2023-06-23,105900.0,Active,0
CARD93786,CUST11281,Credit,2022-04-09,123900.0,Active,1499
CARD93787,CUST10242,Debit,2024-04-30,,Active,0
CARD93788,CUST13600,Debit,2025-09-11,,Closed,0
CARD93789,CUST13100,Credit,2025-04-18,106000.0,Active,1499
CARD93790,CUST13248,Credit,2022-03-20,74300.0,Active,499
CARD93791,CUST12844,Debit,2022-08-25,,Active,0
CARD93792,CUST10289,Debit,2025-02-17,,Active,0
CARD93793,CUST14711,Credit,2025-09-21,136000.0,Active,499
CARD93794,CUST14775,Debit,2025-04-18,,Active,0
CARD93795,CUST13758,Debit,2022-07-10,,Closed,0
CARD93796,CUST13240,Debit,2024-10-25,,Active,0
CARD93797,CUST12709,Debit,2025-08-10,,Active,0
CARD93798,CUST14897,Debit,2024-02-15,,Active,0
CARD93799,CUST14905,Debit,2024-10-11,,Active,0
CARD93800,CUST13642,Credit,2025-10-20,71900.0,Active,1499
CARD93801,CUST14493,Debit,2023-03-01,,Active,0
CARD93802,CUST11910,Debit,2022-04-16,,Active,0
CARD93803,CUST12967,Debit,2023-10-06,,Active,0
CARD93804,CUST12113,Debit,2022-06-07,,Active,0
CARD93805,CUST10650,Credit,2022-02-03,204400.0,Active,1499
CARD93806,CUST12517,Debit,2023-05-09,,Active,0
CARD93807,CUST10117,Debit,2024-03-15,,Active,0
CARD93808,CUST11949,Credit,2025-04-08,97700.0,Expired,0
CARD93809,CUST11233,Credit,2025-10-20,203000.0,Active,0
CARD93810,CUST14577,Credit,2024-12-07,143600.0,Blocked,0
CARD93811,CUST12713,Debit,2024-06-13,,Active,0
CARD93812,CUST13811,Debit,2023-08-11,,Active,0
CARD93813,CUST12184,Debit,2023-07-26,,Active,0
CARD93814,CUST11345,Debit,2022-08-29,,Active,0
CARD93815,CUST14283,Credit,2025-05-19,115500.0,Active,0
CARD93816,CUST10504,Debit,2023-03-26,,Active,0
CARD93817,CUST14486,Debit,2024-03-25,,Active,0
CARD93818,CUST14595,Credit,2023-09-01,97200.0,Expired,1499
CARD93819,CUST13198,Debit,2026-01-19,,Active,0
CARD93820,CUST10386,Credit,2023-02-08,54500.0,Active,999
CARD93821,CUST11368,Debit,2025-07-14,,Blocked,0
CARD93822,CUST11660,Debit,2022-05-23,,Blocked,0
CARD93823,CUST13708,Debit,2023-03-09,,Active,0
CARD93824,CUST11508,Debit,2024-01-11,,Active,0
CARD93825,CUST12290,Debit,2023-04-25,,Active,0
CARD93826,CUST11184,Debit,2025-04-26,,Closed,0
CARD93827,CUST10186,Debit,2024-01-27,,Active,0
CARD93828,CUST12264,Debit,2024-01-13,,Active,0
CARD93829,CUST10054,Credit,2025-01-10,315300.0,Active,0
CARD93830,CUST12081,Credit,2025-02-10,259000.0,Active,0
CARD93831,CUST14670,Debit,2025-08-05,,Active,0
CARD93832,CUST12404,Debit,2025-01-16,,Active,0
CARD93833,CUST12970,Debit,2022-03-03,,Active,0
CARD93834,CUST11435,Debit,2025-12-25,,Active,0
CARD93835,CUST14334,Credit,2022-09-15,196100.0,Active,499
CARD93836,CUST12891,Debit,2022-03-30,,Active,0
CARD93837,CUST10444,Debit,2023-07-29,,Active,0
CARD93838,CUST11554,Debit,2022-07-23,,Active,0
CARD93839,CUST12807,Debit,2022-04-16,,Closed,0
CARD93840,CUST14782,Credit,2022-07-11,315800.0,Expired,499
CARD93841,CUST12349,Credit,2025-09-28,124800.0,Active,499
CARD93842,CUST14416,Debit,2025-10-02,,Active,0
CARD93843,CUST14015,Debit,2025-08-28,,Active,0
CARD93844,CUST14418,Debit,2025-03-21,,Active,0
CARD93845,CUST12657,Debit,2024-10-02,,Active,0
CARD93846,CUST14327,Credit,2024-01-10,162800.0,Active,1499
CARD93847,CUST14733,Credit,2023-10-12,520100.0,Active,999
CARD93848,CUST14479,Debit,2024-09-21,,Active,0
CARD93849,CUST13380,Credit,2023-08-30,205100.0,Expired,999
CARD93850,CUST12845,Debit,2025-10-25,,Active,0
CARD93851,CUST13565,Credit,2024-04-20,140700.0,Active,0
CARD93852,CUST10091,Debit,2022-10-26,,Active,0
CARD93853,CUST11986,Credit,2023-08-27,110800.0,Active,999
CARD93854,CUST10539,Debit,2025-04-25,,Active,0
CARD93855,CUST11817,Debit,2022-03-07,,Closed,0
CARD93856,CUST14092,Credit,2023-09-21,191600.0,Active,999
CARD93857,CUST10313,Credit,2025-04-20,223400.0,Expired,0
CARD93858,CUST13864,Credit,2025-08-20,206700.0,Active,999
CARD93859,CUST10562,Debit,2025-12-21,,Active,0
CARD93860,CUST13929,Credit,2024-11-25,70300.0,Active,0
CARD93861,CUST11348,Debit,2022-01-13,,Blocked,0
CARD93862,CUST14668,Debit,2025-03-23,,Blocked,0
CARD93863,CUST11557,Credit,2025-02-11,53000.0,Closed,499
CARD93864,CUST13708,Debit,2022-06-17,,Active,0
CARD93865,CUST13878,Debit,2023-11-21,,Active,0
CARD93866,CUST10605,Credit,2025-06-05,84800.0,Active,1499
CARD93868,CUST14461,Debit,2022-11-27,,Active,0
CARD93869,CUST13227,Credit,2022-06-25,206700.0,Expired,1499
CARD93870,CUST10918,Credit,2022-10-11,47500.0,Active,0
CARD93871,CUST11808,Debit,2026-01-11,,Active,0
CARD93872,CUST11053,Credit,2025-03-21,205600.0,Active,499
CARD93873,CUST11417,Debit,2023-02-21,,Expired,0
CARD93874,CUST11629,Debit,2024-10-11,,Active,0
CARD93875,CUST13485,Credit,2025-02-19,142000.0,Expired,499
CARD93876,CUST13699,Debit,2025-10-14,,Active,0
CARD93877,CUST11514,Debit,2025-07-29,,Expired,0
CARD93878,CUST14801,Credit,2025-03-12,226800.0,Expired,999
CARD93879,CUST12311,Debit,2022-12-02,,Active,0
CARD93880,CUST11727,Debit,2025-03-18,,Active,0
CARD93881,CUST14932,Credit,2022-06-05,238500.0,Active,499
CARD93882,CUST14502,Debit,2022-07-18,,Active,0
CARD93883,CUST10205,Debit,2023-09-09,,Closed,0
CARD93884,CUST12403,Debit,2022-10-23,,Active,0
CARD93885,CUST13361,Credit,2025-11-24,50400.0,Blocked,0
CARD93886,CUST13163,Debit,2023-10-26,,Active,0
CARD93887,CUST14256,Credit,2023-02-10,178400.0,Active,1499
CARD93888,CUST11372,Debit,2023-08-07,,Active,0
CARD93889,CUST14689,Credit,2023-01-19,170900.0,Active,999
CARD93890,CUST14947,Debit,2024-12-22,,Expired,0
CARD93891,CUST12132,Debit,2022-12-04,,Active,0
CARD93892,CUST12583,Credit,2022-06-29,291600.0,Active,999
CARD93893,CUST12196,Credit,2025-02-27,172800.0,Active,1499
CARD93894,CUST10801,Credit,2025-07-29,78200.0,Active,499
CARD93895,CUST11076,Debit,2025-11-26,,Active,0
CARD93896,CUST13723,Debit,2024-11-25,,Active,0
CARD93897,CUST14941,Debit,2023-05-17,,Active,0
CARD93898,CUST12075,Debit,2024-01-11,,Active,0
CARD93899,CUST10683,Debit,2025-04-26,,Active,0
CARD93900,CUST11317,Credit,2022-01-20,108800.0,Active,0
CARD93901,CUST12054,Debit,2025-04-01,,Active,0
CARD93902,CUST10932,Debit,2025-09-06,,Active,0
CARD93903,CUST11202,Debit,2023-01-08,,Active,0
CARD93904,CUST10219,Debit,2025-11-30,,Active,0
CARD93905,CUST10484,Debit,2024-10-15,,Active,0
CARD93906,CUST11340,Credit,2023-03-07,98900.0,Active,999
CARD93907,CUST13453,Debit,2025-05-31,,Active,0
CARD93908,CUST10188,Debit,2023-10-15,,Closed,0
CARD93909,CUST14351,Debit,2024-10-09,,Active,0
CARD93910,CUST14747,Debit,2022-08-28,,Active,0
CARD93911,CUST10580,Credit,2025-07-11,177100.0,Active,999
CARD93912,CUST10687,Credit,2024-10-17,92900.0,Active,0
CARD93913,CUST12563,Debit,2024-03-08,,Active,0
CARD93914,CUST12363,Debit,2025-01-06,,Active,0
CARD93915,CUST10324,Debit,2023-05-23,,Active,0
CARD93916,CUST11658,Debit,2023-04-04,,Active,0
CARD93917,CUST14552,Debit,2022-04-14,,Active,0
CARD93918,CUST14848,Credit,2023-02-02,118600.0,Expired,999
CARD93919,CUST14291,Credit,2024-10-01,149200.0,Active,1499
CARD93920,CUST14263,Debit,2022-04-20,,Active,0
CARD93921,CUST14367,Credit,2022-05-25,251000.0,Active,1499
CARD93922,CUST11507,Credit,2022-04-24,108600.0,Active,0
CARD93923,CUST13894,Debit,2025-09-09,,Active,0
CARD93924,CUST14240,Debit,2022-11-06,,Active,0
CARD93925,CUST12485,Credit,2026-01-04,130500.0,Active,1499
CARD93926,CUST10088,Debit,2026-01-11,,Active,0
CARD93927,CUST11867,Credit,2024-02-04,231100.0,Blocked,1499
CARD93928,CUST11903,Debit,2025-08-14,,Active,0
CARD93929,CUST14683,Debit,2024-01-26,,Active,0
CARD93930,CUST12866,Credit,2022-07-09,297000.0,Active,999
CARD93931,CUST10793,Credit,2023-07-24,140200.0,Active,0
CARD93932,CUST13097,Debit,2023-02-16,,Active,0
CARD93933,CUST12011,Debit,2023-11-16,,Active,0
CARD93934,CUST11686,Credit,2022-02-23,152000.0,Closed,999
CARD93935,CUST10284,Credit,2023-02-21,107900.0,Closed,0
CARD93936,CUST13867,Debit,2024-08-07,,Active,0
CARD93937,CUST13986,Credit,2025-12-23,112200.0,Active,1499
CARD93938,CUST14831,Credit,2024-05-30,146000.0,Active,999
CARD93939,CUST10574,Credit,2024-02-03,74900.0,Active,1499
CARD93940,CUST11303,Credit,2022-11-19,213900.0,Active,1499
CARD93941,CUST13190,Debit,2025-08-12,,Active,0
CARD93942,CUST13727,Credit,2022-10-14,113700.0,Active,999
CARD93943,CUST11433,Credit,2023-10-05,49800.0,Active,499
CARD93944,CUST14762,Debit,2023-08-13,,Active,0
CARD93945,CUST13855,Credit,2024-09-12,194500.0,Active,1499
CARD93946,CUST12056,Credit,2025-09-18,124700.0,Active,999
CARD93947,CUST12805,Debit,2024-10-04,,Active,0
CARD93948,CUST11513,Debit,2023-06-11,,Closed,0
CARD93949,CUST10814,Credit,2024-01-15,146800.0,Active,0
CARD93950,CUST11496,Credit,2024-06-04,99200.0,Active,1499
CARD93951,CUST11843,Credit,2024-06-15,47900.0,Closed,1499
CARD93952,CUST11429,Debit,2024-12-27,,Active,0
CARD93953,CUST14207,Credit,2022-09-19,442000.0,Active,499
CARD93954,CUST12563,Debit,2022-05-18,,Active,0
CARD93955,CUST13748,Debit,2023-06-15,,Active,0
CARD93956,CUST11633,Debit,2024-05-22,,Active,0
CARD93957,CUST14962,Debit,2022-12-19,,Active,0
CARD93958,CUST12466,Debit,2022-02-09,,Active,0
CARD93959,CUST10174,Debit,2024-04-08,,Active,0
CARD93960,CUST11977,Credit,2024-08-19,145200.0,Active,1499
CARD93961,CUST13105,Debit,2023-06-12,,Active,0
CARD93962,CUST11368,Debit,2023-06-02,,Expired,0
CARD93963,CUST14322,Debit,2022-09-27,,Active,0
CARD93964,CUST10876,Credit,2025-06-17,82800.0,Active,499
CARD93965,CUST10687,Debit,2025-04-15,,Active,0
CARD93966,CUST12917,Debit,2022-04-05,,Active,0
CARD93967,CUST13919,Credit,2023-10-08,96500.0,Active,1499
CARD93968,CUST12618,Debit,2022-10-15,,Active,0
CARD93969,CUST11444,Credit,2024-07-26,268600.0,Expired,499
CARD93970,CUST10796,Debit,2025-07-08,,Active,0
CARD93971,CUST13565,Credit,2024-01-05,366700.0,Active,0
CARD93972,CUST10193,Credit,2024-12-13,53400.0,Expired,999
CARD93973,CUST14618,Credit,2024-03-11,120900.0,Active,499
CARD93974,CUST13057,Credit,2025-09-28,208800.0,Active,999
CARD93975,CUST12285,Debit,2024-01-13,,Active,0
CARD93976,CUST14372,Credit,2025-06-07,215300.0,Active,999
CARD93977,CUST14147,Debit,2024-05-04,,Expired,0
CARD93978,CUST12241,Credit,2025-10-30,149200.0,Active,499
CARD93979,CUST13478,Credit,2022-07-04,135600.0,Active,499
CARD93980,CUST14538,Debit,2024-07-03,,Active,0
CARD93981,CUST11064,Debit,2024-10-20,,Active,0
CARD93982,CUST14164,Debit,2024-10-08,,Active,0
CARD93983,CUST11002,Debit,2025-05-19,,Active,0
CARD93984,CUST12757,Credit,2025-08-31,130700.0,Active,499
CARD93985,CUST11570,Debit,2024-01-07,,Active,0
CARD93986,CUST14277,Credit,2025-11-30,231600.0,Expired,499
CARD93987,CUST12911,Debit,2025-12-17,,Active,0
CARD93988,CUST12832,Credit,2023-10-01,243500.0,Closed,499
CARD93989,CUST11852,Credit,2024-08-19,84000.0,Expired,0
CARD93990,CUST10197,Credit,2023-03-27,159100.0,Blocked,0
CARD93991,CUST14399,Credit,2025-04-28,129600.0,Active,1499
CARD93992,CUST10126,Credit,2023-09-07,141900.0,Active,499
CARD93993,CUST12495,Credit,2022-10-29,209500.0,Active,0
CARD93994,CUST13512,Debit,2022-03-02,,Active,0
CARD93995,CUST10634,Debit,2022-07-11,,Active,0
CARD93996,CUST14259,Debit,2024-06-11,,Active,0
CARD93997,CUST14177,Debit,2023-02-11,,Active,0
CARD93998,CUST12859,Debit,2023-06-13,,Active,0
CARD93999,CUST11851,Debit,2023-02-17,,Active,0
CARD94000,CUST11475,Debit,2025-09-23,,Active,0
CARD94001,CUST14533,Credit,2025-05-22,157500.0,Active,499
CARD94002,CUST12046,Credit,2023-05-16,419100.0,Closed,999
CARD94003,CUST11615,Debit,2024-11-03,,Active,0
CARD94004,CUST13330,Debit,2024-07-05,,Active,0
CARD94005,CUST10930,Debit,2023-09-18,,Active,0
CARD94006,CUST12744,Debit,2024-01-08,,Active,0
CARD94007,CUST13295,Debit,2023-02-28,,Expired,0
CARD94008,CUST13363,Debit,2022-03-14,,Active,0
CARD94009,CUST13611,Credit,2022-07-31,103100.0,Active,999
CARD94010,CUST11582,Credit,2023-05-14,336800.0,Active,0
CARD94011,CUST13475,Debit,2023-08-24,,Expired,0
CARD94012,CUST11810,Debit,2025-01-03,,Active,0
CARD94013,CUST10816,Credit,2023-01-20,105500.0,Active,499
CARD94014,CUST13187,Debit,2023-04-08,,Active,0
CARD94015,CUST14200,Debit,2022-05-22,,Blocked,0
CARD94016,CUST12173,Debit,2024-03-26,,Active,0
CARD94017,CUST10573,Debit,2025-09-27,,Active,0
CARD94018,CUST10551,Debit,2025-11-06,,Active,0
CARD94019,CUST11241,Credit,2024-10-09,201100.0,Active,0
CARD94020,CUST14630,Credit,2025-01-25,277500.0,Active,499
CARD94021,CUST13469,Credit,2024-02-10,232300.0,Active,1499
CARD94022,CUST13738,Debit,2023-11-05,,Closed,0
CARD94023,CUST10943,Debit,2023-11-02,,Active,0
CARD94024,CUST10819,Credit,2022-02-07,88800.0,Active,999
CARD94025,CUST11477,Debit,2022-01-06,,Active,0
CARD94026,CUST12992,Credit,2026-02-01,107000.0,Closed,0
CARD94027,CUST13348,Debit,2024-08-14,,Active,0
CARD94028,CUST14178,Debit,2023-11-29,,Blocked,0
CARD94029,CUST10364,Debit,2025-06-17,,Active,0
CARD94030,CUST13219,Credit,2022-02-07,272500.0,Active,499
CARD94031,CUST11691,Credit,2024-12-09,178000.0,Active,0
CARD94032,CUST13867,Debit,2024-12-30,,Active,0
CARD94033,CUST14725,Debit,2025-10-27,,Blocked,0
CARD94034,CUST12284,Credit,2023-07-15,96100.0,Active,0
CARD94035,CUST14308,Credit,2023-03-19,105200.0,Blocked,0
CARD94036,CUST11188,Debit,2023-01-14,,Active,0
CARD94037,CUST13854,Debit,2025-01-07,,Active,0
CARD94038,CUST12872,Credit,2024-03-23,138700.0,Active,1499
CARD94039,CUST11469,Credit,2025-10-06,206900.0,Active,999
CARD94040,CUST11131,Credit,2023-04-12,252200.0,Active,999
CARD94041,CUST10496,Debit,2024-01-11,,Expired,0
CARD94042,CUST12123,Credit,2025-06-20,135500.0,Active,499
CARD94043,CUST11137,Debit,2025-05-20,,Closed,0
CARD94044,CUST10522,Credit,2022-11-16,119300.0,Active,0
CARD94045,CUST13803,Credit,2025-08-01,235000.0,Closed,999
CARD94046,CUST12792,Debit,2023-12-14,,Active,0
CARD94047,CUST10229,Debit,2023-08-27,,Active,0
CARD94048,CUST10423,Debit,2024-11-08,,Blocked,0
CARD94049,CUST10135,Debit,2026-01-05,,Active,0
CARD94050,CUST14551,Credit,2024-10-05,68600.0,Active,0
CARD94051,CUST12898,Debit,2022-06-13,,Active,0
CARD94052,CUST12203,Credit,2025-07-29,143400.0,Active,499
CARD94053,CUST10656,Credit,2024-02-11,131900.0,Active,499
CARD94054,CUST12911,Debit,2024-05-28,,Active,0
CARD94055,CUST10297,Debit,2025-02-21,,Active,0
CARD94056,CUST11125,Debit,2022-10-26,,Active,0
CARD94057,CUST13089,Debit,2023-10-07,,Active,0
CARD94058,CUST10072,Debit,2023-11-23,,Expired,0
CARD94059,CUST12431,Debit,2025-02-04,,Active,0
CARD94060,CUST11332,Credit,2022-10-31,68700.0,Active,999
CARD94061,CUST14320,Debit,2025-04-29,,Active,0
CARD94062,CUST10502,Debit,2024-02-04,,Active,0
CARD94063,CUST13531,Debit,2022-07-09,,Active,0
CARD94064,CUST13234,Credit,2024-02-03,162300.0,Active,1499
CARD94065,CUST10676,Debit,2024-09-29,,Active,0
CARD94066,CUST14450,Debit,2023-08-20,,Blocked,0
CARD94067,CUST11667,Debit,2022-06-05,,Active,0
CARD94068,CUST12437,Debit,2024-08-29,,Active,0
CARD94069,CUST14740,Debit,2023-01-04,,Active,0
CARD94070,CUST12132,Debit,2022-10-09,,Closed,0
CARD94071,CUST12604,Debit,2024-11-28,,Active,0
CARD94072,CUST11215,Credit,2024-02-26,233200.0,Active,999
CARD94073,CUST10360,Credit,2022-02-20,185100.0,Active,0
CARD94074,CUST10406,Credit,2024-12-16,99800.0,Active,499
CARD94075,CUST14018,Debit,2022-06-29,,Active,0
CARD94076,CUST13581,Debit,2023-01-10,,Active,0
CARD94077,CUST10062,Debit,2023-07-26,,Active,0
CARD94078,CUST10666,Debit,2023-11-13,,Active,0
CARD94079,CUST13468,Credit,2025-10-12,157000.0,Active,499
CARD94080,CUST10760,Debit,2025-08-20,,Expired,0
CARD94081,CUST11394,Debit,2025-09-09,,Active,0
CARD94082,CUST10150,Debit,2023-11-21,,Active,0
CARD94083,CUST10668,Credit,2025-12-04,74400.0,Active,999
CARD94084,CUST11447,Debit,2025-07-20,,Active,0
CARD94085,CUST14366,Debit,2025-08-31,,Active,0
CARD94086,CUST11026,Debit,2023-12-10,,Active,0
CARD94087,CUST14664,Credit,2022-11-03,242700.0,Active,499
CARD94088,CUST12290,Credit,2025-04-10,148500.0,Active,999
CARD94089,CUST14150,Credit,2022-11-04,139800.0,Active,1499
CARD94090,CUST13433,Debit,2026-01-02,,Active,0
CARD94091,CUST13431,Debit,2024-01-01,,Active,0
CARD94092,CUST14132,Credit,2022-08-13,83200.0,Active,0
CARD94093,CUST11467,Credit,2022-02-26,68500.0,Active,1499
CARD94094,CUST10364,Credit,2022-06-14,508500.0,Active,1499
CARD94095,CUST13913,Credit,2023-09-02,12700.0,Closed,1499
CARD94096,CUST13729,Credit,2024-11-04,73000.0,Expired,999
CARD94097,CUST10281,Debit,2023-06-30,,Expired,0
CARD94098,CUST11237,Credit,2025-07-01,241500.0,Active,1499
CARD94099,CUST14002,Debit,2023-05-02,,Closed,0
CARD94100,CUST10614,Debit,2023-08-20,,Active,0
CARD94101,CUST10081,Debit,2025-01-20,,Active,0
CARD94102,CUST10643,Debit,2022-08-02,,Active,0
CARD94103,CUST14334,Debit,2022-01-02,,Active,0
CARD94104,CUST12542,Debit,2023-07-29,,Active,0
CARD94105,CUST12887,Credit,2025-01-24,132100.0,Active,1499
CARD94106,CUST10357,Debit,2022-02-22,,Active,0
CARD94107,CUST10056,Debit,2023-04-16,,Active,0
CARD94108,CUST11215,Debit,2023-01-03,,Active,0
CARD94109,CUST12609,Credit,2025-11-27,212400.0,Active,1499
CARD94110,CUST13648,Debit,2025-01-21,,Active,0
CARD94111,CUST12862,Credit,2025-01-13,179300.0,Expired,499
CARD94112,CUST13417,Credit,2024-03-04,95900.0,Active,1499
CARD94113,CUST12646,Credit,2023-01-14,251500.0,Active,499
CARD94114,CUST12379,Credit,2023-09-04,157800.0,Active,999
CARD94115,CUST14061,Credit,2022-11-06,169800.0,Active,0
CARD94116,CUST11670,Debit,2024-04-05,,Active,0
CARD94117,CUST10428,Credit,2023-10-07,470500.0,Active,1499
CARD94118,CUST13717,Debit,2025-02-24,,Active,0
CARD94119,CUST12626,Debit,2022-05-07,,Active,0
CARD94120,CUST12279,Debit,2023-07-20,,Active,0
CARD94121,CUST13447,Debit,2025-07-17,,Closed,0
CARD94122,CUST14872,Debit,2025-12-12,,Active,0
CARD94123,CUST13607,Credit,2022-01-05,204500.0,Active,1499
CARD94124,CUST10634,Debit,2022-06-07,,Active,0
CARD94125,CUST11231,Debit,2022-05-16,,Active,0
CARD94126,CUST10056,Debit,2025-07-24,,Active,0
CARD94127,CUST10518,Debit,2024-07-02,,Active,0
CARD94128,CUST13100,Debit,2025-07-05,,Expired,0
CARD94129,CUST14502,Credit,2024-07-23,76100.0,Closed,499
CARD94130,CUST12887,Debit,2023-02-04,,Blocked,0
CARD94131,CUST12123,Debit,2025-11-10,,Active,0
CARD94132,CUST11704,Debit,2022-04-06,,Active,0
CARD94133,CUST12068,Credit,2022-10-06,228300.0,Active,1499
CARD94134,CUST13050,Credit,2024-12-15,96900.0,Active,999
CARD94135,CUST12765,Credit,2024-02-24,176700.0,Blocked,499
CARD94136,CUST13637,Credit,2022-02-14,210300.0,Closed,0
CARD94137,CUST11206,Debit,2022-02-13,,Blocked,0
CARD94138,CUST12687,Credit,2022-06-10,108900.0,Active,999
CARD94139,CUST11141,Debit,2023-12-05,,Active,0
CARD94140,CUST11787,Debit,2022-03-15,,Active,0
CARD94141,CUST10407,Debit,2022-03-28,,Active,0
CARD94142,CUST11719,Credit,2023-08-24,197100.0,Active,999
CARD94143,CUST13091,Credit,2023-03-17,131300.0,Expired,999
CARD94144,CUST10327,Credit,2022-01-18,51200.0,Active,999
CARD94145,CUST10278,Debit,2022-06-07,,Active,0
CARD94146,CUST11771,Credit,2023-09-24,55500.0,Active,0
CARD94147,CUST12193,Debit,2022-10-19,,Active,0
CARD94148,CUST13126,Debit,2025-02-20,,Active,0
CARD94149,CUST12745,Credit,2024-06-05,168900.0,Active,499
CARD94150,CUST13555,Debit,2024-07-17,,Closed,0
CARD94151,CUST10892,Debit,2023-07-13,,Blocked,0
CARD94152,CUST10638,Debit,2024-07-15,,Active,0
CARD94153,CUST14945,Debit,2025-03-10,,Active,0
CARD94154,CUST10940,Debit,2023-12-11,,Active,0
CARD94155,CUST14561,Debit,2025-12-11,,Expired,0
CARD94156,CUST12203,Debit,2023-04-11,,Active,0
CARD94157,CUST10397,Debit,2024-06-11,,Expired,0
CARD94158,CUST11662,Credit,2025-08-08,191100.0,Active,1499
CARD94159,CUST14153,Debit,2022-07-28,,Expired,0
CARD94160,CUST14167,Debit,2024-12-27,,Active,0
CARD94161,CUST13921,Credit,2022-01-20,147000.0,Active,1499
CARD94162,CUST12491,Debit,2023-11-12,,Active,0
CARD94163,CUST10562,Debit,2023-11-05,,Active,0
CARD94164,CUST12298,Debit,2024-03-23,,Active,0
CARD94165,CUST13205,Debit,2024-01-01,,Closed,0
CARD94166,CUST10318,Debit,2022-03-24,,Active,0
CARD94167,CUST10451,Credit,2022-10-02,172500.0,Active,1499
CARD94168,CUST13937,Debit,2023-06-04,,Active,0
CARD94169,CUST11932,Debit,2026-01-05,,Active,0
CARD94170,CUST12325,Debit,2025-07-20,,Active,0
CARD94171,CUST14895,Debit,2023-09-17,,Active,0
CARD94172,CUST14961,Credit,2022-11-18,77100.0,Active,999
CARD94173,CUST13836,Debit,2023-06-30,,Active,0
CARD94174,CUST11299,Credit,2022-07-04,199200.0,Active,0
CARD94175,CUST11016,Credit,2022-09-09,511800.0,Active,499
CARD94176,CUST10353,Debit,2025-05-26,,Closed,0
CARD94177,CUST14749,Credit,2024-01-23,66100.0,Active,1499
CARD94178,CUST10009,Credit,2022-11-12,161500.0,Active,1499
CARD94179,CUST12453,Credit,2025-12-26,392100.0,Active,1499
CARD94180,CUST10592,Credit,2025-08-27,94600.0,Active,1499
CARD94181,CUST13699,Credit,2023-01-29,102800.0,Active,1499
CARD94182,CUST13349,Debit,2024-12-20,,Active,0
CARD94183,CUST13620,Debit,2022-06-21,,Active,0
CARD94184,CUST12391,Debit,2022-02-11,,Active,0
CARD94185,CUST13111,Credit,2022-07-24,190400.0,Closed,1499
CARD94186,CUST10900,Debit,2024-07-28,,Active,0
CARD94187,CUST13282,Debit,2025-09-20,,Active,0
CARD94188,CUST10420,Debit,2023-05-05,,Active,0
CARD94189,CUST10674,Credit,2022-10-20,131200.0,Active,999
CARD94190,CUST13571,Credit,2022-04-19,84400.0,Active,0
CARD94191,CUST13896,Credit,2024-08-29,84100.0,Expired,499
CARD94192,CUST10942,Debit,2023-12-13,,Active,0
CARD94193,CUST14862,Debit,2024-03-08,,Active,0
CARD94194,CUST14974,Credit,2024-01-23,110000.0,Active,0
CARD94195,CUST10246,Debit,2024-03-09,,Active,0
CARD94196,CUST11410,Debit,2026-01-22,,Active,0
CARD94197,CUST12713,Credit,2024-08-26,52900.0,Active,499
CARD94198,CUST11844,Debit,2024-09-05,,Active,0
CARD94199,CUST11334,Debit,2022-01-03,,Active,0
CARD94200,CUST13850,Debit,2023-06-26,,Active,0
CARD94201,CUST10122,Debit,2024-03-04,,Active,0
CARD94202,CUST11455,Debit,2025-01-14,,Active,0
CARD94203,CUST10467,Debit,2022-03-26,,Active,0
CARD94204,CUST11485,Credit,2025-03-10,265800.0,Active,999
CARD94205,CUST13320,Debit,2024-06-15,,Active,0
CARD94206,CUST14238,Debit,2024-12-18,,Active,0
CARD94207,CUST14093,Debit,2022-07-06,,Active,0
CARD94208,CUST12215,Debit,2025-11-11,,Active,0
CARD94210,CUST11616,Debit,2025-02-19,,Active,0
CARD94211,CUST12406,Credit,2025-03-26,112200.0,Active,999
CARD94212,CUST13401,Credit,2024-03-28,184900.0,Active,999
CARD94213,CUST11824,Credit,2022-08-13,486600.0,Active,499
CARD94214,CUST11586,Debit,2024-03-16,,Active,0
CARD94215,CUST10825,Credit,2023-11-14,92300.0,Blocked,999
CARD94216,CUST14708,Credit,2022-01-23,271000.0,Active,499
CARD94217,CUST10676,Debit,2022-06-12,,Closed,0
CARD94218,CUST14016,Debit,2022-11-04,,Active,0
CARD94219,CUST13612,Debit,2023-06-12,,Active,0
CARD94220,CUST14799,Debit,2026-01-20,,Active,0
CARD94221,CUST13388,Credit,2022-01-14,545900.0,Active,499
CARD94222,CUST12566,Debit,2025-05-13,,Active,0
CARD94223,CUST10606,Credit,2025-10-08,132900.0,Active,999
CARD94224,CUST13288,Debit,2023-08-30,,Expired,0
CARD94225,CUST14943,Debit,2022-05-02,,Expired,0
CARD94226,CUST14614,Debit,2025-12-24,,Active,0
CARD94227,CUST13311,Debit,2024-11-19,,Active,0
CARD94228,CUST11608,Credit,2023-08-20,128800.0,Active,999
CARD94229,CUST11030,Debit,2022-05-24,,Expired,0
CARD94230,CUST13282,Credit,2024-12-04,173000.0,Active,1499
CARD94231,CUST13452,Credit,2023-02-21,261300.0,Active,499
CARD94232,CUST10401,Debit,2025-07-05,,Active,0
CARD94233,CUST11280,Credit,2023-12-01,210300.0,Active,499
CARD94234,CUST13216,Debit,2025-04-14,,Active,0
CARD94235,CUST10406,Debit,2024-06-24,,Active,0
CARD94236,CUST14866,Credit,2023-03-30,88700.0,Active,1499
CARD94237,CUST10581,Debit,2022-05-20,,Active,0
CARD94238,CUST10358,Credit,2022-06-09,82900.0,Active,1499
CARD94239,CUST12012,Debit,2024-12-21,,Active,0
CARD94240,CUST14286,Credit,2024-04-12,98400.0,Active,0
CARD94241,CUST13018,Credit,2023-12-07,97000.0,Active,0
CARD94242,CUST14815,Debit,2022-03-04,,Active,0
CARD94243,CUST11866,Debit,2023-09-19,,Active,0
CARD94244,CUST12170,Credit,2024-03-04,72700.0,Expired,999
CARD94245,CUST14821,Debit,2025-11-12,,Active,0
CARD94246,CUST13394,Credit,2024-11-25,84900.0,Active,499
CARD94247,CUST13793,Credit,2024-08-09,86000.0,Active,999
CARD94248,CUST13873,Debit,2025-09-03,,Active,0
CARD94249,CUST10724,Debit,2026-02-06,,Active,0
CARD94250,CUST11164,Debit,2022-10-29,,Active,0
CARD94251,CUST11630,Credit,2025-09-12,204200.0,Active,0
CARD94252,CUST13984,Debit,2025-11-30,,Active,0
CARD94253,CUST12835,Credit,2023-05-05,183900.0,Expired,999
CARD94254,CUST10980,Debit,2023-09-05,,Active,0
CARD94255,CUST12463,Debit,2025-04-05,,Active,0
CARD94256,CUST14783,Debit,2026-02-06,,Active,0
CARD94257,CUST11014,Debit,2024-05-19,,Active,0
CARD94258,CUST13074,Debit,2023-10-29,,Blocked,0
CARD94259,CUST11304,Credit,2024-08-19,129400.0,Blocked,1499
CARD94260,CUST14295,Debit,2024-05-22,,Active,0
CARD94261,CUST14403,Credit,2025-06-25,115600.0,Active,0
CARD94262,CUST11325,Debit,2024-04-23,,Active,0
CARD94263,CUST11530,Credit,2022-02-09,163400.0,Expired,1499
CARD94264,CUST11708,Debit,2024-08-27,,Active,0
CARD94266,CUST14113,Debit,2024-10-18,,Active,0
CARD94267,CUST12561,Credit,2025-05-14,208400.0,Active,0
CARD94268,CUST10656,Debit,2023-02-08,,Active,0
CARD94269,CUST11500,Debit,2025-10-01,,Closed,0
CARD94270,CUST14151,Credit,2024-04-15,136400.0,Active,999
CARD94271,CUST12400,Debit,2024-06-29,,Active,0
CARD94272,CUST10038,Credit,2024-12-09,179900.0,Active,1499
CARD94273,CUST10624,Debit,2024-09-21,,Active,0
CARD94274,CUST12724,Debit,2022-10-27,,Active,0
CARD94275,CUST14708,Credit,2023-08-11,137500.0,Active,999
CARD94276,CUST10912,Debit,2022-05-22,,Blocked,0
CARD94277,CUST13256,Credit,2024-10-06,94600.0,Active,499
CARD94278,CUST10827,Debit,2022-11-09,,Active,0
CARD94279,CUST14800,Credit,2023-11-06,441400.0,Active,499
CARD94280,CUST11738,Debit,2022-01-26,,Expired,0
CARD94281,CUST12917,Debit,2022-04-18,,Closed,0
CARD94282,CUST12164,Credit,2023-03-22,163400.0,Expired,1499
CARD94283,CUST13803,Credit,2022-06-14,224800.0,Active,1499
CARD94284,CUST11746,Debit,2026-01-02,,Active,0
CARD94285,CUST10366,Credit,2025-09-06,201200.0,Active,999
CARD94286,CUST10208,Debit,2024-08-07,,Active,0
CARD94287,CUST12161,Debit,2024-10-03,,Active,0
CARD94288,CUST14139,Debit,2022-05-08,,Active,0
CARD94289,CUST14308,Debit,2024-01-17,,Active,0
CARD94290,CUST13114,Credit,2025-11-27,176900.0,Active,1499
CARD94291,CUST13270,Debit,2022-07-02,,Closed,0
CARD94292,CUST13922,Credit,2025-11-15,163100.0,Closed,1499
CARD94293,CUST12431,Debit,2023-07-02,,Active,0
CARD94294,CUST12110,Debit,2023-07-17,,Expired,0
CARD94295,CUST12396,Debit,2023-12-01,,Expired,0
CARD94296,CUST14388,Credit,2022-09-25,178800.0,Active,999
CARD94297,CUST11854,Debit,2023-06-13,,Closed,0
CARD94298,CUST11684,Credit,2022-02-27,50700.0,Active,499
CARD94299,CUST11448,Debit,2025-05-20,,Active,0
CARD94300,CUST11937,Debit,2022-11-25,,Active,0
CARD94301,CUST14503,Debit,2022-06-30,,Expired,0
CARD94302,CUST10859,Debit,2023-12-29,,Active,0
CARD94303,CUST13217,Credit,2023-12-24,114500.0,Active,1499
CARD94304,CUST10714,Credit,2025-10-10,155700.0,Active,999
CARD94305,CUST10890,Credit,2025-03-18,276200.0,Active,1499
CARD94306,CUST12895,Credit,2024-10-03,206200.0,Active,999
CARD94307,CUST12195,Credit,2024-01-10,185100.0,Active,1499
CARD94308,CUST12439,Credit,2022-05-11,365000.0,Active,1499
CARD94309,CUST14215,Debit,2024-07-22,,Active,0
CARD94310,CUST10897,Credit,2022-11-09,187800.0,Active,1499
CARD94311,CUST10735,Debit,2024-02-28,,Active,0
CARD94312,CUST14089,Credit,2022-06-26,477000.0,Closed,999
CARD94313,CUST12288,Debit,2025-08-31,,Active,0
CARD94314,CUST11000,Credit,2024-12-07,327000.0,Active,1499
CARD94315,CUST14195,Credit,2024-12-21,101400.0,Closed,499
CARD94316,CUST12807,Credit,2023-06-19,125200.0,Blocked,0
CARD94317,CUST13180,Debit,2025-07-27,,Active,0
CARD94318,CUST12948,Credit,2022-10-23,93900.0,Active,1499
CARD94319,CUST12110,Credit,2023-12-03,260700.0,Active,499
CARD94320,CUST14119,Debit,2025-12-03,,Active,0
CARD94321,CUST14600,Credit,2025-12-22,74400.0,Active,1499
CARD94322,CUST14526,Debit,2024-09-11,,Active,0
CARD94323,CUST11602,Debit,2022-02-22,,Active,0
CARD94324,CUST13968,Debit,2023-08-26,,Active,0
CARD94325,CUST13146,Credit,2022-09-29,111300.0,Expired,0
CARD94326,CUST10847,Credit,2022-07-25,449500.0,Active,999
CARD94327,CUST10064,Credit,2023-12-02,363200.0,Closed,1499
CARD94328,CUST12581,Debit,2025-09-18,,Active,0
CARD94329,CUST14046,Debit,2023-07-11,,Closed,0
CARD94330,CUST14881,Debit,2022-12-24,,Active,0
CARD94331,CUST10384,Debit,2024-04-14,,Active,0
CARD94332,CUST10380,Debit,2022-07-09,,Active,0
CARD94333,CUST14488,Debit,2022-09-23,,Active,0
CARD94334,CUST13147,Debit,2024-07-27,,Active,0
CARD94335,CUST10474,Debit,2023-04-12,,Closed,0
CARD94336,CUST11551,Debit,2024-08-03,,Active,0
CARD94337,CUST11461,Debit,2022-05-27,,Blocked,0
CARD94338,CUST11209,Debit,2024-04-07,,Closed,0
CARD94339,CUST14528,Credit,2022-12-26,163900.0,Active,1499
CARD94340,CUST12986,Debit,2022-02-13,,Active,0
CARD94341,CUST13197,Debit,2025-12-17,,Active,0
CARD94342,CUST14355,Debit,2025-11-05,,Active,0
CARD94343,CUST14426,Debit,2023-03-14,,Active,0
CARD94344,CUST11551,Debit,2023-02-02,,Active,0
CARD94345,CUST13777,Credit,2024-07-19,162400.0,Expired,0
CARD94346,CUST14910,Credit,2025-02-07,202300.0,Active,999
CARD94347,CUST13138,Debit,2023-03-31,,Active,0
CARD94348,CUST13137,Credit,2022-03-17,168400.0,Active,499
CARD94349,CUST11068,Debit,2025-05-17,,Active,0
CARD94350,CUST13256,Debit,2023-04-27,,Active,0
CARD94351,CUST13919,Debit,2023-10-31,,Expired,0
CARD94352,CUST11984,Debit,2023-11-05,,Expired,0
CARD94353,CUST12478,Debit,2025-06-08,,Active,0
CARD94354,CUST14885,Debit,2023-09-18,,Active,0
CARD94355,CUST10372,Debit,2023-11-27,,Active,0
CARD94356,CUST11816,Debit,2025-05-25,,Expired,0
CARD94357,CUST12164,Debit,2022-01-04,,Active,0
CARD94358,CUST10078,Debit,2025-04-30,,Active,0
CARD94359,CUST14835,Credit,2025-11-26,333600.0,Active,1499
CARD94360,CUST12257,Debit,2023-02-22,,Active,0
CARD94361,CUST13686,Debit,2022-09-06,,Active,0
CARD94362,CUST10624,Debit,2023-05-31,,Active,0
CARD94363,CUST13303,Debit,2025-04-13,,Active,0
CARD94364,CUST10503,Debit,2024-07-07,,Active,0
CARD94365,CUST10548,Debit,2024-03-31,,Active,0
CARD94366,CUST12214,Debit,2022-09-22,,Active,0
CARD94367,CUST12380,Debit,2025-06-08,,Active,0
CARD94368,CUST10468,Credit,2022-12-02,162700.0,Active,499
CARD94369,CUST14456,Debit,2023-08-03,,Expired,0
CARD94370,CUST14506,Debit,2024-07-07,,Active,0
CARD94371,CUST14070,Debit,2024-09-02,,Active,0
CARD94372,CUST11325,Debit,2024-01-31,,Active,0
CARD94373,CUST10586,Debit,2022-02-20,,Active,0
CARD94374,CUST13820,Credit,2024-03-01,221400.0,Active,0
CARD94375,CUST11953,Debit,2023-07-27,,Active,0
CARD94376,CUST11507,Debit,2024-04-22,,Active,0
CARD94377,CUST11347,Credit,2025-03-17,95400.0,Active,499
CARD94378,CUST13914,Debit,2024-10-10,,Active,0
CARD94379,CUST11982,Debit,2024-05-29,,Active,0
CARD94380,CUST12210,Debit,2022-01-20,,Active,0
CARD94381,CUST13271,Debit,2025-11-02,,Active,0
CARD94382,CUST12738,Debit,2024-06-21,,Active,0
CARD94383,CUST13167,Credit,2022-02-22,118900.0,Expired,499
CARD94385,CUST11350,Debit,2024-03-06,,Active,0
CARD94386,CUST11934,Debit,2025-12-21,,Active,0
CARD94387,CUST12141,Debit,2024-11-09,,Blocked,0
CARD94388,CUST14768,Debit,2025-08-24,,Active,0
CARD94389,CUST10365,Credit,2022-02-18,117200.0,Active,1499
CARD94390,CUST14878,Credit,2024-06-21,33700.0,Active,999
CARD94391,CUST10737,Debit,2025-08-07,,Active,0
CARD94392,CUST10795,Debit,2022-12-26,,Active,0
CARD94393,CUST13200,Credit,2022-10-19,151700.0,Active,999
CARD94394,CUST13104,Debit,2025-07-16,,Active,0
CARD94395,CUST10193,Credit,2024-08-27,75600.0,Expired,1499
CARD94396,CUST10010,Credit,2024-09-29,121200.0,Active,0
CARD94397,CUST10007,Debit,2022-03-04,,Active,0
CARD94398,CUST12155,Debit,2023-10-30,,Blocked,0
CARD94399,CUST12181,Credit,2025-11-29,166200.0,Active,1499
CARD94400,CUST13030,Credit,2024-02-13,188000.0,Active,1499
CARD94401,CUST14721,Debit,2025-06-15,,Active,0
CARD94402,CUST10594,Credit,2024-01-15,207000.0,Active,999
CARD94403,CUST10663,Credit,2022-07-29,140300.0,Active,499
CARD94404,CUST12942,Credit,2024-02-25,189400.0,Active,0
CARD94405,CUST12359,Credit,2022-04-12,121000.0,Active,499
CARD94406,CUST14090,Debit,2023-03-18,,Active,0
CARD94407,CUST10632,Debit,2022-04-08,,Active,0
CARD94408,CUST10392,Debit,2025-12-27,,Active,0
CARD94409,CUST13200,Credit,2025-08-22,378800.0,Active,0
CARD94410,CUST10564,Credit,2022-10-16,166200.0,Expired,1499
CARD94411,CUST14697,Credit,2022-12-11,394000.0,Active,999
CARD94412,CUST10425,Credit,2024-02-09,169400.0,Active,0
CARD94413,CUST13054,Debit,2023-01-25,,Active,0
CARD94414,CUST10125,Debit,2023-04-15,,Active,0
CARD94415,CUST11709,Debit,2022-11-21,,Active,0
CARD94416,CUST13307,Debit,2022-02-27,,Active,0
CARD94417,CUST12701,Credit,2022-07-20,80000.0,Active,999
CARD94418,CUST12401,Debit,2022-07-04,,Active,0
CARD94419,CUST11071,Debit,2022-01-28,,Blocked,0
CARD94420,CUST11331,Debit,2024-09-09,,Active,0
CARD94421,CUST10672,Credit,2023-05-21,67700.0,Active,1499
CARD94422,CUST12249,Debit,2026-01-09,,Closed,0
CARD94423,CUST11885,Credit,2023-05-12,220900.0,Active,1499
CARD94424,CUST13407,Credit,2026-01-23,204100.0,Active,499
CARD94425,CUST13109,Debit,2025-12-25,,Active,0
CARD94427,CUST12139,Debit,2023-04-16,,Active,0
CARD94428,CUST13770,Debit,2024-01-25,,Active,0
CARD94429,CUST13613,Debit,2024-07-20,,Active,0
CARD94430,CUST12022,Credit,2024-01-13,254300.0,Active,999
CARD94431,CUST10272,Credit,2023-05-10,83300.0,Active,499
CARD94432,CUST12223,Debit,2024-08-16,,Active,0
CARD94433,CUST12061,Debit,2024-06-02,,Active,0
CARD94434,CUST14824,Credit,2022-11-20,181800.0,Active,999
CARD94435,CUST10456,Debit,2024-05-29,,Active,0
CARD94436,CUST11127,Debit,2024-01-13,,Active,0
CARD94437,CUST10032,Debit,2023-09-09,,Active,0
CARD94438,CUST14943,Debit,2023-12-28,,Active,0
CARD94439,CUST10537,Debit,2026-02-04,,Expired,0
CARD94440,CUST12186,Debit,2024-04-30,,Active,0
CARD94441,CUST14992,Credit,2025-02-06,170800.0,Active,499
CARD94442,CUST14431,Debit,2024-01-13,,Active,0
CARD94443,CUST12999,Debit,2023-01-25,,Active,0
CARD94444,CUST10933,Debit,2024-02-18,,Active,0
CARD94445,CUST12492,Debit,2024-07-21,,Active,0
CARD94446,CUST12549,Credit,2025-12-16,139600.0,Active,0
CARD94447,CUST11242,Debit,2023-09-06,,Active,0
CARD94448,CUST10873,Debit,2024-06-09,,Active,0
CARD94449,CUST14782,Debit,2022-11-21,,Active,0
CARD94450,CUST14589,Credit,2024-04-02,297000.0,Active,0
CARD94451,CUST10066,Debit,2023-01-15,,Active,0
CARD94452,CUST11528,Debit,2025-08-27,,Active,0
CARD94453,CUST10088,Credit,2024-08-18,72100.0,Active,499
CARD94454,CUST13693,Credit,2023-04-30,208700.0,Closed,499
CARD94455,CUST13786,Debit,2025-09-01,,Active,0
CARD94456,CUST11167,Debit,2023-06-29,,Expired,0
CARD94457,CUST14195,Credit,2022-02-06,280500.0,Active,0
CARD94458,CUST11704,Credit,2025-05-14,186300.0,Active,499
CARD94459,CUST10488,Debit,2025-12-02,,Active,0
CARD94460,CUST11354,Debit,2023-02-23,,Blocked,0
CARD94461,CUST10324,Debit,2025-05-11,,Active,0
CARD94462,CUST10764,Credit,2023-02-18,434300.0,Active,0
CARD94463,CUST13852,Credit,2025-07-20,230100.0,Active,999
CARD94464,CUST14040,Debit,2022-10-02,,Active,0
CARD94465,CUST13456,Credit,2025-03-10,122100.0,Active,1499
CARD94466,CUST10918,Debit,2025-06-15,,Active,0
CARD94467,CUST10379,Debit,2023-10-25,,Active,0
CARD94468,CUST10179,Debit,2023-05-28,,Active,0
CARD94469,CUST11667,Debit,2023-10-12,,Active,0
CARD94470,CUST12808,Credit,2025-02-01,96900.0,Active,999
CARD94471,CUST10103,Credit,2026-01-25,64500.0,Active,499
CARD94472,CUST10861,Credit,2022-10-27,264200.0,Blocked,999
CARD94473,CUST11297,Credit,2025-01-07,118400.0,Active,1499
CARD94474,CUST14070,Debit,2022-03-03,,Active,0
CARD94475,CUST12623,Debit,2023-07-17,,Active,0
CARD94476,CUST11718,Debit,2025-07-16,,Active,0
CARD94477,CUST12479,Credit,2025-04-11,120300.0,Active,1499
CARD94478,CUST12456,Credit,2024-04-22,179300.0,Active,0
CARD94479,CUST11855,Debit,2025-02-25,,Active,0
CARD94480,CUST10590,Debit,2022-03-07,,Closed,0
CARD94481,CUST10596,Debit,2025-07-21,,Expired,0
CARD94482,CUST12856,Debit,2024-05-05,,Active,0
CARD94483,CUST13862,Debit,2025-05-27,,Active,0
CARD94484,CUST14668,Debit,2024-10-30,,Expired,0
CARD94485,CUST11665,Credit,2024-11-13,209200.0,Active,999
CARD94486,CUST11761,Debit,2023-08-26,,Closed,0
CARD94487,CUST10807,Credit,2025-03-28,164200.0,Active,0
CARD94488,CUST11920,Credit,2023-03-15,196100.0,Expired,499
CARD94489,CUST14622,Debit,2025-02-26,,Active,0
CARD94490,CUST10453,Debit,2025-10-19,,Active,0
CARD94491,CUST11611,Debit,2025-11-03,,Closed,0
CARD94492,CUST14044,Debit,2023-05-07,,Active,0
CARD94493,CUST11786,Credit,2024-02-03,132100.0,Active,999
CARD94494,CUST11570,Credit,2025-11-11,68000.0,Blocked,499
CARD94495,CUST11884,Debit,2022-01-31,,Active,0
CARD94496,CUST13593,Debit,2023-04-06,,Active,0
CARD94497,CUST14807,Debit,2023-03-11,,Active,0
CARD94498,CUST13950,Debit,2022-01-16,,Active,0
CARD94499,CUST11898,Debit,2022-11-30,,Active,0
CARD94500,CUST13076,Debit,2024-04-11,,Active,0
CARD94501,CUST11843,Debit,2023-12-27,,Active,0
CARD94502,CUST13526,Debit,2023-02-04,,Active,0
CARD94503,CUST13198,Debit,2025-10-03,,Active,0
CARD94504,CUST10161,Credit,2024-01-12,116400.0,Blocked,499
CARD94505,CUST12157,Credit,2023-06-04,177700.0,Closed,999
CARD94506,CUST12201,Debit,2022-12-03,,Blocked,0
CARD94507,CUST12732,Credit,2023-06-08,153900.0,Closed,0
CARD94508,CUST11568,Debit,2024-09-06,,Active,0
CARD94509,CUST10184,Credit,2023-02-13,108900.0,Active,499
CARD94510,CUST11152,Debit,2022-10-14,,Expired,0
CARD94511,CUST14018,Credit,2024-05-02,102500.0,Active,499
CARD94512,CUST10144,Debit,2024-01-09,,Active,0
CARD94513,CUST11686,Credit,2023-10-22,138500.0,Active,1499
CARD94514,CUST11407,Debit,2023-01-17,,Active,0
CARD94515,CUST10440,Debit,2022-04-19,,Active,0
CARD94516,CUST14309,Debit,2025-08-08,,Active,0
CARD94517,CUST12671,Debit,2024-03-11,,Active,0
CARD94518,CUST13215,Debit,2022-03-14,,Closed,0
CARD94519,CUST12438,Debit,2024-10-12,,Active,0
CARD94520,CUST12818,Credit,2024-01-20,168300.0,Active,499
CARD94521,CUST14902,Debit,2023-03-15,,Active,0
CARD94522,CUST14569,Debit,2025-04-26,,Active,0
CARD94523,CUST14757,Debit,2023-09-20,,Active,0
CARD94524,CUST10384,Debit,2024-08-15,,Active,0
CARD94525,CUST12801,Debit,2025-11-22,,Active,0
CARD94526,CUST11653,Debit,2022-12-08,,Active,0
CARD94527,CUST12733,Debit,2022-09-09,,Active,0
CARD94528,CUST11439,Debit,2025-06-15,,Active,0
CARD94529,CUST10765,Debit,2022-05-19,,Active,0
CARD94530,CUST10818,Debit,2025-12-26,,Active,0
CARD94531,CUST13185,Debit,2023-08-18,,Active,0
CARD94532,CUST10023,Debit,2022-08-11,,Active,0
CARD94533,CUST13515,Credit,2023-10-09,365600.0,Expired,1499
CARD94534,CUST12931,Debit,2022-03-18,,Active,0
CARD94535,CUST10715,Credit,2023-11-07,243900.0,Active,0
CARD94536,CUST11718,Debit,2024-03-14,,Active,0
CARD94537,CUST12918,Debit,2022-05-04,,Active,0
CARD94538,CUST14831,Debit,2024-06-17,,Expired,0
CARD94539,CUST10901,Debit,2022-10-15,,Active,0
CARD94540,CUST11418,Credit,2022-04-18,387700.0,Active,999
CARD94541,CUST11830,Credit,2022-12-10,209400.0,Blocked,999
CARD94542,CUST12714,Credit,2024-10-06,39700.0,Closed,999
CARD94543,CUST12540,Debit,2025-10-04,,Active,0
CARD94544,CUST13804,Credit,2022-04-29,131900.0,Active,0
CARD94545,CUST14289,Debit,2023-03-10,,Active,0
CARD94546,CUST12236,Debit,2022-04-17,,Active,0
CARD94547,CUST14618,Debit,2024-04-13,,Active,0
CARD94548,CUST14266,Credit,2025-11-30,252500.0,Active,999
CARD94549,CUST12006,Credit,2022-11-16,69200.0,Active,1499
CARD94550,CUST13909,Credit,2022-06-22,212200.0,Active,999
CARD94551,CUST11232,Credit,2024-06-01,139000.0,Active,0
CARD94552,CUST14434,Credit,2023-08-23,186400.0,Active,0
CARD94553,CUST12882,Credit,2023-12-17,121800.0,Active,499
CARD94554,CUST14691,Debit,2025-08-24,,Active,0
CARD94555,CUST11528,Credit,2025-06-18,240200.0,Active,999
CARD94556,CUST11737,Debit,2024-02-14,,Active,0
CARD94557,CUST12554,Debit,2023-08-18,,Active,0
CARD94558,CUST10884,Debit,2025-04-05,,Active,0
CARD94559,CUST14125,Debit,2024-01-11,,Active,0
CARD94560,CUST13560,Credit,2025-08-25,140000.0,Active,499
CARD94561,CUST14195,Credit,2024-11-09,224000.0,Active,0
CARD94562,CUST13437,Debit,2024-07-11,,Expired,0
CARD94563,CUST14304,Credit,2022-10-28,122000.0,Closed,499
CARD94564,CUST10565,Debit,2024-07-01,,Blocked,0
CARD94565,CUST10618,Debit,2026-01-10,,Active,0
CARD94566,CUST10290,Credit,2023-07-12,235500.0,Active,999
CARD94567,CUST12059,Debit,2024-11-30,,Blocked,0
CARD94568,CUST11014,Debit,2025-07-26,,Active,0
CARD94569,CUST11440,Credit,2022-09-18,30500.0,Active,0
CARD94570,CUST10892,Debit,2025-10-26,,Blocked,0
CARD94571,CUST14479,Debit,2025-02-21,,Active,0
CARD94572,CUST14790,Credit,2023-02-21,63000.0,Active,999
CARD94573,CUST10594,Debit,2025-08-26,,Active,0
CARD94574,CUST10856,Credit,2025-11-16,192000.0,Active,999
CARD94575,CUST10639,Debit,2022-01-01,,Active,0
CARD94576,CUST10061,Debit,2022-08-14,,Active,0
CARD94577,CUST11650,Debit,2022-12-31,,Active,0
CARD94578,CUST13237,Credit,2024-10-18,283800.0,Active,999
CARD94579,CUST11197,Credit,2024-01-13,46700.0,Active,999
CARD94580,CUST13020,Credit,2023-08-29,325200.0,Active,999
CARD94581,CUST12310,Credit,2024-05-19,661900.0,Blocked,1499
CARD94582,CUST10125,Credit,2025-03-12,264800.0,Active,499
CARD94583,CUST14566,Credit,2025-03-07,325400.0,Active,0
CARD94584,CUST10250,Credit,2022-11-01,106000.0,Expired,499
CARD94585,CUST10659,Debit,2024-02-13,,Active,0
CARD94586,CUST13869,Credit,2022-05-31,169100.0,Active,999
CARD94587,CUST13674,Debit,2025-03-22,,Closed,0
CARD94588,CUST12961,Credit,2022-05-22,207000.0,Active,499
CARD94589,CUST13953,Credit,2023-04-21,139900.0,Blocked,499
CARD94590,CUST10894,Credit,2022-12-04,160700.0,Active,0
CARD94591,CUST10143,Debit,2023-01-03,,Active,0
CARD94592,CUST14003,Debit,2023-07-28,,Active,0
CARD94593,CUST12487,Credit,2022-12-04,90700.0,Expired,0
CARD94594,CUST12641,Debit,2024-02-07,,Active,0
CARD94595,CUST11624,Debit,2024-01-15,,Active,0
CARD94596,CUST14317,Debit,2025-05-22,,Active,0
CARD94597,CUST10792,Credit,2025-03-26,116300.0,Active,1499
CARD94598,CUST14550,Debit,2022-09-19,,Closed,0
CARD94599,CUST11779,Credit,2025-06-23,88100.0,Active,999
CARD94600,CUST11043,Debit,2025-02-25,,Blocked,0
CARD94601,CUST10401,Debit,2024-10-29,,Active,0
CARD94602,CUST11280,Debit,2025-09-07,,Blocked,0
CARD94603,CUST12751,Debit,2025-07-15,,Active,0
CARD94604,CUST12913,Debit,2025-06-03,,Active,0
CARD94605,CUST14181,Debit,2023-01-05,,Active,0
CARD94606,CUST13883,Credit,2023-08-02,81600.0,Active,1499
CARD94607,CUST11879,Debit,2025-04-22,,Active,0
CARD94608,CUST12090,Debit,2022-05-07,,Active,0
CARD94609,CUST13681,Credit,2025-06-05,374100.0,Active,999
CARD94610,CUST10926,Debit,2025-08-11,,Blocked,0
CARD94611,CUST11572,Debit,2025-01-17,,Active,0
CARD94612,CUST10720,Debit,2023-03-02,,Active,0
CARD94613,CUST12010,Credit,2024-05-05,70500.0,Active,999
CARD94614,CUST13442,Credit,2024-01-06,243500.0,Active,0
CARD94615,CUST14382,Credit,2023-05-03,145200.0,Active,499
CARD94616,CUST13845,Credit,2023-09-21,411600.0,Active,999
CARD94617,CUST12955,Credit,2024-02-19,229200.0,Active,499
CARD94618,CUST14931,Debit,2022-08-17,,Expired,0
CARD94619,CUST11946,Credit,2026-02-01,248400.0,Expired,999
CARD94620,CUST14346,Credit,2023-05-31,267500.0,Active,1499
CARD94621,CUST10340,Debit,2022-05-22,,Active,0
CARD94622,CUST11234,Credit,2025-06-14,253000.0,Active,0
CARD94623,CUST14515,Credit,2023-08-20,124800.0,Closed,1499
CARD94624,CUST10087,Debit,2022-09-13,,Expired,0
CARD94625,CUST11371,Credit,2023-03-08,183500.0,Active,999
CARD94626,CUST11149,Credit,2022-10-18,132500.0,Active,0
CARD94627,CUST14158,Credit,2026-02-08,149200.0,Active,499
CARD94628,CUST12121,Credit,2022-08-07,136600.0,Active,0
CARD94629,CUST13199,Debit,2022-11-25,,Expired,0
CARD94630,CUST12549,Debit,2024-05-04,,Expired,0
CARD94631,CUST12121,Debit,2022-05-05,,Active,0
CARD94632,CUST13447,Debit,2022-06-17,,Active,0
CARD94633,CUST13794,Debit,2023-08-07,,Active,0
CARD94634,CUST13035,Credit,2025-11-04,81900.0,Active,499
CARD94635,CUST11935,Credit,2025-04-05,439500.0,Active,499
CARD94636,CUST14173,Debit,2024-08-20,,Active,0
CARD94637,CUST11777,Debit,2023-10-27,,Active,0
CARD94638,CUST10063,Debit,2025-09-05,,Active,0
CARD94639,CUST11165,Debit,2022-05-26,,Active,0
CARD94640,CUST14490,Debit,2025-08-04,,Expired,0
CARD94641,CUST13691,Credit,2024-03-20,67100.0,Active,499
CARD94642,CUST10342,Debit,2022-06-13,,Active,0
CARD94644,CUST12562,Debit,2024-10-26,,Expired,0
CARD94645,CUST10910,Debit,2023-05-15,,Active,0
CARD94646,CUST11036,Credit,2025-12-30,178100.0,Blocked,999
CARD94647,CUST13306,Debit,2024-12-06,,Closed,0
CARD94648,CUST13063,Credit,2022-08-23,93200.0,Active,1499
CARD94649,CUST13140,Debit,2025-10-21,,Expired,0
CARD94650,CUST13965,Credit,2023-12-08,111100.0,Active,999
CARD94651,CUST11484,Credit,2023-06-06,171800.0,Active,1499
CARD94652,CUST12123,Credit,2023-02-14,161500.0,Blocked,999
CARD94653,CUST14819,Credit,2025-03-22,94500.0,Active,999
CARD94654,CUST10677,Debit,2025-04-20,,Active,0
CARD94655,CUST14539,Debit,2022-05-24,,Expired,0
CARD94656,CUST10722,Debit,2024-07-01,,Closed,0
CARD94657,CUST14102,Debit,2025-05-14,,Active,0
CARD94658,CUST13196,Credit,2025-07-16,77500.0,Active,499
CARD94659,CUST12164,Credit,2024-12-20,141000.0,Blocked,0
CARD94660,CUST11304,Credit,2024-12-27,172500.0,Blocked,499
CARD94661,CUST13048,Credit,2023-12-23,292500.0,Expired,1499
CARD94662,CUST12526,Debit,2023-07-13,,Active,0
CARD94663,CUST13943,Credit,2022-09-16,149200.0,Active,999
CARD94664,CUST10227,Credit,2022-02-10,121500.0,Active,499
CARD94665,CUST12886,Credit,2024-02-12,396700.0,Closed,1499
CARD94666,CUST11565,Credit,2022-11-19,153900.0,Active,999
CARD94667,CUST12782,Credit,2023-07-25,111000.0,Active,1499
CARD94668,CUST14716,Debit,2024-11-26,,Blocked,0
CARD94669,CUST13437,Credit,2024-09-28,121300.0,Active,1499
CARD94670,CUST14915,Debit,2025-03-31,,Expired,0
CARD94671,CUST10202,Debit,2025-06-06,,Closed,0
CARD94672,CUST12777,Debit,2025-09-17,,Expired,0
CARD94673,CUST11001,Debit,2024-06-18,,Active,0
CARD94674,CUST12074,Credit,2024-05-17,198100.0,Active,999
CARD94675,CUST14124,Debit,2025-10-18,,Blocked,0
CARD94676,CUST13997,Credit,2025-04-24,74400.0,Active,1499
CARD94677,CUST10770,Debit,2025-12-05,,Expired,0
CARD94678,CUST14592,Credit,2024-08-31,153200.0,Expired,1499
CARD94679,CUST14072,Credit,2024-01-13,100500.0,Active,1499
CARD94680,CUST13430,Debit,2023-10-19,,Active,0
CARD94681,CUST11727,Credit,2025-03-08,167000.0,Active,999
CARD94682,CUST14081,Debit,2023-02-21,,Active,0
CARD94683,CUST13915,Debit,2025-07-28,,Active,0
CARD94684,CUST14662,Debit,2025-05-22,,Active,0
CARD94685,CUST12635,Debit,2024-09-03,,Expired,0
CARD94686,CUST14713,Debit,2025-09-05,,Active,0
CARD94687,CUST14392,Debit,2022-05-05,,Blocked,0
CARD94688,CUST13806,Debit,2022-06-19,,Active,0
CARD94689,CUST12769,Credit,2025-08-02,352300.0,Closed,499
CARD94690,CUST14622,Debit,2023-06-26,,Active,0
CARD94691,CUST11119,Credit,2022-01-03,112300.0,Active,0
CARD94692,CUST12376,Debit,2024-04-15,,Expired,0
CARD94693,CUST11724,Debit,2025-03-15,,Active,0
CARD94694,CUST10952,Credit,2023-02-06,132400.0,Active,499
CARD94695,CUST11148,Credit,2026-01-25,216600.0,Active,0
CARD94696,CUST12540,Credit,2024-11-09,127600.0,Active,999
CARD94697,CUST14840,Debit,2024-08-18,,Active,0
CARD94698,CUST12258,Credit,2025-01-12,184100.0,Active,499
CARD94699,CUST11227,Debit,2024-12-25,,Active,0
CARD94700,CUST10952,Debit,2023-11-06,,Active,0
CARD94701,CUST12622,Debit,2023-09-13,,Active,0
CARD94702,CUST12120,Debit,2023-11-17,,Active,0
CARD94703,CUST10266,Credit,2024-02-13,159900.0,Active,999
CARD94704,CUST11056,Debit,2024-10-17,,Active,0
CARD94705,CUST10248,Credit,2024-07-19,166700.0,Active,0
CARD94706,CUST11088,Debit,2026-01-01,,Expired,0
CARD94707,CUST12281,Debit,2024-04-13,,Active,0
CARD94708,CUST11795,Credit,2023-04-01,459600.0,Active,1499
CARD94709,CUST12275,Debit,2022-03-27,,Active,0
CARD94710,CUST14943,Credit,2023-05-07,249300.0,Active,999
CARD94711,CUST10147,Credit,2023-07-21,83200.0,Active,999
CARD94712,CUST12934,Debit,2024-02-16,,Closed,0
CARD94713,CUST13414,Debit,2023-07-20,,Active,0
CARD94714,CUST13034,Debit,2023-05-03,,Active,0
CARD94715,CUST12872,Credit,2023-03-11,56400.0,Active,1499
CARD94716,CUST14035,Debit,2023-11-11,,Active,0
CARD94717,CUST11678,Credit,2025-05-15,61100.0,Active,499
CARD94718,CUST14741,Debit,2024-09-08,,Active,0
CARD94719,CUST14699,Credit,2023-06-06,166900.0,Active,1499
CARD94720,CUST13046,Debit,2024-02-14,,Active,0
CARD94721,CUST14746,Debit,2024-02-21,,Active,0
CARD94722,CUST14636,Credit,2024-03-13,89300.0,Expired,1499
CARD94723,CUST10233,Debit,2022-02-21,,Active,0
CARD94724,CUST12399,Credit,2023-08-12,217200.0,Active,0
CARD94725,CUST13270,Debit,2022-09-03,,Active,0
CARD94726,CUST10112,Debit,2022-11-25,,Active,0
CARD94727,CUST12591,Debit,2025-08-25,,Active,0
CARD94728,CUST14627,Debit,2025-01-28,,Closed,0
CARD94729,CUST10340,Debit,2025-05-14,,Active,0
CARD94730,CUST10584,Credit,2024-06-03,153200.0,Active,0
CARD94731,CUST11412,Debit,2024-07-26,,Active,0
CARD94732,CUST13264,Credit,2023-12-10,53100.0,Active,999
CARD94733,CUST10692,Debit,2025-01-16,,Active,0
CARD94734,CUST11864,Credit,2024-11-10,146000.0,Active,1499
CARD94735,CUST10228,Debit,2025-07-09,,Active,0
CARD94736,CUST10298,Debit,2024-02-07,,Active,0
CARD94737,CUST12509,Credit,2022-06-21,177000.0,Active,0
CARD94738,CUST14676,Credit,2023-04-03,107800.0,Active,0
CARD94739,CUST13801,Credit,2026-01-03,263300.0,Active,499
CARD94740,CUST11713,Debit,2024-03-05,,Active,0
CARD94741,CUST11383,Credit,2022-05-19,118900.0,Active,999
CARD94742,CUST11403,Credit,2025-02-07,52400.0,Expired,999
CARD94743,CUST11250,Debit,2022-05-30,,Active,0
CARD94744,CUST14499,Debit,2023-12-28,,Closed,0
CARD94745,CUST11397,Debit,2022-10-11,,Active,0
CARD94746,CUST10451,Debit,2024-06-27,,Active,0
CARD94747,CUST14489,Debit,2022-04-17,,Active,0
CARD94748,CUST14056,Debit,2025-03-30,,Blocked,0
CARD94749,CUST12824,Debit,2025-05-06,,Expired,0
CARD94750,CUST12755,Credit,2024-08-31,173700.0,Active,499
CARD94751,CUST11650,Debit,2025-12-27,,Active,0
CARD94752,CUST13485,Debit,2024-08-08,,Active,0
CARD94753,CUST13178,Credit,2024-09-11,54800.0,Active,499
CARD94754,CUST13551,Debit,2023-08-05,,Active,0
CARD94755,CUST13414,Debit,2023-06-22,,Expired,0
CARD94756,CUST10156,Credit,2024-08-24,65900.0,Active,499
CARD94757,CUST14722,Credit,2023-10-03,125900.0,Active,0
CARD94758,CUST12280,Credit,2024-05-06,106300.0,Active,0
CARD94759,CUST10909,Debit,2023-07-14,,Active,0
CARD94760,CUST10382,Debit,2026-01-30,,Active,0
CARD94761,CUST10888,Debit,2025-03-27,,Active,0
CARD94762,CUST10503,Credit,2022-05-25,50200.0,Active,1499
CARD94763,CUST10266,Debit,2024-08-22,,Active,0
CARD94764,CUST11865,Debit,2023-03-11,,Blocked,0
CARD94765,CUST13551,Credit,2025-11-07,79400.0,Active,499
CARD94766,CUST11580,Debit,2023-02-14,,Active,0
CARD94767,CUST11874,Credit,2022-09-08,272900.0,Active,999
CARD94768,CUST11904,Debit,2025-09-05,,Active,0
CARD94769,CUST10152,Credit,2025-06-19,229600.0,Active,499
CARD94770,CUST11471,Debit,2022-11-21,,Active,0
CARD94771,CUST14094,Debit,2025-06-02,,Active,0
CARD94772,CUST13112,Credit,2023-10-18,501900.0,Active,999
CARD94773,CUST12363,Credit,2024-09-26,81000.0,Active,499
CARD94774,CUST10381,Credit,2023-01-02,72900.0,Active,1499
CARD94775,CUST14463,Debit,2025-10-03,,Active,0
CARD94776,CUST10873,Debit,2025-12-24,,Active,0
CARD94777,CUST12312,Credit,2023-05-22,151900.0,Active,999
CARD94778,CUST14589,Credit,2024-05-19,265500.0,Active,999
CARD94779,CUST12036,Debit,2025-08-14,,Active,0
CARD94780,CUST14377,Debit,2026-01-09,,Active,0
CARD94781,CUST11790,Credit,2023-08-13,245100.0,Active,0
CARD94782,CUST13364,Debit,2022-05-29,,Active,0
CARD94783,CUST11659,Credit,2025-05-22,81900.0,Active,999
CARD94784,CUST10623,Debit,2025-12-04,,Active,0
CARD94785,CUST11755,Debit,2024-01-13,,Active,0
CARD94786,CUST12072,Credit,2022-09-07,125500.0,Active,0
CARD94787,CUST10359,Debit,2022-04-07,,Active,0
CARD94788,CUST13850,Debit,2024-07-16,,Active,0
CARD94789,CUST14675,Credit,2023-05-29,108400.0,Active,1499
CARD94790,CUST10889,Debit,2022-01-23,,Closed,0
CARD94791,CUST10059,Credit,2022-02-25,116800.0,Active,999
CARD94792,CUST11413,Debit,2024-02-07,,Active,0
CARD94793,CUST13976,Debit,2022-02-15,,Closed,0
CARD94794,CUST11416,Credit,2022-09-10,134600.0,Active,499
CARD94795,CUST13860,Debit,2024-11-21,,Expired,0
CARD94796,CUST12942,Credit,2024-01-30,101300.0,Active,499
CARD94797,CUST13753,Credit,2024-07-04,112200.0,Active,1499
CARD94798,CUST10996,Credit,2025-02-27,169900.0,Active,499
CARD94799,CUST11603,Credit,2022-09-30,268600.0,Closed,999
CARD94800,CUST10366,Debit,2024-03-25,,Active,0
CARD94801,CUST10489,Debit,2024-05-31,,Active,0
CARD94802,CUST14760,Debit,2023-02-18,,Active,0
CARD94803,CUST11666,Debit,2022-05-24,,Active,0
CARD94804,CUST10339,Debit,2023-12-20,,Active,0
CARD94805,CUST14191,Debit,2022-06-09,,Closed,0
CARD94806,CUST12590,Debit,2024-07-02,,Active,0
CARD94807,CUST14253,Debit,2024-07-30,,Active,0
CARD94808,CUST12544,Debit,2025-09-20,,Expired,0
CARD94809,CUST14840,Debit,2022-08-29,,Active,0
CARD94810,CUST10753,Credit,2022-08-29,340800.0,Active,499
CARD94811,CUST14047,Debit,2025-03-06,,Active,0
CARD94812,CUST14602,Debit,2023-02-26,,Active,0
CARD94813,CUST14434,Credit,2024-04-29,116900.0,Active,0
CARD94814,CUST12143,Debit,2022-06-29,,Active,0
CARD94815,CUST14023,Debit,2022-06-16,,Active,0
CARD94816,CUST14453,Credit,2025-01-04,374200.0,Active,999
CARD94817,CUST14954,Debit,2022-03-11,,Active,0
CARD94818,CUST10925,Debit,2023-05-16,,Active,0
CARD94819,CUST14647,Debit,2023-05-26,,Active,0
CARD94820,CUST14452,Debit,2023-05-28,,Blocked,0
CARD94821,CUST14978,Credit,2026-01-03,151300.0,Expired,999
CARD94822,CUST13267,Debit,2024-05-12,,Active,0
CARD94823,CUST11953,Debit,2023-01-17,,Active,0
CARD94824,CUST13287,Debit,2025-03-22,,Closed,0
CARD94825,CUST11451,Debit,2023-08-20,,Active,0
CARD94826,CUST13306,Debit,2024-01-11,,Closed,0
CARD94827,CUST13755,Credit,2025-06-20,66700.0,Active,999
CARD94828,CUST13118,Debit,2022-03-15,,Closed,0
CARD94829,CUST14975,Debit,2023-04-12,,Closed,0
CARD94830,CUST10250,Debit,2024-01-13,,Active,0
CARD94831,CUST13410,Debit,2026-01-22,,Blocked,0
CARD94832,CUST11300,Credit,2022-05-24,122500.0,Closed,1499
CARD94833,CUST14034,Debit,2023-02-19,,Active,0
CARD94834,CUST14386,Debit,2023-12-28,,Active,0
CARD94835,CUST14281,Credit,2023-05-06,111700.0,Active,499
CARD94836,CUST13445,Debit,2022-04-18,,Expired,0
CARD94837,CUST12046,Credit,2025-01-13,272200.0,Active,999
CARD94838,CUST12005,Credit,2025-06-27,232900.0,Active,499
CARD94839,CUST11071,Credit,2022-01-20,221600.0,Active,499
CARD94840,CUST14384,Credit,2024-11-23,72500.0,Active,0
CARD94841,CUST12065,Debit,2023-03-09,,Closed,0
CARD94842,CUST13429,Debit,2024-08-14,,Active,0
CARD94843,CUST13495,Debit,2024-11-15,,Active,0
CARD94844,CUST10308,Credit,2025-08-30,244600.0,Active,0
CARD94845,CUST13974,Credit,2022-03-21,214100.0,Active,1499
CARD94846,CUST13859,Credit,2024-04-15,145800.0,Active,0
CARD94847,CUST14927,Debit,2025-10-09,,Active,0
CARD94848,CUST12062,Debit,2023-09-20,,Expired,0
CARD94849,CUST11340,Debit,2023-10-03,,Active,0
CARD94850,CUST10188,Debit,2022-01-17,,Active,0
CARD94851,CUST11734,Debit,2025-09-05,,Active,0
CARD94852,CUST10173,Debit,2022-10-08,,Active,0
CARD94853,CUST12565,Credit,2023-02-02,445400.0,Closed,499
CARD94854,CUST14042,Debit,2024-11-12,,Active,0
CARD94855,CUST13176,Debit,2023-10-09,,Active,0
CARD94856,CUST10169,Debit,2023-10-12,,Active,0
CARD94857,CUST10128,Debit,2024-12-04,,Active,0
CARD94858,CUST12407,Debit,2022-06-27,,Active,0
CARD94859,CUST10298,Debit,2023-11-13,,Active,0
CARD94860,CUST12004,Debit,2025-08-27,,Active,0
CARD94861,CUST11827,Debit,2023-10-25,,Active,0
CARD94862,CUST12722,Credit,2024-02-08,191200.0,Active,499
CARD94863,CUST13866,Credit,2024-04-28,96800.0,Closed,1499
CARD94864,CUST11282,Debit,2022-03-17,,Active,0
CARD94865,CUST13664,Debit,2022-05-17,,Active,0
CARD94866,CUST12110,Debit,2023-01-18,,Active,0
CARD94867,CUST13500,Debit,2022-06-20,,Active,0
CARD94868,CUST10406,Credit,2022-01-27,139800.0,Active,1499
CARD94869,CUST13428,Debit,2022-04-22,,Blocked,0
CARD94870,CUST11675,Debit,2024-11-17,,Active,0
CARD94871,CUST11668,Credit,2023-08-24,224500.0,Expired,0
CARD94872,CUST11936,Credit,2025-03-12,211600.0,Active,999
CARD94873,CUST14232,Credit,2025-04-04,50000.0,Active,999
CARD94874,CUST12079,Debit,2023-02-10,,Closed,0
CARD94875,CUST13079,Debit,2023-02-25,,Expired,0
CARD94876,CUST10621,Debit,2023-07-23,,Active,0
CARD94877,CUST14471,Debit,2024-12-17,,Active,0
CARD94878,CUST12376,Debit,2025-10-27,,Blocked,0
CARD94879,CUST13334,Credit,2024-04-23,111300.0,Expired,499
CARD94880,CUST12766,Credit,2024-11-05,265800.0,Active,999
CARD94881,CUST11503,Debit,2022-08-28,,Active,0
CARD94882,CUST10123,Debit,2023-02-20,,Closed,0
CARD94883,CUST12489,Credit,2025-02-12,144400.0,Active,499
CARD94884,CUST11453,Debit,2023-08-27,,Active,0
CARD94885,CUST11054,Debit,2023-05-06,,Active,0
CARD94886,CUST12541,Debit,2023-11-11,,Active,0
CARD94887,CUST10471,Credit,2025-09-03,82300.0,Active,1499
CARD94888,CUST13972,Debit,2024-04-30,,Closed,0
CARD94889,CUST11285,Credit,2024-09-26,44900.0,Active,499
CARD94890,CUST12104,Debit,2022-05-04,,Active,0
CARD94891,CUST12360,Credit,2023-08-09,67600.0,Active,0
CARD94892,CUST10481,Credit,2025-05-04,74600.0,Active,0
CARD94893,CUST12218,Debit,2022-05-27,,Closed,0
CARD94894,CUST10618,Debit,2022-05-08,,Active,0
CARD94895,CUST10070,Debit,2022-03-11,,Active,0
CARD94896,CUST12935,Debit,2024-12-06,,Active,0
CARD94897,CUST14143,Debit,2025-07-06,,Closed,0
CARD94898,CUST11246,Credit,2022-07-08,64900.0,Closed,499
CARD94899,CUST14940,Debit,2022-06-11,,Active,0
CARD94900,CUST14254,Debit,2023-11-07,,Active,0
CARD94901,CUST10444,Credit,2022-07-12,158800.0,Active,1499
CARD94902,CUST11144,Credit,2023-05-29,103200.0,Active,1499
CARD94903,CUST13361,Debit,2024-03-19,,Active,0
CARD94904,CUST12080,Credit,2025-02-10,256800.0,Active,1499
CARD94905,CUST11206,Debit,2026-01-05,,Active,0
CARD94906,CUST12998,Credit,2024-10-07,101200.0,Blocked,1499
CARD94907,CUST12584,Debit,2025-10-24,,Active,0
CARD94908,CUST11221,Debit,2024-11-06,,Active,0
CARD94909,CUST11060,Debit,2023-01-28,,Blocked,0
CARD94910,CUST12317,Debit,2024-06-04,,Active,0
CARD94911,CUST14066,Debit,2024-06-25,,Active,0
CARD94912,CUST12486,Credit,2022-06-26,217800.0,Active,0
CARD94913,CUST11979,Debit,2022-11-25,,Active,0
CARD94914,CUST13400,Credit,2024-04-09,87300.0,Blocked,999
CARD94915,CUST12873,Debit,2026-01-05,,Active,0
CARD94916,CUST13658,Credit,2022-11-10,83600.0,Expired,0
CARD94917,CUST14579,Debit,2025-04-07,,Active,0
CARD94918,CUST10020,Debit,2023-07-05,,Expired,0
CARD94919,CUST14084,Debit,2025-01-07,,Active,0
CARD94920,CUST12237,Debit,2022-10-16,,Blocked,0
CARD94921,CUST11093,Credit,2023-10-04,271800.0,Active,1499
CARD94922,CUST12293,Debit,2022-06-16,,Expired,0
CARD94923,CUST14840,Credit,2025-12-29,263000.0,Active,999
CARD94924,CUST11179,Debit,2022-03-08,,Active,0
CARD94925,CUST13797,Credit,2024-06-01,365800.0,Active,499
CARD94926,CUST13948,Credit,2023-02-10,107700.0,Active,0
CARD94927,CUST12435,Credit,2024-08-22,171500.0,Active,1499
CARD94928,CUST11360,Credit,2025-05-31,324600.0,Closed,499
CARD94929,CUST14638,Debit,2025-04-08,,Active,0
CARD94930,CUST14993,Credit,2023-09-14,254900.0,Active,499
CARD94931,CUST12412,Debit,2025-05-06,,Active,0
CARD94932,CUST13496,Debit,2022-12-21,,Closed,0
CARD94933,CUST13829,Credit,2024-07-19,289500.0,Active,999
CARD94934,CUST10155,Debit,2022-11-03,,Active,0
CARD94935,CUST14629,Debit,2024-03-28,,Active,0
CARD94936,CUST13187,Debit,2023-01-11,,Active,0
CARD94937,CUST11353,Debit,2023-07-28,,Active,0
CARD94938,CUST10308,Credit,2022-04-25,107300.0,Active,499
CARD94939,CUST13823,Credit,2023-06-20,158000.0,Active,999
CARD94940,CUST11215,Credit,2022-09-03,77100.0,Active,1499
CARD94941,CUST11232,Debit,2022-09-24,,Active,0
CARD94942,CUST11004,Debit,2025-01-09,,Active,0
CARD94943,CUST12703,Credit,2024-06-13,250000.0,Closed,0
CARD94944,CUST11608,Debit,2024-11-20,,Active,0
CARD94945,CUST12114,Debit,2024-12-10,,Active,0
CARD94946,CUST14186,Debit,2022-03-26,,Active,0
CARD94947,CUST10353,Debit,2023-08-31,,Active,0
CARD94948,CUST11893,Debit,2025-12-24,,Closed,0
CARD94949,CUST14392,Debit,2025-03-13,,Active,0
CARD94950,CUST12891,Credit,2023-05-13,217100.0,Active,0
CARD94951,CUST12484,Credit,2023-05-14,141700.0,Active,0
CARD94952,CUST14176,Credit,2023-11-26,116000.0,Active,1499
CARD94953,CUST11348,Debit,2024-12-22,,Active,0
CARD94954,CUST10992,Debit,2022-05-06,,Active,0
CARD94955,CUST12732,Debit,2023-04-14,,Active,0
CARD94956,CUST10839,Credit,2022-09-28,120800.0,Active,499
CARD94957,CUST13633,Debit,2023-10-26,,Active,0
CARD94958,CUST14941,Debit,2024-11-13,,Active,0
CARD94959,CUST11463,Debit,2025-04-06,,Active,0
CARD94960,CUST10180,Credit,2024-01-17,62700.0,Active,1499
CARD94961,CUST12535,Debit,2025-11-21,,Expired,0
CARD94962,CUST10239,Debit,2025-10-17,,Closed,0
CARD94963,CUST12071,Debit,2023-07-09,,Active,0
CARD94964,CUST13147,Debit,2025-09-10,,Active,0
CARD94965,CUST12747,Debit,2025-01-09,,Active,0
CARD94966,CUST13323,Credit,2024-03-17,192200.0,Active,1499
CARD94967,CUST14275,Debit,2025-01-12,,Active,0
CARD94968,CUST10542,Credit,2022-01-02,203100.0,Active,499
CARD94969,CUST12093,Credit,2024-08-09,112100.0,Active,999
CARD94970,CUST14252,Debit,2023-05-30,,Closed,0
CARD94971,CUST13843,Debit,2023-04-10,,Active,0
CARD94972,CUST10634,Credit,2024-12-17,196200.0,Active,1499
CARD94973,CUST11522,Credit,2024-02-18,287400.0,Active,999
CARD94974,CUST14394,Debit,2025-01-23,,Closed,0
CARD94975,CUST13585,Debit,2026-02-04,,Active,0
CARD94976,CUST13052,Debit,2025-02-11,,Active,0
CARD94977,CUST12289,Debit,2022-12-01,,Active,0
CARD94978,CUST10933,Debit,2025-06-28,,Active,0
CARD94979,CUST13875,Debit,2025-02-06,,Active,0
CARD94980,CUST14312,Credit,2026-01-04,130800.0,Active,1499
CARD94981,CUST13831,Debit,2024-10-20,,Active,0
CARD94982,CUST14244,Debit,2024-03-12,,Active,0
CARD94983,CUST10069,Credit,2025-06-17,206300.0,Active,0
CARD94984,CUST11587,Debit,2022-04-04,,Active,0
CARD94985,CUST14947,Debit,2022-06-15,,Active,0
CARD94986,CUST11544,Credit,2023-01-16,155300.0,Active,499
CARD94987,CUST11245,Debit,2023-03-10,,Active,0
CARD94988,CUST12527,Debit,2022-11-21,,Active,0
CARD94989,CUST11692,Debit,2024-01-22,,Active,0
CARD94990,CUST13487,Debit,2023-01-05,,Closed,0
CARD94991,CUST10275,Debit,2025-08-29,,Active,0
CARD94992,CUST13385,Debit,2026-02-07,,Active,0
CARD94993,CUST12937,Debit,2022-01-29,,Active,0
CARD94994,CUST11684,Credit,2022-12-06,39200.0,Blocked,1499
CARD94995,CUST14982,Credit,2023-05-20,213100.0,Closed,0
CARD94996,CUST10372,Credit,2024-01-14,125800.0,Active,499
CARD94997,CUST12409,Debit,2022-08-11,,Active,0
CARD94998,CUST10186,Debit,2025-09-11,,Expired,0
CARD94999,CUST13434,Debit,2024-07-23,,Active,0
CARD95000,CUST14295,Debit,2022-02-17,,Closed,0
