loan_id,customer_id,loan_type,loan_amount,interest_rate,tenure_months,loan_status,application_date,loan_to_income_ratio
LOAN70001,CUST12666,Personal,277100.0,13.6,24,Closed,2022-03-30,0.4782533655505696
LOAN70002,CUST11477,Personal,305000.0,15.82,120,Active,2023-11-25,0.15407931295781763
LOAN70003,CUST12832,Personal,1275600.0,8.21,60,Pending,2025-04-17,2.3048152497967296
LOAN70004,CUST11308,Business,825800.0,16.44,48,Closed,2023-03-04,2.437426210153483
LOAN70005,CUST13599,Personal,1565300.0,10.49,60,Active,2025-11-23,4.207795698924731
LOAN70006,CUST13285,Business,803200.0,12.59,36,Closed,2025-06-02,0.42001777963708625
LOAN70007,CUST11569,Auto,805200.0,16.34,48,Defaulted,2026-08-20,0.5491372843210802
LOAN70008,CUST11590,Business,5000000.0,14.44,36,Active,2023-12-13,8.954154727793696
LOAN70009,CUST14340,Personal,205600.0,8.48,36,Active,2024-05-11,0.327076041998091
LOAN70010,CUST11887,Education,1300500.0,10.9,24,Closed,2022-06-19,2.7229899497487438
LOAN70011,CUST10247,Education,589700.0,12.93,120,Closed,2022-03-05,1.6312586445366528
LOAN70012,CUST14012,Home,3596800.0,16.21,12,Closed,2023-10-16,11.036514268180424
LOAN70013,CUST11620,Personal,325700.0,8.93,84,Active,2025-03-03,0.7602707749766573
LOAN70014,CUST13721,Home,427900.0,13.23,84,Closed,2023-10-24,0.440452907874421
LOAN70015,CUST12632,Personal,897600.0,12.07,60,Closed,2022-11-19,2.0797034291010195
LOAN70016,CUST12794,Home,1166800.0,15.84,36,Closed,2026-08-15,2.8981619473422753
LOAN70017,CUST10593,Education,690700.0,16.17,84,Pending,2022-05-05,1.6179433122511127
LOAN70018,CUST10336,Personal,742600.0,9.87,36,Active,2024-01-23,1.3875186846038865
LOAN70019,CUST14627,Personal,1388100.0,11.92,36,Active,2024-06-02,2.849722849517553
LOAN70020,CUST14059,Home,577000.0,10.81,12,Closed,2026-07-10,0.7532637075718016
LOAN70021,CUST14034,Personal,1396000.0,14.66,60,Closed,2023-02-06,2.2960526315789473
LOAN70022,CUST11178,Auto,715900.0,9.22,60,Closed,2026-03-17,2.104969126727433
LOAN70023,CUST11808,Home,187500.0,9.47,48,Active,2024-08-26,0.26789541363051866
LOAN70024,CUST13030,Personal,170300.0,12.6,36,Closed,2024-07-08,1.0937700706486833
LOAN70025,CUST10602,Education,236100.0,7.52,36,Active,2023-08-18,0.42787241754258787
LOAN70026,CUST13626,Business,790400.0,15.66,84,Closed,2023-11-15,1.1168574254627668
LOAN70027,CUST13562,Personal,114900.0,15.99,60,Closed,2022-11-30,0.09986962190352021
LOAN70028,CUST15000,Business,916400.0,7.84,48,Closed,2025-09-26,2.9390635022450287
LOAN70029,CUST10714,Personal,482300.0,10.42,24,Active,2026-07-08,0.8196804894629504
LOAN70030,CUST11721,Business,230100.0,10.85,48,Active,2025-07-18,0.4702636419374617
LOAN70031,CUST10063,Personal,2310200.0,12.74,36,Closed,2022-01-15,7.301517067003792
LOAN70032,CUST13615,Business,549500.0,9.64,36,Active,2024-12-02,1.0417061611374407
LOAN70033,CUST13149,Personal,551400.0,13.54,24,Closed,2024-09-27,3.196521739130435
LOAN70034,CUST11172,Personal,880700.0,10.67,24,Pending,2025-12-26,0.9582199978239582
LOAN70035,CUST13900,Home,731800.0,11.05,12,Closed,2023-09-29,2.1230055120394544
LOAN70036,CUST13814,Home,2147200.0,15.05,60,Active,2023-09-29,5.5197943444730075
LOAN70037,CUST10849,Personal,398100.0,10.01,48,Active,2023-02-26,0.29425678172813957
LOAN70038,CUST13431,Personal,237800.0,12.85,12,Active,2023-08-28,1.2994535519125683
LOAN70039,CUST14850,Home,498800.0,9.01,60,Closed,2023-03-31,1.0
LOAN70040,CUST11082,Home,3571200.0,14.69,36,Closed,2025-05-28,10.485026423957722
LOAN70041,CUST13285,Personal,660100.0,12.47,12,Active,2025-02-24,0.3451864247241542
LOAN70042,CUST10127,Auto,2063300.0,11.29,36,Closed,2024-08-12,6.651515151515151
LOAN70043,CUST14946,Business,526300.0,10.72,48,Closed,2022-03-30,2.48606518658479
LOAN70044,CUST10093,Personal,911800.0,10.73,48,Active,2025-03-17,1.3460289341600236
LOAN70045,CUST14927,Business,688700.0,9.71,48,Active,2023-07-07,0.645152224824356
LOAN70046,CUST12795,Business,1021300.0,8.91,24,Active,2026-03-26,1.0665204678362572
LOAN70047,CUST11508,Personal,916200.0,8.4,60,Pending,2023-06-26,1.4531324345757335
LOAN70048,CUST14081,Personal,318200.0,15.81,84,Defaulted,2022-03-05,0.6967374644186556
LOAN70049,CUST12540,Business,1620700.0,7.99,48,Active,2024-08-23,5.467948717948718
LOAN70050,CUST14251,Personal,566000.0,15.21,84,Pending,2022-04-10,0.319214934295866
LOAN70051,CUST12990,Personal,884100.0,10.54,12,Active,2026-01-18,1.4992369001187045
LOAN70052,CUST13221,Business,273500.0,9.63,24,Active,2024-05-21,0.2972502988805565
LOAN70053,CUST10955,Business,258800.0,11.1,36,Closed,2022-09-13,0.20758803240555065
LOAN70054,CUST10148,Auto,592100.0,15.59,60,Active,2023-06-24,1.0297391304347827
LOAN70055,CUST13231,Business,411100.0,11.08,36,Active,2022-08-04,0.43484239475354347
LOAN70056,CUST10567,Personal,383700.0,7.54,60,Closed,2025-03-12,0.8908753192477362
LOAN70057,CUST10474,Personal,410200.0,15.52,48,Pending,2023-11-14,0.7411690306260729
LOAN70058,CUST13339,Home,489600.0,8.21,60,Closed,2022-07-01,0.3050847457627119
LOAN70059,CUST13915,Business,438600.0,8.86,36,Pending,2023-05-01,1.5181723779854621
LOAN70060,CUST11978,Auto,433600.0,9.58,36,Active,2026-05-15,1.0081376424087423
LOAN70061,CUST11270,Personal,334200.0,12.4,60,Active,2025-12-26,0.8201226993865031
LOAN70062,CUST14528,Personal,123500.0,15.8,60,Active,2023-10-13,0.09589253824054662
LOAN70063,CUST12890,Business,1168600.0,10.05,36,Active,2023-01-29,2.334865134865135
LOAN70064,CUST11317,Education,722200.0,7.76,24,Active,2025-03-12,1.1880243461095574
LOAN70065,CUST11008,Personal,259900.0,10.64,84,Active,2026-03-10,0.4008328192473782
LOAN70066,CUST13521,Auto,499000.0,8.74,12,Pending,2025-08-17,0.4898880816807383
LOAN70067,CUST14577,Personal,2669800.0,13.56,24,Defaulted,2024-05-09,1.6627016254593012
LOAN70068,CUST12008,Personal,612250.0,11.53,12,Active,2022-12-20,1.2507660878447395
LOAN70069,CUST11848,Personal,1980300.0,17.0,12,Defaulted,2023-11-01,7.369929289170078
LOAN70070,CUST14368,Personal,790200.0,17.95,60,Defaulted,2022-11-15,1.4176533907427342
LOAN70071,CUST12637,Personal,2370500.0,16.27,36,Active,2023-12-22,2.1159510845309293
LOAN70072,CUST13044,Home,874700.0,12.9,60,Pending,2022-12-19,0.4082994912010456
LOAN70073,CUST12971,Personal,530100.0,8.63,48,Active,2022-03-08,0.6323511869259215
LOAN70074,CUST10610,Home,380000.0,12.64,36,Closed,2025-03-25,0.44486068836338094
LOAN70076,CUST11485,Education,750500.0,14.24,60,Closed,2026-04-03,1.9503638253638254
LOAN70077,CUST11472,Business,196800.0,16.59,12,Defaulted,2024-03-01,0.20153609831029187
LOAN70078,CUST11920,Home,1440900.0,12.7,36,Closed,2024-02-04,3.7377431906614786
LOAN70079,CUST10176,Business,849300.0,12.46,24,Pending,2025-07-05,1.6758089976322021
LOAN70080,CUST10350,Home,1457300.0,13.7,36,Closed,2023-08-12,2.4264069264069263
LOAN70081,CUST12917,Education,430700.0,13.62,36,Closed,2024-03-06,0.9006691760769553
LOAN70082,CUST13564,Education,885700.0,9.61,120,Active,2024-05-15,1.375951530215939
LOAN70083,CUST12316,Personal,2259300.0,14.44,36,Active,2022-06-01,4.0822115818953835
LOAN70084,CUST14287,Home,285700.0,8.07,84,Active,2022-01-15,0.21192789852384838
LOAN70085,CUST10241,Home,636300.0,11.51,84,Active,2022-08-12,0.5494818652849741
LOAN70086,CUST13255,Personal,665900.0,8.98,60,Active,2024-02-20,1.6888156226223687
LOAN70087,CUST12445,Personal,397300.0,14.32,48,Pending,2022-09-03,0.6204903951272841
LOAN70088,CUST13457,Home,177700.0,11.99,12,Active,2023-02-24,0.18104941416199694
LOAN70089,CUST11908,Auto,586400.0,11.33,48,Closed,2022-08-25,0.44821524115264083
LOAN70090,CUST14004,Personal,396000.0,14.98,36,Active,2022-05-18,0.4080370942812983
LOAN70091,CUST12681,Auto,393500.0,12.297836317135548,48,Pending,2022-09-07,0.477722471773704
LOAN70092,CUST14409,Home,432500.0,11.21,48,Pending,2025-01-03,1.0300071445582282
LOAN70093,CUST12908,Auto,1006000.0,15.29,24,Active,2025-05-31,1.0893340552246886
LOAN70094,CUST10466,Auto,1819200.0,8.44,36,Closed,2026-03-17,2.7812261122152577
LOAN70095,CUST14188,Education,1614600.0,12.79,12,Active,2022-08-01,3.6274994383284653
LOAN70096,CUST11270,Home,344000.0,15.4,84,Active,2024-08-05,0.8441717791411043
LOAN70097,CUST10145,Auto,939500.0,11.39,84,Pending,2026-02-23,2.759988249118684
LOAN70098,CUST10141,Education,375500.0,9.45,48,Active,2025-09-20,0.563052931473984
LOAN70099,CUST14437,Auto,5000000.0,11.91,120,Active,2023-01-20,40.61738424045492
LOAN70100,CUST10166,Personal,75400.0,14.04,60,Defaulted,2022-06-23,0.12697878073425395
LOAN70101,CUST12033,Personal,908100.0,12.33,84,Closed,2022-05-31,0.4879110251450677
LOAN70102,CUST13364,Auto,185900.0,17.61,48,Defaulted,2025-04-28,0.3718
LOAN70103,CUST10679,Auto,1307700.0,10.97,36,Closed,2023-08-20,1.3386221721772955
LOAN70104,CUST13366,Personal,1940000.0,13.33,36,Pending,2025-10-16,4.824670479980105
LOAN70105,CUST14740,Home,106800.0,12.62,36,Pending,2022-04-08,0.09478168264110756
LOAN70106,CUST11945,Business,435700.0,10.1,84,Active,2023-02-08,0.7993028802054669
LOAN70107,CUST11569,Personal,127900.0,15.63,60,Active,2024-02-03,0.08722635204255609
LOAN70108,CUST12503,Business,2284500.0,12.41,12,Closed,2024-09-07,1.8174224343675418
LOAN70109,CUST11271,Personal,268400.0,12.62,60,Pending,2022-11-08,0.6458132820019249
LOAN70110,CUST10094,Personal,213300.0,15.83,12,Active,2025-11-13,0.1502430090864267
LOAN70111,CUST10675,Education,114200.0,12.4,12,Active,2024-06-21,0.23663489432242021
LOAN70112,CUST14003,Business,1775300.0,14.26,60,Active,2024-06-18,4.6571353620146905
LOAN70113,CUST14216,Education,1380100.0,15.5,120,Defaulted,2025-09-18,1.1747531494722505
LOAN70114,CUST14593,Personal,414300.0,8.31,36,Active,2026-06-05,0.8236580516898608
LOAN70115,CUST14872,Home,1258500.0,10.4,84,Active,2024-05-01,2.206346423562412
LOAN70116,CUST11764,Business,797000.0,11.81,84,Pending,2023-12-08,0.5834980598872538
LOAN70117,CUST10390,Business,1727300.0,17.14,36,Defaulted,2026-01-24,6.79771743408107
LOAN70118,CUST12079,Home,2279800.0,13.21,36,Active,2026-04-06,7.869520193303417
LOAN70119,CUST10236,Personal,1151700.0,16.24,84,Active,2025-06-26,2.7343304843304845
LOAN70120,CUST11367,Education,246000.0,10.51,84,Active,2025-05-31,0.16930488644184447
LOAN70121,CUST14386,Personal,615600.0,9.84,60,Active,2024-07-21,1.2661456190867955
LOAN70122,CUST13107,Education,608900.0,14.77,48,Closed,2024-11-24,0.8924226879671698
LOAN70123,CUST12662,Personal,612250.0,10.8,48,Active,2024-02-08,1.6044287211740043
LOAN70124,CUST12768,Home,955200.0,11.17,60,Active,2022-11-28,2.017743979721166
LOAN70125,CUST11446,Auto,650100.0,7.92,48,Active,2025-01-21,0.6173202924698509
LOAN70126,CUST10325,Home,397500.0,15.17,36,Active,2022-07-15,0.46891589005544415
LOAN70127,CUST11383,Home,2185300.0,16.04,24,Active,2024-09-27,10.567214700193423
LOAN70128,CUST13300,Home,173200.0,9.22,24,Closed,2023-04-28,0.12293278444176307
LOAN70129,CUST14328,Personal,746400.0,16.11,60,Active,2023-07-25,1.3486313126750384
LOAN70130,CUST12272,Personal,612250.0,11.06,24,Active,2025-01-10,1.0826702033598585
LOAN70131,CUST13480,Home,331900.0,11.41,48,Closed,2025-04-29,0.5752166377816291
LOAN70132,CUST12774,Education,1878000.0,9.38,60,Pending,2024-05-16,14.671875
LOAN70133,CUST14940,Business,203400.0,13.62,48,Closed,2025-05-17,0.7261692252766869
LOAN70134,CUST10730,Home,336100.0,8.8,48,Closed,2025-12-02,1.2687806719516799
LOAN70135,CUST11697,Personal,155600.0,7.86,48,Active,2022-12-20,0.2683221245042249
LOAN70136,CUST10148,Business,656100.0,7.65,120,Closed,2025-10-05,1.1410434782608696
LOAN70137,CUST12789,Education,439000.0,13.78,24,Active,2026-01-31,0.6616428033157498
LOAN70138,CUST10811,Education,1251400.0,9.04,84,Closed,2023-10-07,0.7131703425086909
LOAN70139,CUST13724,Personal,1014000.0,10.77,48,Active,2022-01-04,3.648794530406621
LOAN70140,CUST14023,Business,1010300.0,10.73,36,Closed,2023-01-08,2.4865862663056855
LOAN70141,CUST13176,Personal,318100.0,15.64,36,Defaulted,2025-01-12,0.5342626805508902
LOAN70142,CUST11540,Home,910000.0,11.76,48,Active,2022-08-29,1.3819286256643888
LOAN70143,CUST12176,Personal,309800.0,12.72,48,Closed,2022-02-13,0.3440693025322079
LOAN70144,CUST13377,Personal,3568900.0,13.45,120,Closed,2023-04-12,8.913336663336663
LOAN70145,CUST11485,Auto,182100.0,8.46,24,Active,2023-05-26,0.4732328482328482
LOAN70146,CUST13506,Education,2304800.0,14.98,48,Active,2024-07-25,3.8114767653381842
LOAN70147,CUST11092,Business,368400.0,11.69,60,Closed,2022-11-17,0.3126538233047611
LOAN70148,CUST11234,Personal,212800.0,15.83,84,Active,2022-12-04,0.56
LOAN70149,CUST11417,Home,277300.0,9.54,24,Active,2025-04-23,0.6295119182746879
LOAN70150,CUST11633,Auto,244400.0,9.83,48,Active,2026-07-18,0.3994116685732963
LOAN70151,CUST12283,Business,185600.0,13.41,36,Pending,2024-09-11,0.3438947563461182
LOAN70152,CUST11919,Personal,1277300.0,10.24,36,Active,2023-02-26,1.2201948796331676
LOAN70153,CUST14822,Personal,326600.0,16.15,36,Closed,2023-10-22,0.5249116039858567
LOAN70154,CUST13886,Personal,647600.0,8.25,36,Active,2024-08-15,0.6613562091503268
LOAN70155,CUST11235,Personal,546100.0,7.64,48,Active,2026-05-12,0.8328503888973616
LOAN70156,CUST12825,Education,2097400.0,10.8,48,Active,2023-03-19,10.122586872586872
LOAN70157,CUST10118,Personal,277100.0,10.13,48,Closed,2026-01-09,0.8269173381080275
LOAN70158,CUST12366,Personal,268400.0,11.76,60,Closed,2024-02-06,0.2342672601902767
LOAN70159,CUST14530,Home,212000.0,9.6,24,Closed,2023-06-24,0.6430087958750379
LOAN70160,CUST13194,Home,430500.0,15.27,48,Active,2025-06-22,0.2934560327198364
LOAN70161,CUST12112,Auto,612250.0,10.7,60,Active,2023-12-03,1.407147782119053
LOAN70162,CUST12209,Personal,1385200.0,11.72,60,Active,2024-12-01,6.121078214759169
LOAN70163,CUST14746,Auto,848800.0,16.08,60,Closed,2023-03-24,1.7941238638765589
LOAN70164,CUST13026,Home,221200.0,10.14,36,Active,2026-03-08,0.661681124738259
LOAN70165,CUST11140,Business,254200.0,15.37,36,Pending,2022-03-05,0.2008057508491982
LOAN70166,CUST14767,Home,448500.0,16.35,60,Pending,2023-07-14,1.3079615048118984
LOAN70167,CUST13278,Education,762500.0,10.85,24,Active,2025-02-02,1.0403875017055533
LOAN70168,CUST11642,Personal,322000.0,10.71,48,Active,2026-01-20,0.4277932775342102
LOAN70169,CUST11977,Personal,231900.0,13.54,24,Active,2022-07-06,0.19758030161029225
LOAN70170,CUST12062,Business,1238800.0,16.17,84,Pending,2025-05-01,2.3413343413343415
LOAN70171,CUST13709,Education,474100.0,11.83,60,Active,2026-02-13,2.2947725072604066
LOAN70172,CUST13565,Home,305700.0,12.24,60,Active,2023-03-21,0.34103078982597057
LOAN70173,CUST10481,Personal,103900.0,15.29,24,Closed,2022-03-14,0.3887018331462776
LOAN70174,CUST10708,Business,782500.0,15.86,12,Defaulted,2022-12-05,2.9730243161094223
LOAN70175,CUST13954,Personal,505000.0,14.86,36,Active,2022-03-04,1.443269505573021
LOAN70176,CUST13449,Business,333400.0,9.59,60,Active,2023-01-29,0.8964775477278838
LOAN70177,CUST11154,Personal,1424400.0,11.99,24,Pending,2023-04-04,3.562781390695348
LOAN70178,CUST12919,Home,179200.0,12.54,36,Closed,2026-08-10,0.2533220243143907
LOAN70179,CUST14345,Personal,952200.0,11.46,48,Pending,2026-05-01,1.2226502311248073
LOAN70180,CUST10127,Personal,967400.0,7.51,60,Active,2022-12-16,3.118633139909736
LOAN70181,CUST14605,Personal,824500.0,13.01,24,Closed,2022-05-10,0.7677623614861719
LOAN70182,CUST14139,Auto,633300.0,9.9,84,Active,2023-11-08,1.9728971962616821
LOAN70183,CUST10790,Home,754800.0,10.82,60,Active,2024-03-11,5.062374245472837
LOAN70184,CUST10046,Education,174400.0,10.36,36,Active,2023-09-19,0.09790602369056307
LOAN70185,CUST13294,Personal,611900.0,8.1,48,Closed,2024-04-04,2.0519785378940307
LOAN70186,CUST10167,Business,191000.0,9.51,84,Active,2025-05-19,0.15883575883575884
LOAN70187,CUST11940,Home,108300.0,15.57,48,Active,2024-06-14,0.13241227533928354
LOAN70188,CUST13742,Personal,1380400.0,7.7,36,Active,2025-12-05,5.486486486486487
LOAN70189,CUST14079,Business,725700.0,15.99,36,Defaulted,2023-08-23,3.211061946902655
LOAN70190,CUST14864,Home,607200.0,10.05,36,Pending,2024-03-18,1.5824863174354964
LOAN70191,CUST11209,Personal,1126400.0,9.14,120,Active,2022-02-03,1.3501138679132207
LOAN70192,CUST12475,Education,350700.0,11.13,36,Closed,2022-04-23,0.4996438239065394
LOAN70193,CUST14874,Home,663000.0,8.81,60,Closed,2024-01-15,2.7362773421378455
LOAN70194,CUST13401,Personal,193200.0,13.09,12,Defaulted,2025-01-24,0.3951728369809777
LOAN70195,CUST11644,Auto,1129200.0,11.74,36,Active,2023-05-10,1.8038338658146964
LOAN70196,CUST13896,Personal,1399900.0,9.21,48,Closed,2024-04-13,0.9662479293208173
LOAN70197,CUST13764,Personal,839400.0,8.24,36,Closed,2025-03-08,1.9186285714285713
LOAN70198,CUST11309,Education,162300.0,15.81,36,Active,2024-07-18,0.3305498981670061
LOAN70199,CUST10232,Home,1954100.0,8.96,36,Active,2023-02-07,1.3206947823736146
LOAN70200,CUST12958,Personal,353400.0,16.1,48,Active,2022-11-06,1.2545260915867944
LOAN70201,CUST10400,Education,372600.0,14.78,24,Active,2025-03-21,0.27983477281261737
LOAN70202,CUST12334,Auto,195200.0,7.9,36,Closed,2023-07-11,0.5104602510460251
LOAN70203,CUST11632,Personal,4795500.0,16.23,12,Active,2026-04-27,5.125587858058999
LOAN70204,CUST13732,Education,485700.0,14.99,84,Pending,2026-07-01,5.118018967334036
LOAN70205,CUST13445,Home,628300.0,12.57,60,Closed,2022-08-29,0.8810825971112046
LOAN70206,CUST14601,Education,496400.0,15.4,24,Pending,2025-06-28,0.5451949478308622
LOAN70207,CUST12503,Home,314600.0,14.87,48,Active,2025-10-13,0.25027844073190136
LOAN70208,CUST11283,Personal,485400.0,10.38,48,Closed,2026-08-21,0.2979010678777464
LOAN70209,CUST11925,Home,478400.0,8.6,36,Active,2024-12-04,1.085792101679528
LOAN70210,CUST13296,Business,808700.0,14.91,48,Defaulted,2023-09-26,1.2624102403996253
LOAN70211,CUST14674,Personal,410400.0,12.45,24,Closed,2024-12-03,0.22764588418016418
LOAN70212,CUST10521,Personal,1033000.0,17.36,48,Defaulted,2023-03-31,0.91440205364256
LOAN70213,CUST11439,Business,910800.0,12.41,12,Active,2025-03-05,0.7386861313868613
LOAN70214,CUST10108,Personal,435700.0,8.09,60,Closed,2022-09-24,0.6951180599872367
LOAN70215,CUST10187,Education,476600.0,12.11,48,Active,2026-06-06,1.6468555632342778
LOAN70216,CUST12673,Personal,521000.0,9.04,84,Active,2023-09-21,1.6357927786499216
LOAN70217,CUST11476,Personal,3842600.0,9.16,24,Active,2023-03-20,7.977164210089267
LOAN70218,CUST12360,Business,1704300.0,10.84,24,Active,2022-01-27,2.89649898028552
LOAN70219,CUST12619,Personal,825000.0,15.68,12,Active,2025-08-15,1.426841923209962
LOAN70220,CUST13643,Home,1804900.0,9.18,48,Active,2025-11-29,2.453309773005301
LOAN70221,CUST13897,Auto,720900.0,11.99,24,Active,2025-07-29,0.7703569138704851
LOAN70222,CUST11131,Personal,216300.0,9.58,24,Pending,2022-02-17,0.39082121239497697
LOAN70223,CUST14397,Education,147000.0,10.31,60,Closed,2022-08-11,0.10704922808039616
LOAN70224,CUST14408,Home,343000.0,12.82,48,Closed,2023-05-24,0.2495452891960713
LOAN70225,CUST12233,Personal,512100.0,14.78,84,Active,2025-01-14,0.8814113597246127
LOAN70226,CUST13654,Home,1804800.0,10.53,12,Pending,2022-02-20,0.9295905227916559
LOAN70227,CUST11239,Business,177300.0,15.01,84,Active,2026-04-18,0.25166784953867993
LOAN70228,CUST11559,Home,416200.0,10.9,84,Active,2024-06-25,0.47603797323573144
LOAN70229,CUST11396,Auto,335000.0,12.01,84,Active,2022-07-20,0.3366157556270096
LOAN70230,CUST12539,Personal,1336100.0,11.06,24,Active,2024-11-18,1.455446623093682
LOAN70231,CUST12834,Home,342900.0,10.86,48,Active,2025-10-18,1.2285919025438912
LOAN70232,CUST10710,Home,1099200.0,14.84,60,Active,2024-12-31,1.5560588901472254
LOAN70233,CUST13504,Personal,1936300.0,10.88,24,Closed,2024-01-18,1.8372710883385521
LOAN70234,CUST10233,Auto,809800.0,11.31,60,Active,2022-04-04,0.5340279609601688
LOAN70235,CUST11792,Personal,935500.0,14.83,24,Active,2024-12-20,2.488031914893617
LOAN70236,CUST14498,Home,1466000.0,14.62,48,Active,2024-04-15,2.550452331245651
LOAN70237,CUST14548,Personal,771900.0,12.2,36,Active,2026-05-16,9.345036319612591
LOAN70238,CUST14537,Education,248600.0,15.53,36,Active,2025-05-11,0.3062330623306233
LOAN70239,CUST13619,Personal,325900.0,15.29,48,Closed,2023-07-25,0.9653436018957346
LOAN70240,CUST12826,Auto,284400.0,9.66,36,Active,2024-06-23,0.9272905119008803
LOAN70241,CUST14936,Business,322700.0,13.46,60,Closed,2024-11-28,0.3590342679127726
LOAN70242,CUST12417,Auto,597000.0,13.56,48,Closed,2025-11-15,0.9956637758505671
LOAN70243,CUST13948,Personal,1500100.0,13.18,48,Active,2024-08-17,1.1219895287958115
LOAN70244,CUST13365,Business,297500.0,14.6,60,Closed,2024-07-30,0.35505430242272346
LOAN70245,CUST13151,Personal,109100.0,12.17,24,Active,2026-06-13,0.07101939851581825
LOAN70246,CUST14182,Business,652500.0,12.12,36,Active,2022-10-08,0.42394906113962705
LOAN70247,CUST11886,Personal,504200.0,10.86,36,Active,2024-01-06,1.0929980489919793
LOAN70248,CUST13517,Business,1061600.0,7.88,60,Active,2026-05-31,2.706782253952065
LOAN70249,CUST14574,Personal,151700.0,8.11,36,Closed,2023-03-07,0.13197042192257502
LOAN70250,CUST11399,Personal,181600.0,16.49,60,Active,2025-12-19,1.0406876790830946
LOAN70251,CUST14251,Home,277100.0,10.28,48,Active,2024-09-20,0.15627996164908917
LOAN70252,CUST11568,Auto,153400.0,13.98,60,Active,2023-01-14,0.42457791309161363
LOAN70253,CUST14475,Personal,452500.0,14.57,24,Active,2022-01-26,0.8518448795180723
LOAN70254,CUST11328,Personal,844100.0,15.71,12,Active,2025-01-23,0.8194350063100669
LOAN70255,CUST12206,Personal,328500.0,9.14,24,Active,2022-08-26,0.2149587750294464
LOAN70256,CUST14996,Personal,702800.0,13.7,84,Closed,2022-03-11,3.7989189189189188
LOAN70257,CUST14118,Business,122400.0,16.36,24,Active,2022-05-02,0.07595879359563112
LOAN70258,CUST10725,Personal,350100.0,9.05,12,Active,2025-04-27,0.45023148148148145
LOAN70259,CUST10706,Auto,436400.0,9.44,24,Active,2022-04-04,0.6883280757097792
LOAN70260,CUST13761,Home,363000.0,9.48,12,Active,2023-10-14,0.24636894258178363
LOAN70261,CUST10149,Business,793200.0,12.92,24,Closed,2026-07-10,2.4966949952785646
LOAN70262,CUST10336,Personal,980900.0,11.49,24,Active,2024-09-17,1.8327727952167414
LOAN70263,CUST12451,Personal,373800.0,8.36,48,Active,2022-08-02,0.37692850660482
LOAN70264,CUST13331,Personal,1717600.0,11.25,84,Pending,2024-08-26,8.490360850222443
LOAN70265,CUST13670,Business,1052300.0,16.48,48,Defaulted,2024-03-17,2.017446319018405
LOAN70266,CUST14595,Business,263200.0,14.32,60,Defaulted,2025-05-07,0.40479852353122114
LOAN70267,CUST12108,Education,219000.0,11.62,120,Closed,2026-05-04,0.11558558083073837
LOAN70268,CUST13873,Personal,2314000.0,9.31,24,Pending,2024-04-29,8.573545757688033
LOAN70269,CUST10417,Personal,227300.0,12.24,24,Active,2023-11-26,0.23906184265881364
LOAN70270,CUST11111,Home,330700.0,11.86,48,Active,2026-03-05,2.0720551378446115
LOAN70271,CUST10961,Personal,460500.0,9.73,36,Active,2022-12-18,0.666136265007956
LOAN70272,CUST11281,Auto,419900.0,13.89,36,Closed,2026-01-11,0.6617809298660362
LOAN70273,CUST14306,Business,1486700.0,8.52,48,Pending,2025-08-16,5.209180098107919
LOAN70274,CUST14086,Business,415700.0,13.85,24,Pending,2022-10-03,0.710962886950573
LOAN70275,CUST12018,Auto,2549600.0,9.7,60,Active,2024-06-18,6.73784355179704
LOAN70276,CUST14364,Business,3155100.0,10.42,36,Active,2023-05-13,14.11046511627907
LOAN70277,CUST13173,Auto,90600.0,17.25,12,Defaulted,2022-11-24,0.07696882168040099
LOAN70278,CUST11962,Personal,1776400.0,7.53,36,Closed,2024-01-05,3.528804131903059
LOAN70279,CUST11031,Home,275900.0,13.99,60,Active,2026-04-23,0.30916629314208877
LOAN70280,CUST10889,Home,1103900.0,9.86,36,Closed,2024-09-21,1.988292507204611
LOAN70281,CUST11055,Home,375900.0,8.12,24,Active,2026-05-09,0.7227456258411844
LOAN70282,CUST13534,Personal,732700.0,13.74,36,Active,2022-07-24,1.506373355263158
LOAN70283,CUST14058,Home,2149100.0,9.23,24,Closed,2026-07-14,2.2423831385642736
LOAN70284,CUST10919,Business,843900.0,10.37,120,Active,2023-10-30,0.6203322552190532
LOAN70285,CUST10402,Business,744800.0,9.38,60,Active,2026-02-27,1.000402955003358
LOAN70286,CUST14848,Home,1247000.0,10.85,36,Closed,2023-08-28,1.6127780651836523
LOAN70287,CUST13758,Personal,163000.0,12.05,36,Active,2022-05-26,0.22018100769958124
LOAN70288,CUST14964,Auto,316000.0,12.73,36,Active,2023-02-27,0.5287817938420348
LOAN70289,CUST13764,Home,259300.0,8.95,24,Active,2023-05-01,0.5926857142857143
LOAN70290,CUST13347,Personal,350100.0,14.66,36,Closed,2024-01-25,0.3817884405670665
LOAN70291,CUST12359,Personal,316400.0,9.48,84,Closed,2024-05-29,0.9229871645274212
LOAN70292,CUST12084,Business,255900.0,12.3,36,Active,2024-08-01,0.8134138588684043
LOAN70293,CUST13848,Personal,580900.0,10.38,48,Pending,2025-08-11,2.074642857142857
LOAN70294,CUST13268,Business,1718900.0,7.58,48,Active,2024-07-12,3.1418387863279107
LOAN70295,CUST10690,Business,146900.0,15.51,48,Closed,2025-05-27,0.17386672979050774
LOAN70296,CUST11044,Education,595200.0,13.45,36,Active,2024-08-19,2.490376569037657
LOAN70297,CUST13507,Auto,148600.0,13.03,24,Closed,2026-08-19,0.07924488054607509
LOAN70298,CUST10106,Personal,233600.0,11.36,36,Pending,2026-01-13,0.13390656348523933
LOAN70299,CUST13711,Personal,3434300.0,11.65,36,Closed,2023-08-12,6.977448191791955
LOAN70300,CUST11169,Personal,365200.0,16.33,36,Active,2023-06-05,1.4299138606108066
LOAN70301,CUST14607,Personal,1235100.0,14.69,36,Pending,2022-08-05,0.9038419319429198
LOAN70302,CUST11861,Business,1151200.0,12.23,36,Active,2023-07-18,3.1147186147186146
LOAN70303,CUST11211,Education,1249600.0,12.94,36,Pending,2022-09-17,2.9499527856468366
LOAN70304,CUST11557,Business,498200.0,10.16,36,Active,2025-05-18,0.4685413335841249
LOAN70305,CUST12438,Personal,237000.0,7.59,48,Closed,2024-06-11,0.34766026111192605
LOAN70306,CUST10846,Business,668800.0,12.75,24,Closed,2023-08-25,0.9817968291250734
LOAN70307,CUST14800,Home,969400.0,9.8,48,Closed,2025-10-01,3.6957682043461686
LOAN70308,CUST10231,Personal,415400.0,14.04,12,Pending,2022-09-20,2.1324435318275152
LOAN70309,CUST13394,Personal,267800.0,10.23,24,Active,2026-05-02,0.2774554496477414
LOAN70310,CUST11963,Business,555200.0,11.0,24,Active,2022-02-13,0.5126973866469665
LOAN70311,CUST13922,Auto,747800.0,14.05,36,Defaulted,2023-10-30,0.44364024679639297
LOAN70312,CUST13106,Home,489100.0,15.39,24,Defaulted,2026-05-17,0.8601829053816391
LOAN70313,CUST12736,Education,487900.0,14.87,24,Closed,2023-06-13,2.6807692307692306
LOAN70314,CUST12660,Home,811400.0,13.55,60,Active,2026-02-15,4.018821198613175
LOAN70315,CUST13981,Education,1386200.0,10.98,36,Active,2025-04-03,2.5157894736842104
LOAN70316,CUST10188,Home,751400.0,9.83,120,Active,2026-06-30,1.6961625282167043
LOAN70317,CUST10772,Auto,233900.0,8.16,24,Closed,2026-07-11,0.305831589958159
LOAN70318,CUST11280,Business,829300.0,8.76,48,Pending,2022-01-11,2.217379679144385
LOAN70319,CUST10815,Education,1646400.0,8.22,48,Closed,2023-02-13,8.601880877742946
LOAN70320,CUST11363,Personal,454900.0,14.43,60,Closed,2025-09-06,0.37375729192342455
LOAN70321,CUST10843,Home,967100.0,9.7,120,Active,2023-01-26,0.7783501006036218
LOAN70322,CUST13089,Business,618900.0,15.44,60,Closed,2026-08-24,0.6108972460763992
LOAN70323,CUST11541,Auto,865600.0,11.53,12,Active,2023-11-13,1.2040617610237863
LOAN70324,CUST11183,Business,2737400.0,15.85,36,Closed,2022-09-07,4.22112567463377
LOAN70325,CUST13837,Personal,486100.0,12.297836317135548,84,Closed,2022-12-07,0.878308790315295
LOAN70326,CUST14550,Home,993100.0,12.297836317135548,60,Pending,2024-01-26,1.3626509330406147
LOAN70327,CUST11069,Business,249300.0,8.03,36,Closed,2026-07-01,0.11719080524608659
LOAN70328,CUST14936,Business,396500.0,11.89,84,Active,2026-08-10,0.44114374721851357
LOAN70329,CUST14011,Business,88200.0,10.64,120,Closed,2025-06-21,0.15809284818067754
LOAN70330,CUST11294,Business,685500.0,15.97,36,Active,2026-06-08,1.1482412060301508
LOAN70331,CUST13624,Home,786500.0,14.26,60,Active,2023-07-17,0.881331241595697
LOAN70332,CUST12741,Home,227100.0,8.76,60,Closed,2025-04-07,0.32841648590021694
LOAN70333,CUST12085,Business,870300.0,16.42,60,Defaulted,2023-10-06,1.223878498101533
LOAN70334,CUST13372,Auto,925100.0,11.11,24,Closed,2026-04-30,1.0408415841584158
LOAN70335,CUST14967,Personal,1527100.0,8.7,84,Active,2026-08-16,2.2160789435495576
LOAN70336,CUST11665,Education,406800.0,14.04,36,Pending,2026-08-28,0.6288452620188592
LOAN70337,CUST12493,Auto,135400.0,16.28,24,Active,2025-03-20,0.24148385946138756
LOAN70338,CUST13924,Personal,754800.0,11.49,84,Active,2024-06-09,3.8198380566801617
LOAN70339,CUST12275,Personal,41900.0,12.3,36,Active,2023-11-07,0.06792024639325661
LOAN70340,CUST13642,Business,1743300.0,15.44,60,Defaulted,2023-07-18,3.364145117715168
LOAN70341,CUST12477,Education,749200.0,10.02,36,Active,2024-04-28,0.5402365157196424
LOAN70342,CUST13674,Business,1265600.0,9.05,24,Closed,2022-03-11,1.5961659730104678
LOAN70343,CUST11553,Business,774900.0,10.43,12,Closed,2024-03-10,2.7576512455516013
LOAN70344,CUST14187,Business,503200.0,13.5,24,Active,2023-07-16,0.4730212445948487
LOAN70345,CUST11433,Personal,904300.0,10.05,36,Active,2022-04-12,1.4949578442717804
LOAN70346,CUST12116,Home,441400.0,13.35,60,Active,2025-07-20,2.1375302663438256
LOAN70347,CUST11415,Home,898700.0,8.32,120,Closed,2023-09-23,1.4764251683916543
LOAN70348,CUST11866,Education,568700.0,11.42,24,Active,2023-02-12,0.961128950481663
LOAN70349,CUST10886,Personal,78000.0,9.43,24,Active,2022-12-19,0.28199566160520606
LOAN70350,CUST10327,Personal,724300.0,15.82,60,Pending,2023-07-25,0.7726690847023683
LOAN70351,CUST12176,Education,380100.0,13.25,60,Pending,2022-02-28,0.42214571301643716
LOAN70352,CUST13876,Personal,493700.0,13.59,48,Active,2022-07-17,0.6019997561273015
LOAN70353,CUST12747,Business,215400.0,9.75,84,Active,2026-06-30,0.3612275700150931
LOAN70354,CUST13884,Personal,169200.0,8.91,36,Active,2022-06-17,0.34980359727103577
LOAN70355,CUST13790,Auto,132400.0,14.61,24,Closed,2024-01-16,0.40551301684532925
LOAN70356,CUST10179,Education,915800.0,15.92,24,Defaulted,2022-02-21,2.9073015873015873
LOAN70357,CUST11709,Home,194900.0,8.29,24,Closed,2023-03-28,0.6369281045751634
LOAN70358,CUST11599,Home,524100.0,16.33,36,Pending,2026-06-30,0.5906017579445572
LOAN70359,CUST14604,Auto,690600.0,11.2,24,Active,2025-06-27,1.2478091968560845
LOAN70360,CUST10898,Personal,883400.0,14.54,84,Active,2023-11-29,1.2903885480572597
LOAN70361,CUST13113,Personal,1170700.0,13.45,84,Active,2024-04-18,2.0441767068273093
LOAN70362,CUST10557,Auto,1041100.0,13.92,48,Active,2022-09-11,2.6383679675620884
LOAN70363,CUST12306,Personal,676200.0,15.25,48,Closed,2022-07-24,0.524348635235732
LOAN70364,CUST14894,Home,1758800.0,8.44,36,Closed,2026-03-24,4.517852555869509
LOAN70365,CUST14523,Auto,269500.0,8.53,36,Active,2025-07-07,0.6933367635708773
LOAN70366,CUST13920,Personal,468000.0,12.63,12,Active,2022-03-01,0.8910891089108911
LOAN70367,CUST13621,Auto,840800.0,7.67,60,Active,2023-01-28,0.9502712477396021
LOAN70368,CUST12252,Home,609700.0,11.86,36,Active,2024-07-20,0.6564384151593454
LOAN70369,CUST13047,Personal,2263400.0,14.75,24,Closed,2026-05-16,4.876966171083819
LOAN70370,CUST11392,Education,548000.0,13.3,12,Closed,2026-07-11,0.7980195136158439
LOAN70371,CUST11692,Personal,271300.0,14.44,48,Closed,2026-05-31,1.1785403996524761
LOAN70372,CUST14249,Personal,248200.0,12.49,36,Closed,2022-12-06,0.5234078447912274
LOAN70373,CUST13321,Auto,450500.0,12.18,60,Pending,2025-04-22,1.6580787633419212
LOAN70374,CUST11411,Personal,1478600.0,15.54,48,Active,2025-12-06,10.792700729927008
LOAN70375,CUST12466,Home,3059600.0,12.24,24,Active,2026-04-04,5.606743632032252
LOAN70376,CUST12218,Auto,589500.0,15.09,24,Active,2025-08-27,0.7370592648162041
LOAN70377,CUST12600,Auto,922800.0,13.01,48,Closed,2023-10-16,1.8397129186602872
LOAN70378,CUST12967,Education,2570100.0,10.82,60,Closed,2022-08-12,5.762556053811659
LOAN70379,CUST11703,Business,1322700.0,9.23,120,Active,2024-04-02,3.671107410491257
LOAN70380,CUST12495,Home,411700.0,15.62,48,Active,2025-11-11,1.5396409872849663
LOAN70381,CUST14905,Education,186200.0,13.75,60,Active,2022-09-02,0.6331179870792247
LOAN70382,CUST10414,Auto,364400.0,15.1,36,Closed,2022-10-29,0.4930987821380244
LOAN70383,CUST14501,Personal,345600.0,7.77,24,Active,2024-12-27,0.2706342991386061
LOAN70384,CUST14738,Personal,2164400.0,10.73,36,Active,2022-01-06,12.769321533923303
LOAN70385,CUST11976,Personal,172900.0,10.88,84,Active,2024-01-17,0.22639780018331807
LOAN70386,CUST14010,Home,260400.0,15.02,24,Active,2025-08-24,1.008130081300813
LOAN70387,CUST11341,Personal,248400.0,11.25,24,Active,2024-06-02,0.7320954907161804
LOAN70388,CUST14052,Auto,637000.0,8.65,48,Active,2023-12-30,3.5369239311493614
LOAN70389,CUST11327,Business,312800.0,9.35,24,Closed,2025-03-30,0.6202657148522704
LOAN70390,CUST13563,Business,2289300.0,12.96,24,Closed,2023-03-14,1.6965317919075145
LOAN70391,CUST11968,Auto,545600.0,14.05,24,Defaulted,2023-04-06,0.623400365630713
LOAN70392,CUST13810,Personal,259600.0,10.7,24,Closed,2024-09-21,0.24164572279623941
LOAN70393,CUST14948,Auto,293100.0,14.32,60,Closed,2025-04-09,0.2445352911730352
LOAN70394,CUST12536,Personal,612250.0,10.29,60,Active,2024-12-27,2.3493860322333076
LOAN70395,CUST11089,Business,481700.0,14.05,84,Closed,2026-05-30,0.49870587017289575
LOAN70396,CUST14322,Personal,480100.0,13.28,12,Active,2024-10-17,1.15631021194605
LOAN70397,CUST14367,Personal,1152200.0,14.98,24,Active,2022-04-29,1.2332227335973456
LOAN70398,CUST14431,Personal,498800.0,15.67,60,Pending,2023-11-30,1.1369956690221108
LOAN70399,CUST13428,Personal,1054400.0,14.09,24,Pending,2022-12-24,0.5154729894891225
LOAN70400,CUST11460,Personal,562200.0,13.71,120,Active,2024-11-16,1.0344066237350507
LOAN70401,CUST13861,Personal,2344900.0,14.89,24,Closed,2026-01-08,4.94600295296351
LOAN70402,CUST14010,Business,2214500.0,11.49,12,Active,2026-05-03,8.573364305071623
LOAN70403,CUST11379,Education,583100.0,14.25,48,Closed,2023-05-15,1.1562561967083085
LOAN70404,CUST13199,Auto,1701700.0,13.12,36,Defaulted,2026-02-26,1.7512606771637336
LOAN70405,CUST11834,Home,742800.0,13.91,24,Defaulted,2022-01-08,1.4969770253929866
LOAN70406,CUST10726,Home,3021800.0,11.93,12,Active,2025-10-04,4.626856530393508
LOAN70407,CUST12800,Personal,2942200.0,9.95,36,Closed,2025-11-19,5.316108049507634
LOAN70408,CUST13603,Auto,318600.0,13.04,60,Active,2024-01-22,0.39602237414543195
LOAN70409,CUST11059,Auto,254100.0,10.11,60,Active,2025-08-17,0.36129674392151284
LOAN70410,CUST11856,Personal,513400.0,9.29,12,Active,2023-07-11,2.504390243902439
LOAN70411,CUST12235,Auto,761400.0,8.09,48,Active,2025-11-27,1.2424934725848564
LOAN70412,CUST11548,Personal,2490200.0,15.78,12,Active,2023-05-04,3.2865250098983765
LOAN70413,CUST11593,Personal,718400.0,8.96,36,Active,2023-03-06,1.9671412924424974
LOAN70414,CUST14006,Personal,799500.0,14.31,48,Defaulted,2024-09-16,0.5136854279105628
LOAN70415,CUST13929,Personal,1126400.0,10.61,60,Active,2022-05-20,1.0488872334481796
LOAN70416,CUST13985,Personal,654700.0,13.79,24,Defaulted,2022-02-27,2.24519890260631
LOAN70417,CUST14584,Education,173100.0,8.87,48,Active,2024-08-01,0.15560949298813376
LOAN70418,CUST10026,Home,234700.0,9.02,60,Active,2026-01-28,0.27719381126727294
LOAN70419,CUST12274,Personal,413700.0,13.14,60,Active,2025-01-25,1.018213142997785
LOAN70420,CUST14171,Education,145800.0,14.08,48,Pending,2024-11-22,0.1338720044073088
LOAN70421,CUST11967,Personal,1390600.0,12.297836317135548,84,Closed,2026-07-30,1.5598429613011777
LOAN70422,CUST13827,Education,1362400.0,7.85,36,Active,2024-02-07,8.974967061923584
LOAN70423,CUST14864,Auto,638800.0,9.13,36,Active,2024-04-21,1.6648423247328643
LOAN70424,CUST14954,Personal,277700.0,15.59,36,Closed,2023-05-12,0.15652124901363995
LOAN70425,CUST14903,Business,293300.0,12.02,84,Active,2022-07-17,0.5443578322197475
LOAN70426,CUST11015,Personal,985700.0,14.35,36,Active,2022-05-11,1.334551854860547
LOAN70428,CUST12183,Personal,508300.0,9.5,60,Active,2024-01-27,1.564
LOAN70429,CUST10281,Personal,983200.0,13.42,120,Active,2022-01-11,0.6843937073646109
LOAN70430,CUST13742,Personal,867600.0,14.17,12,Active,2026-02-27,3.448330683624801
LOAN70431,CUST10931,Personal,857600.0,16.17,48,Pending,2026-01-23,1.4614860259032039
LOAN70432,CUST11736,Business,173800.0,14.24,48,Active,2024-02-07,0.2552504038772213
LOAN70433,CUST11916,Personal,496800.0,16.34,60,Active,2026-02-16,0.6066674807668824
LOAN70434,CUST14254,Education,1232700.0,15.03,60,Active,2023-05-06,1.8671614662223568
LOAN70435,CUST11483,Personal,442800.0,12.3,84,Active,2025-10-04,1.1773464504121245
LOAN70436,CUST10176,Personal,1169000.0,16.06,48,Pending,2025-06-20,2.3066298342541436
LOAN70437,CUST12140,Personal,521100.0,15.3,60,Active,2023-02-13,0.9925714285714285
LOAN70438,CUST14006,Personal,391900.0,11.39,24,Closed,2024-09-16,0.25179902338730403
LOAN70439,CUST13930,Personal,499000.0,13.86,36,Defaulted,2023-06-30,1.367123287671233
LOAN70440,CUST10560,Business,183200.0,15.7,120,Closed,2025-11-28,0.17784681098922434
LOAN70441,CUST12775,Personal,2451500.0,11.15,120,Active,2022-05-28,12.68235902741852
LOAN70442,CUST12706,Personal,195000.0,13.86,48,Pending,2025-12-08,0.436241610738255
LOAN70443,CUST14729,Auto,1467100.0,11.57,36,Active,2026-02-25,1.681297272518909
LOAN70444,CUST11739,Home,529300.0,16.34,84,Closed,2024-06-23,0.5371422772478182
LOAN70445,CUST12692,Education,161800.0,11.63,36,Closed,2026-01-14,0.5084852294154619
LOAN70446,CUST13452,Home,2278500.0,10.5,84,Active,2023-07-02,4.116903062607282
LOAN70447,CUST10210,Education,1913300.0,8.93,36,Active,2025-12-22,2.2024864740416716
LOAN70448,CUST10027,Auto,168100.0,9.74,60,Closed,2022-09-19,0.3037311410244828
LOAN70449,CUST10481,Personal,827900.0,9.78,12,Closed,2025-04-09,3.097268986157875
LOAN70450,CUST13122,Home,536100.0,10.82,24,Active,2024-05-22,0.7103484828408639
LOAN70451,CUST10588,Home,908100.0,11.37,120,Pending,2023-01-09,0.4564692872222781
LOAN70452,CUST14080,Personal,178300.0,14.14,36,Pending,2024-12-21,0.1996193461710703
LOAN70453,CUST12970,Personal,339200.0,14.91,36,Defaulted,2022-05-23,0.400141559513979
LOAN70454,CUST13756,Personal,277800.0,10.84,120,Closed,2023-01-10,0.3041716850979963
LOAN70455,CUST10241,Auto,568200.0,9.67,24,Active,2023-04-05,0.4906735751295337
LOAN70456,CUST14914,Home,2270100.0,14.09,60,Active,2026-07-06,2.2773876404494384
LOAN70457,CUST13434,Auto,431200.0,10.82,60,Active,2022-09-20,0.6846617973959988
LOAN70458,CUST10097,Auto,600500.0,16.52,36,Defaulted,2025-03-02,1.0904303613582713
LOAN70459,CUST14691,Personal,602900.0,14.62,36,Active,2022-09-25,0.6325674116042388
LOAN70460,CUST13969,Personal,152700.0,15.07,60,Active,2024-01-01,0.07704339051463169
LOAN70461,CUST13356,Business,430100.0,11.34,48,Pending,2024-07-18,0.47577433628318583
LOAN70462,CUST10729,Personal,238000.0,14.8,36,Active,2025-04-07,0.4518701348015948
LOAN70463,CUST13731,Home,1839400.0,9.4,36,Active,2025-06-06,4.783875162548765
LOAN70464,CUST14895,Home,703100.0,16.42,36,Pending,2023-05-18,1.8575957727873185
LOAN70465,CUST12180,Education,290500.0,13.35,48,Defaulted,2022-05-17,0.4873343398758598
LOAN70466,CUST12974,Personal,1714400.0,15.31,48,Active,2025-01-31,1.2760699665053963
LOAN70467,CUST10372,Education,692800.0,15.52,84,Pending,2025-07-26,0.7835331372992536
LOAN70468,CUST10711,Personal,1422600.0,10.7,60,Pending,2025-10-01,2.004226542688081
LOAN70469,CUST11650,Home,285700.0,15.64,36,Defaulted,2026-01-11,0.5975737293453253
LOAN70470,CUST10644,Personal,331200.0,8.09,60,Active,2025-11-30,0.4107142857142857
LOAN70471,CUST11450,Auto,581000.0,10.02,48,Active,2025-12-08,0.3045232978667645
LOAN70472,CUST12471,Home,334100.0,12.73,60,Closed,2022-04-23,0.41752061984503874
LOAN70473,CUST14996,Personal,2518800.0,15.43,84,Closed,2023-06-15,13.615135135135136
LOAN70474,CUST13164,Auto,1347800.0,9.48,60,Active,2025-12-22,2.5468631897203324
LOAN70475,CUST11124,Personal,501600.0,11.25,84,Closed,2022-11-09,0.7030133146461107
LOAN70476,CUST13233,Auto,249700.0,15.06,60,Closed,2023-10-22,0.11263476025080067
LOAN70477,CUST10174,Personal,788900.0,15.51,12,Active,2022-08-27,1.2871594061021374
LOAN70478,CUST11455,Personal,240300.0,8.92,84,Active,2023-02-23,0.314611154752553
LOAN70479,CUST10847,Home,396500.0,17.16,36,Defaulted,2022-03-10,1.8545369504209541
LOAN70480,CUST14695,Personal,1882900.0,11.77,24,Active,2022-06-07,6.836964415395788
LOAN70481,CUST11146,Personal,758600.0,16.01,24,Active,2024-03-26,0.8809662060155615
LOAN70482,CUST11292,Personal,679800.0,9.33,36,Pending,2024-01-11,0.9896637065074975
LOAN70483,CUST14218,Auto,384900.0,15.09,36,Closed,2023-01-11,0.7032706011328339
LOAN70484,CUST11065,Auto,351000.0,14.91,60,Closed,2024-06-08,0.34300791556728233
LOAN70485,CUST11612,Personal,197100.0,13.46,60,Active,2025-02-08,0.16765906771010547
LOAN70486,CUST13002,Personal,382200.0,15.28,48,Active,2022-03-25,0.6905772879212214
LOAN70487,CUST11470,Education,606900.0,9.28,36,Pending,2022-11-11,1.3153446033810143
LOAN70488,CUST14796,Personal,238600.0,12.1,24,Active,2025-09-12,0.9896308585649108
LOAN70489,CUST12179,Business,820500.0,9.1,84,Active,2023-02-06,1.6456077015643802
LOAN70490,CUST11288,Business,271500.0,12.54,60,Closed,2023-03-19,0.5499291067449869
LOAN70491,CUST12171,Education,796600.0,15.86,48,Pending,2026-08-16,2.611803278688525
LOAN70492,CUST12446,Education,145300.0,8.34,60,Closed,2023-12-30,0.09526619459742984
LOAN70493,CUST14650,Auto,831100.0,8.89,36,Active,2024-03-04,1.880316742081448
LOAN70494,CUST12084,Auto,138000.0,14.66,36,Active,2023-03-06,0.438652256834075
LOAN70495,CUST12761,Personal,517000.0,10.7,24,Closed,2025-02-26,1.3039092055485497
LOAN70496,CUST11866,Home,913600.0,14.15,36,Pending,2026-06-20,1.5440256886935948
LOAN70497,CUST13283,Home,1452300.0,16.4,36,Active,2025-09-27,4.3902660217654175
LOAN70498,CUST11337,Auto,2654000.0,15.71,24,Closed,2022-09-29,2.6253833217924623
LOAN70499,CUST10969,Business,612300.0,9.75,60,Active,2024-08-03,1.288510101010101
LOAN70500,CUST13441,Business,148300.0,15.86,36,Pending,2024-07-29,0.09204319761668321
LOAN70501,CUST13504,Education,322400.0,10.68,36,Pending,2025-10-17,0.30591137679096686
LOAN70502,CUST14451,Education,360000.0,9.86,48,Active,2025-08-20,0.7288924883579672
LOAN70503,CUST11677,Personal,57900.0,15.82,36,Defaulted,2026-05-10,0.07610410094637224
LOAN70504,CUST11957,Auto,299800.0,12.58,48,Active,2024-08-22,0.2931169339069222
LOAN70505,CUST10416,Personal,1055900.0,12.92,84,Active,2023-01-19,2.747593026281551
LOAN70506,CUST14107,Home,161500.0,15.79,60,Closed,2024-02-09,0.5120481927710844
LOAN70507,CUST12026,Home,1231100.0,9.61,36,Active,2024-06-06,1.206724171731033
LOAN70508,CUST13214,Home,512600.0,7.59,84,Active,2022-03-19,1.431443730801452
LOAN70509,CUST12823,Personal,1622800.0,10.64,36,Closed,2024-03-22,2.094746353427133
LOAN70510,CUST12795,Personal,2543200.0,8.61,12,Active,2023-10-21,2.6558061821219714
LOAN70511,CUST14610,Business,229300.0,11.2,120,Active,2025-06-12,0.2656702583709883
LOAN70512,CUST12528,Personal,980800.0,9.09,12,Pending,2025-10-03,1.2104158953474022
LOAN70513,CUST10983,Business,534800.0,11.86,36,Active,2023-05-15,3.3635220125786165
LOAN70514,CUST10680,Auto,804100.0,14.46,84,Closed,2022-04-15,0.5116767419662742
LOAN70515,CUST14221,Business,101100.0,12.32,48,Active,2022-03-22,0.10328974254188802
LOAN70516,CUST14311,Education,490000.0,10.8,60,Active,2023-03-17,0.7899403514428502
LOAN70517,CUST13668,Business,1070600.0,15.69,48,Closed,2022-04-12,7.043421052631579
LOAN70518,CUST10880,Personal,349200.0,10.04,48,Active,2022-12-12,0.3002579535683577
LOAN70519,CUST10976,Personal,961000.0,13.99,84,Active,2026-05-16,2.0163659253042385
LOAN70520,CUST14072,Personal,404800.0,14.04,60,Pending,2024-07-16,0.6276942161575438
LOAN70521,CUST12404,Home,352400.0,9.0,60,Closed,2025-07-29,0.5307228915662651
LOAN70522,CUST13642,Auto,377200.0,15.21,60,Closed,2026-06-20,0.7279042840602085
LOAN70523,CUST13656,Personal,604900.0,15.76,84,Closed,2025-12-08,1.9793848167539267
LOAN70524,CUST10720,Auto,719200.0,15.6,48,Pending,2023-05-09,0.9229979466119097
LOAN70525,CUST12324,Education,627700.0,12.66,84,Closed,2024-12-20,0.4702224885759233
LOAN70526,CUST13699,Education,825700.0,9.48,48,Closed,2026-03-05,1.3480816326530611
LOAN70527,CUST12630,Personal,388500.0,12.297836317135548,84,Closed,2022-09-08,1.4783105022831051
LOAN70528,CUST10392,Auto,262700.0,8.38,48,Pending,2023-11-24,0.6500866122246969
LOAN70529,CUST12477,Personal,381100.0,9.67,48,Active,2024-04-01,0.27480530718200175
LOAN70530,CUST14965,Personal,952600.0,15.63,48,Active,2022-10-02,1.721203360737194
LOAN70531,CUST11446,Home,747900.0,15.56,48,Active,2022-04-06,0.71018896591017
LOAN70532,CUST10169,Home,210800.0,12.297836317135548,12,Closed,2023-11-23,0.8085922516302263
LOAN70533,CUST10015,Home,614900.0,12.09,36,Closed,2024-12-20,1.5380190095047523
LOAN70534,CUST14837,Personal,675600.0,15.19,48,Active,2022-11-16,0.2543004479241164
LOAN70535,CUST13223,Education,697900.0,14.52,48,Active,2022-05-12,1.2670660856935367
LOAN70536,CUST14384,Personal,313400.0,16.2,24,Active,2025-06-27,1.6047107014848951
LOAN70537,CUST12588,Personal,3941900.0,13.97,36,Active,2026-03-29,6.889024816497728
LOAN70538,CUST13804,Personal,184200.0,15.72,60,Pending,2024-09-12,0.12295574394232694
LOAN70539,CUST14467,Education,1903600.0,15.31,120,Active,2025-01-31,1.0009464717635923
LOAN70540,CUST13235,Personal,1453200.0,11.76,12,Pending,2022-05-11,2.1183673469387756
LOAN70541,CUST12090,Education,253000.0,12.19,36,Pending,2024-07-25,0.7312138728323699
LOAN70542,CUST11882,Personal,1906600.0,12.15,48,Closed,2024-06-20,5.625848332841546
LOAN70543,CUST14647,Personal,400100.0,13.55,36,Active,2025-05-19,1.088411316648531
LOAN70544,CUST11308,Personal,588800.0,7.57,60,Active,2025-04-13,1.7378984651711924
LOAN70545,CUST11621,Home,5000000.0,12.37,60,Closed,2026-04-20,13.509862199405566
LOAN70546,CUST13209,Home,458600.0,16.34,60,Active,2022-05-11,0.7384863123993559
LOAN70547,CUST11928,Education,612250.0,11.44,36,Closed,2024-10-14,2.524742268041237
LOAN70548,CUST10398,Business,458900.0,7.53,60,Active,2025-05-04,0.3478623408126137
LOAN70549,CUST11889,Education,683300.0,7.74,36,Closed,2025-03-29,1.951728077692088
LOAN70550,CUST10646,Education,756400.0,12.297836317135548,36,Active,2022-08-20,0.6831030434389957
LOAN70551,CUST13794,Personal,653300.0,15.13,36,Active,2022-09-11,7.50919540229885
LOAN70552,CUST11482,Business,389300.0,10.3,12,Closed,2022-01-13,1.152798341723423
LOAN70553,CUST14144,Education,264400.0,15.82,60,Closed,2025-08-09,0.6014558689717925
LOAN70554,CUST11574,Home,837400.0,13.99,24,Active,2023-09-21,2.2706073752711498
LOAN70555,CUST11678,Auto,719000.0,9.62,36,Closed,2022-07-15,4.282310899344848
LOAN70556,CUST11165,Auto,4488200.0,13.1,60,Defaulted,2023-07-09,4.05181908458969
LOAN70557,CUST14051,Auto,313900.0,14.01,24,Active,2022-06-02,0.41526656965207037
LOAN70558,CUST13817,Personal,195500.0,8.6,60,Closed,2024-02-04,0.3199149075437735
LOAN70559,CUST11961,Home,206000.0,8.4,24,Active,2023-03-05,0.13202589245657886
LOAN70560,CUST14812,Home,126600.0,11.36,36,Active,2026-04-17,0.22874695094407804
LOAN70561,CUST11986,Personal,801000.0,15.8,48,Pending,2022-03-11,3.479582971329279
LOAN70562,CUST14020,Personal,752700.0,11.99,60,Active,2024-01-03,5.8667186282151205
LOAN70563,CUST13018,Auto,371500.0,12.7,84,Active,2025-05-10,0.5648471947696518
LOAN70564,CUST10992,Education,195800.0,15.61,84,Defaulted,2024-09-01,0.6822299651567945
LOAN70565,CUST11140,Personal,111200.0,13.57,60,Closed,2025-01-01,0.08784264159886247
LOAN70566,CUST13511,Business,616400.0,11.76,24,Active,2025-02-01,0.4997972918186978
LOAN70567,CUST10257,Personal,465400.0,9.89,48,Active,2025-09-04,1.8395256916996048
LOAN70568,CUST14051,Business,5000000.0,8.22,12,Closed,2024-02-19,6.614631565021829
LOAN70569,CUST13446,Business,1672700.0,9.04,84,Pending,2022-03-31,2.0724817246933465
LOAN70570,CUST12971,Personal,1229800.0,13.04,36,Pending,2026-07-09,1.46701658117619
LOAN70571,CUST11282,Personal,997600.0,9.0,48,Active,2022-07-10,0.6216350947158524
LOAN70572,CUST12817,Home,114300.0,13.18,36,Pending,2025-04-01,0.31349424026330225
LOAN70573,CUST14878,Business,612250.0,10.65,60,Active,2024-05-31,1.281930485762144
LOAN70574,CUST11908,Business,509000.0,10.62,12,Pending,2026-07-30,0.3890544982037759
LOAN70575,CUST14094,Home,1384000.0,10.5,24,Pending,2026-01-23,3.8401775804661487
LOAN70576,CUST14740,Home,124700.0,10.67,24,Closed,2023-08-08,0.11066737664181754
LOAN70577,CUST14185,Personal,377400.0,15.81,120,Closed,2023-05-04,0.5946116275405704
LOAN70578,CUST14520,Auto,634200.0,11.81,60,Pending,2024-05-16,1.8869384111871468
LOAN70579,CUST10959,Auto,1246000.0,16.37,24,Active,2024-04-11,4.530909090909091
LOAN70580,CUST13462,Auto,917000.0,16.24,36,Active,2025-01-21,1.3856149894227863
LOAN70581,CUST14495,Personal,745800.0,9.02,60,Active,2024-10-10,1.2818838088690272
LOAN70582,CUST11576,Home,871300.0,15.45,36,Active,2022-12-06,1.0682932810201078
LOAN70583,CUST12632,Home,180300.0,9.87,48,Active,2023-10-31,0.41774791473586653
LOAN70584,CUST11329,Auto,357800.0,15.86,24,Active,2022-12-01,0.7650203121659184
LOAN70585,CUST10493,Personal,1402000.0,10.27,36,Active,2026-08-05,0.8604922359295403
LOAN70586,CUST11478,Business,704600.0,15.76,48,Active,2023-12-29,1.1650132275132274
LOAN70587,CUST12943,Home,587700.0,12.76,36,Pending,2025-05-23,3.181916621548457
LOAN70588,CUST10546,Personal,1595800.0,8.22,12,Closed,2022-06-30,3.325969153814089
LOAN70589,CUST12290,Home,283400.0,16.5,36,Active,2023-01-21,0.5873575129533679
LOAN70590,CUST10955,Education,1025900.0,14.33,36,Active,2023-09-04,0.8228924360311222
LOAN70591,CUST13586,Education,947500.0,12.68,24,Active,2025-05-09,1.840878181464931
LOAN70592,CUST10376,Personal,421800.0,12.36,36,Pending,2024-10-25,0.34455154386538145
LOAN70593,CUST11471,Business,607900.0,12.58,60,Closed,2024-11-18,1.0983828710813985
LOAN70594,CUST12179,Personal,463000.0,9.56,60,Closed,2024-05-10,0.9286000802246289
LOAN70595,CUST12870,Business,938900.0,10.18,48,Active,2025-10-20,1.2547106775357477
LOAN70596,CUST10924,Home,220900.0,13.34,60,Defaulted,2023-03-03,0.13400060661207158
LOAN70597,CUST10508,Education,1930500.0,13.68,36,Active,2025-03-13,5.6679389312977095
LOAN70598,CUST13427,Education,366900.0,15.63,84,Closed,2024-10-20,0.6629325142289276
LOAN70599,CUST11081,Personal,528900.0,12.82,60,Active,2025-09-10,1.1657482918227904
LOAN70600,CUST11160,Personal,283400.0,15.7,84,Active,2026-06-22,0.3448527622292529
LOAN70601,CUST11958,Business,1327700.0,14.54,84,Defaulted,2025-09-27,1.2951907131011609
LOAN70602,CUST12722,Auto,250900.0,13.35,48,Pending,2025-02-04,0.7203560149296584
LOAN70603,CUST14583,Personal,1051600.0,15.21,36,Active,2023-03-27,1.254293893129771
LOAN70604,CUST12041,Home,1607200.0,16.2,24,Closed,2024-08-15,1.6797658862876255
LOAN70605,CUST11338,Business,1771200.0,8.01,48,Active,2026-02-06,7.758212877792379
LOAN70606,CUST14240,Home,542200.0,10.7,60,Closed,2024-02-24,0.9452580195258019
LOAN70607,CUST13647,Auto,588600.0,11.67,60,Active,2023-07-24,1.5637619553666313
LOAN70608,CUST14437,Business,481900.0,12.42,60,Active,2025-07-12,3.9147034930950446
LOAN70609,CUST14531,Auto,979500.0,14.68,36,Active,2025-04-07,1.4716045673076923
LOAN70610,CUST11763,Auto,2944400.0,10.19,12,Active,2026-01-18,6.595878136200717
LOAN70611,CUST10805,Auto,691300.0,13.88,48,Active,2023-04-03,3.2379391100702577
LOAN70612,CUST10922,Home,817800.0,7.75,120,Active,2022-03-25,1.716264428121721
LOAN70613,CUST11704,Home,1046900.0,15.81,60,Active,2026-08-16,1.4656306873862524
LOAN70614,CUST10736,Personal,704400.0,13.23,24,Active,2026-02-15,4.180415430267062
LOAN70615,CUST11816,Auto,679400.0,17.61,48,Defaulted,2023-07-11,0.7515486725663717
LOAN70616,CUST10649,Personal,699200.0,9.41,60,Closed,2026-05-11,1.2627776774426585
LOAN70617,CUST13346,Personal,400100.0,10.36,120,Active,2022-03-09,0.45020816923596263
LOAN70618,CUST10368,Home,1020400.0,7.97,24,Active,2022-12-17,1.2226216151449796
LOAN70619,CUST13212,Home,297200.0,13.28,48,Active,2025-03-09,0.817831590533847
LOAN70620,CUST13940,Home,758600.0,14.72,48,Defaulted,2023-10-19,2.1225517627308337
LOAN70621,CUST11394,Business,829900.0,11.82,60,Closed,2022-05-08,1.0563900203665988
LOAN70622,CUST12863,Home,242600.0,12.39,60,Closed,2022-08-12,0.7344838026036936
LOAN70623,CUST13452,Auto,1473500.0,8.28,60,Active,2023-07-14,2.662390459842804
LOAN70624,CUST10328,Personal,555700.0,8.08,24,Active,2022-06-18,0.6841910859394238
LOAN70625,CUST12429,Personal,1119400.0,10.69,36,Closed,2026-08-10,1.0136738205197864
LOAN70626,CUST14473,Personal,1064500.0,16.54,48,Defaulted,2022-03-07,10.720040281973816
LOAN70627,CUST14108,Business,684000.0,14.72,48,Active,2026-07-11,1.0845092754082766
LOAN70628,CUST13097,Personal,110400.0,11.07,48,Pending,2023-07-24,0.2066641707225758
LOAN70629,CUST12347,Business,1252200.0,11.75,84,Closed,2023-01-09,3.233152594887684
LOAN70630,CUST11982,Auto,858500.0,17.15,36,Defaulted,2024-10-20,2.0686746987951805
LOAN70631,CUST13407,Auto,2195500.0,10.34,36,Active,2022-06-22,6.989812161731932
LOAN70632,CUST11474,Business,1189800.0,14.68,24,Active,2024-07-28,2.0016823687752354
LOAN70633,CUST10018,Personal,215100.0,11.29,60,Active,2023-12-05,0.38925081433224756
LOAN70634,CUST11428,Auto,1137100.0,8.35,48,Active,2023-03-07,3.236834614289781
LOAN70635,CUST14094,Personal,628100.0,11.36,12,Active,2025-08-24,1.742785793562708
LOAN70636,CUST13404,Home,470600.0,14.19,48,Defaulted,2022-04-03,0.8214348053761564
LOAN70637,CUST14297,Home,694100.0,14.34,36,Closed,2026-05-14,3.0191387559808613
LOAN70638,CUST10214,Home,583900.0,13.35,12,Closed,2024-10-18,1.7938556067588325
LOAN70639,CUST11299,Personal,720100.0,10.5,60,Active,2022-12-28,1.73769305019305
LOAN70640,CUST12413,Auto,340800.0,14.61,36,Closed,2023-05-31,1.2119487908961593
LOAN70641,CUST13833,Personal,553000.0,9.86,60,Pending,2023-05-23,1.3918952932292978
LOAN70642,CUST14986,Home,832400.0,12.69,84,Closed,2025-07-03,3.1662228984404717
LOAN70643,CUST10899,Personal,640400.0,7.88,24,Closed,2023-09-30,0.9526926509967272
LOAN70644,CUST13311,Personal,232900.0,14.36,48,Closed,2024-07-04,0.22662255522039507
LOAN70645,CUST11650,Auto,519200.0,13.47,60,Defaulted,2022-04-03,1.0859652792302865
LOAN70646,CUST14746,Home,211200.0,10.24,60,Pending,2022-07-08,0.4464172479391249
LOAN70647,CUST14548,Home,196900.0,9.59,120,Closed,2024-11-19,2.383777239709443
LOAN70648,CUST13383,Education,267700.0,9.95,24,Pending,2023-02-07,0.433662724769156
LOAN70649,CUST12239,Home,287200.0,9.67,36,Active,2024-10-27,0.41890315052508753
LOAN70650,CUST11887,Personal,1851300.0,7.79,36,Closed,2023-11-17,3.876256281407035
LOAN70651,CUST11433,Business,319300.0,15.88,36,Active,2023-12-21,0.5278558439411473
LOAN70652,CUST14695,Education,1504300.0,12.86,60,Active,2025-04-04,5.462236746550472
LOAN70653,CUST10476,Personal,250200.0,11.89,24,Active,2023-05-26,0.5569902048085486
LOAN70654,CUST13649,Personal,1126700.0,11.07,60,Closed,2024-07-21,2.4219690455717973
LOAN70655,CUST10972,Home,822700.0,10.72,24,Active,2022-03-25,0.7958018959179726
LOAN70656,CUST10016,Auto,1061500.0,13.86,36,Pending,2025-12-23,2.2647749093236613
LOAN70657,CUST11164,Business,952000.0,8.86,36,Active,2023-04-25,1.8463925523661753
LOAN70658,CUST14325,Auto,366600.0,12.65,120,Active,2022-07-01,0.5043334709038382
LOAN70659,CUST13127,Business,527900.0,7.83,36,Closed,2022-06-26,1.3408686817373634
LOAN70660,CUST10943,Personal,325300.0,10.85,24,Active,2026-06-04,0.21530213779866306
LOAN70661,CUST12730,Personal,328500.0,13.26,12,Active,2023-11-24,0.4182582123758594
LOAN70662,CUST10004,Home,1436300.0,14.91,24,Active,2022-01-22,6.055227655986509
LOAN70663,CUST14774,Personal,462600.0,9.57,36,Active,2024-04-06,1.1085549964054637
LOAN70664,CUST11694,Home,648100.0,15.65,12,Active,2024-08-03,1.208240119313945
LOAN70665,CUST12003,Home,238300.0,13.94,24,Defaulted,2023-08-09,0.6758366420873511
LOAN70666,CUST11707,Business,199100.0,8.59,48,Closed,2023-01-27,0.8709536307961505
LOAN70667,CUST12652,Auto,675300.0,15.78,48,Closed,2026-03-15,1.5354706684856754
LOAN70668,CUST13683,Personal,1087700.0,14.64,60,Active,2022-11-27,1.1655593656236605
LOAN70669,CUST10480,Personal,778300.0,14.58,120,Pending,2026-01-05,0.6485292892258978
LOAN70670,CUST10074,Business,278900.0,9.91,48,Active,2022-08-07,0.7493283181085438
LOAN70671,CUST12802,Auto,363000.0,15.04,24,Closed,2023-11-04,1.5137614678899083
LOAN70672,CUST14690,Personal,525700.0,15.83,60,Pending,2022-08-15,2.0623774029030995
LOAN70673,CUST11073,Home,85900.0,8.24,24,Closed,2022-03-28,0.11056764062298881
LOAN70674,CUST10431,Education,719800.0,8.29,36,Pending,2025-03-26,0.6936494169798593
LOAN70675,CUST14500,Business,3226100.0,8.63,84,Active,2024-01-20,10.570445609436435
LOAN70676,CUST14102,Personal,1378600.0,10.73,60,Closed,2024-09-04,3.348554772892883
LOAN70677,CUST12984,Personal,1104200.0,11.05,36,Active,2025-02-08,3.929537366548043
LOAN70678,CUST14779,Personal,733100.0,8.19,24,Pending,2025-06-22,0.3012657187474316
LOAN70679,CUST13670,Home,741600.0,7.94,12,Active,2025-02-26,1.4217791411042944
LOAN70680,CUST12632,Home,215400.0,12.38,48,Active,2025-10-21,0.4990732159406858
LOAN70681,CUST13038,Business,420600.0,7.84,36,Active,2022-06-10,1.3390639923591212
LOAN70682,CUST13188,Business,159000.0,12.5,120,Active,2024-05-27,0.6613976705490848
LOAN70683,CUST13003,Home,2448800.0,12.79,36,Closed,2022-12-11,9.702060221870047
LOAN70684,CUST12138,Education,172800.0,11.82,24,Pending,2025-08-16,0.1671988388969521
LOAN70685,CUST13638,Home,561900.0,9.62,36,Pending,2023-04-08,0.6135619130814588
LOAN70686,CUST14394,Business,358300.0,11.09,48,Active,2022-07-13,0.4780520346897932
LOAN70687,CUST10610,Education,548900.0,10.7,60,Active,2026-02-25,0.6425895574806837
LOAN70688,CUST11236,Business,1993600.0,14.4,84,Closed,2022-02-22,4.648169736535323
LOAN70689,CUST10745,Personal,1114200.0,14.41,36,Defaulted,2022-07-17,2.0131899900623362
LOAN70690,CUST13753,Auto,1585000.0,13.71,36,Active,2024-10-17,8.558315334773217
LOAN70691,CUST12655,Business,95400.0,11.72,84,Pending,2022-06-20,0.1808188021228203
LOAN70692,CUST14604,Business,1555300.0,10.72,60,Pending,2026-07-22,2.81019062245912
LOAN70693,CUST14700,Business,419600.0,13.73,60,Pending,2026-07-29,0.8718055266985248
LOAN70694,CUST13855,Personal,2400400.0,9.17,12,Active,2022-02-15,2.960532807104095
LOAN70695,CUST10144,Education,867700.0,7.95,60,Pending,2025-06-01,2.049846444601937
LOAN70696,CUST10142,Personal,519600.0,8.17,84,Active,2025-03-22,0.7366033456195067
LOAN70697,CUST12283,Personal,789800.0,14.48,24,Closed,2023-04-24,1.4634055957013155
LOAN70698,CUST14312,Personal,729600.0,12.297836317135548,84,Pending,2025-05-25,0.3625701933111365
LOAN70699,CUST11598,Education,518700.0,13.76,36,Active,2026-01-21,0.4439784301977232
LOAN70700,CUST14951,Home,451600.0,10.46,24,Pending,2025-10-22,0.7306261122795664
LOAN70701,CUST11009,Home,509700.0,14.18,60,Closed,2025-07-21,1.2401459854014598
LOAN70702,CUST14560,Education,1313600.0,11.8,48,Active,2026-08-12,2.899139262855882
LOAN70703,CUST12324,Personal,64100.0,11.45,60,Closed,2024-06-23,0.04801857817064949
LOAN70704,CUST10556,Auto,108300.0,7.98,36,Active,2024-06-12,0.10513542374526745
LOAN70705,CUST13727,Personal,1343900.0,10.67,120,Active,2023-12-06,3.3011545074920168
LOAN70706,CUST12969,Personal,1123600.0,9.66,24,Active,2023-02-22,2.7074698795180723
LOAN70707,CUST11035,Personal,1104200.0,14.33,60,Active,2026-05-25,2.491988264500113
LOAN70708,CUST14729,Business,1699200.0,13.79,84,Pending,2026-03-09,1.9472839789135916
LOAN70709,CUST11692,Education,710200.0,11.69,48,Active,2023-12-15,3.0851433536055604
LOAN70710,CUST13722,Education,289400.0,14.43,60,Pending,2025-10-02,0.37121600820933814
LOAN70711,CUST14514,Personal,517700.0,9.16,48,Active,2025-11-09,1.668923275306254
LOAN70712,CUST14960,Auto,845400.0,11.93,84,Active,2023-11-26,1.6158256880733946
LOAN70713,CUST12047,Home,882300.0,14.74,84,Defaulted,2026-05-08,4.165722379603399
LOAN70714,CUST11753,Personal,4380500.0,9.93,36,Closed,2022-05-23,24.49944071588367
LOAN70715,CUST12354,Auto,1441600.0,14.67,36,Closed,2023-11-01,0.8084342754598475
LOAN70716,CUST10168,Home,450200.0,15.74,12,Defaulted,2023-11-16,0.7740715268225584
LOAN70717,CUST11076,Business,3075200.0,10.82,24,Active,2025-01-25,3.513309722380898
LOAN70718,CUST13315,Home,927400.0,14.59,24,Defaulted,2022-03-17,1.5684085912396415
LOAN70719,CUST10166,Auto,1723300.0,13.12,48,Closed,2022-01-14,2.9021556079488042
LOAN70720,CUST12163,Education,388300.0,7.84,36,Active,2022-06-30,0.42609459014594536
LOAN70721,CUST11293,Auto,1654100.0,9.6,48,Active,2025-01-27,2.9516416845110633
LOAN70722,CUST14029,Personal,568400.0,16.16,36,Pending,2023-10-22,1.9661016949152543
LOAN70723,CUST11247,Home,183200.0,14.63,84,Active,2024-06-28,0.31268134493940947
LOAN70724,CUST13625,Home,286400.0,11.65,60,Active,2022-04-26,0.8806888068880688
LOAN70725,CUST11193,Business,1527100.0,13.47,24,Pending,2024-08-01,3.873921867072552
LOAN70726,CUST13504,Home,911900.0,7.55,60,Active,2022-09-02,0.8652623588575766
LOAN70727,CUST11810,Auto,828000.0,13.8,36,Active,2024-01-19,0.4628542679859131
LOAN70728,CUST10908,Home,510200.0,14.73,36,Pending,2024-05-29,1.6629726205997393
LOAN70729,CUST13461,Auto,1030200.0,9.87,36,Closed,2024-12-03,1.7616279069767442
LOAN70730,CUST13842,Auto,2134800.0,11.2,12,Active,2023-10-24,6.129198966408269
LOAN70731,CUST14682,Home,951300.0,14.83,60,Defaulted,2024-06-14,3.592522658610272
LOAN70732,CUST12022,Personal,223300.0,8.31,48,Active,2022-08-06,0.18532658311893102
LOAN70733,CUST13328,Personal,310900.0,13.15,84,Active,2025-10-07,0.37557381009905777
LOAN70734,CUST11257,Business,540700.0,15.91,48,Defaulted,2024-11-24,1.0402077722200846
LOAN70735,CUST12619,Home,1347400.0,15.4,60,Active,2024-02-22,2.3303355240401245
LOAN70736,CUST14347,Business,597300.0,9.59,36,Active,2023-05-22,1.0820652173913043
LOAN70737,CUST11215,Education,327800.0,16.37,48,Closed,2024-02-08,0.33979475484606614
LOAN70738,CUST13235,Personal,207200.0,17.24,48,Defaulted,2024-10-18,0.3020408163265306
LOAN70739,CUST11449,Personal,182200.0,8.42,36,Active,2024-05-08,1.1808165910563837
LOAN70740,CUST12564,Home,801400.0,10.27,24,Pending,2022-01-12,1.0366058724615186
LOAN70741,CUST12614,Personal,315900.0,15.03,48,Active,2024-03-15,2.1315789473684212
LOAN70742,CUST13210,Personal,1001100.0,16.28,36,Active,2023-09-16,6.986043265875785
LOAN70743,CUST13934,Home,1359600.0,15.09,36,Active,2024-09-17,3.9941245593419508
LOAN70744,CUST12725,Home,679600.0,9.7,48,Closed,2025-02-28,3.9511627906976745
LOAN70745,CUST10094,Business,712200.0,15.2,24,Closed,2024-12-25,0.5016552792843558
LOAN70746,CUST10303,Personal,446000.0,12.16,36,Active,2023-09-04,1.6218181818181818
LOAN70747,CUST10582,Personal,632200.0,14.75,36,Pending,2024-05-14,2.4296694850115297
LOAN70748,CUST10439,Home,938200.0,10.63,24,Pending,2023-12-07,3.1441018766756033
LOAN70749,CUST11364,Business,1061700.0,16.36,36,Active,2026-05-05,3.6610344827586205
LOAN70750,CUST12070,Auto,2343100.0,13.33,24,Closed,2022-04-20,11.057574327512977
LOAN70751,CUST14581,Personal,3254600.0,8.55,48,Active,2025-07-13,17.961368653421633
LOAN70752,CUST10615,Home,466400.0,15.53,48,Active,2026-04-22,1.3526682134570767
LOAN70753,CUST14706,Home,380600.0,7.76,36,Pending,2025-06-10,0.8049915397631133
LOAN70754,CUST13811,Auto,1847800.0,11.71,36,Pending,2022-05-26,12.5359565807327
LOAN70755,CUST13183,Personal,324100.0,10.97,24,Active,2023-09-23,2.014294592914854
LOAN70756,CUST11200,Personal,1219100.0,12.67,48,Pending,2025-09-15,0.6186754630804364
LOAN70757,CUST11359,Personal,2558700.0,15.9,48,Defaulted,2025-04-04,4.017428167687235
LOAN70758,CUST10613,Business,829900.0,14.23,36,Closed,2023-05-19,3.724865350089767
LOAN70759,CUST12698,Education,444000.0,15.67,60,Closed,2023-02-03,0.7368071689346166
LOAN70760,CUST13684,Personal,441000.0,15.78,24,Closed,2024-09-06,0.5146458163146225
LOAN70761,CUST10081,Personal,469900.0,11.18,36,Active,2024-10-20,0.8886157337367625
LOAN70762,CUST11840,Auto,194200.0,14.87,24,Active,2023-08-24,0.20792291220556744
LOAN70763,CUST11748,Personal,528900.0,13.85,12,Closed,2025-02-07,1.2409666823087753
LOAN70764,CUST12302,Education,931100.0,11.56,60,Active,2026-02-21,0.36412342106292284
LOAN70765,CUST14243,Personal,137100.0,14.48,48,Pending,2025-04-07,0.3169209431345354
LOAN70766,CUST10876,Personal,2003700.0,9.93,36,Active,2024-06-03,4.712370649106303
LOAN70767,CUST13480,Personal,1405900.0,8.52,24,Active,2022-02-14,2.436568457538995
LOAN70768,CUST14442,Business,376800.0,13.48,60,Active,2025-08-24,0.16544456641053787
LOAN70769,CUST11966,Personal,394300.0,14.67,60,Closed,2024-01-21,0.4174695606140815
LOAN70770,CUST13484,Home,1287000.0,8.44,24,Active,2023-01-23,6.703125
LOAN70771,CUST11789,Home,2566800.0,12.1,60,Closed,2025-04-09,2.965684575389948
LOAN70772,CUST10402,Personal,553300.0,16.1,60,Pending,2023-06-08,0.7431833445265279
LOAN70773,CUST12830,Personal,842900.0,10.98,36,Active,2023-08-16,1.3015750463248918
LOAN70774,CUST11432,Auto,160700.0,8.07,60,Closed,2025-04-10,0.2903604661667721
LOAN70775,CUST12752,Home,531700.0,15.56,36,Defaulted,2026-08-05,1.011605783866058
LOAN70776,CUST14919,Business,336500.0,10.36,12,Active,2022-09-05,0.24483410942956926
LOAN70777,CUST13011,Personal,457600.0,8.96,36,Closed,2022-08-29,1.2782122905027933
LOAN70778,CUST13774,Auto,612250.0,10.69,60,Active,2025-03-26,0.7381842295635399
LOAN70779,CUST13424,Auto,209800.0,10.81,60,Active,2024-05-06,0.41934839096542076
LOAN70780,CUST13898,Auto,523000.0,12.297836317135548,120,Active,2025-09-13,1.0868661679135494
LOAN70781,CUST11521,Personal,686900.0,8.85,36,Active,2023-05-16,1.1800377941934375
LOAN70782,CUST11429,Home,605000.0,8.53,48,Closed,2023-08-07,1.977124183006536
LOAN70783,CUST12404,Home,753400.0,8.5,12,Active,2026-06-29,1.1346385542168675
LOAN70784,CUST12933,Personal,699600.0,14.61,24,Active,2024-04-22,2.0022896393817975
LOAN70785,CUST13790,Personal,633000.0,9.41,36,Pending,2022-06-06,1.9387442572741194
LOAN70786,CUST12115,Business,1119600.0,17.79,36,Defaulted,2026-04-20,1.248299698963095
LOAN70787,CUST14955,Education,2328100.0,14.03,12,Active,2022-05-19,4.505709309076834
LOAN70788,CUST13146,Personal,1321900.0,8.26,120,Active,2022-10-07,4.465878378378378
LOAN70789,CUST10432,Personal,269600.0,11.18,36,Active,2022-01-10,1.034932821497121
LOAN70790,CUST14193,Auto,482100.0,8.58,36,Active,2023-11-11,0.2600323624595469
LOAN70791,CUST12557,Auto,969800.0,11.03,12,Active,2024-10-01,1.205768991669775
LOAN70792,CUST12390,Personal,1198700.0,11.82,60,Active,2024-06-19,1.0597648306957828
LOAN70793,CUST13462,Personal,1979100.0,10.76,24,Closed,2022-12-21,2.9904805077062555
LOAN70794,CUST10927,Business,338600.0,16.42,12,Closed,2026-08-25,0.9912177985948478
LOAN70795,CUST10013,Home,382300.0,8.57,24,Closed,2025-11-15,0.48632489505152016
LOAN70796,CUST10300,Auto,144700.0,12.69,24,Active,2024-08-31,0.09356006724427778
LOAN70797,CUST11247,Home,1456800.0,16.08,24,Closed,2022-08-13,2.486431131592422
LOAN70798,CUST13486,Personal,112200.0,10.94,60,Closed,2022-10-11,0.09322808475280432
LOAN70799,CUST13086,Home,700500.0,12.89,48,Pending,2022-05-15,0.36186589523711127
LOAN70800,CUST12162,Personal,274300.0,14.91,36,Closed,2024-08-09,0.49561839371216915
LOAN70801,CUST13400,Personal,705400.0,14.31,48,Defaulted,2023-02-21,0.5268503995817462
LOAN70802,CUST11090,Personal,1001200.0,16.12,36,Pending,2023-06-26,0.7850701795655924
LOAN70803,CUST12614,Business,1439600.0,14.57,36,Closed,2022-09-26,9.713900134952766
LOAN70804,CUST13818,Personal,460000.0,15.75,12,Active,2024-04-29,1.7222014226881317
LOAN70805,CUST12998,Personal,341300.0,13.54,12,Active,2025-09-04,0.40913450011987534
LOAN70806,CUST10807,Auto,770900.0,17.68,36,Defaulted,2024-08-03,1.7277005826983416
LOAN70807,CUST11659,Business,495100.0,15.15,36,Active,2022-09-29,1.3501499863648758
LOAN70808,CUST12978,Home,1925900.0,9.7,60,Active,2026-03-17,7.234785875281743
LOAN70809,CUST10150,Personal,550300.0,9.3,84,Active,2024-02-29,0.26154942965779465
LOAN70810,CUST11574,Auto,344000.0,8.98,24,Active,2023-07-21,0.9327548806941431
LOAN70811,CUST13638,Education,158800.0,8.0,24,Closed,2023-05-27,0.17340030574361215
LOAN70812,CUST11079,Home,486600.0,10.31,24,Closed,2025-12-22,1.94873848618342
LOAN70813,CUST14734,Education,1636200.0,14.61,36,Defaulted,2023-01-31,3.459928103193064
LOAN70814,CUST12662,Education,1603500.0,12.297836317135548,84,Active,2025-04-05,4.202044025157233
LOAN70815,CUST12976,Auto,1444300.0,16.32,48,Active,2024-04-27,5.661701293610349
LOAN70816,CUST13390,Business,1031800.0,7.73,36,Active,2022-11-01,0.6665805284579107
LOAN70817,CUST12624,Personal,561400.0,10.81,36,Active,2026-05-29,0.6703283582089552
LOAN70818,CUST14510,Personal,621300.0,13.79,24,Pending,2026-05-03,3.949777495232041
LOAN70819,CUST11969,Personal,899000.0,9.0,36,Closed,2025-01-29,2.808497344579819
LOAN70820,CUST10572,Home,1795000.0,10.55,48,Active,2023-08-14,1.885702279651224
LOAN70821,CUST10476,Personal,995600.0,14.17,36,Closed,2023-03-21,2.216384683882458
LOAN70822,CUST10183,Personal,424500.0,16.02,84,Closed,2023-08-03,0.8082635186595583
LOAN70823,CUST12943,Personal,247500.0,10.18,24,Active,2024-06-30,1.3400108283703303
LOAN70824,CUST11410,Personal,3376700.0,13.65,60,Active,2024-10-14,8.21981499513145
LOAN70825,CUST10206,Personal,451400.0,14.79,60,Defaulted,2022-05-30,0.7708333333333334
LOAN70826,CUST10767,Auto,847900.0,8.56,36,Active,2022-09-11,1.0670777749811227
LOAN70827,CUST10563,Personal,642600.0,13.94,12,Active,2024-04-04,1.7495235502314184
LOAN70828,CUST12474,Business,317000.0,8.99,84,Pending,2024-02-20,0.6886812948077341
LOAN70829,CUST10491,Home,398700.0,10.78,60,Closed,2025-12-14,0.9653753026634383
LOAN70830,CUST11468,Business,1009500.0,12.24,60,Closed,2026-01-15,2.2041484716157207
LOAN70831,CUST13661,Home,277300.0,12.23,48,Closed,2023-06-07,0.8250520678369533
LOAN70832,CUST13814,Personal,865600.0,8.79,24,Active,2026-06-28,2.2251928020565552
LOAN70833,CUST12532,Home,553400.0,10.79,48,Pending,2025-11-30,0.9308662741799831
LOAN70834,CUST12232,Personal,592000.0,15.72,84,Closed,2026-03-23,0.3861960988975145
LOAN70835,CUST13592,Auto,745900.0,10.52,12,Active,2023-06-02,0.8785630153121319
LOAN70836,CUST12055,Personal,995600.0,8.76,12,Active,2024-06-21,2.9906878942625412
LOAN70837,CUST11047,Personal,816100.0,15.24,36,Defaulted,2022-11-22,3.0691989469725462
LOAN70838,CUST14173,Personal,491400.0,16.01,24,Defaulted,2024-01-11,0.35766795254385325
LOAN70839,CUST12731,Auto,1201800.0,13.19,36,Pending,2025-01-26,3.629719118091211
LOAN70840,CUST14962,Personal,1418100.0,8.78,36,Closed,2022-06-20,1.921805122645345
LOAN70841,CUST13411,Business,206500.0,15.71,36,Active,2025-08-11,0.16666666666666666
LOAN70842,CUST11288,Business,785400.0,10.92,60,Active,2024-09-04,1.5908446424954426
LOAN70843,CUST13353,Auto,726400.0,10.76,24,Active,2026-06-27,1.2320217096336499
LOAN70844,CUST12142,Business,201200.0,16.6,24,Defaulted,2022-11-22,0.5225974025974026
LOAN70845,CUST13133,Home,396600.0,14.19,24,Closed,2026-06-13,0.54128565579364
LOAN70846,CUST14201,Business,192200.0,9.38,60,Closed,2022-07-21,0.23849112793150515
LOAN70847,CUST13556,Auto,353000.0,11.08,60,Closed,2025-10-22,0.258702821546354
LOAN70848,CUST10971,Home,366900.0,12.55,12,Active,2023-08-19,0.21392338639146405
LOAN70849,CUST12179,Business,397200.0,12.31,84,Active,2023-10-03,0.7966305655836342
LOAN70850,CUST11579,Personal,1364500.0,8.09,60,Closed,2025-11-08,2.1053849714550226
LOAN70851,CUST14517,Education,1309300.0,7.65,84,Active,2022-08-03,3.3779669762641897
LOAN70852,CUST14160,Business,348200.0,10.62,36,Active,2022-11-10,1.1364229765013054
LOAN70853,CUST14464,Business,1406200.0,16.35,24,Active,2026-02-25,2.0900713436385256
LOAN70854,CUST13272,Home,2036100.0,7.62,24,Closed,2026-05-05,3.678923118619568
LOAN70855,CUST10819,Personal,682500.0,8.43,60,Active,2024-02-13,1.6501450676982592
LOAN70856,CUST12065,Personal,1163900.0,9.77,24,Active,2026-07-21,0.8884732824427481
LOAN70857,CUST10777,Home,448300.0,9.3,36,Active,2024-08-16,0.8176180922852453
LOAN70858,CUST10315,Personal,107500.0,14.27,36,Closed,2024-06-21,0.23548740416210295
LOAN70859,CUST10688,Home,405500.0,17.9,36,Defaulted,2026-08-11,0.552753544165758
LOAN70860,CUST14736,Personal,1993700.0,9.6,120,Active,2024-10-22,6.769779286926995
LOAN70861,CUST12732,Personal,156700.0,15.13,84,Closed,2025-11-05,0.3769545345200866
LOAN70862,CUST12956,Personal,906800.0,11.7,48,Active,2023-07-22,0.8853739504003124
LOAN70863,CUST13875,Auto,276700.0,11.27,36,Active,2024-11-05,0.38345343680709537
LOAN70864,CUST10539,Business,379600.0,8.1,12,Active,2023-06-04,0.25437244521878977
LOAN70865,CUST12366,Business,704100.0,11.3,48,Pending,2022-08-30,0.6145587850222571
LOAN70866,CUST12294,Auto,511900.0,14.43,120,Pending,2024-05-10,1.1657936688681394
LOAN70867,CUST11897,Home,1404400.0,16.04,120,Pending,2026-06-02,1.4867668854541605
LOAN70868,CUST12232,Home,511600.0,13.11,60,Pending,2024-09-07,0.333746493574271
LOAN70869,CUST14542,Home,215100.0,16.24,60,Pending,2024-12-06,0.8528945281522601
LOAN70870,CUST11268,Auto,710400.0,10.35,120,Pending,2026-03-13,1.4952641549147547
LOAN70871,CUST12220,Home,99400.0,10.26,48,Active,2023-09-24,0.11198738170347003
LOAN70872,CUST13131,Auto,1896700.0,12.83,12,Active,2024-01-13,9.64260294865277
LOAN70873,CUST14952,Education,320800.0,9.67,60,Pending,2023-12-17,1.5710088148873653
LOAN70874,CUST13053,Personal,870900.0,12.23,36,Active,2026-03-27,0.9817382482245519
LOAN70875,CUST14442,Auto,251700.0,16.4,24,Pending,2024-01-21,0.1105159165751921
LOAN70876,CUST12762,Home,2037800.0,16.31,120,Pending,2024-02-25,7.3039426523297495
LOAN70877,CUST12430,Home,268100.0,7.76,36,Closed,2026-07-01,0.39201637666325484
LOAN70878,CUST13955,Education,678400.0,12.297836317135548,24,Pending,2023-08-11,0.926775956284153
LOAN70879,CUST13920,Personal,1130500.0,8.04,36,Closed,2025-04-05,2.1525133282559024
LOAN70880,CUST12227,Personal,1027600.0,16.07,24,Active,2022-08-16,6.0625368731563425
LOAN70881,CUST13823,Education,199300.0,14.35,36,Defaulted,2026-01-17,0.4262189905902481
LOAN70882,CUST11530,Education,732000.0,16.17,48,Defaulted,2023-04-12,0.5569504679296964
LOAN70883,CUST13650,Business,700100.0,10.91,48,Closed,2023-03-23,1.763031981868547
LOAN70884,CUST12721,Auto,175600.0,11.4,12,Active,2024-03-13,0.20098431956048987
LOAN70885,CUST11822,Education,842500.0,8.81,24,Closed,2022-09-05,1.5492828245678558
LOAN70886,CUST12254,Personal,295400.0,11.77,60,Active,2022-03-05,1.137466307277628
LOAN70887,CUST12510,Business,827400.0,14.61,24,Active,2024-02-19,1.4374565670604587
LOAN70888,CUST14033,Home,616700.0,13.56,24,Active,2026-07-26,1.6101827676240208
LOAN70889,CUST13349,Business,1392600.0,10.52,60,Active,2024-04-18,6.544172932330827
LOAN70890,CUST11400,Business,908700.0,12.6,60,Active,2023-11-17,2.362714508580343
LOAN70891,CUST12190,Business,437900.0,14.68,24,Active,2023-02-02,0.47810896386068347
LOAN70892,CUST12796,Personal,1085900.0,8.56,24,Active,2025-05-26,1.9790413705121195
LOAN70893,CUST12689,Personal,1175800.0,10.93,36,Active,2023-07-16,6.945067926757235
LOAN70894,CUST12920,Personal,1107600.0,15.69,60,Closed,2026-08-19,4.261639091958446
LOAN70895,CUST12088,Auto,753300.0,12.17,36,Active,2022-01-04,0.4437179713730341
LOAN70896,CUST13159,Business,612250.0,8.19,60,Pending,2024-03-09,1.882108822625269
LOAN70897,CUST14939,Personal,394100.0,11.68,12,Active,2022-08-31,1.0959399332591768
LOAN70898,CUST12283,Home,337500.0,7.68,36,Closed,2026-03-11,0.6253474152306837
LOAN70899,CUST10010,Auto,2772500.0,11.18,84,Closed,2023-03-28,5.582964156262586
LOAN70900,CUST12497,Personal,1866000.0,7.86,60,Closed,2022-03-15,2.176854876341577
LOAN70901,CUST10043,Business,425700.0,11.85,48,Closed,2022-02-04,0.535673839184598
LOAN70902,CUST12736,Auto,169800.0,12.51,84,Pending,2026-08-28,0.932967032967033
LOAN70903,CUST13282,Education,361800.0,14.53,36,Pending,2023-06-19,0.9154858299595142
LOAN70904,CUST12050,Personal,218000.0,8.63,36,Closed,2025-08-04,0.6271576524741082
LOAN70905,CUST14610,Home,302200.0,12.2,48,Pending,2026-05-27,0.35013324064418955
LOAN70906,CUST10165,Personal,1598700.0,8.33,24,Active,2026-03-05,1.056921856406188
LOAN70907,CUST14107,Business,105400.0,7.51,48,Active,2023-10-22,0.33417882054533926
LOAN70908,CUST10464,Personal,370800.0,12.82,84,Pending,2024-03-01,0.46062111801242234
LOAN70909,CUST13632,Business,714000.0,10.64,36,Closed,2024-03-19,4.68811556139199
LOAN70910,CUST13331,Auto,612250.0,14.16,84,Active,2025-09-18,3.026445872466634
LOAN70911,CUST10720,Education,1134200.0,13.23,60,Active,2025-01-20,1.4555954825462012
LOAN70912,CUST14315,Personal,55900.0,15.75,84,Closed,2024-10-02,0.0882260101010101
LOAN70913,CUST13559,Business,2671600.0,13.0,48,Closed,2025-11-27,3.9779630732578917
LOAN70914,CUST11828,Home,593800.0,10.65,36,Active,2025-01-18,0.7077473182359952
LOAN70915,CUST14253,Home,1802700.0,10.74,36,Active,2022-10-18,1.5958746458923512
LOAN70916,CUST13513,Home,318200.0,11.79,48,Active,2022-07-07,0.21640369967355821
LOAN70917,CUST14606,Home,850500.0,11.53,12,Active,2025-02-17,1.0001175917215428
LOAN70918,CUST14657,Personal,323600.0,17.88,60,Defaulted,2026-06-24,0.5746759012608773
LOAN70919,CUST11974,Home,320500.0,13.98,24,Defaulted,2024-01-21,0.5790947691751739
LOAN70920,CUST14745,Personal,259000.0,15.78,120,Closed,2026-05-10,0.2065390749601276
LOAN70921,CUST11795,Auto,1102700.0,8.52,84,Closed,2026-08-07,0.5405922149230317
LOAN70922,CUST13410,Home,183600.0,9.85,24,Closed,2024-09-19,0.31792207792207794
LOAN70923,CUST12072,Personal,1468800.0,7.81,24,Closed,2023-03-06,6.61026102610261
LOAN70924,CUST12963,Business,708700.0,12.297836317135548,12,Active,2026-08-07,0.8604905293831957
LOAN70925,CUST10822,Education,423000.0,11.54,120,Closed,2024-02-24,1.3618802318094012
LOAN70926,CUST11330,Business,1277800.0,11.24,60,Active,2023-10-30,2.308790315294968
LOAN70927,CUST14577,Home,339800.0,12.49,48,Closed,2025-01-09,0.21162109983184904
LOAN70928,CUST11764,Personal,170400.0,11.97,60,Closed,2024-03-26,0.12475291016911927
LOAN70929,CUST10750,Education,1391100.0,8.78,84,Closed,2023-03-19,8.32495511669659
LOAN70930,CUST10182,Education,232000.0,7.74,120,Active,2026-06-01,0.5616073589929799
LOAN70931,CUST14692,Auto,655800.0,14.48,48,Pending,2024-08-03,0.7756357185097575
LOAN70932,CUST12855,Home,340500.0,10.02,36,Pending,2022-04-19,0.5814549180327869
LOAN70933,CUST13657,Home,1160700.0,15.21,60,Closed,2023-05-05,7.483558994197292
LOAN70934,CUST13950,Auto,799000.0,12.297836317135548,60,Active,2026-05-22,0.7863399271725224
LOAN70935,CUST10638,Personal,635800.0,14.16,12,Pending,2023-05-05,1.1487939289908755
LOAN70936,CUST13088,Business,1124000.0,16.3,12,Active,2024-02-09,2.04400800145481
LOAN70937,CUST10610,Business,699700.0,15.28,36,Closed,2025-08-24,0.8191290095996254
LOAN70938,CUST13633,Home,434700.0,8.55,84,Active,2025-10-01,0.518055058991777
LOAN70939,CUST11384,Home,696600.0,10.77,120,Closed,2024-05-26,1.603960396039604
LOAN70940,CUST11325,Home,594000.0,10.9,24,Pending,2022-02-13,0.6656207978484985
LOAN70941,CUST14809,Personal,1159900.0,14.4,36,Active,2025-11-04,2.919456330229046
LOAN70942,CUST11562,Personal,246700.0,14.82,24,Closed,2026-08-24,1.4186313973548017
LOAN70943,CUST11878,Education,558200.0,8.62,24,Pending,2024-05-04,1.101203393174196
LOAN70944,CUST14275,Business,612250.0,14.16,36,Active,2023-08-03,0.6697844874740182
LOAN70945,CUST12714,Personal,339000.0,15.06,60,Active,2022-01-02,0.603095534602384
LOAN70946,CUST13974,Home,421400.0,11.12,120,Active,2023-07-22,1.11099393619826
LOAN70947,CUST12219,Education,1094100.0,12.2,12,Active,2023-06-22,1.3344310281741676
LOAN70948,CUST12637,Auto,251600.0,15.85,36,Pending,2023-04-05,0.22458270106221548
LOAN70949,CUST10238,Education,618100.0,11.68,48,Active,2022-05-13,1.1168127202095943
LOAN70950,CUST12694,Business,515700.0,14.39,84,Pending,2022-02-10,0.35401935882474084
LOAN70951,CUST13255,Auto,349700.0,12.51,36,Pending,2025-11-17,0.8868881562262236
LOAN70952,CUST11391,Personal,286200.0,15.21,24,Closed,2023-09-04,0.5918114143920595
LOAN70953,CUST13341,Home,230600.0,10.55,36,Closed,2022-05-01,0.31421174546941
LOAN70954,CUST13908,Personal,268500.0,12.51,24,Closed,2022-11-11,0.5152561888313184
LOAN70955,CUST12032,Auto,462100.0,16.38,36,Active,2025-12-20,0.7384148290188559
LOAN70956,CUST12075,Education,2061600.0,10.6,60,Active,2023-09-10,2.57185628742515
LOAN70957,CUST10354,Home,334800.0,12.297836317135548,24,Active,2025-04-12,0.15046514763381422
LOAN70958,CUST13946,Personal,775400.0,13.75,36,Active,2024-09-18,1.7821190530912434
LOAN70959,CUST12186,Education,2692700.0,9.95,120,Closed,2024-08-01,3.593620712665154
LOAN70960,CUST14207,Business,674300.0,11.19,60,Active,2024-06-01,4.765371024734982
LOAN70962,CUST12606,Personal,1130700.0,15.42,48,Active,2026-08-09,3.338352524357839
LOAN70963,CUST14047,Personal,3477400.0,14.76,84,Active,2025-09-17,8.043950959981494
LOAN70964,CUST12789,Personal,151700.0,8.26,24,Active,2025-09-21,0.22863602110022607
LOAN70965,CUST14948,Education,1702200.0,12.17,36,Active,2026-04-09,1.4201568496579342
LOAN70966,CUST12676,Home,394500.0,15.46,48,Active,2025-01-04,0.9671488109830841
LOAN70967,CUST13164,Education,559900.0,15.16,12,Pending,2023-03-05,1.0580120937263795
LOAN70968,CUST14873,Personal,476500.0,10.92,24,Closed,2026-03-31,0.8609630499593459
LOAN70969,CUST10810,Auto,1074400.0,12.297836317135548,60,Active,2024-05-20,3.1396843950905904
LOAN70970,CUST13706,Auto,475200.0,16.22,12,Defaulted,2025-05-23,0.7690564816313319
LOAN70971,CUST11846,Auto,731800.0,15.94,60,Active,2025-02-10,1.5461652229030214
LOAN70972,CUST10139,Auto,747700.0,15.14,12,Pending,2024-12-14,1.4220235831114492
LOAN70973,CUST12891,Auto,1020800.0,15.81,48,Closed,2025-06-25,1.4553749643570002
LOAN70974,CUST11466,Auto,482700.0,14.39,60,Active,2023-01-21,0.17689742368160663
LOAN70975,CUST10678,Home,1403300.0,12.17,48,Active,2023-09-03,1.5719726671894254
LOAN70976,CUST10335,Business,606900.0,11.55,36,Active,2023-04-10,2.198116624411445
LOAN70977,CUST12745,Personal,186400.0,14.29,48,Pending,2023-05-14,1.0344062153163152
LOAN70978,CUST14810,Personal,840300.0,11.34,48,Active,2023-11-04,0.847162012299627
LOAN70979,CUST14294,Personal,664800.0,13.04,36,Active,2026-04-11,0.6123802505526897
LOAN70980,CUST12160,Personal,1214400.0,7.98,24,Active,2025-11-09,1.1599961791957207
LOAN70981,CUST12015,Personal,1414000.0,12.42,12,Closed,2026-02-10,7.112676056338028
LOAN70982,CUST13722,Home,1375500.0,9.72,48,Pending,2024-05-05,1.7643663417136994
LOAN70983,CUST10952,Auto,634000.0,11.43,12,Closed,2023-11-30,0.2079302089141058
LOAN70984,CUST11471,Personal,458800.0,11.02,84,Closed,2022-09-02,0.8289818411780648
LOAN70985,CUST13013,Personal,373200.0,13.08,60,Active,2026-01-31,0.26494391594490985
LOAN70986,CUST13319,Personal,488600.0,16.29,36,Active,2023-03-14,4.55358807082945
LOAN70987,CUST10458,Personal,576900.0,14.37,36,Closed,2024-01-25,1.7022720566538803
LOAN70988,CUST12042,Home,867000.0,10.41,48,Active,2023-01-10,0.5256775601770448
LOAN70989,CUST11956,Auto,558300.0,13.04,60,Pending,2022-09-19,0.3382406397673573
LOAN70990,CUST11452,Auto,2434000.0,12.39,36,Pending,2024-12-18,4.1828492868190414
LOAN70991,CUST12823,Education,936800.0,15.91,84,Active,2022-02-27,1.2092422873370337
LOAN70992,CUST11616,Personal,164700.0,13.83,60,Defaulted,2022-09-22,0.2754180602006689
LOAN70993,CUST14906,Auto,407000.0,12.99,48,Active,2022-06-14,0.22824136384028712
LOAN70994,CUST11027,Home,820700.0,16.2,36,Pending,2022-02-13,1.482880115638269
LOAN70995,CUST14073,Home,224200.0,12.52,48,Active,2026-07-13,0.2955054698826941
LOAN70996,CUST12619,Personal,797700.0,14.19,36,Closed,2022-02-13,1.3796264268419232
LOAN70997,CUST11618,Personal,486700.0,8.4,12,Closed,2023-08-10,2.653762268266085
LOAN70998,CUST11032,Auto,450700.0,12.98,36,Active,2023-05-29,0.8005328596802842
LOAN70999,CUST13155,Home,835700.0,8.04,120,Closed,2025-11-17,1.5099828349444395
LOAN71000,CUST11599,Business,174800.0,13.71,36,Active,2022-08-31,0.1969799414018481
LOAN71001,CUST12400,Personal,1100000.0,13.03,84,Defaulted,2024-09-11,1.3845185651353051
LOAN71002,CUST12056,Personal,369400.0,13.34,60,Closed,2022-04-16,1.590869939707149
LOAN71003,CUST13946,Personal,186100.0,13.76,36,Active,2026-04-19,0.42771776603079753
LOAN71004,CUST14075,Personal,543900.0,13.13,36,Active,2023-08-13,1.6240668856375038
LOAN71005,CUST14538,Personal,2414600.0,13.33,24,Active,2023-05-21,5.075888164809754
LOAN71006,CUST10280,Personal,457600.0,13.54,48,Closed,2023-08-10,1.9921636917718764
LOAN71007,CUST13959,Home,1152600.0,9.77,12,Active,2024-12-13,4.2359426681367145
LOAN71008,CUST14911,Auto,262300.0,14.15,60,Active,2025-01-18,0.8964456596035544
LOAN71009,CUST13685,Business,1129300.0,11.52,60,Pending,2023-02-21,1.5195102260495157
LOAN71010,CUST14637,Education,320900.0,8.92,60,Closed,2022-09-27,0.9581964765601673
LOAN71011,CUST14978,Personal,477500.0,8.43,36,Active,2022-05-09,1.3397867564534232
LOAN71012,CUST13598,Personal,350900.0,16.81,36,Defaulted,2025-10-29,0.12233727294913363
LOAN71013,CUST14474,Education,2190700.0,10.44,36,Closed,2022-01-27,3.000958904109589
LOAN71014,CUST12412,Personal,478700.0,9.48,120,Pending,2025-12-09,1.4336627732854148
LOAN71015,CUST12958,Personal,1419800.0,15.71,24,Defaulted,2022-04-23,5.040113596024139
LOAN71016,CUST13006,Personal,398500.0,13.3,24,Defaulted,2022-10-21,0.5529346468710975
LOAN71017,CUST12012,Personal,627400.0,11.75,120,Active,2026-01-31,2.0199613650998067
LOAN71018,CUST11755,Home,828600.0,12.24,36,Active,2026-01-12,1.2864462040055893
LOAN71019,CUST12621,Business,182200.0,15.41,36,Active,2022-12-23,0.3422881833552508
LOAN71020,CUST11691,Personal,2529000.0,9.21,60,Pending,2023-06-23,2.7997343075390235
LOAN71021,CUST13676,Auto,85900.0,10.2,48,Pending,2022-09-01,0.4119904076738609
LOAN71022,CUST14518,Personal,964500.0,14.82,120,Active,2022-07-10,0.8128950695322377
LOAN71023,CUST13779,Personal,369900.0,9.77,36,Active,2023-05-05,0.29483500717360117
LOAN71024,CUST10312,Auto,426300.0,11.08,48,Active,2024-03-09,0.9588394062078273
LOAN71025,CUST14294,Personal,499700.0,13.47,24,Active,2023-01-31,0.4602984524686809
LOAN71026,CUST11769,Personal,693300.0,12.78,36,Pending,2025-05-20,0.8046657381615598
LOAN71027,CUST10569,Home,636300.0,16.14,36,Active,2024-03-08,1.1496973529677477
LOAN71028,CUST14800,Personal,609100.0,12.0,24,Active,2023-07-07,2.3221502096835684
LOAN71029,CUST11578,Education,328200.0,16.32,60,Active,2026-08-26,0.3990273556231003
LOAN71030,CUST13818,Personal,1188900.0,15.21,12,Active,2023-10-13,4.451141894421565
LOAN71031,CUST10468,Business,566700.0,14.77,24,Closed,2022-10-15,0.48328500767525157
LOAN71032,CUST10421,Personal,558700.0,16.02,24,Defaulted,2024-12-29,0.7048063580169043
LOAN71033,CUST10513,Business,1280000.0,17.82,12,Defaulted,2025-06-18,0.4180410856004442
LOAN71034,CUST12749,Personal,355500.0,8.19,60,Active,2022-11-19,0.34324611373949987
LOAN71035,CUST13592,Home,397800.0,11.52,60,Active,2024-09-02,0.4685512367491166
LOAN71036,CUST11786,Personal,1709900.0,15.73,48,Active,2026-01-09,2.868478443214226
LOAN71037,CUST13899,Business,555400.0,11.39,120,Active,2023-08-26,0.47575809491176974
LOAN71038,CUST14733,Personal,99600.0,14.26,24,Active,2022-12-08,0.13344051446945338
LOAN71039,CUST13106,Personal,171600.0,11.19,12,Active,2024-05-20,0.30179387970453747
LOAN71040,CUST11885,Auto,2117200.0,16.4,48,Closed,2025-11-13,4.454449821165579
LOAN71041,CUST13887,Personal,1209300.0,8.46,12,Active,2023-09-14,1.699648629655657
LOAN71042,CUST12823,Personal,343800.0,13.49,84,Closed,2025-09-04,0.4437846908480702
LOAN71043,CUST14827,Business,135800.0,8.71,36,Active,2023-10-15,0.4829302987197724
LOAN71044,CUST10137,Personal,2090200.0,10.26,60,Pending,2023-09-20,5.05734333413985
LOAN71045,CUST12139,Home,83000.0,13.35,48,Closed,2023-04-20,0.11286374762034267
LOAN71046,CUST11287,Business,1013800.0,11.11,36,Closed,2026-02-10,3.3065883887801695
LOAN71047,CUST13112,Auto,607100.0,15.64,84,Pending,2022-05-02,0.7880321910695742
LOAN71048,CUST13094,Auto,1347000.0,9.16,60,Active,2026-05-10,0.8456274719065855
LOAN71049,CUST12382,Business,313700.0,16.2,60,Pending,2026-05-02,0.7370770676691729
LOAN71050,CUST13268,Education,105500.0,14.64,24,Active,2022-06-22,0.19283494790714678
LOAN71051,CUST13441,Personal,120500.0,15.39,84,Active,2025-03-10,0.07478897715988084
LOAN71052,CUST12619,Home,558300.0,9.12,60,Active,2025-01-02,0.9655828433068142
LOAN71053,CUST13628,Personal,370600.0,13.69,60,Closed,2023-04-10,0.6074414030486806
LOAN71054,CUST10271,Personal,850700.0,11.25,60,Active,2026-02-26,3.538685524126456
LOAN71055,CUST10398,Personal,1933200.0,15.62,48,Active,2024-03-22,1.4654335961188598
LOAN71056,CUST11368,Personal,1153400.0,10.0,36,Closed,2023-07-19,1.4126148193508878
LOAN71057,CUST11239,Home,358100.0,14.3,36,Active,2025-12-19,0.5083037615330022
LOAN71058,CUST11243,Personal,312400.0,14.86,36,Active,2024-02-10,0.7191528545119705
LOAN71059,CUST10389,Business,2196800.0,16.03,24,Active,2024-04-28,7.627777777777778
LOAN71060,CUST12849,Personal,224100.0,8.92,36,Active,2026-02-27,0.7208105500160823
LOAN71061,CUST14106,Personal,1426500.0,16.11,24,Closed,2024-02-11,3.378730459497868
LOAN71062,CUST13700,Personal,290400.0,14.97,24,Active,2025-12-03,0.945620319114295
LOAN71063,CUST11209,Personal,903700.0,8.2,36,Active,2022-06-17,1.0831835071317273
LOAN71064,CUST12037,Personal,805700.0,9.98,24,Closed,2024-01-27,0.9355550394797957
LOAN71065,CUST11363,Education,612250.0,13.34,36,Active,2024-02-25,0.5030400131460028
LOAN71066,CUST10346,Personal,1491600.0,8.53,24,Closed,2022-03-10,0.8424738774357526
LOAN71067,CUST12181,Home,315200.0,7.59,84,Active,2023-11-18,0.7079964061096137
LOAN71068,CUST12687,Personal,220500.0,8.99,48,Active,2024-07-02,0.3458281053952321
LOAN71069,CUST11562,Auto,795200.0,10.73,12,Active,2024-12-17,4.572742955721679
LOAN71070,CUST12847,Auto,686300.0,13.13,36,Defaulted,2023-02-20,0.7605274822695035
LOAN71071,CUST12160,Auto,2163200.0,15.06,60,Pending,2024-05-28,2.066290954245869
LOAN71072,CUST11954,Personal,502700.0,14.65,24,Active,2024-05-26,0.15815636306433853
LOAN71073,CUST12233,Business,450100.0,7.52,24,Active,2022-11-28,0.7746987951807229
LOAN71074,CUST13965,Business,1160700.0,15.45,60,Closed,2023-12-31,0.5241363738993001
LOAN71075,CUST10476,Personal,596700.0,12.53,24,Active,2023-07-21,1.3283615316117543
LOAN71076,CUST10531,Personal,214200.0,15.46,60,Closed,2024-05-31,0.2940691927512356
LOAN71077,CUST10341,Auto,530600.0,8.67,60,Active,2022-06-07,0.9346485819975339
LOAN71078,CUST11545,Business,1211100.0,15.54,60,Active,2022-04-25,3.853324848870506
LOAN71079,CUST10393,Personal,1143700.0,12.63,48,Active,2022-03-31,2.0664920046978046
LOAN71080,CUST14693,Home,308000.0,14.12,60,Active,2024-10-19,1.6576964477933263
LOAN71081,CUST14198,Business,1005100.0,13.89,24,Active,2024-10-30,3.336985391766268
LOAN71082,CUST11316,Education,271600.0,14.18,48,Defaulted,2024-08-04,1.3731041456016178
LOAN71083,CUST13902,Auto,983300.0,15.76,36,Active,2026-07-13,0.9180281953132294
LOAN71084,CUST12222,Education,896800.0,16.09,120,Active,2025-08-02,2.2612203731719616
LOAN71085,CUST10420,Personal,964000.0,10.45,36,Closed,2024-08-22,1.6876750700280112
LOAN71086,CUST12768,Personal,273500.0,14.24,60,Active,2026-01-17,0.5777355302070131
LOAN71087,CUST13329,Personal,384500.0,13.55,36,Active,2024-12-14,1.7013274336283186
LOAN71088,CUST13891,Personal,2006000.0,9.94,60,Active,2025-07-24,4.966575885120079
LOAN71089,CUST10235,Business,416600.0,16.79,36,Defaulted,2026-05-27,0.6147262800649255
LOAN71090,CUST10414,Home,248600.0,11.38,60,Pending,2023-01-09,0.33640054127198915
LOAN71091,CUST13338,Personal,357000.0,13.06,36,Active,2025-08-14,0.6450447194868552
LOAN71092,CUST14414,Personal,889300.0,14.88,24,Active,2023-04-12,2.8204884237234378
LOAN71093,CUST12941,Business,638100.0,12.297836317135548,24,Active,2024-12-06,0.6616549149730402
LOAN71094,CUST13165,Business,1735800.0,8.02,48,Active,2023-04-29,2.3252511721366376
LOAN71095,CUST14233,Home,615700.0,9.25,48,Closed,2023-04-03,0.7514034659506956
LOAN71096,CUST13867,Home,335600.0,15.23,36,Defaulted,2026-08-01,0.43086403902940046
LOAN71097,CUST13304,Business,1311500.0,11.73,48,Active,2025-01-12,0.9513274336283186
LOAN71098,CUST12132,Personal,921500.0,13.68,36,Closed,2024-01-27,1.3725052129877866
LOAN71099,CUST10649,Auto,113600.0,12.297836317135548,48,Active,2022-02-21,0.20516525194148455
LOAN71100,CUST12112,Business,3303600.0,14.26,36,Closed,2023-10-21,7.592737301769708
LOAN71101,CUST12441,Education,2664300.0,8.96,12,Active,2024-08-21,1.9520111363469852
LOAN71102,CUST10871,Personal,711400.0,11.41,120,Active,2026-01-21,1.2524647887323943
LOAN71103,CUST13549,Personal,1461800.0,14.35,84,Active,2024-11-17,1.4035525684109458
LOAN71104,CUST10209,Personal,394900.0,14.38,120,Active,2024-01-16,3.3955288048151333
LOAN71105,CUST12791,Business,796900.0,10.05,24,Pending,2022-07-23,3.1749003984063746
LOAN71106,CUST10174,Personal,1586400.0,14.53,48,Defaulted,2023-10-15,2.5883504650024474
LOAN71107,CUST14540,Business,597300.0,8.31,48,Pending,2024-02-02,1.2174887892376682
LOAN71108,CUST10769,Personal,287700.0,15.68,60,Defaulted,2025-09-28,0.41461305663640297
LOAN71109,CUST14161,Personal,93800.0,15.93,48,Closed,2024-04-20,0.17418755803156918
LOAN71110,CUST13030,Personal,107100.0,13.14,48,Closed,2022-10-12,0.6878612716763006
LOAN71111,CUST11909,Auto,701600.0,8.79,12,Pending,2022-09-17,1.467168548724383
LOAN71112,CUST13250,Home,337100.0,9.4,12,Active,2022-08-27,0.6473977338198579
LOAN71113,CUST13397,Education,683100.0,13.32,36,Defaulted,2024-02-05,1.4478592623993218
LOAN71114,CUST13838,Home,674800.0,10.83,36,Closed,2026-02-19,1.24801183650823
LOAN71115,CUST11338,Auto,224200.0,13.85,36,Active,2025-06-23,0.9820411738939991
LOAN71116,CUST11064,Business,521800.0,15.33,12,Active,2023-06-17,0.5232651423987164
LOAN71117,CUST10471,Personal,582500.0,15.93,60,Closed,2025-08-22,1.3154923215898826
LOAN71118,CUST14842,Personal,215200.0,12.297836317135548,60,Defaulted,2026-08-08,1.290167865707434
LOAN71119,CUST10570,Education,922800.0,9.7,24,Active,2024-04-15,2.2512808001951696
LOAN71120,CUST11958,Personal,268100.0,10.12,36,Closed,2026-07-31,0.26153545995512634
LOAN71121,CUST12740,Auto,185400.0,13.73,36,Active,2022-03-05,1.0804195804195804
LOAN71123,CUST13785,Home,2205100.0,8.77,36,Closed,2023-01-26,3.136699857752489
LOAN71124,CUST11399,Personal,5000000.0,16.03,120,Closed,2026-01-04,28.653295128939828
LOAN71125,CUST14091,Business,1048500.0,13.53,24,Active,2022-04-29,1.5712573055597183
LOAN71126,CUST12732,Home,2105300.0,17.9,36,Defaulted,2023-02-23,5.064469569401011
LOAN71127,CUST10345,Personal,85500.0,15.32,36,Active,2023-06-22,0.25987841945288753
LOAN71128,CUST11528,Personal,623400.0,12.77,120,Active,2025-03-14,0.7332392378263938
LOAN71129,CUST14586,Personal,613700.0,9.84,24,Closed,2022-05-14,1.3266320795503674
LOAN71130,CUST11654,Education,324600.0,12.5,60,Active,2023-01-29,0.7780441035474592
LOAN71131,CUST11305,Auto,638400.0,14.88,36,Defaulted,2022-02-09,0.6162757022878657
LOAN71132,CUST14914,Education,1217000.0,10.57,24,Closed,2026-05-02,1.2209069020866774
LOAN71133,CUST10577,Personal,547500.0,13.0,24,Active,2023-12-08,1.9109947643979057
LOAN71134,CUST11289,Personal,750100.0,13.99,12,Defaulted,2025-08-13,0.5034566078260286
LOAN71135,CUST10972,Business,675900.0,7.92,84,Active,2022-06-27,0.6538015089959374
LOAN71136,CUST11480,Business,1658500.0,13.16,48,Active,2026-02-11,2.544101856112901
LOAN71137,CUST12226,Business,246900.0,12.81,60,Pending,2022-02-24,0.61725
LOAN71138,CUST13015,Personal,331900.0,11.43,120,Pending,2022-05-12,2.514393939393939
LOAN71139,CUST12526,Home,265500.0,14.52,60,Active,2025-12-22,0.6079688573391344
LOAN71140,CUST14456,Business,2145000.0,12.36,120,Active,2023-10-24,3.6672935544537526
LOAN71141,CUST11872,Home,1494600.0,15.28,36,Active,2025-11-17,2.7713702948266272
LOAN71142,CUST10825,Business,1257300.0,9.0,48,Pending,2026-07-16,0.8311078794288737
LOAN71143,CUST10767,Education,253400.0,14.09,36,Pending,2025-01-09,0.31890259249937075
LOAN71144,CUST14417,Auto,322700.0,12.34,36,Active,2025-07-23,0.26837990685296076
LOAN71145,CUST11419,Personal,2093500.0,15.26,84,Active,2024-07-18,1.6045834291407985
LOAN71146,CUST12130,Auto,178000.0,8.69,120,Active,2022-11-29,0.37083333333333335
LOAN71147,CUST12871,Home,760100.0,14.32,84,Pending,2026-08-08,0.8982510044906642
LOAN71148,CUST14581,Auto,208000.0,7.98,60,Active,2024-01-27,1.1479028697571745
LOAN71149,CUST10189,Business,178700.0,14.93,60,Active,2024-05-11,0.10818501029180289
LOAN71150,CUST10732,Home,176700.0,8.12,24,Active,2026-02-08,0.19426121372031663
LOAN71151,CUST12963,Personal,259100.0,7.51,36,Closed,2024-10-24,0.3145944633317144
LOAN71152,CUST11271,Personal,313200.0,13.11,60,Closed,2022-07-17,0.753609239653513
LOAN71153,CUST13984,Personal,415700.0,10.78,24,Active,2023-02-19,1.900777320530407
LOAN71154,CUST11381,Home,185500.0,8.89,24,Active,2025-12-07,0.2147736482574968
LOAN71155,CUST13879,Home,765800.0,9.74,24,Active,2022-10-24,1.5458215583366977
LOAN71156,CUST10113,Education,480400.0,8.16,24,Closed,2024-11-30,3.083440308087291
LOAN71157,CUST14128,Personal,1674300.0,14.47,84,Active,2024-11-02,3.9675355450236967
LOAN71158,CUST12123,Personal,220100.0,14.5,12,Defaulted,2025-05-29,0.6454545454545455
LOAN71159,CUST10677,Education,239400.0,13.47,36,Active,2022-04-24,1.5875331564986737
LOAN71160,CUST10168,Home,382200.0,10.94,36,Pending,2024-04-04,0.6571526822558459
LOAN71161,CUST10950,Business,463100.0,15.31,60,Pending,2025-03-09,1.389022195560888
LOAN71162,CUST10482,Personal,310800.0,8.89,48,Active,2022-08-19,1.783132530120482
LOAN71163,CUST12657,Personal,112800.0,14.62,24,Active,2022-02-09,0.4602203182374541
LOAN71164,CUST11221,Personal,1693800.0,9.61,36,Active,2023-03-23,4.146389228886169
LOAN71165,CUST11595,Home,964600.0,13.22,36,Active,2024-03-04,10.153684210526317
LOAN71166,CUST13137,Home,779300.0,12.01,36,Active,2024-08-24,1.4080766103532387
LOAN71167,CUST11123,Education,930400.0,10.3,36,Pending,2026-04-27,1.9211232706999795
LOAN71168,CUST13982,Personal,742500.0,13.1,12,Closed,2026-08-03,0.33676523947750364
LOAN71169,CUST10257,Personal,368600.0,12.87,24,Active,2025-04-24,1.4569169960474309
LOAN71170,CUST11484,Home,238700.0,17.71,36,Defaulted,2023-11-11,0.1758249852681202
LOAN71171,CUST10184,Personal,881500.0,11.59,36,Active,2023-12-18,0.4843672729270839
LOAN71172,CUST10554,Personal,543600.0,16.31,36,Active,2022-10-10,2.8122090015519916
LOAN71173,CUST11421,Personal,570000.0,8.56,84,Active,2025-12-28,0.8418254319893664
LOAN71174,CUST14321,Home,1143000.0,14.04,84,Closed,2023-05-24,1.1944821820461908
LOAN71175,CUST12802,Education,796600.0,7.76,48,Active,2026-03-27,3.321934945788157
LOAN71176,CUST14090,Personal,524700.0,12.48,48,Active,2024-02-10,0.8576332134684538
LOAN71177,CUST10237,Personal,492300.0,10.67,12,Active,2026-05-07,0.9418404438492443
LOAN71178,CUST13320,Personal,1854700.0,14.82,24,Closed,2024-10-16,14.245007680491552
LOAN71179,CUST11368,Business,612250.0,13.67,36,Active,2024-04-24,0.7498469075321494
LOAN71180,CUST12098,Auto,686000.0,8.25,60,Active,2023-09-09,0.6350675800777634
LOAN71181,CUST14713,Education,397700.0,9.76,36,Active,2023-02-21,0.5069471000637349
LOAN71182,CUST13624,Home,740200.0,13.51,36,Active,2026-02-18,0.8294486777229941
LOAN71183,CUST11433,Personal,612250.0,9.87,48,Active,2023-04-26,1.0121507687221027
LOAN71184,CUST10607,Personal,496700.0,12.67,48,Active,2022-11-02,0.46127414561664193
LOAN71185,CUST12077,Personal,513400.0,13.71,24,Active,2025-12-11,0.672870249017038
LOAN71186,CUST10318,Education,817600.0,8.68,48,Active,2026-07-03,3.589113257243196
LOAN71187,CUST12404,Business,961200.0,14.74,84,Pending,2026-01-06,1.4475903614457832
LOAN71188,CUST13936,Personal,1002500.0,10.17,84,Closed,2025-06-02,0.6616724968648934
LOAN71189,CUST14436,Personal,1016300.0,14.38,84,Defaulted,2025-06-18,4.7181987000928505
LOAN71190,CUST14860,Personal,733000.0,13.47,36,Closed,2022-09-30,3.04149377593361
LOAN71191,CUST13023,Personal,357900.0,9.33,24,Active,2022-08-31,0.2895865361275184
LOAN71192,CUST12628,Home,1339100.0,10.32,36,Closed,2023-05-28,3.6657541746509716
LOAN71193,CUST12946,Home,724100.0,13.18,36,Active,2023-03-11,7.270080321285141
LOAN71194,CUST11160,Business,617600.0,14.71,60,Pending,2023-05-07,0.7515210513506936
LOAN71195,CUST13314,Auto,115300.0,14.4,24,Closed,2023-06-20,0.20832956906676303
LOAN71196,CUST11608,Auto,442100.0,13.94,36,Defaulted,2022-03-02,0.5897812166488794
LOAN71197,CUST13589,Business,293100.0,13.86,36,Active,2026-05-28,0.23631379504958477
LOAN71198,CUST12419,Personal,2402900.0,15.88,24,Pending,2023-12-16,12.84286477819348
LOAN71199,CUST12307,Personal,540500.0,11.04,120,Closed,2022-12-19,1.141258445945946
LOAN71200,CUST14832,Auto,428600.0,10.2,36,Active,2022-09-27,0.7305266746207602
LOAN71201,CUST13440,Personal,1474100.0,10.86,60,Active,2026-02-09,2.006397168912481
LOAN71202,CUST10843,Business,3743100.0,13.71,24,Active,2023-06-01,3.0125553319919516
LOAN71203,CUST13677,Personal,964500.0,11.07,48,Closed,2024-08-05,1.8246311010215663
LOAN71204,CUST10043,Business,959400.0,13.84,48,Pending,2022-09-30,1.2072480181200453
LOAN71205,CUST10509,Auto,505900.0,10.98,24,Pending,2022-09-11,1.4355845629965949
LOAN71206,CUST11569,Auto,3716700.0,12.297836317135548,60,Active,2025-05-02,2.534747323194435
LOAN71207,CUST11201,Personal,3262200.0,12.297836317135548,60,Closed,2022-01-20,10.210328638497652
LOAN71208,CUST13073,Business,863600.0,9.98,48,Active,2024-10-19,1.3559428481708276
LOAN71209,CUST14230,Personal,669400.0,17.75,60,Defaulted,2025-05-27,4.538305084745763
LOAN71210,CUST13250,Personal,612250.0,11.1,36,Closed,2022-09-01,1.1758210101786057
LOAN71211,CUST12774,Home,1664200.0,10.95,24,Active,2023-07-26,13.0015625
LOAN71212,CUST12827,Auto,575400.0,12.297836317135548,24,Closed,2024-10-29,1.0070003500175009
LOAN71213,CUST11372,Auto,161400.0,14.37,24,Active,2025-09-29,0.7506976744186047
LOAN71214,CUST12768,Business,336200.0,8.95,84,Active,2022-05-21,0.7101816645542881
LOAN71215,CUST11069,Personal,867400.0,9.81,60,Active,2024-10-31,0.4077469092276595
LOAN71216,CUST10253,Home,1325600.0,11.05,48,Pending,2022-11-29,1.9270242767844163
LOAN71217,CUST11573,Business,1183500.0,14.93,36,Active,2023-03-20,1.9200194678780014
LOAN71218,CUST14952,Home,809300.0,10.16,60,Closed,2026-02-22,3.963271302644466
LOAN71219,CUST13998,Personal,1666500.0,12.87,60,Closed,2023-12-31,4.617622610141313
LOAN71220,CUST14355,Auto,325700.0,13.36,84,Closed,2022-01-16,0.09666983260121097
LOAN71221,CUST12470,Personal,163400.0,11.95,24,Pending,2025-08-13,0.13511949061440504
LOAN71222,CUST10229,Personal,536400.0,8.42,12,Active,2022-09-08,1.1671018276762402
LOAN71223,CUST11368,Personal,624800.0,16.43,12,Closed,2022-10-16,0.7652173913043478
LOAN71224,CUST13947,Auto,679900.0,14.76,12,Active,2023-10-19,0.8899214659685863
LOAN71225,CUST10649,Home,472500.0,8.15,24,Closed,2025-03-31,0.8533501896333755
LOAN71226,CUST10790,Auto,2117800.0,12.35,60,Pending,2022-10-25,14.203890006706908
LOAN71227,CUST12497,Auto,699100.0,9.41,36,Active,2025-12-17,0.8155622958469435
LOAN71228,CUST10989,Personal,1684900.0,12.08,48,Closed,2023-03-28,2.6467169337103362
LOAN71229,CUST11777,Business,933400.0,13.61,36,Active,2023-06-05,1.9186022610483042
LOAN71230,CUST14699,Home,948100.0,12.46,48,Closed,2022-11-01,2.7819835680751175
LOAN71231,CUST11080,Auto,1037900.0,13.4,60,Pending,2022-12-09,2.438674812030075
LOAN71232,CUST11382,Auto,420600.0,12.86,12,Active,2024-03-20,0.3009014165116612
LOAN71233,CUST11074,Auto,1656000.0,13.94,120,Pending,2023-01-18,4.836448598130841
LOAN71234,CUST10413,Personal,503700.0,7.54,36,Active,2023-12-16,1.5112511251125114
LOAN71235,CUST12687,Education,270200.0,10.96,36,Active,2022-05-26,0.42377666248431617
LOAN71236,CUST12388,Auto,531000.0,15.81,48,Closed,2022-04-30,0.9001525682319037
LOAN71237,CUST10685,Personal,1919700.0,12.297836317135548,60,Active,2024-10-11,2.229875711464746
LOAN71238,CUST13328,Personal,586300.0,12.32,36,Active,2024-03-26,0.7082628654264315
LOAN71239,CUST10837,Business,324600.0,11.06,60,Active,2023-04-14,0.5153198920463565
LOAN71240,CUST12395,Auto,1387000.0,15.6,48,Closed,2022-06-05,1.5799065952842009
LOAN71241,CUST13075,Home,486300.0,11.36,60,Closed,2022-04-22,1.7997779422649889
LOAN71242,CUST10392,Home,1204200.0,12.297836317135548,12,Closed,2022-09-09,2.979955456570156
LOAN71243,CUST12786,Business,126500.0,8.98,12,Closed,2023-08-29,0.2211151896521587
LOAN71244,CUST13031,Personal,1574800.0,11.85,60,Active,2026-08-06,3.3888530234559933
LOAN71245,CUST14276,Personal,347400.0,8.89,60,Pending,2025-11-12,0.3656072405809303
LOAN71246,CUST10094,Personal,678200.0,12.39,36,Active,2023-12-12,0.4777065577234627
LOAN71247,CUST14866,Business,563300.0,15.72,60,Active,2022-05-22,0.701494396014944
LOAN71248,CUST13964,Home,452100.0,11.64,60,Active,2024-04-07,0.6033631389296676
LOAN71249,CUST10353,Home,1228100.0,15.15,36,Defaulted,2025-05-02,0.8290130957202646
LOAN71250,CUST11107,Personal,501200.0,17.05,84,Defaulted,2025-07-27,0.7935402153261558
LOAN71251,CUST11979,Personal,681000.0,14.23,36,Defaulted,2022-02-06,1.2304634565001356
LOAN71252,CUST12314,Personal,484900.0,11.84,36,Pending,2024-07-10,0.6766675969857662
LOAN71253,CUST12678,Personal,424500.0,14.53,60,Closed,2024-11-28,0.6709340919867236
LOAN71254,CUST13224,Personal,856100.0,10.75,24,Closed,2025-11-03,0.9117145899893504
LOAN71255,CUST12735,Home,1531800.0,16.01,84,Active,2025-05-20,2.2466999119976534
LOAN71256,CUST10246,Education,1487300.0,10.1,60,Active,2024-11-29,2.276595744680851
LOAN71257,CUST13321,Personal,582500.0,10.77,60,Active,2023-06-03,2.143908722856091
LOAN71258,CUST11814,Personal,676300.0,14.02,24,Active,2026-02-25,0.7807665666127915
LOAN71259,CUST11997,Business,730600.0,15.09,24,Closed,2024-06-14,3.2762331838565024
LOAN71260,CUST12804,Business,612250.0,16.39,36,Closed,2024-08-31,2.966327519379845
LOAN71262,CUST11142,Auto,144100.0,14.87,60,Defaulted,2023-03-27,0.13998445696522246
LOAN71263,CUST10823,Auto,334700.0,15.91,36,Active,2023-11-27,0.1789743863964494
LOAN71264,CUST12702,Home,1846700.0,14.16,36,Active,2023-06-10,3.3367061161803235
LOAN71265,CUST11948,Home,138800.0,16.44,48,Closed,2025-05-17,0.15405105438401775
LOAN71266,CUST11816,Home,181700.0,9.06,60,Active,2026-02-07,0.20099557522123893
LOAN71267,CUST12377,Business,876000.0,15.6,36,Closed,2026-01-07,3.133047210300429
LOAN71268,CUST13040,Home,2194400.0,10.36,120,Active,2022-02-09,3.0477777777777777
LOAN71269,CUST13995,Education,952000.0,7.69,48,Pending,2025-09-28,1.908963304591939
LOAN71270,CUST13402,Home,876800.0,12.93,36,Pending,2026-05-25,2.8889621087314663
LOAN71271,CUST13587,Personal,237800.0,15.18,60,Pending,2025-11-28,0.27628674334843734
LOAN71272,CUST14464,Personal,1518300.0,16.99,24,Defaulted,2022-03-13,2.256688466111772
LOAN71273,CUST14409,Auto,182900.0,9.29,36,Pending,2025-05-24,0.4355798999761848
LOAN71274,CUST14302,Personal,477500.0,8.95,60,Active,2022-04-19,0.730680948737567
LOAN71275,CUST14970,Business,845100.0,10.14,36,Active,2023-09-05,2.055204280155642
LOAN71276,CUST14193,Education,511900.0,10.56,48,Pending,2025-09-16,0.2761057173678533
LOAN71278,CUST12374,Auto,135500.0,15.71,24,Closed,2026-07-20,0.1928551095929405
LOAN71279,CUST10370,Personal,152700.0,10.01,36,Active,2026-04-17,0.3525744631724775
LOAN71280,CUST13152,Home,963200.0,7.76,12,Active,2022-09-26,1.5465639049454079
LOAN71281,CUST13980,Auto,838100.0,9.05,24,Active,2023-09-30,0.6303873636705528
LOAN71282,CUST14852,Business,797600.0,17.41,84,Defaulted,2022-02-18,0.9848129398691197
LOAN71283,CUST14443,Personal,872800.0,14.22,12,Closed,2023-07-18,1.8111641419381614
LOAN71284,CUST10868,Business,2798800.0,11.86,60,Active,2026-07-27,12.05340223944875
LOAN71285,CUST10443,Personal,346200.0,9.14,12,Active,2022-05-15,0.5935196296931253
LOAN71286,CUST10366,Home,774700.0,16.36,60,Closed,2026-07-12,1.8020469876715515
LOAN71287,CUST11415,Personal,1497200.0,14.68,24,Pending,2023-06-26,2.459668145227534
LOAN71288,CUST13225,Auto,97200.0,15.33,36,Active,2023-09-01,0.0361593690710911
LOAN71289,CUST12639,Personal,849500.0,7.94,60,Active,2025-12-07,2.175416133162612
LOAN71290,CUST12905,Personal,873000.0,14.45,24,Defaulted,2022-07-09,0.8795969773299748
LOAN71291,CUST12883,Business,1794800.0,8.08,48,Pending,2024-03-26,1.1113312693498452
LOAN71292,CUST13400,Personal,187900.0,11.17,48,Closed,2022-08-02,0.14033908432295167
LOAN71293,CUST13574,Personal,1234500.0,13.33,120,Closed,2026-08-22,0.7859553065512193
LOAN71294,CUST13248,Business,3121600.0,7.61,12,Active,2024-11-05,5.640256572409432
LOAN71295,CUST14840,Personal,161800.0,14.69,36,Active,2024-02-08,0.1253097893432466
LOAN71296,CUST11575,Auto,1103100.0,9.09,24,Active,2024-12-13,4.375644585481951
LOAN71297,CUST12952,Business,424700.0,15.91,84,Pending,2022-10-07,0.7802682344295425
LOAN71298,CUST13433,Business,1062300.0,15.29,48,Active,2024-05-30,1.3931803278688524
LOAN71299,CUST11992,Education,639200.0,12.5,120,Active,2026-01-06,1.8195274693993737
LOAN71300,CUST10180,Home,788200.0,16.06,36,Active,2022-09-30,1.3196048886656622
LOAN71301,CUST11336,Auto,414700.0,15.57,36,Active,2026-05-06,0.571921114329058
LOAN71302,CUST11309,Home,166400.0,12.29,84,Closed,2022-08-30,0.3389002036659878
LOAN71303,CUST11651,Personal,2055500.0,15.34,60,Pending,2022-12-31,4.608744394618834
LOAN71304,CUST10507,Personal,720600.0,14.75,36,Active,2024-08-03,1.3239022597832077
LOAN71305,CUST11890,Auto,1504000.0,11.42,36,Active,2025-12-22,3.297522473141855
LOAN71306,CUST11060,Auto,576400.0,13.32,36,Closed,2023-02-08,2.5870736086175943
LOAN71307,CUST13870,Home,657400.0,14.72,84,Defaulted,2022-11-15,0.7724121724826695
LOAN71308,CUST11802,Business,937000.0,9.92,48,Pending,2024-04-01,2.476870208828972
LOAN71309,CUST11227,Home,304000.0,8.74,84,Closed,2022-05-05,1.843541540327471
LOAN71310,CUST11214,Home,236900.0,13.19,120,Closed,2025-01-14,0.5576741996233522
LOAN71311,CUST12483,Auto,612250.0,12.93,36,Closed,2024-12-12,3.027942631058358
LOAN71312,CUST14257,Personal,966500.0,11.21,24,Active,2025-09-17,4.961498973305955
LOAN71313,CUST13960,Home,478000.0,11.85,60,Closed,2024-05-31,0.6638888888888889
LOAN71314,CUST13873,Personal,280500.0,13.24,36,Active,2025-06-19,1.0392738051130048
LOAN71315,CUST14664,Personal,1349300.0,8.98,24,Closed,2022-09-28,3.712988442487617
LOAN71316,CUST11888,Personal,1484600.0,12.297836317135548,60,Active,2026-08-24,1.8996801023672425
LOAN71317,CUST11974,Personal,705000.0,12.62,36,Active,2025-06-13,1.2738278073900082
LOAN71318,CUST13157,Personal,424000.0,13.98,48,Active,2022-01-24,1.9290263876251137
LOAN71319,CUST12165,Education,746300.0,16.42,36,Active,2023-06-18,3.223758099352052
LOAN71320,CUST12518,Personal,1652300.0,8.04,36,Active,2023-09-21,3.510303802846824
LOAN71321,CUST10589,Business,651400.0,9.56,60,Pending,2024-11-22,1.6976804795413083
LOAN71322,CUST14533,Personal,143000.0,8.47,60,Active,2023-08-31,0.06999510523739598
LOAN71323,CUST12774,Auto,181000.0,8.94,36,Active,2025-09-08,1.4140625
LOAN71324,CUST11242,Education,487200.0,17.25,24,Defaulted,2022-06-20,0.6477861986437974
LOAN71325,CUST10613,Education,942600.0,15.83,120,Active,2023-08-31,4.230700179533214
LOAN71326,CUST10262,Home,404700.0,8.81,24,Active,2025-08-12,0.731231366880477
LOAN71327,CUST11180,Education,1649800.0,15.15,48,Active,2025-03-11,7.97390043499275
LOAN71328,CUST13058,Business,788200.0,13.72,120,Defaulted,2025-12-22,1.3119174434087884
LOAN71329,CUST11881,Home,339300.0,10.18,36,Active,2022-08-11,1.2842543527630583
LOAN71330,CUST11856,Personal,1023300.0,7.79,60,Active,2022-08-09,4.991707317073171
LOAN71331,CUST13013,Home,903000.0,16.46,60,Defaulted,2023-11-29,0.6410620474229731
LOAN71333,CUST14036,Auto,398100.0,9.79,12,Active,2025-06-28,0.67371805720088
LOAN71334,CUST14952,Home,175200.0,14.72,48,Active,2023-01-19,0.8579823702252694
LOAN71335,CUST13766,Education,331100.0,15.78,36,Closed,2022-02-11,0.7594036697247707
LOAN71336,CUST12209,Education,1278300.0,11.27,24,Active,2024-09-19,5.648696420680513
LOAN71337,CUST11639,Business,548300.0,16.14,48,Pending,2025-02-12,0.8344239841728809
LOAN71338,CUST12772,Auto,1300200.0,12.05,48,Closed,2022-01-30,1.436367653557225
LOAN71339,CUST12570,Personal,1056600.0,9.65,60,Active,2023-12-09,2.7908082408874804
LOAN71340,CUST14831,Education,1852400.0,10.76,48,Active,2024-02-03,5.711995066296639
LOAN71341,CUST11695,Business,1642200.0,16.44,36,Active,2024-12-23,3.4226761150479366
LOAN71342,CUST10013,Home,261400.0,7.77,36,Active,2024-09-26,0.33252766823559343
LOAN71343,CUST14274,Personal,103100.0,8.02,48,Closed,2023-01-21,0.12139408924997057
LOAN71344,CUST11154,Education,206900.0,7.8,36,Pending,2022-03-22,0.5175087543771886
LOAN71345,CUST12978,Personal,970900.0,14.4,60,Defaulted,2026-03-01,3.6472577009767093
LOAN71346,CUST11758,Personal,4045400.0,7.73,36,Active,2024-11-24,8.13963782696177
LOAN71347,CUST12737,Home,82300.0,9.66,36,Active,2025-09-04,0.1487035865931882
LOAN71348,CUST12396,Personal,1720800.0,13.68,60,Active,2023-04-25,2.0685178507032096
LOAN71349,CUST12762,Business,250900.0,9.76,36,Closed,2026-06-23,0.8992831541218638
LOAN71350,CUST10788,Personal,3186200.0,14.11,48,Defaulted,2026-06-16,7.236429707017942
LOAN71351,CUST10552,Business,551400.0,15.02,36,Active,2024-05-14,1.6103971962616823
LOAN71352,CUST11402,Education,554100.0,7.61,120,Active,2026-07-18,0.4376777251184834
LOAN71353,CUST14382,Personal,260600.0,15.0,84,Closed,2023-06-19,0.3434370057986294
LOAN71354,CUST14180,Auto,1516300.0,8.89,24,Active,2025-12-01,2.3026575550493544
LOAN71355,CUST14245,Home,155300.0,15.0,12,Active,2022-12-03,0.2623310810810811
LOAN71356,CUST12476,Personal,392700.0,11.62,36,Active,2022-03-16,0.45169082125603865
LOAN71357,CUST13074,Personal,394700.0,15.77,48,Closed,2022-01-18,0.9529212940608401
LOAN71358,CUST12704,Home,478400.0,13.15,36,Closed,2023-10-08,0.8643960610714608
LOAN71359,CUST10798,Business,691200.0,10.11,120,Active,2023-07-31,1.2975408297353106
LOAN71360,CUST13807,Home,924000.0,13.83,84,Active,2022-09-18,1.6695275092600959
LOAN71361,CUST10918,Education,626400.0,11.49,84,Active,2025-09-04,1.8010350776308224
LOAN71362,CUST14003,Home,58900.0,10.69,24,Pending,2023-03-15,0.15451206715634838
LOAN71363,CUST11107,Auto,937500.0,11.16,36,Active,2024-09-19,1.484325522482584
LOAN71364,CUST11154,Personal,1234700.0,15.13,24,Defaulted,2024-09-10,3.0882941470735368
LOAN71365,CUST14434,Personal,522300.0,14.55,48,Active,2026-02-04,1.1068022886204705
LOAN71366,CUST14007,Business,1137800.0,15.61,60,Closed,2023-08-24,2.2911800241643174
LOAN71367,CUST14553,Education,213500.0,7.67,60,Active,2026-02-08,0.5892906431134419
LOAN71368,CUST14474,Personal,192500.0,12.22,48,Active,2024-02-01,0.2636986301369863
LOAN71369,CUST13084,Personal,495100.0,9.96,12,Active,2026-06-25,2.695155144256941
LOAN71370,CUST11747,Business,659700.0,7.75,120,Active,2024-01-12,1.1346749226006192
LOAN71371,CUST11962,Home,1706600.0,13.06,12,Active,2023-11-10,3.3901470003972984
LOAN71372,CUST10913,Auto,1249800.0,10.62,24,Closed,2025-12-20,2.7450032945310783
LOAN71373,CUST13502,Home,995800.0,12.33,36,Closed,2025-03-21,1.1588502269288956
LOAN71374,CUST12319,Auto,1132500.0,11.87,24,Closed,2025-07-23,1.8016226535157494
LOAN71375,CUST10673,Business,338500.0,12.07,36,Active,2024-09-18,0.7381160052333188
LOAN71376,CUST12405,Personal,1821900.0,17.57,60,Defaulted,2026-08-06,3.195194668537355
LOAN71377,CUST11052,Auto,428900.0,13.52,36,Active,2024-04-22,0.8057486379860981
LOAN71378,CUST13385,Personal,1101700.0,11.45,36,Closed,2026-08-03,4.398003992015968
LOAN71379,CUST13454,Auto,596100.0,14.01,60,Defaulted,2024-01-26,0.8230015187077178
LOAN71380,CUST10743,Personal,933200.0,14.11,120,Active,2022-02-04,1.7918586789554531
LOAN71381,CUST14402,Home,1280500.0,10.79,24,Closed,2025-10-08,2.0309278350515463
LOAN71382,CUST10694,Personal,1102200.0,16.31,60,Closed,2025-12-18,0.8351898158672425
LOAN71383,CUST12359,Home,923700.0,8.45,24,Pending,2022-09-17,2.6945740956826136
LOAN71384,CUST12280,Personal,612250.0,14.72,120,Pending,2023-02-09,1.6687108203870265
LOAN71385,CUST12080,Business,722500.0,14.53,36,Active,2024-08-11,2.034638130104196
LOAN71386,CUST14512,Business,1613100.0,13.21,60,Pending,2025-05-07,1.8864460297041281
LOAN71387,CUST14614,Personal,508600.0,10.39,24,Pending,2024-04-30,0.37755177789325217
LOAN71388,CUST12736,Education,595400.0,15.42,60,Defaulted,2022-11-27,3.2714285714285714
LOAN71389,CUST10339,Auto,728600.0,7.65,120,Active,2025-07-09,0.660621996554538
LOAN71390,CUST13662,Auto,222600.0,15.45,60,Closed,2026-04-17,0.5441212417501833
LOAN71391,CUST12844,Personal,72300.0,9.11,36,Active,2022-05-03,0.09061285875422985
LOAN71392,CUST11446,Personal,1768800.0,10.53,24,Closed,2024-01-29,1.6796125724052797
LOAN71393,CUST11734,Personal,409400.0,7.94,12,Active,2023-08-11,0.7108873068241014
LOAN71394,CUST13520,Personal,369000.0,16.49,36,Active,2022-08-27,1.0090237899917966
LOAN71395,CUST13643,Auto,588200.0,16.23,60,Active,2022-06-13,0.7995106701100992
LOAN71396,CUST13534,Personal,163300.0,10.37,48,Active,2022-08-26,0.33573190789473684
LOAN71397,CUST11395,Business,348600.0,13.13,48,Closed,2026-05-06,0.49771559109080526
LOAN71398,CUST10821,Auto,3081300.0,11.01,36,Active,2025-02-04,5.210179235711871
LOAN71399,CUST14954,Personal,3268000.0,14.69,60,Pending,2022-04-08,1.841956938338406
LOAN71400,CUST13259,Personal,432300.0,12.16,36,Pending,2022-03-31,1.6814469078179697
LOAN71401,CUST11085,Home,1087900.0,12.82,60,Active,2023-09-19,0.23402744912446757
LOAN71402,CUST11155,Auto,474200.0,8.33,84,Pending,2023-03-05,0.4973778057478498
LOAN71403,CUST14763,Auto,275200.0,11.8,36,Active,2024-04-15,0.6431409207758823
LOAN71404,CUST14162,Personal,608400.0,14.59,84,Active,2026-07-15,0.851147174034695
LOAN71405,CUST14146,Auto,508300.0,15.95,24,Pending,2022-12-07,0.4921095943460161
LOAN71406,CUST11875,Business,210200.0,7.97,60,Active,2025-09-27,0.8032097821933512
LOAN71407,CUST11158,Home,409800.0,15.5,24,Closed,2026-01-18,0.7716061005460365
LOAN71408,CUST14567,Personal,170100.0,10.78,36,Active,2022-04-19,0.515610791148833
LOAN71409,CUST14346,Personal,612250.0,10.06,60,Pending,2026-01-23,0.8880910937046708
LOAN71410,CUST11972,Business,594000.0,9.4,120,Pending,2025-06-11,0.6644295302013423
LOAN71411,CUST13425,Business,540600.0,10.66,24,Active,2026-08-18,1.318215069495245
LOAN71412,CUST10708,Education,375600.0,15.2,36,Active,2026-01-21,1.4270516717325228
LOAN71413,CUST12211,Auto,657200.0,9.45,84,Active,2022-06-11,1.5555029585798816
LOAN71414,CUST12507,Auto,382700.0,11.97,24,Active,2024-11-01,0.5138982140459245
LOAN71415,CUST14912,Personal,569300.0,8.35,24,Active,2025-02-06,0.9378912685337727
LOAN71416,CUST12506,Home,713500.0,8.42,36,Pending,2025-04-27,1.442871587462083
LOAN71417,CUST13398,Personal,608300.0,7.78,36,Active,2023-09-01,4.215523215523215
LOAN71418,CUST12322,Home,340200.0,14.56,36,Closed,2023-03-14,0.6146896738639444
LOAN71419,CUST11819,Personal,582100.0,8.71,36,Active,2024-02-11,0.5456505436820397
LOAN71420,CUST10279,Auto,1175400.0,15.31,120,Active,2023-04-25,2.0759448957965385
LOAN71421,CUST12460,Auto,852000.0,7.76,36,Active,2023-04-25,1.0244078393651557
LOAN71422,CUST11576,Personal,1958100.0,17.96,24,Defaulted,2026-05-07,2.4008092202059834
LOAN71423,CUST11536,Personal,805400.0,7.76,60,Active,2025-01-22,1.19513280902211
LOAN71424,CUST13417,Auto,528500.0,15.7,84,Active,2025-05-25,0.5984599705582607
LOAN71425,CUST13166,Education,193400.0,14.83,48,Closed,2022-07-12,0.4396453739486247
LOAN71426,CUST10223,Personal,422200.0,13.9,60,Active,2025-02-14,0.39410062540838237
LOAN71427,CUST14493,Personal,1305600.0,15.06,60,Closed,2023-09-23,2.333095067905647
LOAN71428,CUST12156,Home,654300.0,16.56,36,Defaulted,2024-02-24,0.5155215884021431
LOAN71429,CUST12769,Home,1744500.0,16.43,24,Pending,2024-03-29,1.153388429752066
LOAN71430,CUST13638,Business,295100.0,9.6,36,Active,2026-07-18,0.32223192836863945
LOAN71431,CUST10910,Auto,376000.0,14.52,84,Pending,2023-01-14,0.263489838822705
LOAN71432,CUST12608,Education,1363300.0,10.69,24,Active,2025-06-18,9.363324175824175
LOAN71433,CUST12506,Home,733000.0,14.02,60,Closed,2023-10-28,1.4823053589484327
LOAN71434,CUST10186,Personal,2796300.0,14.54,24,Pending,2022-11-24,10.127852227453822
LOAN71435,CUST11295,Home,159300.0,13.53,48,Active,2022-04-30,0.28001406222534714
LOAN71436,CUST13553,Personal,352100.0,8.8,60,Active,2022-10-26,0.29833926453143533
LOAN71437,CUST12631,Personal,242000.0,14.06,24,Active,2025-03-26,1.0408602150537634
LOAN71438,CUST13938,Home,484700.0,7.67,48,Closed,2025-08-27,1.2534264287561416
LOAN71439,CUST10651,Personal,3715200.0,10.92,60,Pending,2024-03-09,9.412718520395236
LOAN71440,CUST11713,Home,936000.0,12.31,36,Closed,2024-04-16,1.1831626848691694
LOAN71441,CUST13526,Personal,756300.0,15.03,60,Closed,2025-09-27,0.6546351596987795
LOAN71442,CUST13419,Personal,1905600.0,9.49,36,Closed,2025-11-16,2.582463748475403
LOAN71443,CUST13634,Business,664200.0,15.02,84,Active,2025-07-01,1.0328098273985384
LOAN71444,CUST12029,Home,359500.0,9.9,48,Active,2025-11-10,0.5368876941457587
LOAN71445,CUST12606,Auto,337200.0,12.35,24,Active,2024-04-05,0.995571302037201
LOAN71446,CUST14763,Personal,232600.0,8.37,36,Active,2022-01-04,0.5435849497546156
LOAN71447,CUST11834,Education,853700.0,8.52,84,Closed,2025-09-10,1.7204756146715035
LOAN71448,CUST11503,Business,2461800.0,12.99,24,Active,2022-03-27,3.877461017483068
LOAN71449,CUST10226,Home,244200.0,13.48,60,Closed,2022-01-31,1.07011393514461
LOAN71450,CUST10610,Personal,309500.0,8.36,12,Pending,2022-06-14,0.3623273238117537
LOAN71451,CUST14525,Home,408200.0,12.57,60,Active,2024-11-18,0.44379212872363555
LOAN71452,CUST14700,Personal,1049200.0,12.61,24,Active,2025-11-03,2.1799293579887804
LOAN71453,CUST13847,Personal,369000.0,11.53,120,Active,2026-08-21,0.22255729794933654
LOAN71454,CUST10720,Home,5000000.0,7.82,120,Active,2023-04-19,6.416837782340862
LOAN71455,CUST13479,Auto,2190100.0,13.13,120,Active,2023-07-04,7.27124833997344
LOAN71456,CUST10355,Personal,567500.0,15.85,48,Closed,2023-09-16,2.491220368744513
LOAN71457,CUST14110,Auto,1809400.0,10.66,84,Active,2023-09-02,4.115078462588128
LOAN71458,CUST11142,Personal,409700.0,8.04,60,Active,2025-01-09,0.3979988342723917
LOAN71459,CUST13388,Personal,184400.0,14.17,36,Active,2024-12-07,0.33318276267052127
LOAN71460,CUST12519,Personal,1576200.0,15.38,36,Closed,2024-09-23,0.658753709198813
LOAN71461,CUST13430,Auto,741600.0,17.57,24,Defaulted,2023-08-29,1.777138749101366
LOAN71462,CUST14460,Home,686800.0,15.3,60,Active,2024-04-28,4.756232686980609
LOAN71463,CUST14261,Personal,272700.0,7.83,84,Pending,2026-07-13,0.19569429494079654
LOAN71464,CUST14343,Home,461700.0,9.94,48,Pending,2024-11-24,0.9321623258631133
LOAN71465,CUST11612,Business,545700.0,7.79,84,Active,2024-02-06,0.4641884994896223
LOAN71466,CUST10837,Education,625000.0,15.65,12,Closed,2026-08-04,0.9922209874583268
LOAN71467,CUST14763,Personal,1417700.0,11.39,60,Closed,2023-06-11,3.3131572797382565
LOAN71468,CUST10952,Home,216800.0,14.85,24,Closed,2022-09-12,0.07110294841100652
LOAN71469,CUST11967,Auto,1947000.0,8.04,60,Closed,2024-07-02,2.1839596186203027
LOAN71470,CUST11016,Education,122900.0,7.69,12,Active,2024-02-25,0.15718122522061645
LOAN71471,CUST14401,Personal,282200.0,13.69,84,Active,2024-12-16,1.1570315703157033
LOAN71472,CUST13043,Personal,476100.0,12.73,48,Closed,2024-05-01,0.2354017305315204
LOAN71473,CUST13888,Personal,126700.0,10.84,24,Active,2025-07-12,0.15010069896931644
LOAN71474,CUST14648,Personal,201700.0,11.87,48,Active,2025-03-30,0.19220506956356012
LOAN71475,CUST10441,Home,1023200.0,12.19,84,Active,2022-01-18,1.6757287913527679
LOAN71476,CUST11310,Personal,1192000.0,8.2,24,Pending,2024-11-07,2.4968579807289486
LOAN71478,CUST14618,Home,996900.0,10.9,60,Closed,2024-08-31,2.9123575810692377
LOAN71479,CUST11895,Personal,1376200.0,8.5,12,Closed,2023-04-20,2.4182041820418205
LOAN71480,CUST10249,Business,534100.0,10.35,36,Closed,2024-07-25,0.8008696956065378
LOAN71481,CUST10067,Education,286800.0,8.11,48,Closed,2024-09-11,1.1185647425897036
LOAN71482,CUST11692,Personal,868800.0,9.26,24,Closed,2025-05-25,3.7741094700260645
LOAN71483,CUST12199,Education,969200.0,11.17,36,Active,2022-12-01,2.4775051124744376
LOAN71484,CUST10233,Business,1312500.0,15.84,36,Closed,2023-02-16,0.8655367976787127
LOAN71485,CUST11707,Home,1028700.0,9.41,36,Closed,2026-05-19,4.5
LOAN71486,CUST10143,Personal,612250.0,12.88,36,Active,2025-10-23,1.2418864097363083
LOAN71487,CUST11973,Personal,455000.0,14.92,36,Pending,2024-09-28,0.8953168044077136
LOAN71488,CUST12762,Auto,324300.0,12.28,36,Active,2022-04-13,1.1623655913978495
LOAN71489,CUST14740,Business,270200.0,14.2,36,Closed,2022-01-10,0.23979410720624778
LOAN71490,CUST12208,Personal,224900.0,16.44,120,Closed,2026-03-11,0.5434992750120832
LOAN71491,CUST11124,Education,715600.0,9.75,36,Active,2026-06-25,1.0029432375613174
LOAN71492,CUST13614,Business,294700.0,14.25,120,Closed,2024-06-04,0.5324780919685609
LOAN71493,CUST13264,Personal,765500.0,14.84,36,Active,2025-12-01,2.545726637845028
LOAN71494,CUST14115,Home,695000.0,15.38,12,Active,2023-07-28,0.7117255504352279
LOAN71495,CUST10580,Auto,1093400.0,12.9,36,Closed,2025-05-15,1.6970355424491697
LOAN71496,CUST14387,Business,570100.0,13.74,60,Active,2022-03-19,0.8884213807074958
LOAN71497,CUST10515,Personal,1118100.0,13.51,36,Active,2023-03-15,2.264277035236938
LOAN71498,CUST10033,Personal,1356900.0,7.96,12,Active,2024-06-24,1.9453763440860214
LOAN71499,CUST10047,Home,532000.0,15.5,60,Active,2026-01-07,0.23128423615337795
LOAN71500,CUST13259,Personal,376600.0,13.0,60,Pending,2025-05-27,1.4647996888370285
LOAN71501,CUST13884,Auto,358100.0,8.55,36,Closed,2022-05-26,0.7403349183378127
LOAN71502,CUST13733,Business,368500.0,13.11,24,Active,2025-10-09,1.4967506092607636
LOAN71503,CUST11446,Personal,706600.0,8.56,36,Pending,2023-04-27,0.670971417719115
LOAN71504,CUST10806,Home,517100.0,9.01,36,Active,2023-05-19,0.9118321283724211
LOAN71505,CUST12516,Business,1367200.0,16.06,36,Defaulted,2025-08-09,2.2851412334949024
LOAN71506,CUST12816,Home,571800.0,16.21,36,Closed,2022-11-05,0.7455019556714472
LOAN71507,CUST13998,Home,386200.0,15.97,36,Closed,2024-02-17,1.0701025214740925
LOAN71508,CUST10280,Education,426100.0,17.78,36,Defaulted,2024-02-26,1.8550282977797126
LOAN71509,CUST10856,Auto,3037000.0,10.45,48,Pending,2023-08-09,4.675184729064039
LOAN71510,CUST11669,Home,459400.0,15.9,36,Closed,2026-01-18,1.360781990521327
LOAN71511,CUST12218,Personal,457200.0,10.5,24,Closed,2022-09-23,0.5716429107276819
LOAN71512,CUST13662,Auto,1073300.0,9.04,24,Pending,2024-11-27,2.62356392080176
LOAN71513,CUST13875,Education,708800.0,11.56,36,Active,2024-02-11,0.9822616407982262
LOAN71514,CUST14305,Auto,813000.0,15.08,120,Pending,2025-08-09,0.6870035490958256
LOAN71515,CUST14111,Personal,4562600.0,12.28,48,Active,2026-08-28,4.8960188861465825
LOAN71516,CUST10345,Personal,2073500.0,8.12,24,Closed,2024-09-02,6.302431610942249
LOAN71517,CUST14896,Home,1142300.0,16.43,60,Pending,2025-04-11,3.5431141439205955
LOAN71518,CUST11373,Home,639900.0,15.43,84,Pending,2025-10-14,1.7964626614261652
LOAN71519,CUST12422,Auto,3588800.0,15.55,36,Active,2022-04-29,6.33951598657481
LOAN71520,CUST11893,Personal,2206500.0,10.31,60,Active,2022-11-06,1.8721364330561683
LOAN71521,CUST14143,Home,173400.0,14.17,36,Active,2023-08-29,0.4198547215496368
LOAN71522,CUST13846,Business,641600.0,12.297836317135548,84,Closed,2022-06-14,1.9662886913882929
LOAN71523,CUST11237,Personal,301700.0,9.58,48,Active,2025-03-19,0.5236938031591738
LOAN71524,CUST10221,Personal,673900.0,10.35,36,Active,2023-12-18,1.5089565606806987
LOAN71525,CUST11789,Home,1146900.0,13.3,36,Pending,2023-03-10,1.3251299826689775
LOAN71526,CUST10717,Personal,1477700.0,12.297836317135548,60,Closed,2023-04-13,0.4773395354847046
LOAN71527,CUST13015,Personal,1331800.0,10.52,60,Closed,2025-08-20,10.08939393939394
LOAN71528,CUST10613,Personal,204600.0,10.2,84,Closed,2023-06-20,0.9183123877917415
LOAN71529,CUST14948,Business,5000000.0,13.56,84,Pending,2026-04-05,4.171533455698315
LOAN71530,CUST11081,Business,795100.0,14.61,36,Defaulted,2026-05-03,1.752479612078466
LOAN71531,CUST11029,Home,516500.0,10.29,12,Closed,2025-03-01,0.5953204241585984
LOAN71532,CUST11340,Auto,476100.0,11.23,48,Active,2024-08-24,0.34072854791383383
LOAN71533,CUST11147,Personal,1238300.0,12.297836317135548,24,Active,2022-02-10,2.073856975381008
LOAN71534,CUST14615,Personal,353000.0,13.27,84,Active,2025-05-05,0.6183219478017166
LOAN71535,CUST14982,Auto,615400.0,16.24,24,Active,2025-04-28,1.7719550820616181
LOAN71536,CUST11387,Personal,638600.0,10.47,12,Closed,2023-06-09,0.9384276267450404
LOAN71537,CUST11641,Auto,597300.0,15.07,24,Defaulted,2026-01-23,0.23617096991024475
LOAN71538,CUST13984,Education,562700.0,10.13,120,Pending,2024-02-18,2.572930955647005
LOAN71539,CUST14626,Home,1265700.0,10.43,120,Pending,2025-05-25,5.077015643802647
LOAN71541,CUST11990,Personal,143100.0,11.6,36,Closed,2022-03-03,0.4653658536585366
LOAN71542,CUST12391,Personal,385600.0,12.86,24,Active,2024-11-23,1.2663382594417076
LOAN71543,CUST13792,Home,138500.0,8.58,60,Active,2023-02-15,0.2504520795660036
LOAN71544,CUST14600,Auto,656800.0,12.51,120,Pending,2025-04-14,0.35759786573746394
LOAN71545,CUST14967,Business,606300.0,15.57,60,Active,2023-05-18,0.8798432738354375
LOAN71546,CUST13575,Auto,248600.0,9.31,36,Active,2023-12-09,0.37513203561189074
LOAN71547,CUST10303,Home,431600.0,7.83,60,Active,2026-02-23,1.5694545454545454
LOAN71548,CUST12854,Personal,1045100.0,13.28,48,Active,2022-11-14,1.888336796458578
LOAN71549,CUST14863,Personal,746400.0,7.63,12,Active,2026-02-06,0.8747216688151881
LOAN71550,CUST14473,Auto,2016100.0,8.38,48,Active,2024-01-15,20.303121852970797
LOAN71551,CUST14395,Home,217900.0,8.64,84,Pending,2022-09-24,0.18982489763916718
LOAN71553,CUST10728,Personal,259500.0,8.97,36,Active,2022-11-14,0.8911401098901099
LOAN71554,CUST12845,Auto,530700.0,7.92,60,Active,2023-09-03,0.7550149381135297
LOAN71555,CUST11312,Personal,362800.0,8.24,48,Closed,2022-08-08,2.0370578326782707
LOAN71556,CUST13010,Business,194400.0,12.21,60,Closed,2023-04-26,0.4993578217313126
LOAN71557,CUST13291,Personal,2282800.0,13.21,60,Closed,2023-06-14,5.820499745028047
LOAN71558,CUST14885,Personal,353000.0,12.63,84,Pending,2025-12-27,0.9665936473165389
LOAN71559,CUST13137,Home,501100.0,12.71,36,Closed,2023-08-25,0.9054115096214653
LOAN71560,CUST12729,Auto,443200.0,8.13,36,Active,2023-01-18,0.938585345192715
LOAN71561,CUST14070,Education,232900.0,12.79,60,Active,2024-05-12,0.6702158273381295
LOAN71562,CUST12512,Auto,420600.0,12.36,12,Active,2024-06-19,0.2869031377899045
LOAN71563,CUST14314,Home,960700.0,11.8,60,Closed,2024-12-24,2.0462193823216186
LOAN71564,CUST12943,Business,522300.0,11.6,24,Active,2022-09-24,2.8278289117487816
LOAN71565,CUST10494,Home,1508200.0,12.89,48,Active,2022-11-24,2.7248419150858174
LOAN71566,CUST11000,Personal,1208100.0,9.73,60,Active,2025-10-25,1.7900429693287894
LOAN71567,CUST14946,Home,976800.0,7.89,60,Active,2022-06-08,4.614076523382145
LOAN71568,CUST12019,Business,303700.0,11.1,48,Closed,2023-03-25,3.2035864978902953
LOAN71569,CUST13379,Personal,298700.0,9.85,84,Closed,2023-05-06,0.29730267741614413
LOAN71570,CUST11337,Personal,1998000.0,11.71,60,Active,2026-04-01,1.9764566228113563
LOAN71571,CUST11383,Auto,1050200.0,14.1,48,Active,2024-01-10,5.078336557059961
LOAN71573,CUST10890,Personal,419700.0,14.93,60,Closed,2023-03-22,0.6058899956691208
LOAN71574,CUST13901,Business,631200.0,16.41,36,Active,2023-06-11,3.419284940411701
LOAN71575,CUST14703,Personal,1885000.0,13.28,36,Active,2023-03-18,14.204973624717407
LOAN71576,CUST10034,Home,1346500.0,17.09,36,Defaulted,2022-01-23,2.7240542180861826
LOAN71577,CUST14681,Business,518700.0,15.88,84,Active,2025-04-16,2.6545547594677585
LOAN71578,CUST13957,Business,1617100.0,15.84,36,Closed,2026-06-22,1.504279069767442
LOAN71579,CUST13380,Home,2217000.0,12.14,60,Closed,2025-07-15,1.8831223987089103
LOAN71580,CUST10433,Auto,433100.0,10.22,48,Pending,2026-06-12,1.7044470680834318
LOAN71581,CUST11800,Home,656100.0,13.67,60,Pending,2022-03-08,1.3757601174250367
LOAN71582,CUST11061,Personal,319000.0,10.22,24,Closed,2024-03-30,0.26892598212780305
LOAN71583,CUST12594,Personal,513300.0,8.84,12,Closed,2024-06-10,0.8207547169811321
LOAN71584,CUST13501,Home,1622700.0,12.1,60,Closed,2024-02-17,1.8630309988518943
LOAN71585,CUST14257,Business,572500.0,13.27,24,Active,2023-07-06,2.938911704312115
LOAN71586,CUST13085,Home,1758000.0,9.99,36,Active,2023-08-06,2.7104532839962996
LOAN71587,CUST13308,Auto,326300.0,15.57,24,Defaulted,2025-01-10,0.48205052444969715
LOAN71588,CUST10164,Home,470400.0,15.42,60,Active,2024-02-06,1.4079616881173302
LOAN71589,CUST12747,Home,1442200.0,16.18,24,Defaulted,2024-03-06,2.41858125104813
LOAN71590,CUST11562,Personal,668800.0,12.73,24,Closed,2025-07-27,3.8458884416331225
LOAN71591,CUST11668,Personal,975300.0,13.41,120,Defaulted,2023-01-21,5.833133971291866
LOAN71592,CUST13884,Home,254000.0,13.4,12,Active,2025-12-04,0.525118875335952
LOAN71593,CUST14205,Home,633000.0,8.99,60,Active,2024-12-08,1.2639776357827477
LOAN71594,CUST11008,Business,1153000.0,9.0,36,Closed,2024-09-12,1.7782233189389265
LOAN71595,CUST11767,Personal,975000.0,15.47,60,Active,2022-08-10,3.0083307621104596
LOAN71596,CUST10624,Personal,247200.0,12.53,36,Pending,2025-06-09,0.5375081539465101
LOAN71597,CUST13005,Education,847900.0,9.28,36,Active,2024-04-29,2.225459317585302
LOAN71598,CUST13270,Home,399900.0,15.58,48,Active,2024-12-18,0.9587628865979382
LOAN71599,CUST13917,Personal,215800.0,11.89,12,Pending,2022-07-01,0.9716343989194057
LOAN71600,CUST13206,Home,1909700.0,7.52,60,Active,2022-05-14,3.099659146242493
LOAN71601,CUST13589,Education,454800.0,7.79,60,Closed,2023-05-31,0.36668547931951945
LOAN71602,CUST10831,Business,383500.0,16.49,48,Active,2025-10-27,1.715883668903803
LOAN71603,CUST13616,Auto,707100.0,10.21,36,Active,2025-10-09,0.7467525609884887
LOAN71604,CUST10324,Education,1089500.0,16.32,48,Closed,2024-02-24,2.509212344541686
LOAN71605,CUST14327,Auto,308400.0,11.01,84,Active,2023-09-23,0.4000518874043326
LOAN71606,CUST10195,Business,171100.0,13.92,36,Active,2025-11-08,0.1564557425018288
LOAN71607,CUST13791,Business,612250.0,15.79,36,Active,2025-02-04,1.517348203221809
LOAN71608,CUST13173,Education,1115000.0,15.52,60,Active,2025-08-20,0.947243224874692
LOAN71609,CUST11956,Education,646600.0,10.3,36,Active,2022-10-18,0.3917363383012238
LOAN71610,CUST13830,Personal,1087800.0,16.05,12,Active,2024-03-04,7.013539651837524
LOAN71611,CUST12345,Home,2295400.0,15.58,36,Closed,2023-06-04,3.720259319286872
LOAN71612,CUST11912,Auto,480900.0,10.33,12,Active,2026-06-07,1.6424180327868851
LOAN71613,CUST11699,Personal,147500.0,8.93,36,Closed,2022-07-10,0.2940590111642743
LOAN71614,CUST14730,Auto,265100.0,10.78,36,Closed,2023-07-07,0.7838557066824364
LOAN71615,CUST11946,Personal,859200.0,13.96,12,Active,2026-08-22,1.0385591683790645
LOAN71616,CUST12258,Personal,1099800.0,9.5,36,Active,2024-05-17,1.2124352331606219
LOAN71617,CUST10028,Personal,488200.0,9.68,60,Active,2025-11-26,0.9734795613160518
LOAN71618,CUST14135,Personal,1164400.0,8.03,84,Active,2025-08-16,5.200535953550692
LOAN71619,CUST13696,Personal,1094800.0,15.22,36,Closed,2022-09-13,0.7866072711596493
LOAN71620,CUST12863,Education,392500.0,14.1,12,Active,2022-05-08,1.1883136542537087
LOAN71621,CUST12753,Business,1957700.0,10.19,60,Pending,2025-09-22,6.115901280849735
LOAN71622,CUST14993,Home,778000.0,13.97,120,Closed,2026-01-22,1.3251575540793732
LOAN71623,CUST11200,Personal,652300.0,15.23,24,Pending,2022-09-26,0.33103273280893175
LOAN71624,CUST10533,Personal,2174800.0,12.89,36,Closed,2025-06-22,1.8329540665823851
LOAN71625,CUST10633,Business,855600.0,17.67,60,Defaulted,2023-06-27,3.8610108303249095
LOAN71626,CUST10307,Personal,705200.0,11.08,48,Pending,2025-01-07,0.8342600260262628
LOAN71627,CUST11887,Personal,231800.0,12.21,24,Pending,2023-05-02,0.4853433835845896
LOAN71628,CUST11028,Personal,662000.0,13.86,84,Closed,2026-01-31,1.579575280362682
LOAN71629,CUST11482,Business,5000000.0,8.17,24,Active,2025-10-12,14.806040864672786
LOAN71630,CUST13102,Business,691700.0,10.95,12,Pending,2024-12-22,2.871315898713159
LOAN71631,CUST13009,Personal,800600.0,10.19,24,Closed,2025-07-01,0.836747491638796
LOAN71632,CUST11718,Home,527700.0,13.88,24,Active,2026-04-19,0.3718030014796026
LOAN71633,CUST11735,Business,185200.0,14.92,48,Active,2025-05-24,0.25098251795636267
LOAN71634,CUST10953,Business,5000000.0,11.79,48,Pending,2024-02-10,12.683916793505835
LOAN71635,CUST12212,Education,284500.0,8.7,48,Active,2026-06-05,0.3859720526387193
LOAN71636,CUST10342,Personal,670700.0,15.25,60,Active,2025-10-26,1.211852922576565
LOAN71637,CUST12924,Home,820500.0,12.16,60,Closed,2025-11-02,0.5322737593253325
LOAN71638,CUST11378,Auto,454400.0,8.4,60,Active,2024-10-18,0.8210317101815883
LOAN71639,CUST13984,Auto,1333200.0,12.61,84,Closed,2023-07-20,6.096021947873799
LOAN71640,CUST10999,Personal,444400.0,8.01,60,Pending,2023-07-28,0.9277661795407098
LOAN71641,CUST14603,Personal,144000.0,16.23,36,Active,2024-03-31,0.2568676418123439
LOAN71642,CUST10675,Business,308900.0,16.36,48,Active,2023-12-02,0.6400745959386656
LOAN71643,CUST12865,Home,367400.0,12.1,60,Pending,2025-06-03,0.5966222799610263
LOAN71644,CUST10810,Home,1170300.0,11.31,12,Closed,2022-01-27,3.419929865575687
LOAN71645,CUST11149,Home,433700.0,13.39,24,Active,2026-01-17,0.2086701308698999
LOAN71646,CUST12045,Business,597500.0,11.74,24,Closed,2022-05-11,1.0795916523624538
LOAN71647,CUST13198,Education,2598000.0,14.03,60,Active,2023-01-30,9.919816723940436
LOAN71648,CUST14598,Auto,1086200.0,13.67,84,Active,2026-02-16,1.1858078602620088
LOAN71649,CUST11183,Home,108400.0,10.69,24,Closed,2025-08-24,0.16715497301464918
LOAN71650,CUST14294,Home,889100.0,7.95,36,Closed,2024-04-06,0.8189941046425939
LOAN71652,CUST13437,Home,1866300.0,12.35,36,Active,2024-10-07,1.736577649576626
LOAN71653,CUST12418,Home,77000.0,13.4,12,Active,2024-03-28,0.17595978062157222
LOAN71654,CUST12989,Auto,281600.0,13.13,36,Active,2024-08-02,0.13987681303397576
LOAN71655,CUST12836,Education,1827100.0,15.41,36,Pending,2024-03-31,2.4710576142818503
LOAN71656,CUST10727,Business,157500.0,12.24,36,Active,2025-06-24,0.16334785314250155
LOAN71657,CUST11690,Education,728600.0,13.67,60,Defaulted,2024-05-09,2.3841623036649215
LOAN71658,CUST14547,Personal,896800.0,11.75,60,Active,2024-10-23,2.569627507163324
LOAN71659,CUST12678,Personal,1409300.0,16.0,84,Closed,2023-04-16,2.2274379642800697
LOAN71660,CUST10135,Auto,695800.0,9.37,60,Closed,2023-09-22,1.1054972990149348
LOAN71661,CUST11260,Auto,589600.0,9.68,12,Active,2026-06-14,1.2064661346429302
LOAN71662,CUST11435,Personal,488600.0,11.77,60,Pending,2025-12-14,0.4599021084337349
LOAN71663,CUST14660,Personal,1155800.0,14.11,60,Active,2023-01-16,5.009969657563936
LOAN71664,CUST14169,Home,521100.0,10.25,24,Active,2023-12-25,1.332395806699054
LOAN71665,CUST10530,Personal,379600.0,10.75,60,Active,2024-08-11,0.6230100114885935
LOAN71666,CUST13165,Business,111900.0,13.17,24,Active,2025-01-18,0.14989953114534493
LOAN71667,CUST14165,Education,612250.0,10.69,48,Closed,2025-08-29,0.6658510059815117
LOAN71668,CUST11036,Education,429300.0,13.98,84,Pending,2022-01-19,0.20821612183528956
LOAN71669,CUST11369,Home,188200.0,17.45,24,Defaulted,2026-06-27,0.1314337593407361
LOAN71670,CUST13309,Business,1372400.0,7.91,48,Closed,2023-01-05,3.343239951278928
LOAN71671,CUST11997,Home,760300.0,15.01,60,Active,2025-01-09,3.4094170403587443
LOAN71672,CUST10991,Auto,1168500.0,14.57,36,Pending,2022-09-19,3.9799046321525884
LOAN71673,CUST11810,Home,1743600.0,13.16,84,Active,2022-02-08,0.974677175918162
LOAN71674,CUST10021,Personal,1381800.0,12.86,60,Active,2023-05-31,0.9300040382285637
LOAN71675,CUST10944,Education,966700.0,15.63,24,Pending,2025-11-06,1.474077462641049
LOAN71676,CUST12865,Personal,772100.0,14.98,24,Active,2026-02-22,1.2538161740824942
LOAN71677,CUST12504,Home,511900.0,7.68,36,Closed,2026-03-28,0.4254134463558547
LOAN71678,CUST14136,Personal,354400.0,15.77,36,Pending,2023-03-14,0.5131026494860287
LOAN71679,CUST10285,Business,567200.0,15.4,120,Active,2025-11-09,1.2643780650913954
LOAN71680,CUST10566,Personal,426200.0,13.31,24,Active,2026-05-30,0.7708446373666125
LOAN71681,CUST11477,Personal,521800.0,14.57,36,Closed,2022-05-04,0.26360191967668606
LOAN71682,CUST12698,Personal,2083100.0,14.97,48,Pending,2025-04-18,3.4568536342515763
LOAN71683,CUST14464,Personal,782100.0,16.07,48,Active,2022-09-10,1.1624554102259215
LOAN71684,CUST11282,Auto,450300.0,14.46,36,Closed,2024-01-05,0.28059571286141577
LOAN71685,CUST12315,Personal,532900.0,15.0,24,Closed,2023-02-05,1.616317864725508
LOAN71686,CUST12097,Home,1528600.0,8.27,84,Active,2024-12-07,5.841039358043561
LOAN71687,CUST10404,Auto,286600.0,9.31,48,Closed,2025-06-07,0.16608715808993973
LOAN71688,CUST10807,Education,1637800.0,16.16,24,Closed,2023-01-08,3.6705513222770056
LOAN71689,CUST13049,Personal,299100.0,10.96,60,Active,2023-03-17,0.24099589074208363
LOAN71690,CUST13700,Personal,702000.0,11.68,24,Active,2023-02-18,2.2859003581895148
LOAN71691,CUST14972,Personal,334000.0,8.94,24,Closed,2024-04-06,0.3478441991251823
LOAN71692,CUST12744,Education,1049400.0,14.68,60,Active,2022-08-19,1.5883154230361738
LOAN71693,CUST14477,Personal,922200.0,15.27,24,Pending,2026-04-25,4.228335625859698
LOAN71694,CUST12688,Personal,967100.0,14.98,48,Active,2022-06-09,2.8553291998819015
LOAN71695,CUST13607,Personal,671500.0,9.54,60,Active,2026-06-04,1.1379427215726148
LOAN71696,CUST11922,Personal,195900.0,8.94,24,Active,2025-03-15,0.9094707520891365
LOAN71697,CUST12801,Personal,617100.0,8.23,36,Closed,2025-12-23,1.884850335980452
LOAN71698,CUST10432,Personal,648900.0,15.25,48,Closed,2025-11-09,2.490978886756238
LOAN71699,CUST13760,Personal,617300.0,13.44,24,Active,2023-11-21,1.7418171557562077
LOAN71700,CUST14355,Personal,766600.0,10.39,84,Active,2023-02-24,0.22753175828089756
LOAN71701,CUST12461,Auto,687900.0,12.54,48,Active,2022-10-20,0.46643612693246544
LOAN71702,CUST10064,Home,167500.0,17.25,48,Defaulted,2023-09-24,0.15909954407294832
LOAN71703,CUST14078,Home,168900.0,12.22,36,Active,2024-08-19,0.21221258952129665
LOAN71704,CUST11588,Business,633200.0,15.03,36,Active,2025-01-26,0.6619276604641439
LOAN71705,CUST11924,Home,1047300.0,9.89,12,Active,2026-07-05,1.8923118619568164
LOAN71706,CUST13690,Business,453500.0,10.9,24,Active,2024-04-08,0.25618574172409897
LOAN71707,CUST10045,Auto,1357000.0,15.85,12,Active,2025-02-09,1.3895146426377227
LOAN71708,CUST13018,Home,424700.0,11.41,36,Active,2026-04-10,0.6457351376007299
LOAN71709,CUST11239,Auto,1047600.0,16.3,36,Pending,2025-12-19,1.4870120652945351
LOAN71710,CUST14416,Business,123600.0,9.73,60,Active,2023-04-08,0.3405896941306145
LOAN71711,CUST11342,Home,80400.0,15.44,24,Pending,2026-03-18,0.04934937392585318
LOAN71712,CUST10280,Personal,635800.0,9.41,24,Closed,2024-02-17,2.767958206356117
LOAN71713,CUST12667,Business,281100.0,16.33,24,Active,2024-07-12,0.6990798308878389
LOAN71714,CUST14262,Personal,573800.0,12.04,12,Active,2023-04-17,1.2905982905982907
LOAN71715,CUST14618,Business,992400.0,13.93,84,Pending,2025-01-19,2.899211218229623
LOAN71716,CUST10121,Personal,447500.0,16.47,84,Active,2022-06-05,1.7971887550200802
LOAN71717,CUST11677,Business,839300.0,11.51,48,Active,2023-08-25,1.1031808622502628
LOAN71718,CUST10384,Personal,1312300.0,8.64,36,Closed,2022-07-21,2.601704996034893
LOAN71719,CUST13810,Personal,1965900.0,13.62,36,Active,2026-07-15,1.8299357721306897
LOAN71720,CUST13061,Personal,1878400.0,13.64,48,Active,2025-05-20,2.9285937012784533
LOAN71721,CUST11815,Auto,185700.0,11.75,84,Active,2023-07-07,0.33273606880487366
LOAN71722,CUST12912,Personal,378400.0,14.55,60,Closed,2025-01-03,1.8603736479842674
LOAN71723,CUST13469,Education,545800.0,13.02,36,Active,2026-08-08,1.0482043403111196
LOAN71724,CUST10443,Personal,1483500.0,15.26,24,Active,2024-11-28,2.5432881878964513
LOAN71725,CUST13356,Personal,586800.0,15.28,84,Active,2023-03-04,0.6491150442477877
LOAN71726,CUST13989,Home,1038800.0,12.2,36,Closed,2024-04-02,2.864864864864865
LOAN71727,CUST12770,Business,350800.0,15.32,60,Active,2026-08-04,1.8328108672936259
LOAN71728,CUST12406,Personal,193500.0,8.98,48,Active,2024-08-13,0.07086614173228346
LOAN71729,CUST12809,Personal,254400.0,14.66,60,Active,2026-01-02,0.3906633906633907
LOAN71730,CUST10769,Personal,159600.0,14.27,60,Active,2025-05-08,0.23000432338953739
LOAN71731,CUST10818,Personal,283900.0,12.72,60,Pending,2022-08-03,0.8765050941648657
LOAN71732,CUST13054,Auto,1104200.0,12.78,84,Active,2026-06-11,3.7776257269928157
LOAN71733,CUST14872,Business,1601200.0,11.23,36,Active,2025-02-06,2.8071528751753156
LOAN71734,CUST12386,Education,357800.0,16.47,36,Pending,2022-07-08,0.6004363148179225
LOAN71735,CUST14317,Personal,1990000.0,9.24,12,Active,2025-09-09,4.317639401171621
LOAN71736,CUST11667,Business,373300.0,16.45,84,Pending,2024-03-02,0.6564093546685423
LOAN71737,CUST13558,Home,828700.0,14.74,12,Active,2025-11-24,0.5394831065685828
LOAN71738,CUST13285,Education,531100.0,12.43,36,Active,2023-01-22,0.2777283898969827
LOAN71739,CUST13973,Personal,131400.0,10.34,36,Active,2023-10-18,0.3633849557522124
LOAN71740,CUST13674,Home,614600.0,14.82,12,Pending,2024-09-29,0.7751292722915878
LOAN71741,CUST13023,Business,431500.0,13.39,60,Pending,2022-08-01,0.3491382797961
LOAN71742,CUST10036,Home,1624500.0,7.72,24,Active,2024-09-23,3.225774424146148
LOAN71743,CUST12896,Home,284800.0,11.19,84,Active,2023-07-24,0.5181950509461426
LOAN71744,CUST13155,Auto,999200.0,9.92,48,Pending,2025-06-15,1.8054024753816966
LOAN71745,CUST12631,Personal,1684800.0,15.4,48,Pending,2023-12-14,7.2464516129032255
LOAN71746,CUST12686,Auto,589700.0,8.94,60,Active,2023-03-27,0.6552222222222223
LOAN71747,CUST14823,Personal,420500.0,14.7,60,Pending,2026-08-03,0.8800753453327752
LOAN71748,CUST14393,Auto,1005300.0,11.0,24,Active,2024-02-26,1.9550758459743292
LOAN71749,CUST14560,Education,1318400.0,16.83,84,Defaulted,2024-03-25,2.9097329507834915
LOAN71750,CUST11707,Personal,413100.0,8.47,36,Active,2024-01-08,1.8070866141732282
LOAN71751,CUST10188,Auto,508000.0,15.29,24,Active,2023-07-02,1.146726862302483
LOAN71752,CUST10974,Personal,1212500.0,14.12,12,Active,2025-10-11,2.1908031439154394
LOAN71753,CUST14050,Home,884900.0,13.54,120,Closed,2023-04-26,1.1375498136007198
LOAN71754,CUST11265,Personal,747800.0,12.96,12,Closed,2022-03-26,0.8273954414693516
LOAN71755,CUST14806,Auto,275400.0,9.95,48,Closed,2025-12-20,0.3430493273542601
LOAN71756,CUST10770,Auto,998700.0,8.51,60,Active,2023-06-30,1.984697933227345
LOAN71757,CUST12993,Personal,651100.0,9.93,60,Pending,2024-12-10,2.041705863907181
LOAN71758,CUST14688,Personal,985700.0,10.79,12,Pending,2024-12-02,1.9403543307086615
LOAN71759,CUST12307,Home,570900.0,16.23,36,Active,2024-07-05,1.205447635135135
LOAN71760,CUST13008,Personal,502900.0,12.23,60,Active,2025-08-09,0.8640893470790378
LOAN71761,CUST14763,Business,277300.0,8.81,12,Active,2022-02-04,0.6480486094881982
LOAN71762,CUST10142,Business,598000.0,8.41,36,Active,2022-04-26,0.8477459597391551
LOAN71763,CUST12508,Home,371300.0,8.95,60,Active,2024-03-06,0.45930232558139533
LOAN71764,CUST14925,Personal,336000.0,11.08,60,Active,2025-01-04,1.5080789946140036
LOAN71765,CUST10444,Auto,771000.0,11.72,24,Active,2024-10-09,0.9787990351656722
LOAN71766,CUST11063,Business,612250.0,8.64,48,Active,2022-10-05,0.8571328573428532
LOAN71767,CUST14872,Personal,516900.0,9.01,36,Pending,2026-07-29,0.9062061711079944
LOAN71768,CUST13849,Business,767500.0,9.23,24,Closed,2024-08-15,1.596297836938436
LOAN71769,CUST12476,Education,346000.0,9.85,24,Closed,2022-08-07,0.3979756153669197
LOAN71770,CUST14892,Auto,554900.0,13.07,120,Closed,2025-09-28,1.2617098681218735
LOAN71771,CUST10534,Business,1955100.0,14.24,24,Closed,2022-06-09,3.488135593220339
LOAN71772,CUST10539,Personal,1607000.0,15.11,12,Closed,2025-01-31,1.0768612209341286
LOAN71773,CUST10526,Business,2882200.0,11.35,48,Active,2022-07-26,5.207697172282953
LOAN71774,CUST13601,Personal,673800.0,16.07,36,Pending,2026-01-01,1.4631921824104235
LOAN71775,CUST13239,Auto,940200.0,16.25,24,Closed,2024-03-27,0.412821075740944
LOAN71776,CUST11527,Auto,381200.0,17.85,60,Defaulted,2023-07-05,2.426479949077021
LOAN71777,CUST14940,Personal,903300.0,8.76,36,Active,2024-11-13,3.2249196715458766
LOAN71778,CUST10649,Business,3753400.0,8.43,36,Active,2025-09-05,6.778761061946903
LOAN71779,CUST12031,Business,339900.0,7.87,120,Active,2024-12-04,1.1897094854742738
LOAN71780,CUST14329,Business,977800.0,16.28,36,Active,2022-11-03,0.44859384318942974
LOAN71781,CUST13310,Education,839200.0,16.42,12,Pending,2024-01-22,1.111817700052994
LOAN71782,CUST14961,Home,1057600.0,10.41,36,Active,2023-10-25,0.9322990126939351
LOAN71784,CUST12628,Auto,384700.0,15.73,48,Pending,2025-06-08,1.053107035313441
LOAN71785,CUST14732,Personal,183300.0,7.96,60,Active,2025-11-13,0.2693211871877755
LOAN71786,CUST12178,Home,235300.0,14.62,24,Active,2025-05-25,0.21255645889792232
LOAN71787,CUST13763,Personal,840300.0,12.44,24,Active,2023-06-06,1.7993576017130621
LOAN71788,CUST13217,Personal,1366000.0,14.17,60,Active,2026-03-19,2.4681543048152497
LOAN71789,CUST11165,Personal,1455600.0,10.34,60,Pending,2022-12-06,1.3140742078180012
LOAN71790,CUST14451,Auto,947200.0,10.56,36,Closed,2022-12-12,1.9177971249240737
LOAN71791,CUST12635,Personal,1390200.0,12.29,24,Closed,2025-05-16,4.629370629370629
LOAN71792,CUST12650,Home,232800.0,14.62,60,Active,2022-11-04,0.12205735856970587
LOAN71793,CUST12822,Personal,180500.0,11.78,36,Active,2025-11-14,0.19583378539654986
LOAN71794,CUST10752,Personal,1354900.0,16.46,48,Closed,2025-10-09,1.6369457532922556
LOAN71795,CUST10345,Auto,398800.0,14.5,60,Defaulted,2023-04-27,1.2121580547112463
LOAN71796,CUST14416,Personal,451700.0,7.68,60,Closed,2022-07-22,1.2446955084045193
LOAN71797,CUST10201,Business,1158200.0,11.05,24,Active,2024-04-15,1.227166772621318
LOAN71798,CUST13144,Personal,164300.0,13.6,36,Closed,2023-09-26,0.348019487396738
LOAN71799,CUST12864,Personal,252300.0,13.95,60,Closed,2023-05-03,0.45586773872978587
LOAN71800,CUST14519,Auto,1723200.0,12.57,60,Active,2022-04-16,5.176329227996395
LOAN71801,CUST11880,Personal,206800.0,12.297836317135548,60,Closed,2024-11-12,0.2673561732385262
LOAN71802,CUST10646,Education,175100.0,10.47,60,Pending,2022-02-11,0.1581323941118035
LOAN71803,CUST10291,Personal,264300.0,15.28,36,Active,2024-10-19,0.4778521063098897
LOAN71804,CUST14506,Personal,880400.0,10.39,12,Closed,2024-07-01,1.5907489384768272
LOAN71805,CUST14390,Education,1270700.0,12.57,60,Active,2026-01-06,2.0651714610758978
LOAN71806,CUST11178,Personal,313700.0,14.86,24,Active,2022-04-21,0.9223757718318142
LOAN71807,CUST11081,Personal,612250.0,14.42,36,Defaulted,2022-08-11,1.3494599955918007
LOAN71808,CUST12196,Personal,33100.0,10.1,48,Active,2024-05-05,0.16887755102040816
LOAN71809,CUST13571,Personal,893200.0,9.17,36,Active,2024-12-17,0.923204134366925
LOAN71810,CUST12715,Education,1593200.0,10.58,48,Pending,2025-08-23,2.617381304419254
LOAN71811,CUST12898,Home,956800.0,7.91,24,Active,2024-05-13,3.90530612244898
LOAN71812,CUST10405,Business,172600.0,12.76,48,Pending,2026-02-04,0.32701780977643047
LOAN71813,CUST12401,Personal,361500.0,7.56,24,Active,2022-02-14,0.6
LOAN71814,CUST10174,Personal,260100.0,7.71,60,Active,2022-05-17,0.4243759177679883
LOAN71815,CUST13203,Business,713600.0,16.16,36,Active,2022-07-20,1.3263940520446096
LOAN71816,CUST14576,Personal,612200.0,15.62,24,Defaulted,2025-07-11,2.3867446393762184
LOAN71817,CUST12045,Personal,150200.0,8.02,48,Closed,2022-07-16,0.2713885626524528
LOAN71818,CUST10476,Personal,547900.0,13.89,12,Active,2022-11-12,1.2197239536954585
LOAN71819,CUST14072,Business,3095100.0,14.89,60,Active,2024-06-11,4.799348736238176
LOAN71820,CUST12395,Personal,431400.0,11.66,84,Closed,2023-07-27,0.491399931655086
LOAN71821,CUST12380,Personal,612250.0,17.32,48,Defaulted,2023-07-25,0.6682492905479153
LOAN71822,CUST10635,Personal,3480800.0,12.52,36,Active,2026-06-12,7.724811362627608
LOAN71823,CUST12400,Personal,1405800.0,14.28,48,Active,2025-04-27,1.76941472624292
LOAN71824,CUST14748,Auto,589700.0,9.31,24,Closed,2024-03-16,2.022984562607204
LOAN71825,CUST12238,Home,443700.0,11.49,36,Active,2026-08-24,1.8199343724364232
LOAN71826,CUST11722,Personal,722100.0,9.98,12,Closed,2026-08-12,1.3796331677493312
LOAN71827,CUST11868,Business,391600.0,16.47,24,Defaulted,2023-08-16,0.2790962867935286
LOAN71828,CUST13808,Auto,858000.0,9.84,60,Active,2025-11-17,1.7267055745622861
LOAN71829,CUST14805,Home,1255400.0,8.67,48,Active,2024-03-11,7.463733650416171
LOAN71830,CUST13473,Personal,827300.0,16.7,60,Defaulted,2025-11-14,2.0457467853610285
LOAN71831,CUST13343,Auto,137600.0,12.48,24,Active,2024-08-16,0.23537461512145055
LOAN71832,CUST13010,Personal,1772000.0,9.33,24,Active,2023-11-23,4.5517595684562036
LOAN71833,CUST13683,Business,505200.0,16.05,60,Closed,2023-03-10,0.541363051864552
LOAN71834,CUST11325,Home,665600.0,12.09,60,Pending,2025-01-15,0.7458538771851188
LOAN71835,CUST12488,Auto,660200.0,13.11,60,Active,2026-06-19,1.2623326959847037
LOAN71836,CUST13763,Home,754400.0,8.65,60,Closed,2026-01-02,1.6154175588865096
LOAN71837,CUST13515,Home,469000.0,16.1,36,Active,2023-07-24,1.4033512866546978
LOAN71838,CUST10331,Auto,185900.0,13.71,36,Closed,2023-10-20,0.16784037558685447
LOAN71839,CUST14008,Home,413400.0,12.95,48,Active,2022-02-22,0.4991547935281333
LOAN71840,CUST12979,Business,225100.0,13.39,36,Active,2022-06-03,0.25906318333525147
LOAN71841,CUST10120,Business,480500.0,12.72,60,Closed,2023-10-14,2.771049596309112
LOAN71842,CUST14649,Business,472500.0,14.18,24,Defaulted,2026-01-23,2.2705430081691493
LOAN71843,CUST10728,Personal,592200.0,14.72,24,Active,2025-08-10,2.0336538461538463
LOAN71844,CUST11791,Personal,1448000.0,13.2,60,Active,2023-02-10,13.115942028985508
LOAN71845,CUST14726,Home,868200.0,9.15,120,Active,2022-10-04,2.864401187726823
LOAN71846,CUST14118,Home,1940600.0,11.36,48,Pending,2022-11-23,1.2042944023830209
LOAN71847,CUST12049,Business,199900.0,8.04,60,Closed,2025-01-30,1.3949755757152826
LOAN71848,CUST13928,Auto,1949200.0,11.58,24,Active,2023-12-21,3.7333844091170274
LOAN71849,CUST12302,Personal,688400.0,15.13,60,Active,2026-08-19,0.2692112158304329
LOAN71850,CUST14654,Home,295100.0,8.19,36,Active,2024-04-22,0.8861861861861862
LOAN71851,CUST11283,Home,126900.0,8.59,36,Active,2022-08-31,0.07788142874677796
LOAN71852,CUST12865,Home,1298500.0,14.49,36,Active,2024-03-29,2.108639168561221
LOAN71854,CUST13966,Home,669900.0,13.85,60,Active,2026-06-06,0.7731102135025967
LOAN71855,CUST14578,Personal,385200.0,13.33,60,Active,2025-12-04,0.7644373883707085
LOAN71856,CUST12483,Auto,759000.0,15.1,12,Pending,2026-07-27,3.7537091988130564
LOAN71857,CUST14634,Auto,801500.0,8.47,48,Active,2026-07-22,1.643428337092475
LOAN71858,CUST13632,Business,1297300.0,16.49,24,Active,2026-03-12,8.518056467498358
LOAN71859,CUST14317,Personal,104900.0,10.46,36,Active,2023-08-21,0.22759817747884573
LOAN71860,CUST11625,Personal,262100.0,14.44,84,Active,2024-07-12,0.224650724265021
LOAN71861,CUST11910,Business,2668500.0,11.84,84,Pending,2025-06-29,2.025273224043716
LOAN71862,CUST10114,Personal,230400.0,15.09,60,Active,2025-07-06,0.23225806451612904
LOAN71863,CUST12922,Personal,575000.0,8.77,24,Closed,2025-09-05,1.0954467517622404
LOAN71864,CUST13545,Personal,151600.0,13.99,84,Active,2026-05-16,0.40917678812415653
LOAN71865,CUST14909,Personal,423900.0,10.93,60,Active,2024-10-18,0.5579099763095552
LOAN71866,CUST12749,Business,742700.0,16.57,84,Defaulted,2022-06-03,0.7170995462006372
LOAN71867,CUST13704,Personal,1031400.0,14.38,60,Active,2024-05-29,0.6986384881121723
LOAN71868,CUST10906,Business,501700.0,11.77,84,Active,2024-11-24,2.809070548712206
LOAN71869,CUST12530,Personal,1174600.0,12.4,36,Active,2022-02-20,1.512295609630488
LOAN71870,CUST10030,Personal,327300.0,14.91,60,Active,2024-09-27,0.6064480266814897
LOAN71871,CUST11935,Personal,1495900.0,10.43,84,Active,2024-01-18,4.174993022606754
LOAN71872,CUST10092,Personal,2310400.0,14.76,12,Active,2023-10-01,9.33872271624899
LOAN71873,CUST14252,Personal,679700.0,11.3,24,Active,2024-08-11,2.700437028208184
LOAN71874,CUST13389,Auto,1307400.0,8.65,36,Active,2023-10-15,1.3887826641172722
LOAN71875,CUST10077,Auto,3843500.0,8.03,36,Pending,2026-06-13,7.970759021153048
LOAN71876,CUST11436,Home,667100.0,10.1,24,Active,2024-01-19,2.239342061094327
LOAN71877,CUST10882,Personal,894300.0,12.297836317135548,60,Closed,2026-01-18,0.3475304084249796
LOAN71878,CUST13120,Home,770200.0,16.28,36,Pending,2022-01-21,0.36137568620091026
LOAN71879,CUST12353,Auto,264300.0,10.43,60,Active,2023-12-08,0.7080096437181891
LOAN71880,CUST14309,Home,702400.0,12.56,48,Pending,2024-04-01,2.0017098888572242
LOAN71881,CUST11050,Personal,1808100.0,13.68,60,Pending,2022-02-22,2.272338821163755
LOAN71882,CUST11297,Education,1259100.0,11.52,84,Pending,2023-06-22,2.275002258559942
LOAN71883,CUST11041,Auto,854200.0,11.71,24,Pending,2026-06-24,1.5434095220887163
LOAN71884,CUST11153,Personal,253800.0,9.08,48,Active,2023-12-10,0.30373384394447106
LOAN71885,CUST12485,Home,259000.0,10.07,24,Closed,2022-04-20,0.4679736200198753
LOAN71886,CUST13492,Personal,258000.0,11.49,36,Active,2025-10-25,0.37719298245614036
LOAN71887,CUST13475,Personal,1164400.0,13.8,60,Closed,2025-12-01,1.3545835272219637
LOAN71888,CUST11891,Business,1693900.0,13.61,60,Active,2022-01-22,1.8688217122683142
LOAN71889,CUST10347,Home,828300.0,8.15,36,Closed,2024-08-12,2.4191004672897196
LOAN71890,CUST13393,Personal,808400.0,9.78,84,Active,2024-03-27,2.35479172735217
LOAN71891,CUST11088,Personal,2882400.0,14.84,36,Defaulted,2024-09-03,4.6081534772182255
LOAN71892,CUST12516,Personal,300900.0,14.22,36,Pending,2026-06-07,0.5029249540364366
LOAN71893,CUST14266,Business,1305900.0,7.63,24,Closed,2022-01-31,4.99197247706422
LOAN71894,CUST13406,Personal,254100.0,16.41,48,Active,2022-05-17,0.2301838934686113
LOAN71895,CUST10977,Personal,1413000.0,11.22,120,Closed,2023-01-02,4.243243243243243
LOAN71896,CUST13476,Personal,775000.0,7.79,12,Active,2026-02-24,1.11864896073903
LOAN71897,CUST14512,Business,492500.0,15.13,48,Active,2023-06-15,0.5759560285346743
LOAN71898,CUST14266,Personal,295500.0,14.33,60,Defaulted,2025-04-06,1.1295871559633028
LOAN71899,CUST12138,Home,1293500.0,10.44,24,Active,2025-09-24,1.251572327044025
LOAN71900,CUST11235,Auto,763700.0,14.88,36,Active,2024-04-17,1.1647094707945707
LOAN71901,CUST14478,Business,441500.0,9.13,60,Active,2025-06-08,0.7977233715782817
LOAN71902,CUST11281,Education,1467700.0,11.57,24,Active,2024-05-23,2.3131599684791175
LOAN71903,CUST14428,Business,995700.0,7.86,60,Active,2024-02-15,0.4964104098115465
LOAN71904,CUST13255,Home,276400.0,7.91,60,Active,2024-08-23,0.7009890945980218
LOAN71905,CUST10388,Personal,1251600.0,11.6,48,Closed,2025-07-15,0.9768204167642238
LOAN71906,CUST12251,Home,123600.0,12.76,84,Active,2026-08-27,0.021864883511118188
LOAN71907,CUST14353,Personal,1175800.0,14.94,84,Closed,2026-01-05,3.8412283567461616
LOAN71909,CUST10310,Auto,623100.0,15.67,24,Defaulted,2025-03-05,2.156801661474559
LOAN71910,CUST14467,Home,1651500.0,15.13,60,Pending,2025-09-24,0.8683878430960144
LOAN71911,CUST14866,Business,194300.0,16.25,120,Closed,2024-10-31,0.2419676214196762
LOAN71912,CUST13195,Business,181200.0,11.21,24,Closed,2022-09-30,0.3039248574303925
LOAN71913,CUST13160,Business,526500.0,16.22,48,Pending,2023-12-22,1.2659293099302718
LOAN71914,CUST13034,Business,121900.0,9.82,36,Pending,2025-06-01,0.10321761219305674
LOAN71915,CUST11347,Home,102200.0,12.35,60,Active,2026-08-06,0.08065025252525253
LOAN71916,CUST13445,Personal,2513000.0,7.57,36,Closed,2022-03-13,3.5240499228719675
LOAN71917,CUST14930,Auto,526000.0,12.09,48,Active,2022-03-28,0.979333457456712
LOAN71918,CUST13097,Personal,314600.0,7.74,84,Pending,2022-11-21,0.5889180082366156
LOAN71919,CUST13600,Home,1593100.0,11.29,36,Active,2022-03-10,4.521998296906046
LOAN71920,CUST11199,Home,610600.0,10.24,48,Closed,2024-04-15,1.2868282402528979
LOAN71921,CUST13923,Personal,1372700.0,11.02,12,Active,2023-05-26,1.2471154719723812
LOAN71922,CUST13800,Auto,2263600.0,10.31,36,Pending,2025-04-14,5.529066927210552
LOAN71923,CUST14567,Education,1870400.0,9.02,60,Closed,2024-11-22,5.669596847529554
LOAN71924,CUST11013,Home,1582400.0,11.02,24,Closed,2026-05-21,3.033160820394863
LOAN71925,CUST12089,Home,588200.0,8.78,24,Active,2024-01-26,4.462822458270106
LOAN71926,CUST12832,Auto,290600.0,14.05,36,Active,2025-04-05,0.5250700153582076
LOAN71927,CUST10068,Personal,74300.0,13.88,36,Pending,2026-07-03,0.10012127745586848
LOAN71928,CUST10262,Personal,72200.0,9.45,60,Closed,2022-03-22,0.1304544222603668
LOAN71929,CUST13858,Auto,1994400.0,12.94,36,Closed,2025-12-17,18.16393442622951
LOAN71930,CUST14319,Auto,339400.0,8.38,24,Active,2023-02-14,0.5705160531181711
LOAN71931,CUST11003,Business,452900.0,15.95,36,Active,2023-04-28,0.9370991102834678
LOAN71932,CUST11006,Business,439300.0,12.03,48,Pending,2024-11-18,0.6120941897728857
LOAN71933,CUST11858,Education,530400.0,14.8,36,Closed,2024-09-02,0.6148139561840733
LOAN71934,CUST10760,Auto,121200.0,9.1,24,Active,2023-03-11,0.09670469959307429
LOAN71935,CUST12675,Education,460000.0,16.31,36,Pending,2023-05-30,0.8311500587225585
LOAN71936,CUST14048,Personal,251400.0,11.05,48,Active,2023-02-15,0.47131608548931386
LOAN71937,CUST10441,Auto,219800.0,12.297836317135548,36,Active,2022-05-13,0.3599737962659679
LOAN71938,CUST13505,Business,417200.0,15.7,84,Closed,2024-10-07,0.9900332225913622
LOAN71939,CUST13905,Education,486000.0,8.42,84,Closed,2023-03-26,2.2060826146164323
LOAN71940,CUST14834,Home,218900.0,17.14,36,Defaulted,2025-07-21,0.08407266582171526
LOAN71941,CUST11033,Auto,135100.0,8.36,60,Closed,2022-12-20,0.33072215422276624
LOAN71942,CUST11505,Personal,576900.0,8.2,60,Active,2023-12-09,1.5470635559131134
LOAN71943,CUST11433,Auto,575700.0,10.93,24,Active,2023-10-31,0.9517275582740949
LOAN71944,CUST13720,Business,121900.0,12.33,60,Closed,2023-12-07,0.08402840008271868
LOAN71945,CUST14777,Personal,3058700.0,9.46,120,Pending,2024-04-07,3.158182756840475
LOAN71946,CUST13819,Auto,158400.0,12.77,84,Pending,2024-09-24,0.06224457717698837
LOAN71947,CUST11004,Auto,621700.0,14.59,36,Closed,2022-12-18,2.6309775708844687
LOAN71948,CUST11179,Auto,1490500.0,15.53,84,Closed,2025-02-04,1.5260571311559332
LOAN71949,CUST10003,Home,213600.0,10.92,36,Active,2023-02-10,0.26753507014028055
LOAN71950,CUST12981,Business,1682900.0,8.02,48,Active,2026-05-14,3.0089397461112104
LOAN71951,CUST10983,Personal,416400.0,12.48,120,Active,2024-04-10,2.6188679245283017
LOAN71952,CUST10045,Personal,470400.0,15.48,36,Active,2022-03-10,0.4816711038296129
LOAN71953,CUST12113,Auto,998900.0,16.08,36,Active,2025-09-03,2.4145516074450084
LOAN71954,CUST13228,Business,548900.0,15.25,60,Closed,2024-04-27,2.007681053401609
LOAN71955,CUST10793,Personal,268900.0,16.3,24,Defaulted,2026-08-23,1.0979991833401388
LOAN71956,CUST12880,Personal,477300.0,14.93,24,Closed,2025-09-19,0.4505805720758992
LOAN71957,CUST14427,Education,239900.0,10.9,48,Active,2022-07-23,0.4693797691254158
LOAN71958,CUST11073,Personal,502500.0,15.16,36,Defaulted,2023-02-21,0.6468013901403012
LOAN71959,CUST10903,Personal,1840200.0,10.65,48,Active,2022-10-25,1.8529856006444467
LOAN71960,CUST12358,Personal,975200.0,9.12,60,Closed,2022-08-28,5.060716139076284
LOAN71961,CUST10962,Personal,801200.0,15.99,24,Active,2026-04-09,1.0002496878901372
LOAN71962,CUST12109,Personal,418400.0,15.38,84,Closed,2025-05-27,0.7836673534369732
LOAN71963,CUST10353,Education,692400.0,11.38,12,Active,2025-03-21,0.467395706763872
LOAN71964,CUST11924,Personal,1579200.0,11.63,12,Pending,2026-03-13,2.8533742885536184
LOAN71965,CUST11463,Education,630200.0,8.5,36,Pending,2024-11-04,1.6364580628408205
LOAN71966,CUST11613,Personal,609400.0,12.27,48,Closed,2024-10-19,1.5694050991501416
LOAN71967,CUST11519,Business,943500.0,14.05,36,Active,2023-05-05,2.6614950634696757
LOAN71968,CUST11242,Personal,400500.0,8.05,24,Active,2025-10-21,0.532508974870363
LOAN71969,CUST12588,Personal,1130900.0,14.54,120,Defaulted,2022-09-13,1.9764068507514856
LOAN71970,CUST12606,Auto,502800.0,11.54,24,Active,2025-10-17,1.4844995571302038
LOAN71971,CUST12847,Home,1265100.0,16.19,120,Active,2023-02-12,1.4019281914893618
LOAN71972,CUST11790,Personal,1479400.0,14.03,60,Active,2025-11-29,8.255580357142858
LOAN71973,CUST14821,Personal,294300.0,16.29,36,Closed,2025-05-30,1.4328140214216163
LOAN71974,CUST10678,Personal,931800.0,13.49,24,Defaulted,2026-05-07,1.0437997087487398
LOAN71975,CUST13736,Home,337800.0,14.87,36,Defaulted,2025-02-16,0.6831142568250759
LOAN71976,CUST12345,Home,336900.0,14.63,36,Active,2024-07-01,0.5460291734197731
LOAN71977,CUST13517,Business,1220000.0,11.79,48,Active,2026-04-22,3.11065782763896
LOAN71978,CUST11462,Auto,293800.0,14.03,48,Pending,2025-06-10,1.1742605915267785
LOAN71979,CUST12530,Auto,2959100.0,11.86,84,Active,2023-03-13,3.8098364877043904
LOAN71980,CUST10206,Business,3192500.0,13.17,84,Active,2025-05-16,5.45167349726776
LOAN71981,CUST13762,Home,593700.0,17.15,12,Defaulted,2022-09-17,2.005065856129686
LOAN71982,CUST14347,Personal,237000.0,14.24,36,Active,2023-11-23,0.42934782608695654
LOAN71983,CUST12952,Home,483100.0,14.7,24,Active,2026-02-23,0.8875620062465552
LOAN71984,CUST12666,Business,1651700.0,10.99,60,Active,2024-12-16,2.850707628581291
LOAN71985,CUST12449,Business,799200.0,15.75,48,Active,2023-04-02,3.0892926169308077
LOAN71986,CUST11152,Education,831500.0,8.36,36,Active,2023-03-22,0.7910007610350076
LOAN71987,CUST14214,Auto,1112300.0,10.12,36,Closed,2023-03-31,4.4492
LOAN71988,CUST12116,Auto,870600.0,17.5,48,Defaulted,2022-04-20,4.215980629539952
LOAN71989,CUST13605,Business,209700.0,15.0,120,Closed,2022-12-03,0.2774176478370155
LOAN71990,CUST10730,Business,1120800.0,9.91,60,Closed,2025-03-08,4.231030577576444
LOAN71991,CUST12710,Business,249200.0,12.14,60,Closed,2024-05-27,0.61409561360276
LOAN71992,CUST10075,Business,102400.0,10.16,36,Pending,2023-06-14,0.05699020480854853
LOAN71993,CUST12956,Education,968900.0,9.41,36,Active,2023-06-03,0.9460066393282562
LOAN71994,CUST14616,Home,1027900.0,15.36,36,Active,2023-06-13,2.1907502131287298
LOAN71995,CUST10389,Home,1243700.0,12.11,24,Active,2023-03-01,4.318402777777778
LOAN71996,CUST12355,Business,79300.0,11.03,36,Closed,2023-02-03,0.24589147286821705
LOAN71997,CUST13640,Home,1494900.0,12.9,36,Closed,2025-07-27,12.045930701047542
LOAN71998,CUST13847,Personal,500400.0,17.52,36,Defaulted,2025-10-26,0.3018094089264174
LOAN71999,CUST13096,Business,431700.0,13.28,60,Closed,2022-02-01,0.7130822596630327
LOAN72000,CUST11944,Business,854300.0,11.18,48,Active,2026-03-06,1.4319477036540396
